  
<!DOCTYPE html PUBLIC "-//W3C//DTD XHTML 1.0 Transitional//EN" "http://www.w3.org/TR/xhtml1/DTD/xhtml1-transitional.dtd">
 
    



 
 
 
 
 
 
 
 
 
 
 
 
 
 






 




 
 

<html lang="en" xmlns="http://www.w3.org/1999/xhtml" xml:lang="en">

<head>























<link href='/USDAGOV30-theme/themes/html/USDAGOV30-theme/favicon.ico' rel="shortcut icon" />











<script type="text/javascript">
	
	
	var djConfig = {parseOnLoad: false, locale: 'en'.replace(/_/, '-').replace(/iw/, 'he').toLowerCase(), baseUrl: "/USDAGOV30-theme/themes/./dojo/portal_dojo/dojo/"}; //fix locale compatibility issues in Dojo
	
</script>



             

<script type="text/javascript" src='/wps/CacheProxyServlet/colorPalette/default/browserVendor/Search/browserName/Search/browserVersion/unknown/locale/en/forwardurl/USDAGOV30-theme/themes/html/USDAGOV30-theme/js.jsp'></script>









</head>
 

<body>  

<div align="center" class="arraheaderfile">

	 <table width="996" border="0" cellspacing="0" cellpadding="0" bgcolor="#ffffff">
	    <tr>
	       <td width="100%" align="center" valign="top">

		  <a name="wpsMainContent"></a> 
		  <div>
		     
		        <head>
<title> Statement from Agriculture Secretary Tom Vilsack: World Organization for Animal Health Recommends United States’ BSE Risk Status Be Upgraded | USDA  Newsroom</title>
<meta name="description" content="WASHINGTON, Feb. 20, 2013–Agriculture Secretary Tom Vilsack made the following statement about notification received today from the Scientific Commission for the World Organization for Animal Health (OIE) recommending that the United States’ risk classification for bovine spongiform encephalopathy (BSE) be upgraded to negligible risk:"/>
<meta name="creater" content="FSA"/>
<meta name="date created" content="2017-01-15"/>
<meta name="date reviewed" content="2013-02-20"/>
<meta name="language" content="EN"/>
<meta name="agency" content="FSA"/>
<meta name="format" content="text/html"/>

</head>
<SCRIPT LANGUAGE="JavaScript">
var lastmoddate = "Last Date Modified: 02/20/2013" ;
</SCRIPT>
 
 
 
 
 
 

<table class="layoutColumn" cellpadding="0" cellspacing="0">
	
		<tr>
			<td style="width:100%;" valign="top">
				 
 
 
 
 
 
 
 
 
 
 
 
 
 

<table class="layoutRow" cellpadding="0" cellspacing="0">
<tr>
 


	 
	<td valign="top" 
		>
		 
 
 
 
 
 
 
 
 
 
 
 
 
 
 






 
 
 

 


 
 
 
 
<script type="text/javascript">var menuNoActionsText_Z7_P8MVVLT318PM80IUGT389F1041="No actions currently available.";
var menuPortletURL_Z7_P8MVVLT318PM80IUGT389F1041='/wps/portal/usda/!ut/p/b0/04_Sj9CPykssy0xPLMnMz0vMAfGjzOIDLHzDwnxCjA0NnEIMDTydfT0MXVxcDJ0DDPQLsh0VAW3yi5I!/?windowID=Z7_P8MVVLT318PM80IUGT389F1041';
</script>
 

<a name="Z7_P8MVVLT318PM80IUGT389F1041"></a>
 


<div align="left">
	














<span>
			<head> 
<meta http-equiv="Content-Type" content="text/html; charset=utf-8" /> 
<meta http-equiv="X-UA-Compatible" content="IE=9" /> 
<meta name="msvalidate.01" content="36F1A09D7116D0E8D667792CE040A6C3" /> 
<meta name="google-site-verification" content="pBQ9Qetufo4X5whhElgw6JMhHd0rzAPOTUudlLVaSoY" /> 
</head> 
 
<script src="/documents/usda30/js/usda_mobile_detect.js" language="JavaScript" type="text/javascript"></script> 
 
<!--Google Analytics DAP--> 
<script async type="text/javascript" id="_fed_an_ua_tag" src="/documents/usda30/js/Universal-Federated-Analytics-Min.js?agency=USDA&sp=lookup,locate&exts=pdf,xls,zip,jpg,gif,mp3&dclink=true&yt=true&enhlink=true"></script> 
 
<script type="text/javascript"> 
 
		   if (typeof console === "undefined" || typeof console.log === "undefined") { 
			 console = {}; console.log = function() {}; } 
 
		   urlStr=document.location.href; 
           //console.log("usda30_header urlStr:"+urlStr); 
 
			if( (urlStr.indexOf("mobile_redirect=false")<0) && (urlStr.indexOf("newfarmers")<0) && (urlStr.indexOf("disaster-help")<0) 
			&& (urlStr.indexOf("knowyourfarmer")<0)) //&& (screen.widith<1000)) //redirect only 
			{ 
			    var urlStrMobile=urlStr; 
				if(urlStr.indexOf("usdahome")>=0) 
				  urlStrMobile= urlStr.replace("usdahome","usdamobile"); 
				else if(urlStr.indexOf("usdamedia")>=0) 
				  urlStrMobile= urlStr.replace("usdamedia","usdamobile"); 
				//else if(urlStr.indexOf("newfarmers")>=0 ) //&& urlStr.indexOf("navid)<0) 
				 // urlStrMobile= urlStr.replace("newfarmers","usdamobile"); 
 
				 my_redirection_mobile ({ 
					tablet_redirection : "false", 
					mobile_url : urlStrMobile, 
					mobile_prefix : "http" 
				}); 
 
			} 
</script> 
 
<link href="/documents/usda30/css/usdastyle.css" type="text/css" rel="stylesheet" media="all" /> 
<script src="/documents/usda30/js/jquery.js" language="JavaScript" type="text/javascript"> </script> 
<script src="/documents/usda30/js/jquery.min.js" language="JavaScript" type="text/javascript"></script> 
<script src="/documents/usda30/js/jquery-bgiframe.js" language="JavaScript" type="text/javascript"></script> 
<script src="/documents/usda30/js/jquery.hoverIntent.minified.js" language="JavaScript" type="text/javascript"> </script> 
<!--<script src="/documents/usda30/js/federated-analytics.js" language="JavaScript" type="text/javascript"></script>--> 
 
<script> 
  (function(i,s,o,g,r,a,m){i['GoogleAnalyticsObject']=r;i[r]=i[r]||function(){ 
  (i[r].q=i[r].q||[]).push(arguments)},i[r].l=1*new Date();a=s.createElement(o), 
  m=s.getElementsByTagName(o)[0];a.async=1;a.src=g;m.parentNode.insertBefore(a,m) 
  })(window,document,'script','//www.google-analytics.com/analytics.js','ga'); 
 
  ga('create', 'UA-27627304-1', 'auto'); 
  ga('send', 'pageview'); 
 
</script> 
 
 
<div id="gray"></div> 
<div id="HeaderWrapper"> 
<div id="header30_left"> 
<div id="USDAHeaderLogo"><a name="top"></a> 
<a href="/"><img alt="USDA Logo" src="/img/headers/USDA-Logo.png" width="449" height="77"  border="0" /></a> 
</div> 
 
<div class="clear"></div> 
<!-- top navigation --> 
 
<div id="topnav"> 
<ul> 
  <li class="tab" id="usda_topnav_left"><a class="mainlk">&nbsp</a></li> 
  <li class="tab" id="usda_topics"> 
  <a class="mainlk" href="/wps/portal/usda/usdahome?navid=TOPICS">Topics</a> 
  <div class="submenu" style="width: 250px"> 
		<ul> 
		  <li><H2></H2></li> 
		  <li><a href="/wps/portal/usda/usdahome?navid=ANIMAL_HEALTH">Animal Health</a></li> 
		  <li><a href="/wps/portal/usda/usdahome?navid=BIOTECH">Biotechnology</a></li> 
		  <li><a href="/wps/portal/usda/usdahome?navid=climate-change">Climate Solutions</a></li> 
		  <li><a href="/wps/portal/usda/usdahome?navid=conservation">Conservation</a></li> 
          <li><a href="/wps/portal/usda/usdahome?navid=disaster-help">Disaster and Emergency Preparedness</a></li> 
		  <li><a href="/wps/portal/usda/usdahome?navid=USDA_EMPLOYEE&navtype=AU">Employee Services</a></li> 
		  <li><a href="/wps/portal/usda/usdahome?navid=ENERGY">Energy</a></li> 
		  <li><a href="/wps/portal/usda/usdahome?navid=NATURAL_RESOURCES&amp;navtype=SU">Environment and Natural Resources</a></li> 
		  <li><a href="//ethics.usda.gov">Ethics</a></li> 
		  <li><a href="/wps/portal/usda/usdahome?navid=farmbill">Farm Bill</a></li> 
		  <li><a href="/wps/portal/usda/usdahome?navid=food-nutrition">Food and Nutrition</a></li> 
		  <li><a href="/wps/portal/usda/usdahome?navid=food-safety">Food Safety</a></li> 
		  <li><a href="/wps/portal/usda/usdahome?navid=FOREST_FORESTRY">Forestry</a></li> 
		  <li><a href="/wps/portal/usda/usdahome?navid=HOUSING_ASSISTA&navtype=RT&parentnav=RURAL_DEVELOPMENT">Housing Assistance</a></li> 
		  <li><a href="/wps/portal/usda/usdahome?navid=LAWS_REGS&amp;navtype=SU">Laws and Regulations</a></li> 
  		  <li><a href="/wps/portal/usda/usdahome?navid=organic-agriculture">Organic Agriculture</a></li> 
		  <li><a href="//www.outreach.usda.gov">Outreach</a></li> 
		  <li><a href="/wps/portal/usda/usdahome?navid=PLANT_HEALTH">Plant Health</a></li> 
		  <li><a href="/wps/portal/usda/usdahome?navid=research-science">Research and Science</a></li> 
		  <li><a href="/wps/portal/usda/usdahome?navid=rural-development">Rural and Community Development</a></li> 
		  <li><a href="/wps/portal/usda/usdahome?navid=OPPORTUNITIES">Rural Opportunities</a></li> 
		  <li><a href="/wps/portal/usda/usdahome?navid=marketing-trade">Trade</a></li> 
		  <li><a href="/wps/portal/usda/usdahome?navid=TRAVEL_RECREATION&amp;navtype=SU">Travel and Recreation</a></li> 
		  <li><a href="/wps/portal/usda/usdahome?navid=FOR_KIDS">USDA for Kids</a></li> 
	   </ul> 
  	<div class="clear"></div> 
  </div></li> 
 
  <li class="pxspace"><img src="/img/spacer.gif" alt="" height="2" width="1" /></li> 
 
  <li class="tab" id="usda_programs"><a class="mainlk" href="/wps/portal/usda/usdahome?navid=PROGRAM_AND_SERVICE">Programs and Services</a> 
  <div class="submenu" style="width: 460px"> 
	  <ul style="WIDTH: 200px"> 
		<li><H2><a href="/wps/portal/usda/usdahome?navid=rural-development">ASSISTING RURAL COMMUNITIES</a></H2></li> 
		<li style="margin: -10px 0px 0px 0px;"><a href="//www.rd.usda.gov/programs-services/all-programs/cooperative-programs">Cooperatives</a></li> 
		<li><a href="/wps/portal/usda/usdahome?navid=GRANTS_LOANS">Grants and Loans</a></li> 
		<li><a href="/wps/portal/usda/usdahome?navid=CROP_LIVESTOCK_INSUR">Insurance Programs</a></li> 
		<li><a href="//www.rd.usda.gov/programs-services/all-programs/telecom-programs">Telecommunications Programs</a></li> 
	  </ul> 
	  <ul style="WIDTH: 215px"> 
		<li><H2><a href="/wps/portal/usda/usdahome?navid=food-nutrition">FOOD AND NUTRITION</a></H2></li> 
		<li style="margin: -10px 0px 0px 0px;"><a href="//www.fns.usda.gov/cnd/">Child Nutrition Programs</a></li> 
		<li><a href="//www.nifa.usda.gov/efnep">Expanded Food and Nutrition Education Program</a></li> 
		<li><a href="/wps/portal/usda/usdahome?navid=food-security">Food Security</a></li> 
		<li><a href="/wps/portal/usda/usdahome?navid=organic-agriculture">National Organic Program</a></li> 
		<li><a href="//www.fns.usda.gov/snap/">SNAP</a></li> 
		<li style="padding-bottom:10px;"><a href="//www.fns.usda.gov/wic/">WIC</a></li> 
	  </ul> 
	  <ul style="WIDTH: 200px; margin: -35px 0px 0px 0px;"> 
		<li><H2><a href="/wps/portal/usda/usdahome?navid=conservation">CONSERVATION</a></H2></li> 
		<li style="margin: -10px 0px 0px 0px;"><a href="/wps/portal/usda/usdahome?navid=conservation">Conservation</a></li> 
		<li><a href="/oce/environmental_markets/index.htm">Environmental Markets</a></li> 
		<li style="padding-bottom:10px;"><a href="//www.fs.fed.us/fire/management/index.html">Wildfire Prevention</a></li> 
	  </ul> 
	  <ul style="WIDTH: 215px"> 
		<li><H2><a href="/">HIGHLIGHTED INITIATIVES</a></H2></li> 
		<li style="margin: -10px 0px 0px 0px;"><a href="/wps/portal/usda/usdahome?contentidonly=true&contentid=blueprint_for_stronger_service.html">Blueprint for Stronger Service</a></li> 
		<li><a href="/wps/portal/usda/usdahome?navid=farmbill">Farm Bill</a></li> 
		<li><a href="/healthiernextgen">Healthier Next Generation</a></li> 
		<li><a href="/wps/portal/usda/knowyourfarmer?navid=kyf-kyf">Know your Farmer, Know your Food</a></li> 
		<li><a href="//newfarmers.usda.gov/">New Farmers</a></li> 
		<li><a href="//peoplesgarden.usda.gov/">The People's Garden</a></li> 
		<li><a href="/wps/portal/usda/usdahome?navid=promisezones">Promise Zones</a></li> 
 
		<li style="padding-bottom:10px;"><a href="/wps/portal/usda/usdahome?navid=STRIKE_FORCE">StrikeForce for Rural Growth</a></li> 
	  </ul> 
	  <ul style="WIDTH: 200px; margin: -95px 0px 0px 0px;"> 
		<li><H2><a href="/wps/portal/usda/usdahome?navid=research-science">EDUCATION AND RESEARCH</a></H2></li> 
		<li style="margin: -10px 0px 0px 0px;"><a href="/wps/portal/usda/usdahome?navtype=SU&amp;navid=EDUCATION_OUTREACH">Agricultural Research</a></li> 
		<li><a href="/wps/portal/usda/usdahome?navid=DATA_STATISTICS">Agricultural Statistics</a></li> 
		<li><a href="//www.ers.usda.gov/">Economic Research</a></li> 
        <li><a href="//www.nifa.usda.gov">Food and Agriculture Research</a></li> 
		<li><a href="//www.opeda.org/scholarship.html">OPEDA Scholarship Program</a></li> 
	  </ul> 
	  <ul style="WIDTH: 215px"> 
		<li><H2><a href="/wps/portal/usda/usdahome?navid=marketing-trade">MARKETING AND TRADE</a></H2></li> 
		<li style="margin: -10px 0px 0px 0px;"><a href="/wps/portal/usda/usdahome?navid=EXPORTING_GOODS">Exporting Goods</a></li> 
		<li><a href="/wps/portal/usda/usdahome?navid=IMPORTING_GOODS">Importing Goods</a></li> 
	  </ul> 
  	<div class="clear"></div> 
  </div></li> 
 
  <li class="pxspace"><img src="/img/spacer.gif" alt="" height="2" width="1" /></li> 
 
  <li class="tab" id="usda_newsroom"><a class="mainlk" href="/wps/portal/usda/usdahome?navid=NEWSROOM">Newsroom</a> 
   <div class="submenu" style="width: 240px"> 
	<ul> 
		<li><H2></H2></li> 
		<li><a href="/wps/portal/usda/usdahome?navid=AGENCY_RELEASES">Agency News Releases</a></li> 
		<li><a href="/wps/portal/usda/usdahome?navid=AGENCY_REPORTS">Agency Reports</a></li> 
		<li><a href="/wps/portal/usda/usdahome?navid=OC_CMBC">Creative Media &amp; Broadcast Center</a></li> 
		<li><a href="//public.govdelivery.com/accounts/USDAOC/subscriber/new">Email Subscriptions</a></li> 
		<li><a href="/wps/portal/usda/usdahome?navid=incaseyoumissedit">In Case You Missed It...</a></li> 
		<li><a href="/wps/portal/usda/usdahome?navid=LATEST_RELEASES">Latest Releases</a></li> 
		<li><a href="/wps/portal/usda/usdahome?navid=USDA_STR">New Media</a></li> 
		<li><a href="//audioarchives.oc.usda.gov">Radio Newsline and Features</a></li> 
		<li><a href="//www.youtube.com/user/usda">TV Feature Stories</a></li> 
        <li><a href="/wps/portal/usda/usdahome?navid=RESULTS">Results</a></li> 
		<li><a href="/wps/portal/usda/usdahome?navid=RSS_FEEDS">RSS Feeds</a></li> 
		<li><a href="/wps/portal/usda/usdahome?navid=TRANSCRIPTS_SPEECHES">Transcripts and Speeches</a></li> 
		<li><a href="/wps/portal/usda/usdamedia?navid=USDA_LIVE">USDA Live</a></li> 
	 </ul> 
  <div class="clear"></div></div></li> 
 
  <li class="pxspace"><img src="/img/spacer.gif" alt="" height="2" width="1" /></li> 
 
  <li class="tab" id="usda_blog"><a class="mainlk" href="//blogs.usda.gov/">Blog</a> 
  </li> 
  <li class="tab" id="usda_topnav_right"><a class="mainlk">&nbsp</a></li> 
  </ul> 
 
  </div> 
  <!-- top nav end --> 
 
  </div> 
  <!-- header30_left end --> 
 
<div id="header30_right"> 
<div id="USDATopHeader"> 
<ul> 
  <li><a title="About USDA" href="/wps/portal/usda/usdahome?navid=ABOUT_USDA">About USDA</a></li> 
  <li><a title="Ask the Expert" href="/wps/portal/usda/usdahome?navid=ASK_EXPERT2">Ask the Expert</a></li> 
  <li><a title="Contact Us" href="/wps/portal/usda/usdahome?navid=CONTACT_US">Contact Us</a></li> 
  <li><a title="En Español" href="/wps/portal/usda/usdahome?navid=EN_ESPANOL">En Español</a></li> 
</ul></div> 
 
<div class="clear"></div> 
 
<div id="USDASearchHeader2"> 
  <form id="search_form" name="search" action="//usdasearch.usda.gov/search" method="get"> 
  <div style="margin:0;padding:0;display:inline"> 
  	<input name="utf8" type="hidden" value="&#x2713;" /> 
  </div> 
 
    <input id="affiliate" name="affiliate" type="hidden" value="usda" /> 
 
	<input class="searchinput" autocomplete="off" id="searchBox" accessKey="i" tabIndex="1" name="query" type="text" /> 
	<input class="searchimage" accessKey="s" tabIndex="2" type="image" alt="Click to Search" src="/img/headers/Search_Button.png" width="27" height="27"  border="0" OnLoad="document.search.query.focus();" /> 
 
 
	<input name="commit" type="hidden" value="Search" /> 
  </form> 
</div> 
 
<div class="clear"></div> 
 
<div id="USDATopHelp"> 
<ul> 
  <li><a title="Site Map" href="/wps/portal/usda/usdahome?navid=SITE_MAP">Site Map</a></li> 
  <li><a title="Glossary" href="/wps/portal/usda/usdahome?navid=glossary">Glossary</a></li> 
  <li><a title="A-Z Index" href="/wps/portal/usda/usdahome?navid=AZ_INDEX">A-Z Index</a></li> 
  <li><a title="Advanced Search" href="//usdasearch.usda.gov/search/advanced?affiliate=usda&amp;enable_highlighting=true&amp;m=false&amp;page=1&amp;per_page=10">Advanced Search</a></li> 
  <li><a title="Help" href="/wps/portal/usda/usdahome?navid=HELP">Help</a></li> 
</ul></div> 
 
</div><!-- header30_right end --> 
 
</div><!-- wraper  --> 
<div class="clear"></div> 
 
<style type='text/css'> 
#USDASearchHeader2 { 
	/*padding:0px; margin: 18px 5px 0px 0px; float: right! important; width: 192px; height: 27px; text-align: right*/ 
 
	margin: 18px 5px 0px 0px; float: right! important; 
 
 
	/*background-color: green; 
	border: 2px solid red; */ 
 
} 
#USDASearchHeader2 .searchinput{ 
	display: block; float: left! important; height: 25px 
 
} 
#USDASearchHeader2 .searchimage{ 
	/*display: block; padding-left: 5px; width: 27px; height: 27px;*/ 
	display: block; float: left! important; height: 25px; 
 
 
} 
 
 
</style> 

</span>
	
</div>
 
	</td>



</tr>
</table>
			</td>
		</tr>
	
		<tr>
			<td style="width:100%;" valign="top">
				 
 
 
 
 
 
 
 
 
 
 
 
 
 

<table class="layoutRow" cellpadding="0" cellspacing="0">
<tr>
 


	 
	<td valign="top" 
		width="700">
		 
 
 
 
 
 

<table class="layoutColumn" cellpadding="0" cellspacing="0">
	
		<tr>
			<td style="width:100%;" valign="top">
				 
 
 
 
 
 
 
 
 
 
 
 
 
 
 






 
 
 

 


 
 
 
 
<script type="text/javascript">var menuNoActionsText_Z7_P8MVVLT318PM80IUGT389F10C2="No actions currently available.";
var menuPortletURL_Z7_P8MVVLT318PM80IUGT389F10C2='/wps/portal/usda/!ut/p/b0/04_Sj9CPykssy0xPLMnMz0vMAfGjzOIDLHzDwnxCjA0NnEIMDTydfT0MXVxcDJ0DDPQLsh0VAW3yi5I!/?windowID=Z7_P8MVVLT318PM80IUGT389F10C2';
</script>
 

<a name="Z7_P8MVVLT318PM80IUGT389F10C2"></a>
 


<div align="left">
	



















<!-- Begin Breadcrumb Trail Links Table  -->
<div id="breadcrumb">
		<p>You are here:&nbsp;<a href="/wps/portal/usda/usdahome?navid=HOME&navtype=MA"  ><span>Home</span></a>
  / <a href="/wps/portal/usda/usdahome?navid=NEWSROOM&navtype=MA&edeployment_action=changenav">Newsroom</a> / <a href="/wps/portal/usda/usdahome?navid=LATEST_RELEASES&navtype=RT&edeployment_action=changenav">Latest Releases</a> / Release No. 0030.13</p>
</div> 
 <!-- End Breadcrumb Trail Links Table  -->
</div>
 
			</td>
		</tr>
	

</table>
	</td>


	 
	<td valign="top" 
		width="296">
		 
 
 
 
 
 

<table class="layoutColumn" cellpadding="0" cellspacing="0">
	
		<tr>
			<td style="width:100%;" valign="top">
				 
 
 
 
 
 
 
 
 
 
 
 
 
 
 






 
 
 

 


 
 
 
 
<script type="text/javascript">var menuNoActionsText_Z7_527KC4J610UD30IVJAUKPV00G6="No actions currently available.";
var menuPortletURL_Z7_527KC4J610UD30IVJAUKPV00G6='/wps/portal/usda/!ut/p/b0/04_Sj9CPykssy0xPLMnMz0vMAfGjzOIDLHzDwnxCjA0NnEIMDTydfT0MXVxcDJ0DDPQLsh0VAW3yi5I!/?windowID=Z7_527KC4J610UD30IVJAUKPV00G6';
</script>
 

<a name="Z7_527KC4J610UD30IVJAUKPV00G6"></a>
 


<div align="left">
	













<!-- stay connected -->
<span>
			<div id="stayconnect"> 
	<div id="stayconnect_content_text"> 
		<a href="https://www.facebook.com/usda/"target="_top"><img src="/img/content/sc-facebook-small.png" alt="USDA In Facebook" width="27" height="27"/></a> 
		<a href="https://www.twitter.com/usda/"target="_top"><img src="/img/content/sc-twitter-small.png" alt="USDA In Twitter" width="27" height="27"/></a> 
		<a href="https://plus.google.com/+UsdaGov" rel="publisher" target="_top"><img src="/img/content/sc-gplus-small.png" alt="Google+"  width="27" height="27"/></a> 
		<a href="https://blogs.usda.gov/"target="_top"><img src="/img/content/sc-blogfeed-small.png" alt="USDA Blog" width="27" height="27"/></a> 
		<a href="https://www.youtube.com/usda/"target="_top"><img src="/img/content/sc-youtube-small.png" alt="USDA In Youtube" width="27" height="27"/></a> 
		<a href="https://public.govdelivery.com/accounts/USDAOC/subscriber/new"target="_top"><img src="/img/content/govdelivery_bubble.png" alt="USDA govdelivery" width="27" height="27"/></a> 
		<a href="https://flickr.com/usdagov"target="_top"><img src="/img/content/sc-flickr-small.png" alt="USDA In Flickr" width="27" height="27"/></a> 
		<a href="/wps/portal/usda/usdahome?navid=RSS_FEEDS"target="_top"><img src="/img/content/sc-rss-small.png" alt="USDA RSS" /></a> 
	</div> 
</div> 

</span>
	
</div>
 
			</td>
		</tr>
	

</table>
	</td>



</tr>
</table>
			</td>
		</tr>
	
		<tr>
			<td style="width:100%;" valign="top">
				 
 
 
 
 
 
 
 
 
 
 
 
 
 

<table class="layoutRow" cellpadding="0" cellspacing="0">
<tr>
 


	 
	<td valign="top" 
		>
		 
 
 
 
 
 
 
 
 
 
 
 
 
 
 






 
 
 

 


 
 
 
 
<script type="text/javascript">var menuNoActionsText_Z7_P8MVVLT31G1U10IUPDCK5010E1="No actions currently available.";
var menuPortletURL_Z7_P8MVVLT31G1U10IUPDCK5010E1='/wps/portal/usda/!ut/p/b0/04_Sj9CPykssy0xPLMnMz0vMAfGjzOIDLHzDwnxCjA0NnEIMDTydfT0MXVxcDJ0DDPQLsh0VAW3yi5I!/?windowID=Z7_P8MVVLT31G1U10IUPDCK5010E1';
</script>
 

<a name="Z7_P8MVVLT31G1U10IUPDCK5010E1"></a>
 


<div align="left">
	









<table width="996" border="0" cellspacing="0" cellpadding="0">
	<tr>
		<td><div class="nopadding"><img src="/img/spacer.gif" alt="" height="2" width="1" /></div></td>
	</tr>
	<tr>
		<td><div class="nopadding"><img src="/img/content/layout_line.jpg" alt="Stay Connected" title="Stay Connected" /></div></td>
	</tr>

</table>
</div>
 
	</td>



</tr>
</table>
			</td>
		</tr>
	
		<tr>
			<td style="width:100%;" valign="top">
				 
 
 
 
 
 
 
 
 
 
 
 
 
 

<table class="layoutRow" cellpadding="0" cellspacing="0">
<tr>
 


	 
	<td valign="top" 
		width="270">
		 
 
 
 
 
 

<table class="layoutColumn" cellpadding="0" cellspacing="0">
	
		<tr>
			<td style="width:100%;" valign="top">
				 
 
 
 
 
 
 
 
 
 
 
 
 
 
 






 
 
 

 


 
 
 
 
<script type="text/javascript">var menuNoActionsText_Z7_P8MVVLT318PM80IUGT389F1040="No actions currently available.";
var menuPortletURL_Z7_P8MVVLT318PM80IUGT389F1040='/wps/portal/usda/!ut/p/b0/04_Sj9CPykssy0xPLMnMz0vMAfGjzOIDLHzDwnxCjA0NnEIMDTydfT0MXVxcDJ0DDPQLsh0VAW3yi5I!/?windowID=Z7_P8MVVLT318PM80IUGT389F1040';
</script>
 

<a name="Z7_P8MVVLT318PM80IUGT389F1040"></a>
 


<div align="left">
	














<span>
			 
 
<div id="related_topics"> 
 
	<div id="related_topics_content"> 
		<div id="related_topics_title_text">Agency Plans and Resources</div> 
		<ul> 
		   <a href="/wps/portal/usda/usdahome?contentidonly=true&contentid=shutdown_procedures.html">Agency Plans and Resources</a> 
		   <br/> 
		</ul> 
		<div id="related_topics_title_text">News Releases</div> 
		<ul> 
			<a href="/wps/portal/usda/usdahome?navid=LATEST_RELEASES">Latest Releases</a> 
			<br/> 
			<a href="/wps/portal/usda/usdahome?navid=LATEST_RELEASES&edeployment_target=archived">Archived Releases</a> 
			<br/> 
			<a href="/wps/portal/usda/usdahome?navid=TRANSCRIPTS_SPEECHES">Transcripts and Speeches</a> 
			<br/> 
			<a href="/wps/portal/usda/usdahome?navid=TRANSCRIPTS_SPEECHES&edeployment_target=archived">Archived Transcripts and Speeches</a> 
			<br/> 
			<a href="/wps/portal/usda/usdahome?navid=AGENCY_RELEASES">Agency News Releases</a> 
			<br/> 
			<a href="https://audioarchives.oc.usda.gov"  title="Opens in new window."  target="extWindow"  onClick="openExternalWindow('https://audioarchives.oc.usda.gov'); return false;">Radio Newsline and Features</a> 
			<br/> 
			<a href="https://www.youtube.com/user/usda"  title="External link or third-party site, opens in new window."  target="extWindow"  onClick="openExternalWindow('https://www.youtube.com/user/usda'); return false;">TV Feature Stories</a> 
			<br/> 
			<a href="https://public.govdelivery.com/accounts/USDAOC/subscriber/new"  title="Opens in new window."  target="extWindow"  onClick="openExternalWindow('https://public.govdelivery.com/accounts/USDAOC/subscriber/new'); return false;">Email Subscriptions</a> 
			<br/> 
			<a href="/wps/portal/usda/usdahome?navid=RSS_FEEDS">RSS Feeds</a> 
			<br/> 
			<a href="/wps/portal/usda/usdahome?navid=USDA_STR">New Media</a> 
			<br/> 
			<a href="/wps/portal/usda/usdahome?navid=incaseyoumissedit">In Case You Missed It...</a> 
		</ul> 
	</div> 
	<div id="related_topics_content"> 
 
		<div id="related_topics_title_text">Reports </div> 
		<ul> 
			<a href="/wps/portal/usda/usdahome?navid=AGENCY_REPORTS">Agency Reports</a> 
			<br/> 
 
			<a href="/wps/portal/usda/usdahome?navid=RESULTS">USDA's Results</a> 
		</ul> 
 
	</div> 
	<div id="related_topics_content"> 
 
		<div id="related_topics_title_text">Image and Video Libraries</div> 
		<ul> 
			<a href="https://www.flickr.com/photos/usdagov/collections/72157624679880993/"  title="External link or third-party site, opens in new window."  target="extWindow"  onClick="openExternalWindow('https://www.flickr.com/photos/usdagov/collections/72157624679880993/'); return false;">Secretary's Photo Gallery</a> 
			<br/> 
			<a href="/Streaming_Media_Archives.html">Streaming Media Archives</a> 
			<br/> 
			<a href="/wps/portal/usda/usdahome?navid=OC_CMBC">Creative Media and Broadcast Center</a> 
		</ul> 
 
	</div> 
	<div id="related_topics_content"> 
 
		<div id="related_topics_title_text">Media Contact</div> 
		<ul> 
			Phone: (202) 720-4623 
			<br/> 
			Fax: (202) 720-5402 
			<br/> 
			Email:<a style="margin: -20px 0px 0px 25px;" href="mailto:press@oc.usda.gov"> press@oc.usda.gov</a> 
		</ul> 
 
	</div> 
 
 
</div> 

</span>
	
<div id="spacer_free">&nbsp;</div>	
</div>
 
			</td>
		</tr>
	

</table>
	</td>


	 
	<td valign="top" 
		width="726">
		 
 
 
 
 
 

<table class="layoutColumn" cellpadding="0" cellspacing="0">
	
		<tr>
			<td style="width:100%;" valign="top">
				 
 
 
 
 
 
 
 
 
 
 
 
 
 
 






 
 
 

 


 
 
 
 
<script type="text/javascript">var menuNoActionsText_Z7_P8MVVLT31G1U10IUPDCK5010E3="No actions currently available.";
var menuPortletURL_Z7_P8MVVLT31G1U10IUPDCK5010E3='/wps/portal/usda/!ut/p/b0/04_Sj9CPykssy0xPLMnMz0vMAfGjzOIDLHzDwnxCjA0NnEIMDTydfT0MXVxcDJ0DDPQLsh0VAW3yi5I!/?windowID=Z7_P8MVVLT31G1U10IUPDCK5010E3';
</script>
 

<a name="Z7_P8MVVLT31G1U10IUPDCK5010E3"></a>
 


<div align="left">
	























<script>
function emailThis(id,title,subject,bodyUrl)
{
	var url = replaceAll(bodyUrl,"&", "%26");
	var body = replaceAll(replaceAll(replaceAll(replaceAll(title, "&APOS;", "\'"),"&QUOT;","%22"),"\"","%22"),"&", "%26") + "%0D%0A" + url + id;
	var em ="mailto:?subject="+subject+"&body="+body;
	location.href=em;
}
function replaceAll(text, strA, strB)
{
    return text.replace( new RegExp(strA,"g"), strB );
}
</script>
<div id=maincontent>
	
	<h1>Statement</h1>
	
		
		<p>
		Release No. 0030.13<br />Contact:<br />Office of Communications (202) 720-4623<br /><br />
			<img src ="/img/printer_icon.gif" alt = " "/>
		
			<a href="/wps/portal/usda/usdamediafb?contentid=2013/02/0030.xml&printable=true&contentidonly=true" onClick="openExternalWindow('/wps/portal/usda/usdamediafb?contentid=2013/02/0030.xml&printable=true&contentidonly=true'); return false;" target="extWindow" title="Link opens in new window"><em>Printable version</em></a>
		
			<br/>
			<img src="/img/content/email.gif" alt="Email this page" border="0" width="19px" height="11px"/>
			<a href="javascript:emailThis('2013/02/0030.xml','STATEMENT FROM AGRICULTURE SECRETARY TOM VILSACK: WORLD ORGANIZATION FOR ANIMAL HEALTH RECOMMENDS UNITED STATES&APOS; BSE RISK STATUS BE UPGRADED','Thought you might find this article from USDA interesting','/wps/portal/usda/usdahome?contentidonly=true&contentid=')"><em>Email this page</em></a>

		
		</p>
	
	<p>&nbsp;</p>
	
	<h3>Statement from Agriculture Secretary Tom Vilsack: World Organization for Animal Health Recommends United States' BSE Risk Status Be Upgraded</h3>
	

	
<p>
WASHINGTON, Feb. 20, 2013–Agriculture Secretary Tom Vilsack made the following statement about notification received today from the Scientific Commission for the World Organization for Animal Health (OIE) recommending that the United States' risk classification for bovine spongiform encephalopathy (BSE) be upgraded to negligible risk:
</p>

						
<p>
"I am very pleased with this decision and recommendation by the OIE's Scientific Commission.  This is a significant achievement for the United States, American beef producers and businesses, and federal and state partners who work in coordination to maintain a system of three interlocking safeguards against BSE that protect our public and animal health. Being classified as negligible risk for BSE by the OIE will also greatly support our efforts to increase exports of U.S. beef and beef products. In recommending that the United States receive negligible risk classification, the Commission stated that the risk assessments submitted for their evaluation were robust and comprehensive, and that both our surveillance for, and safeguards against, BSE are strong. U.S. beef and beef products are of the highest quality, wholesome and produced to the highest safety standards in the world. The United States continues to press for normalization of beef trade with several nations in a manner that is based on science and consistent with international standards. U.S. food and agricultural exporters and consumers worldwide benefit when countries adopt international standards."
</p>

						
<p>
<b>BACKGROUND</b>
</p>

						
<p>
Last year, the United States submitted an application and supporting information to the OIE's Scientific Commission to upgrade the United States' risk classification from controlled to negligible. The Commission, in turn, conducted a thorough review before recommending that the risk classification for the United States be upgraded to negligible. Before the OIE's annual General Assembly meeting in Paris, France, in May 2013, delegate countries will have the opportunity to review the Commission's recommendation. The United States expects that formal adoption of negligible risk status for the United States will occur at the General Assembly meeting in May, when it is considered.    
</p>

						
<p>
The OIE determines a country's risk status based on actions the country has taken to manage the risk of the disease. These actions include instituting a strong ruminant-to-ruminant feed ban, strictly controlling imports of animals and animal products from countries at risk for the disease, and conducting appropriate surveillance.
</p>

						
<p>
The OIE Code, which is based on the latest science and current knowledge concerning BSE, provides guidelines for the safe trade of animals and products based on the country's risk status and the risk presented by the specific item being traded.  Negligible risk is the lowest risk level under the OIE Code. Countries defined as negligible risk have conducted extensive surveillance and testing in domestic cattle to demonstrate a minimal risk for BSE.
</p>

						
<p>
The OIE administers and governs the foundational international standards on animal health as well as trade in livestock and animal products. With a total of 178 Member Countries, including the United States, the OIE is recognized as a reference organization by the World Trade Organization (WTO), the only global international organization dealing with the rules of trade between nations. The official recognition of disease status by OIE of Member Countries is of great significance for international trade and constitutes one of the most important links between the OIE and WTO.
</p>

						
<p>
The United States has a longstanding system of three interlocking safeguards against BSE that protects public and animal health in the United States, the most important of which is the removal of specified risk materials from all animals presented for slaughter. The second safeguard is a strong feed ban that protects cattle from the disease. The third safeguard is our ongoing BSE surveillance program that allows USDA to detect the disease if it exists at very low levels in the U.S. cattle population.
</p>

						
<p>
#
</p>

						
<p>
USDA is an equal opportunity provider and employer. To file a complaint of discrimination, write: USDA, Office of the Assistant Secretary for Civil Rights, Office of Adjudication, 1400 Independence Ave., SW, Washington, DC 20250-9410 or call (866) 632-9992 (Toll-free Customer Service), (800) 877-8339 (Local or Federal relay), (866) 377-8642 (Relay voice users).
</p>

						


</div>
</div>
 
			</td>
		</tr>
	

</table>
	</td>



</tr>
</table>
			</td>
		</tr>
	
		<tr>
			<td style="width:100%;" valign="top">
				 
 
 
 
 
 
 
 
 
 
 
 
 
 

<table class="layoutRow" cellpadding="0" cellspacing="0">
<tr>
 


	 
	<td valign="top" 
		width="15">
		 
 
 
 
 
 

<table class="layoutColumn" cellpadding="0" cellspacing="0">
	

</table>
	</td>


	 
	<td valign="top" 
		width="966">
		 
 
 
 
 
 

<table class="layoutColumn" cellpadding="0" cellspacing="0">
	
		<tr>
			<td style="width:100%;" valign="top">
				 
 
 
 
 
 
 
 
 
 
 
 
 
 

<table class="layoutRow" cellpadding="0" cellspacing="0">
<tr>
 


	 
	<td valign="top" 
		width="520">
		 
 
 
 
 
 

<table class="layoutColumn" cellpadding="0" cellspacing="0">
	
		<tr>
			<td style="width:100%;" valign="top">
				 
 
 
 
 
 
 
 
 
 
 
 
 
 
 






 
 
 

 


 
 
 
 
<script type="text/javascript">var menuNoActionsText_Z7_P8MVVLT318PM80IUGT389F10K3="No actions currently available.";
var menuPortletURL_Z7_P8MVVLT318PM80IUGT389F10K3='/wps/portal/usda/!ut/p/b0/04_Sj9CPykssy0xPLMnMz0vMAfGjzOIDLHzDwnxCjA0NnEIMDTydfT0MXVxcDJ0DDPQLsh0VAW3yi5I!/?windowID=Z7_P8MVVLT318PM80IUGT389F10K3';
</script>
 

<a name="Z7_P8MVVLT318PM80IUGT389F10K3"></a>
 


<div align="left">
	









<div class="clear">









</div>
</div>
 
			</td>
		</tr>
	

</table>
	</td>


	 
	<td valign="top" 
		width="446">
		 
 
 
 
 
 

<table class="layoutColumn" cellpadding="0" cellspacing="0">
	
		<tr>
			<td style="width:100%;" valign="top">
				 
 
 
 
 
 
 
 
 
 
 
 
 
 
 






 
 
 

 


 
 
 
 
<script type="text/javascript">var menuNoActionsText_Z7_P8MVVLT318PM80IUGT389F10C0="No actions currently available.";
var menuPortletURL_Z7_P8MVVLT318PM80IUGT389F10C0='/wps/portal/usda/!ut/p/b0/04_Sj9CPykssy0xPLMnMz0vMAfGjzOIDLHzDwnxCjA0NnEIMDTydfT0MXVxcDJ0DDPQLsh0VAW3yi5I!/?windowID=Z7_P8MVVLT318PM80IUGT389F10C0';
</script>
 

<a name="Z7_P8MVVLT318PM80IUGT389F10C0"></a>
 


<div align="left">
	









<div class="clear">









</div>
</div>
 
			</td>
		</tr>
	

</table>
	</td>



</tr>
</table>
			</td>
		</tr>
	
		<tr>
			<td style="width:100%;" valign="top">
				 
 
 
 
 
 
 
 
 
 
 
 
 
 

<table class="layoutRow" cellpadding="0" cellspacing="0">
<tr>
 


	 
	<td valign="top" 
		>
		 
 
 
 
 
 
 
 
 
 
 
 
 
 
 






 
 
 

 


 
 
 
 
<script type="text/javascript">var menuNoActionsText_Z7_P8MVVLT31O2BF0ILN3NK213004="No actions currently available.";
var menuPortletURL_Z7_P8MVVLT31O2BF0ILN3NK213004='/wps/portal/usda/!ut/p/b0/04_Sj9CPykssy0xPLMnMz0vMAfGjzOIDLHzDwnxCjA0NnEIMDTydfT0MXVxcDJ0DDPQLsh0VAW3yi5I!/?windowID=Z7_P8MVVLT31O2BF0ILN3NK213004';
</script>
 

<a name="Z7_P8MVVLT31O2BF0ILN3NK213004"></a>
 


<div align="left">
	









<div class="clearSpaces">









</div>
</div>
 
	</td>



</tr>
</table>
			</td>
		</tr>
	
		<tr>
			<td style="width:100%;" valign="top">
				 
 
 
 
 
 
 
 
 
 
 
 
 
 

<table class="layoutRow" cellpadding="0" cellspacing="0">
<tr>
 


	 
	<td valign="top" 
		>
		 
 
 
 
 
 
 
 
 
 
 
 
 
 
 






 
 
 

 


 
 
 
 
<script type="text/javascript">var menuNoActionsText_Z7_P8MVVLT318PM80IUGT389F10K0="No actions currently available.";
var menuPortletURL_Z7_P8MVVLT318PM80IUGT389F10K0='/wps/portal/usda/!ut/p/b0/04_Sj9CPykssy0xPLMnMz0vMAfGjzOIDLHzDwnxCjA0NnEIMDTydfT0MXVxcDJ0DDPQLsh0VAW3yi5I!/?windowID=Z7_P8MVVLT318PM80IUGT389F10K0';
</script>
 

<a name="Z7_P8MVVLT318PM80IUGT389F10K0"></a>
 


<div align="left">
	
</div>
 
	</td>



</tr>
</table>
			</td>
		</tr>
	

</table>
	</td>


	 
	<td valign="top" 
		width="15">
		 
 
 
 
 
 

<table class="layoutColumn" cellpadding="0" cellspacing="0">
	

</table>
	</td>



</tr>
</table>
			</td>
		</tr>
	
		<tr>
			<td style="width:100%;" valign="top">
				 
 
 
 
 
 
 
 
 
 
 
 
 
 

<table class="layoutRow" cellpadding="0" cellspacing="0">
<tr>
 


	 
	<td valign="top" 
		>
		 
 
 
 
 
 
 
 
 
 
 
 
 
 
 






 
 
 

 


 
 
 
 
<script type="text/javascript">var menuNoActionsText_Z7_527KC4J6104070I70IUA3T20D7="No actions currently available.";
var menuPortletURL_Z7_527KC4J6104070I70IUA3T20D7='/wps/portal/usda/!ut/p/b0/04_Sj9CPykssy0xPLMnMz0vMAfGjzOIDLHzDwnxCjA0NnEIMDTydfT0MXVxcDJ0DDPQLsh0VAW3yi5I!/?windowID=Z7_527KC4J6104070I70IUA3T20D7';
</script>
 

<a name="Z7_527KC4J6104070I70IUA3T20D7"></a>
 


<div align="left">
	














<!-- display the last modify date of the content  -->

<table width="936" border="0" cellspacing="0" cellpadding="0" >
            <tr align="right">
                  <td height="1" width="173"><img src="/img/spacer.gif" width="175" height="1" alt=" " /></td>
                  <td width="546" class="BodyTextBlack" valign="top">
                  <script LANGUAGE="JavaScript">document.write(lastmoddate)</script>
                  </td>
                  <td height="1"><img src="/img/spacer.gif" width="175" height="1" alt=" " /></td>
            </tr>
            <tr align="right">
                  <td height="3"><img src="/img/spacer.gif"  height="1" alt=" " /></td>
            </tr>
</table>

<span>
			 
<div id="footer"> 
	<div id="footer_content"> 
		<div id="footer_content_text"><br/> 
			<a href="/">USDA.gov</a> | 
			<a href="/wps/portal/usda/usdahome?navtype=FT&amp;navid=SITE_MAP">Site Map</a> | 
			<a href="/wps/portal/usda/usdahome?navtype=FT&amp;navid=POLICY_LINK">Policies &amp; Links</a> | 
			<a href="/wps/portal/usda/usdahome?navid=PERFORMANCE_IMP">Our Performance</a> | 
			<a href="/oig/contractorform.htm">Report Fraud on USDA Contracts</a> | 
			<a href="/oig/index.htm" target="_top">Visit OIG</a> | 
			<a href="/wps/portal/usda/usdahome?navid=PLAIN_WRITING">Plain Writing </a> | 
			<a href="/wps/portal/usda/usdahome?navid=USDA_OPEN">Open </a> | 
            <a href="/wps/portal/usda/usdahome?navid=DIGITALSTRATEGY">Digital Strategy</a> 
 
 
			<br/> 
			<a href="http://www.dm.usda.gov/foia/" target="_top">FOIA</a> | 
			<a href="/wps/portal/usda/usdahome?navtype=FT&amp;navid=ACCESSIBILITY_STATEM">Accessibility Statement</a> | 
			<a href="/wps/portal/usda/usdahome?navtype=FT&amp;navid=PRIVACY_POLICY">Privacy Policy</a> | 
			<a href="/wps/portal/usda/usdahome?navtype=FT&amp;navid=NON_DISCRIMINATION">Non-Discrimination Statement</a> | 
			<a href="http://www.ocio.usda.gov/policy-directives-records-forms/information-quality-activities" target="_top">Information Quality</a> | 
			<a href="/recovery" target="_top">USDA Recovery</a> | 
			<a href="http://www.usa.gov" target="_top">USA.gov</a> | 
			<a href="https://www.whitehouse.gov" target="_top">Whitehouse.gov</a> 
		</div> 
	</div> 
	<div id="footer_content_space">&nbsp;<div> 
</div> 
 
<script type="text/javascript"> 
/*<![CDATA[*/ 
(function() { 
var sz = document.createElement('script'); sz.type = 'text/javascript'; sz.async = true; 
sz.src = '//us1.siteimprove.com/js/siteanalyze_63343.js'; 
var s = document.getElementsByTagName('script')[0]; s.parentNode.insertBefore(sz, s); 
})(); 
/*]]>*/ 
</script> 

</span>
	
</div>
 
	</td>



</tr>
</table>
			</td>
		</tr>
	

</table>
		     
		  </div>
	       </td>
	    </tr>
	 </table>  

</div>    

</body>

</html> 