<!DOCTYPE html>
<html lang="en" class="no-js">
<head>
<meta http-equiv="X-UA-Compatible" content="IE=edge">
<!-- Mobile Specific Metas  ================================================== -->
<meta name="viewport" content="width=device-width, initial-scale=1, maximum-scale=1">
<!-- CORE CONCRETE  ================================================== -->
<script type="text/javascript">var BOOTSTRAP_VERSION ="lumen";
	var BOOTSTRAP_JS_HEAD =1;
	var BOOTSTRAP_CDN_ENABLE =0; var BOOTSTRAP_NAVBAR_TYPE =0; var BOOTSTRAP_LOGO_OPTION =0; var BOOTSTRAP_NAVBAR =1; var BootstrapInputFix =true;var BootstrapNavbarLineHeightFix =true;var BOOTSTRAP_EDT= 0; </script>

<meta http-equiv="content-type" content="text/html; charset=UTF-8" />
<title>Virus Bulletin :: FREAK attack takes HTTPS connections back to 1990s security</title>
<meta name="description" content="Golden keys from the (first) crypto wars have come back to haunt us." />
<meta name="generator" content="concrete5 - 5.6.3.4" />
<script type="text/javascript">
var CCM_DISPATCHER_FILENAME = '/index.php';var CCM_CID = 2970;var CCM_EDIT_MODE = false;var CCM_ARRANGE_MODE = false;var CCM_IMAGE_PATH = "/concrete/images";
var CCM_TOOLS_PATH = "/index.php/tools/required";
var CCM_BASE_URL = "https://www.virusbulletin.com";
var CCM_REL = "";

</script>

	<link rel="shortcut icon" href="/files/8914/5459/9485/VBIcon.png" type="image/x-icon" />
	<link rel="icon" href="/files/8914/5459/9485/VBIcon.png" type="image/x-icon" />
<link rel="stylesheet" type="text/css" href="/concrete/css/ccm.base.css" />
<script type="text/javascript" src="/concrete/js/jquery.js"></script>
<script type="text/javascript" src="/concrete/js/ccm.base.js"></script>
<link rel="stylesheet" type="text/css" href="https://cdnjs.cloudflare.com/ajax/libs/font-awesome/4.6.3/css/font-awesome.min.css" />
<script type="text/javascript" src="https://cdn.rawgit.com/google/code-prettify/master/loader/run_prettify.js"></script>
<link rel="stylesheet" type="text/css" href="/packages/bootstrap/css/lumen/bootstrap.css" />
<link rel="stylesheet" type="text/css" href="/packages/bootstrap/css/lumen/bootstrap-overwrites.css" />
<link rel="stylesheet" type="text/css" href="/packages/bootstrap/css/members.css" />
<script type="text/javascript" src="/packages/bootstrap/js/common/prettify.js"></script>
<script type="text/javascript" src="/packages/bootstrap/js/common/jquery.easing.1.3.js"></script>
<script type="text/javascript" src="/packages/bootstrap/js/common/bootstrap.min.js"></script>
<link rel="stylesheet" type="text/css" href="/libraries/css/jquery.fancybox.css" />
<script type="text/javascript" src="/libraries/js/jquery.fancybox.pack.js"></script>
<link rel="stylesheet" media="screen" type="text/css" href="/files/cache/css/bootstrap/typography.css" />
<link rel="stylesheet" type="text/css" href="/concrete/blocks/page_list/view.css" />
<link rel="stylesheet" type="text/css" href="/packages/bootstrap/blocks/search/templates/VB_global_search/view.css" />
<link rel="stylesheet" type="text/css" href="/packages/travisn_spacer/css/ccm.tnspacer.css" />
<!--[if gte IE 9]>
<script src="/packages/bootstrap/js/common/modernizr.js"></script>
<![endif]-->
<!-- HTML5 shim and Respond.js IE8 support of HTML5 elements and media queries -->
<!--[if lt IE 9]>	
	
	<script src="/packages/bootstrap/js/common/html5shiv.js"></script>
	<script src="/packages/bootstrap/js/common/respond.min.js"></script>
	
<![endif]-->
</head>
<body data-spy="scroll" data-target=".bs-sidebar">

<!-- Navbar
    ================================================== -->
	<div class="navbar  navbar-fixed-top navbar-default  bs-docs-nav">
				<div class="navbar-inner">
					<div class="container"><div class="row"><div class="col-sm-4 col-md-4 logo-position-1 col-logo">
					<div class="navbar-header">
						<button type="button" class="navbar-toggle btn_navbar_custom" >
							<span class="icon-bar"></span>
							<span class="icon-bar"></span>
							<span class="icon-bar"></span>
						  </button><div class="mobile-clearfix"></div><div class="navbar-brand navbar-brand-area"><a href="/"><img border="0" class="ccm-image-block" alt="" src="/files/4614/4535/7515/logo-big.png" width="339" height="92" /></a></div>		</div>
				</div><div class="col-sm-8 col-md-8 logo-position-1 col-nav">		<div class="nav-collapse collapse nav_collapse_custom navbar-collapse" > <div style="clear:both"></div>
<div class="vb-global-search-div"> 
<form action="/index.php/global-search-results/" method="get">
<fieldset>
	<input name="search_paths[]" type="hidden" value="" />
		<input name="query" type="text"  class="vb-global-search"  placeholder="Search site..."/>
	<input name="submit" type="submit" value="Search!" style="display:none"/>
</fieldset>
</form>
</div>


<div class="tnSpacer" style="height:48px"></div>
<ul class="nav nav-pills"><li class=" nav-first nav-item-260"><a href="/conference/" target="_self"  class=" nav-first nav-item-260 "  >VB Conference</a></li><li class=" nav-item-166"><a href="/testing/" target="_self"  class=" nav-item-166 "  >VB Testing</a></li><li class=" nav-item-160"><a href="/virusbulletin/" target="_self"  class=" nav-item-160 "  >Bulletin</a></li><li class=" nav-path-selected active nav-last nav-item-130"><a href="/blog/" target="_self"  class=" nav-path-selected active nav-last nav-item-130 "  >Blog</a></li></ul> 	</div>
				</div>
			</div><div class="clearfix"></div>
        </div>
      </div>
	 
    </div>
	<div class="navbar-top-fixed-space "><div class="clearfix"></div></div>
		
<!-- Navbar
    ================================================== -->		

<div class="container m-top-20">


	<div class="row">    
		<div class="col-md-9 col-sm-9 col-lg-9">
		<h1>FREAK attack takes HTTPS connections back to 1990s security</h1>
		<blockquote class="pull-right">
		<small>Posted by &nbsp;<i class="glyphicon glyphicon-user"></i>&nbsp;<b>Virus Bulletin</b> on &nbsp;<i class="glyphicon glyphicon-time"></i>&nbsp;<i>Mar 4, 2015</i></small>
		</blockquote>
		<div class="clearfix"></div>
		<p class="section"><i>Golden keys from the (first) crypto wars have come back to haunt us.</i><p class="section"> When a web client makes a secure connection to a web server (using HTTPS), it starts by sending a &#39;Hello&#39; message in which it announces which cipher suites it supports. The web server then chooses one, presumably the one that offers the best security, and this will be used to encrypt the traffic. <p class="section"> A downgrade attack occurs when an attacker situated between client and server convinces them to use a weaker cipher suite. In itself this shouldn&#39;t be problem: even the weaker suites are supposed to provide ample security, but it can be used to facilitate the exploit of a vulnerability in a weaker cipher suite, similar to attacks that force the connection to use the older SSL 3.0 protocol to exploit <a href="/blog/2014/10/poodle-attack-forces-internet-move-away-ssl-3-0
">POODLE</a>. <p class="section"><center><img height="474" src="/uploads/images/news/sslhello.png" width="639" /></center> &nbsp;&nbsp;<i><small>An SSL client (in this case a web browser) announces the cipher suites it supports in the Hello message.</small></i><p class="section"> But researchers have discovered a new vulnerability, called FREAK, that shows it is sometimes possible to downgrade the cipher suite to one that is, in fact, weak by design. <p class="section"> Such suites, called &#39;export cipher suites&#39;, date back to the &#39;<a href="http://en.wikipedia.org/wiki/Crypto_wars" target="_blank">crypto wars</a>&#39; in the 1990s when the US government tried to prevent the export of strong encryption technology. Some ciphers, such as 512-bit RSA, were deemed strong enough for everyday use, yet allowed the US government to break them. <p class="section"> Researchers found that more than a third of the sites serving trusted certificates are vulnerable to such a downgrade attack. Moreover, many SSL clients will accept an export-grade suite, even if it isn&#39;t mentioned in the Hello message. An attacker with a man-of-the-middle position can thus change the Hello request to ask for &#39;export RSA&#39;; the server will gladly use such a key and the client will not complain about the fact that it is using a suite that it never asked for. <p class="section"> To make matters worse &mdash; or orders of magnitude better, from an attacker&#39;s point of view &mdash; for performance reasons, web servers usually only generate a single export-grade RSA key and will continue to use this key until the next restart. Web servers are rarely restarted. <p class="section"> This means the attacker could crack the RSA key once and then read all traffic between the server and all clients whose traffic it can intercept and that are vulnerable to FREAK. <p class="section"> On his blog, Johns Hopkins crypto professor Matthew Green <a href="http://blog.cryptographyengineering.com/2015/03/attack-of-week-freak-or-factoring-nsa.html" target="_blank">explains</a> how it cost a group of researchers around $100 to crack an export-grade RSA key used by the NSA for its website. They were thus able to inject content into the site, even though it didn&#39;t give them access to the NSA&#39;s network itself. <p class="section"> $100 is very cheap for a crypto attack, though of course the attacker also needs to be able to get a man-in-the-middle position. This makes the attack not particularly suited for run-of-the-mill cybercriminals. However, for nation state sponsored attackers, interested in intelligence rather than quick financial gain, FREAK would be a very useful and cheap tool. <p class="section"> Thankfully, patches are being rolled out to clients and servers alike. A <a href="https://freakattack.com/" target="_blank">website</a> has been set up to check if your client is vulnerable. It also contains a list of servers that are vulnerable and advice on how to patch. <p class="section"><center><img height="154" src="/uploads/images/news/freakvulnerablesites.png" width="376" /></center> &nbsp;&nbsp;<i><small>Some of the websites that offer(ed) export-grade keys.</small></i><p class="section"> What makes the vulnerability rather timely is that, much to the frustration of security experts and civil liberties activists, government officials in the US have been calling for &#39;<a href="http://www.washingtonpost.com/opinions/compromise-needed-on-smartphone-encryption/2014/10/03/96680bf8-4a77-11e4-891d-713f052086a0_story.html" target="_blank">golden keys</a>&#39;, which would give law enforcement and intelligence agencies a backdoor into encrypted data and traffic. Now a previous generation of golden keys have come back to haunt us. <p class="section"><i>Virus Bulletin has updated the SSL configuration of its website and removed support for export-grade cipher suites.</i><br /><br />Posted on 04 March 2015 by <a href="/about">Martijn Grooten</a>		</div>
		<div class="col-md-3 col-sm-3 col-lg-3">
		
<div class="ccm-tags-display well">

	<h4>&nbsp;Tags</h4>
	
		<span class="label label-default active" >
			<!-- <a href="/blog/?akID[15][atSelectOptionID][]=847">rsa</a> -->
			<a href="/blog/blog-search-results?akID[15][atSelectOptionID][]=847">rsa</a>
		</span>
		<span class="label label-default active" >
			<!-- <a href="/blog/?akID[15][atSelectOptionID][]=860">ssl</a> -->
			<a href="/blog/blog-search-results?akID[15][atSelectOptionID][]=860">ssl</a>
		</span>
		<span class="label label-default active" >
			<!-- <a href="/blog/?akID[15][atSelectOptionID][]=861">tls</a> -->
			<a href="/blog/blog-search-results?akID[15][atSelectOptionID][]=861">tls</a>
		</span>
		<span class="label label-default active" >
			<!-- <a href="/blog/?akID[15][atSelectOptionID][]=862">vulnerability</a> -->
			<a href="/blog/blog-search-results?akID[15][atSelectOptionID][]=862">vulnerability</a>
		</span>
		<span class="label label-default active" >
			<!-- <a href="/blog/?akID[15][atSelectOptionID][]=872">https</a> -->
			<a href="/blog/blog-search-results?akID[15][atSelectOptionID][]=872">https</a>
		</span>
		<span class="label label-default active" >
			<!-- <a href="/blog/?akID[15][atSelectOptionID][]=1029">cryptography</a> -->
			<a href="/blog/blog-search-results?akID[15][atSelectOptionID][]=1029">cryptography</a>
		</span>
		<span class="label label-default active" >
			<!-- <a href="/blog/?akID[15][atSelectOptionID][]=1143">man-in-the-middle</a> -->
			<a href="/blog/blog-search-results?akID[15][atSelectOptionID][]=1143">man-in-the-middle</a>
		</span>
		<span class="label label-default active" >
			<!-- <a href="/blog/?akID[15][atSelectOptionID][]=1155">downgrade attack</a> -->
			<a href="/blog/blog-search-results?akID[15][atSelectOptionID][]=1155">downgrade attack</a>
		</span>
		<span class="label label-default active" >
			<!-- <a href="/blog/?akID[15][atSelectOptionID][]=1156">freak</a> -->
			<a href="/blog/blog-search-results?akID[15][atSelectOptionID][]=1156">freak</a>
		</span>
	<div style="clear: both"></div>
</div>

<div id="NDPHPBlock9771" class="NDPHPBlock">
<div style="width: 100%;"><div style='float: left; width: 20%; margin-left: auto; margin-right: auto; text-align: center;'><center><a target='_blank' title='Tweet this!' href="https://twitter.com/share?text=FREAK attack takes HTTPS connections back to 1990s security&url=https://www.virusbulletin.com/blog/2015/03/freak-attack-takes-https-connections-back-1990s-security"><img src='/uploads/images/buttons/twitter.png' alt='twitter.png' width='45' height='45' class='responsive' /></a></center></div><div style='float: left; width: 20%; margin-left: auto; margin-right: auto; text-align: center;'><center><a target='_blank' title='Share on Facebook' href='https://www.facebook.com/sharer.php?u=https://www.virusbulletin.com/blog/2015/03/freak-attack-takes-https-connections-back-1990s-security'><img src='/uploads/images/buttons/fb.png' alt='fb.png' width='45' height='45' class='responsive' /></a></center></div><div style='float: left; width: 20%; margin-left: auto; margin-right: auto; text-align: center;'><center><a target='_blank' title='Share on LinkedIn' href="https://www.linkedin.com/shareArticle?mini=true&url=https://www.virusbulletin.com/blog/2015/03/freak-attack-takes-https-connections-back-1990s-security&title=FREAK attack takes HTTPS connections back to 1990s security"><img src='/uploads/images/buttons/linkedin.png' alt='linkedin.png' width='45' height='45' class='responsive' /></a></center></div><div style='float: left; width: 20%; margin-left: auto; margin-right: auto; text-align: center;'><center><a target='_blank' title='Share on Google Plus' href="https://plus.google.com/share?url=https://www.virusbulletin.com/blog/2015/03/freak-attack-takes-https-connections-back-1990s-security"><img src='/uploads/images/buttons/googleplus.png' alt='googleplus.png' width='45' height='45' class='responsive' /></a></center></div><div style='float: left; width: 20%; margin-left: auto; margin-right: auto; text-align: center;'><center><a target='_blank' title='reddit this!' href="https://www.reddit.com/submit?url=https://www.virusbulletin.com/blog/2015/03/freak-attack-takes-https-connections-back-1990s-security"><img src='/uploads/images/buttons/reddit.png' alt='reddit.png' width='45' height='45' class='responsive' /></a></center></div></div></div><p> </p>
<h2>Latest posts:</h2>
<div class="ccm-page-list">

			<h3 class="ccm-page-list-title">
			<a href="/blog/2017/01/ransomware-not-problem-half-businesses/" target="_self">Ransomware not a problem for half of businesses</a>
		</h3>
		<div class="ccm-page-list-description">
			According to a report by IBM Security, 70 per cent of businesses that are the victim of a ransomware attack end up paying the ransom. However, the report also suggests that a little over half of businesses manage to avoid getting infected at all,&hellip;		</div>
		
			<h3 class="ccm-page-list-title">
			<a href="/blog/2017/01/ransomware-would-be-so-much-worse-if-it-wasnt-email-security-solutions/" target="_self">Ransomware would be much worse if it wasn't for email security solutions</a>
		</h3>
		<div class="ccm-page-list-description">
			The latest VBSpam test brings good news: at least 199 out of every 200 emails containing a malicious attachment were blocked by email security solutions. All of the full solutions tested achieved a VBSpam award, with five earning a VBSpam+ award.		</div>
		
			<h3 class="ccm-page-list-title">
			<a href="/blog/2017/01/throwback-thursday-malware-battle-reflections-and-forecasts/" target="_self">Throwback Thursday: The malware battle: reflections and forecasts</a>
		</h3>
		<div class="ccm-page-list-description">
			&quot;Another year has come to its end and the malware battle still rages on.&quot; In January 2004, Jamz Yaneza reflected on the year just ended and pondered what the coming year would have in store for the AV industry.		</div>
		
			<h3 class="ccm-page-list-title">
			<a href="/blog/2017/01/vb2016-paper-open-source-malware-lab/" target="_self">VB2016 paper: Open Source Malware Lab</a>
		</h3>
		<div class="ccm-page-list-description">
			At VB2016, ThreatConnect Director of Research Innovation Robert Simmons presented a paper on setting up an open source malware lab. Today, we share the accompanying paper and video.		</div>
		
			<h3 class="ccm-page-list-title">
			<a href="/blog/2016/december/christmas-present-security-community/" target="_self">A Christmas present for the security community</a>
		</h3>
		<div class="ccm-page-list-description">
			As a Christmas present for the security community, we have uploaded most of the papers and videos from the VB2015 conference which took place in Prague almost 15 months ago. The Virus Bulletin crew wishes you all the best for 2017!		</div>
		
	 

	 
</div><!-- end .ccm-page-list -->


		</div>
	</div>
</div>

<!-- Footer
    ================================================== -->
    <footer class="bs-footer" role="contentinfo">
      <div class="container">
        <div class="bs-social">
			<div class="row ">
						
				<div class="col-md-3">
					<p><a title="About Us" href="/about-vb/about-us/">About us</a></p>
<p><a title="Contact Us" href="/about-vb/contact-us/">Contact us</a></p>
<p><a title="Advisory Board" href="/about-vb/advisory-board/">Advisory board</a></p>
<p><a title="Press" href="/about-vb/press/">Press information</a></p>
<p><a title="Security Events Calendar" href="/resources/calendar/">Security events calendar</a></p>
<p><a title="Jobs" href="/resources/jobs/">Security jobs</a></p>				</div>
				<div class="col-md-3">
					<p><a title="VB Testing" href="/testing/">Testing</a></p>
<p><a title="VB100" href="/testing/vb100/">VB100</a></p>
<p><a title="VBSpam" href="/testing/vbspam/">VBSpam</a></p>
<p><a title="VBWeb" href="/testing/vbweb/">VBWeb</a></p>
<p><a title="Consultancy Services" href="/testing/consultancy-services/">Consultancy services</a></p>
<p><a title="The Spammers' Compendium" href="/resources/spammerscompendium/">Spammers' Compendium</a></p>				</div>	
									<div class="col-md-3">
					<p><a title="VB2016" href="/conference/vb2016/">VB2016 (Denver)</a></p>
<p><a title="VB2015" href="/conference/vb2015/">VB2015 (Prague)</a></p>
<p><a title="VB2014" href="/conference/vb2014/">VB2014 (Seattle)</a></p>
<p><a title="VB2013" href="/conference/vb2013/">VB2013 (Berlin)</a></p>
<p><a title="VB2012" href="/conference/vb2012/">VB2012 (Dallas)</a></p>
<p><a title="Conference Archive" href="/conference/vb-conference-archive/">Older conferences</a></p>					</div>	
				
									<div class="col-md-3">
					<div class="row">
<table style="float: right;" border="0">
<tbody>
<tr>
<td align="center"><a href="/rss" target="_blank"><img title="Get our blog updates" src="/uploads/images/buttons/rss-square-gray.png" alt="rss.png" width="35" height="35" /></a></td>
<td> </td>
<td align="center"><a href="https://twitter.com/virusbtn" target="_blank"><img class="bhtmbxoyxwpzahwcvxnw" title="Visit us on Twitter" src="/uploads/images/buttons/twitter-square-gray.png" alt="twitter.png" width="35" height="35" /></a></td>
<td> </td>
<td align="center"><a href="https://www.linkedin.com/company/virus-bulletin" target="_blank"><img class="bhtmbxoyxwpzahwcvxnw" title="Visit us on LinkedIn" src="/uploads/images/buttons/linkedin-square-gray.png" alt="linkedin.png" width="35" height="35" /></a></td>
<td> </td>
<td align="center"><a href="https://plus.google.com/118162626827080883932" target="_blank"><img class="bhtmbxoyxwpzahwcvxnw" title="Visit us on Google+" src="/uploads/images/buttons/googleplus-square-gray.png" alt="twitter.png" width="35" height="35" /></a></td>
<td> </td>
<td align="center"><a href="https://www.facebook.com/virusbulletin" target="_blank"><img title="Visit us on Facebook" src="/uploads/images/buttons/fb-square-gray.png" alt="twitter.png" width="35" height="35" /></a></td>
<td> </td>
<td align="center"><a href="https://www.youtube.com/user/virusbtn" target="_blank"><img title="Visit us on Youtube" src="/uploads/images/buttons/youtube-square-gray.png" alt="youtube.png" width="35" height="35" /></a></td>
</tr>
</tbody>
</table>
</div>					</div>	
				
								
			</div>
			<div class="row ">
				<div class="col-md-12">
									</div>							
			</div>
		</div>
      </div>
    </footer>

	<!-- lian's attempt for a new footer -->
    <footer class="bs-footer2" role="contentinfo">
      <div class="container">
        <div class="bs-social2">
			<div class="row ">
						
				<div class="col-md-3">
									</div>
				<div class="col-md-3">
									</div>	
									<div class="col-md-3">
										</div>	
				
									<div class="col-md-3">
										</div>	
				
								
			</div>
			<div class="row ">
				<div class="col-md-12">
					<p style="text-align: left;">©1989-2017 Virus Bulletin.        <a title="Privacy Policy" href="/about-vb/privacy-policy/">Privacy policy</a>        <a title="Cookies" href="/about-vb/privacy-policy/cookies/">Cookies</a>        <a title="Terms and Conditions" href="/about-vb/terms-and-conditions/">Terms and Conditions</a></p>				</div>							
			</div>
		</div>
      </div>
    </footer>

<script>
  (function(i,s,o,g,r,a,m){i['GoogleAnalyticsObject']=r;i[r]=i[r]||function(){
  (i[r].q=i[r].q||[]).push(arguments)},i[r].l=1*new Date();a=s.createElement(o),
  m=s.getElementsByTagName(o)[0];a.async=1;a.src=g;m.parentNode.insertBefore(a,m)
  })(window,document,'script','//www.google-analytics.com/analytics.js','ga');

  ga('create', 'UA-21876594-2', 'auto');
  ga('send', 'pageview');
</script><script type="text/javascript" src="/libraries/js/fancybox.load.js"></script>
<script type="text/javascript" src="/packages/bootstrap/js/common/app.js"></script>
</body>
</html>