<!DOCTYPE html><!--[if lt IE 7]><html class="no-js lt-ie9 lt-ie8 lt-ie7"><![endif]--><!--[if IE 7]><html class="no-js lt-ie9 lt-ie8"><![endif]--><!--[if IE 8]><html class="no-js lt-ie9"><![endif]--><!--[if gt IE 8]><html class="no-js"><![endif]--><head><META http-equiv="Content-Type" content="text/html; charset=UTF-8"><title>A Nervous New World (Part 1)</title><meta charset="utf-8"><meta content="IE=edge,chrome=1" http-equiv="X-UA-Compatible"><meta content="width=device-width, initial-scale=1.0" name="viewport"><meta name="keywords" content="US, elections, president, trump, Clinton, markets, equities, stocks, currencies, bonds, Fed, USD, JPY, CHF, XAU, gold, CAD, AUD, peso, economy, trade"><meta name="description" content="Here's what President Donald Trump means for global economies and markets"><meta name="vpath" content=""><meta name="page-locale-name" content=""><script type="text/javascript" src="/iwov-resources/scripts/web/load-desktop-or-devices.js"></script><script type="text/javascript" src="/iwov-resources/scripts/web/jquery.min.js"></script><script type="text/javascript" src="/iwov-resources/scripts/web/load-cookie-logic.js"></script><script type="text/javascript" src="/iwov-resources/scripts/web/cf69c6f2.modernizr.min.js"></script><script type="text/javascript" src="/iwov-resources/scripts/web/09c81293.bootstrap.js"></script><script type="text/javascript" src="/iwov-resources/scripts/web/global.js"></script><script type="text/javascript" src="/iwov-resources/scripts/gsa/gsa-auto-complete.js"></script><script type="text/javascript" src="/iwov-resources/scripts/web/common_utility.js"></script><script type="text/javascript" src="/iwov-resources/scripts/vendor/Avaya/js/cs.js"></script><script type="text/javascript" src="/iwov-resources/js/gtm/hktresures_gtm.js"></script><link href="/iwov-resources/fixed-layout/default-layout-generic-article.css" type="text/css" rel="stylesheet"><meta property="og:title" content="A Nervous New World (Part 1)"/><meta property="og:image" content="http://www.dbs.com.hk/iwov-resources/aics/images/AICS/CIO/161109trumpthumb.jpg"/><meta property="og:site_name" content="DBS"/><meta property="og:description" content="Here's what President Donald Trump means for global economies and markets"/><meta property="og:url" content="http://www.dbs.com.hk/treasures/aics/templatedata/article/generic/data/en/CIO/112016/161109ClearCall.xml"/><meta property="og:type" content="website"/> </head><body itemtype="http://schema.org/WebPage" itemscope="itemscope" class=""><div class=" main-container container"><div class=" row-fluid"><div class=" span12"><script type="text/javascript">var language= "en";var country= "hk";var segmentName= "treasures";var gsaSearchCollection= "hk1_treasures&Client1=dbshk";</script><div class="header row-fluid hidden-phone" id="header">
<div class="span12">
<div class="header-container">
<a class="logo" target="_self" href="/treasures/default.page"><img src="/iwov-resources/images/logos/treasures_header_zh.png" alt="DBS" title="DBS"></a>
<ul class="header-menu">
<li class="divider">
<div class="dropdown highlightable">
<a class="dropdown-toggle" data-toggle="dropdown" href="javascript:void(0)" accesskey="U">Choose Your Website<img src="/iwov-resources/images/git-arrow-down.png"></a>
<ul class="dropdown-menu" id="bu-dropdown">
<li class="list-heading">
<span class="seo-span">Personal Banking</span>
</li>
<li class="business-segment">
<a tabindex="8" href="http://www.dbs.com.hk/personal/default.page" target="_self">Personal Banking</a>
</li>
<li class="list-heading">
<span class="seo-span">Wealth Management</span>
</li>
<li class="business-segment selected">
<a tabindex="8" href="http://www.dbs.com.hk/treasures/default.page" target="_self">DBS Treasures</a>
</li>
<li class="business-segment">
<a tabindex="8" href="http://www.dbs.com.hk/treasures-private-client/default.page" target="_self">DBS Treasures Private Client</a>
</li>
<li class="business-segment">
<a tabindex="8" href="http://www.dbs.com.hk/private-banking/default.page" target="_self">DBS Private Bank</a>
</li>
<li class="list-heading">
<span class="seo-span">Business Banking</span>
</li>
<li class="business-segment">
<a tabindex="8" href="http://www.dbs.com.hk/sme/default.page" target="_self">SME Banking</a>
</li>
<li class="business-segment">
<a tabindex="8" href="http://www.dbs.com.hk/corporate/default.page" target="_self">Corporate Banking</a>
</li>
<li class="list-heading">
<span class="seo-span">DBS Group</span>
</li>
<li class="business-segment">
<a tabindex="8" href="http://www.dbs.com/home/Pages/default.aspx" target="_self">About DBS</a>
</li>
</ul>
</div>
</li>
<li class="divider divider-left">
<div class="dropdown highlightable">
<a class="dropdown-toggle" data-toggle="dropdown" href="javascript:void(0)">Hong Kong<img src="/iwov-resources/images/git-arrow-down.png"></a>
<ul class="dropdown-menu" id="countries-dropdown">
<li class="divider">
<a tabindex="-1" target="_self" href="http://www.dbs.com.cn/">China</a>
</li>
<li class="divider">
<a tabindex="-1" target="_self" href="http://www.dbs.com/in">India</a>
</li>
<li class="divider">
<a tabindex="-1" target="_self" href="http://www.dbs.com/id">Indonesia</a>
</li>
<li class="divider">
<a tabindex="-1" target="_self" href="http://www.dbs.com.sg/">Singapore</a>
</li>
<li class="divider">
<a tabindex="-1" target="_self" href="http://www.dbs.com.tw/">Taiwan</a>
</li>
</ul>
</div>
</li>
<li class="divider-left">
<div class="dropdown highlightable langdropdown">
<input id="selectedLanguage" name="selectedLanguage" type="hidden" value="zh"><input id="unSelectedLanguage" name="unSelectedLanguage" type="hidden" value="en"><a id="SelectedLanguageVal" href="/treasures-zh/aics/GenericArticle.page">中文</a>
</div>
</li>
<li class="login">
<div class="dropdown">
<a href="https://internet-banking.hk.dbs.com/crl_verify_userid.html" target="_self">Login</a>
<div class="login-lock">
<span class="icons-lock"></span>
</div>
</div>
</li>
<li class="search">
<input id="searchurl" type="hidden" value="/treasures/searchresult.page"><input id="issearchnewwindow" value="false" type="hidden">
<div class="dropdown highlightable">
<a class="dropdown-toggle" data-toggle="dropdown" href="javascript:void(0)">
<div class="icons-search"></div>
</a>
<ul class="dropdown-menu pull-right" id="search-dropdown">
<li class="search-item">
<div class="input-append" style="position: relative">
<input type="text" id="search" class="gsa-search-box" name="search" placeholder="Search">
<table id="search_suggest_0" style="width: 146px; visibility: hidden;" class="ss-gac-m"></table>
<button id="hsearchbutton" class="btn btn-info" type="button"><span class="icn-arrow-red"></span></button>
</div>
</li>
</ul>
</div>
</li>
</ul>
</div>
</div>
</div>
<div id="header-mobile" class="row-fluid visible-phone">
<div class="span12">
<div class="main-navigation-phone">
<div class="visible-phone nav-bar-mobile clearfix">
<a href="#" data-target="main-navigation-container-phone" class="pull-left icn-mobile-nav-menu mobile-trigger"></a><a class="logo pull-left" href="/treasures/default.page"></a><a href="#" data-target="mobile-search" class="pull-right icn-flag  mobile-trigger-searchbox"></a><a id="mobile-login-dropdown-section" href="#" data-target="login-dropdown-mobile" class="pull-right icn-mobile-nav-menu mobile-trigger"></a><a href="#" id="mobile-lang-country-section" data-target="language-country-dropdown" class="pull-right icn-mobile-nav-menu mobile-trigger"></a><a id="mobile-segment-dropdown-section" href="#" data-target="segment-dropdown" class="pull-right icn-mobile-nav-menu mobile-trigger"></a>
</div>
<div class="mobile-dropdown" id="main-navigation-container-phone">
<ul class="clearfix">
<a href="/treasures/default.page" target="_self">
<li class="selected">Home<div class="scope-note">Why DBS Treasures</div>
</li>
</a><a href="/treasures/your-dbs/default.page" target="_self">
<li>Personalise<div class="scope-note">Research & Products</div>
</li>
</a><a href="/treasures/deposits/default.page" target="_self">
<li>Bank & Cards<div class="scope-note">Day to Day</div>
</li>
</a><a href="/treasures/investments/default.page" target="_self">
<li>Invest<div class="scope-note">Your Wealth</div>
</li>
</a><a href="/treasures/loans/default.page" target="_self">
<li>Borrow<div class="scope-note">For Home or Personal</div>
</li>
</a><a href="/treasures/insurance/default.page" target="_self">
<li>Insure<div class="scope-note">You & Your Family</div>
</li>
</a><a href="/treasures/retirement/default.page" target="_self">
<li>Plan<div class="scope-note">For the Future</div>
</li>
</a><a href="/treasures/aics/home.page" target="_self">
<li>Research<div class="scope-note">Asian Insights</div>
</li>
</a>
</ul>
</div>
<div id="segment-dropdown" class="mobile-dropdown">
<ul class="clearfix">
<li class="list-heading">
<span class="seo-span-msegmentheading">Choose Your Website</span>
</li>
<li class="list-heading">
<span class="seo-span">Personal Banking</span>
</li>
<li class="">
<a tabindex="-1" data-value=" TODO when branch structure has been decided" href="http://www.dbs.com.hk/personal/default.page">Personal Banking</a>
</li>
<li class="list-heading">
<span class="seo-span">Wealth Management</span>
</li>
<li class="divider selected">
<a tabindex="-1" data-value=" TODO when branch structure has been decided" href="http://www.dbs.com.hk/treasures/default.page">DBS Treasures</a>
</li>
<li class="">
<a tabindex="-1" data-value=" TODO when branch structure has been decided" href="http://www.dbs.com.hk/treasures-private-client/default.page">DBS Treasures Private Client</a>
</li>
<li class="">
<a tabindex="-1" data-value=" TODO when branch structure has been decided" href="http://www.dbs.com.hk/private-banking/default.page">DBS Private Bank</a>
</li>
<li class="list-heading">
<span class="seo-span">Business Banking</span>
</li>
<li class="">
<a tabindex="-1" data-value=" TODO when branch structure has been decided" href="http://www.dbs.com.hk/sme/default.page">SME Banking</a>
</li>
<li class="">
<a tabindex="-1" data-value=" TODO when branch structure has been decided" href="http://www.dbs.com.hk/corporate/default.page">Corporate Banking</a>
</li>
<li class="list-heading">
<span class="seo-span">DBS Group</span>
</li>
<li class="">
<a tabindex="-1" data-value=" TODO when branch structure has been decided" href="http://www.dbs.com/home/Pages/default.aspx">About DBS</a>
</li>
</ul>
</div>
<div id="login-dropdown-mobile" class="mobile-dropdown">
<ul class="clearfix">
<li class="mobile-login">
<a href="javascript:void(0)">Login<div class="icons-lock"></div>
</a>
</li>
<li class="divider">
<a href="https://internet-banking.hk.dbs.com/crl_verify_userid.html" target="_self">DBS iBanking</a>
</li>
</ul>
</div>
<div id="language-country-dropdown" class="mobile-dropdown">
<ul class="clearfix">
<li class="divider selected">
<a tabindex="-1" href="http://www.dbs.com.hk" data-value="http://www.dbs.com.hk">Hong Kong</a>
</li>
<li class="divider">
<a tabindex="-1" href="http://www.dbs.com.cn/" data-value="http://www.dbs.com.cn/">China</a>
</li>
<li class="divider">
<a tabindex="-1" href="http://www.dbs.com/in" data-value="http://www.dbs.com/in">India</a>
</li>
<li class="divider">
<a tabindex="-1" href="http://www.dbs.com/id" data-value="http://www.dbs.com/id">Indonesia</a>
</li>
<li class="divider">
<a tabindex="-1" href="http://www.dbs.com.sg/" data-value="http://www.dbs.com.sg/">Singapore</a>
</li>
<li class="divider">
<a tabindex="-1" href="http://www.dbs.com.tw/" data-value="http://www.dbs.com.tw/">Taiwan</a>
</li>
<li class="list-heading">
<span class="seo-span">English</span>
</li>
<li class="mobile-language-item selected">
<a href="javascript:void(0)" tabindex="-1" data-value="en">English</a>
</li>
<li class="mobile-language-item unselected">
<input id="selectedLanguage" name="selectedLanguage" type="hidden" value="zh"><input id="unSelectedLanguage" name="unSelectedLanguage" type="hidden" value="en"><a tabindex="-1" data-value="zh" href="/treasures-zh/aics/GenericArticle.page">中文</a>
</li>
</ul>
</div>
<div id="mobile-search" class="mobile-dropdown-searchbox">
<ul class="clearfix">
<li class="search-item">
<div style="position: relative;" class="input-append">
<button id="hsearchbuttonmobile" class="btn btn-info" type="button"><span class="icn-search"></span></button><input type="text" name="searchmobile" class="gsad-search-box" id="searchmobile" placeholder="Search">
<table id="search_suggest_1" style="width: 146px; visibility: hidden;" class="ss-gac-m"></table>
</div>
</li>
</ul>
</div>
</div>
</div>
</div>
</div></div><div class=" row-fluid"><div class=" hidden-phone navigation-area span12"><div class="navigation-area span12">
<div class="main-navigation " tooltip="true" data-tooltiptimer="10" data-tooltipdescription="Have a look here" data-tooltiptitle="Results saved to Your DBS">
<div class="main-navigation-container">
<ul class="clearfix">
<li style="width:12.5%">
<a href="/treasures/default.page" target="_self">Home<div class="scope-note">Why DBS Treasures</div>
</a>
</li>
<li style="width:12.5%">
<a href="/treasures/your-dbs/default.page" target="_self">Personalise<div class="scope-note">Research & Products</div>
</a>
</li>
<li style="width:12.5%">
<a href="/treasures/deposits/default.page" target="_self">Bank & Cards<div class="scope-note">Day to Day</div>
</a>
</li>
<li style="width:12.5%">
<a href="/treasures/investments/default.page" target="_self">Invest<div class="scope-note">Your Wealth</div>
</a>
</li>
<li style="width:12.5%">
<a href="/treasures/loans/default.page" target="_self">Borrow<div class="scope-note">For Home or Personal</div>
</a>
</li>
<li style="width:12.5%">
<a href="/treasures/insurance/default.page" target="_self">Insure<div class="scope-note">You & Your Family</div>
</a>
</li>
<li style="width:12.5%">
<a href="/treasures/retirement/default.page" target="_self">Plan<div class="scope-note">For the Future</div>
</a>
</li>
<li style="width:12.5%" class="active">
<a href="/treasures/aics/home.page" target="_self">Research<div class="scope-note">Asian Insights</div>
</a>
</li>
</ul>
</div>
</div>
</div>
</div></div><div class=" row-fluid"><div class=" breadcrumb-area span12"><div class="dbs-breadcrumb clearfix">
<script charset="utf-8" type="text/javascript">
                
                       $(document).ready(function() {
                           $("#researchli").click(function(){
                                var requrl=window.location.href;
								var loadUrl;
								if (requrl.indexOf("/in/") !=-1) {
									loadUrl = "/in"+'/treasures/aics/home.page'
								}else if(requrl.indexOf("/id/") !=-1){
									loadUrl = "/id"+'/treasures/aics/home.page'
								}else{
									loadUrl = '/treasures/aics/home.page'
								}
								loadUrl = loadUrl.replace("/group/", "/");
								document.getElementById("research").href=loadUrl;

                           });
						    $("#categoryli").click(function(){
                                var requrl=window.location.href;
								var loadUrl;
								if (requrl.indexOf("/in/") !=-1) {
									loadUrl = "/in"+'/treasures/aics/markets.page'
								}else if(requrl.indexOf("/id/") !=-1){
									loadUrl = "/id"+'/treasures/aics/markets.page'
								}else{
									loadUrl = '/treasures/aics/markets.page'
								}
								loadUrl = loadUrl.replace("/group/", "/");
								document.getElementById("category").href=loadUrl;

                           });
                             $("#articleli").click(function(){
                                var requrl=window.location.href;
								var loadUrl;
								if (requrl.indexOf("/in/") !=-1) {
									loadUrl = "/in"+''
								}else if(requrl.indexOf("/id/") !=-1){
									loadUrl = "/id"+''
								}else{
									loadUrl = ''
								}
								loadUrl = loadUrl.replace("/group/", "/");
								document.getElementById("article").href=loadUrl;

                           });
					            });
							
            </script>
<ul class="breadcrumb clearfix">
<li id="researchli">
<a href="#" id="research">Research</a><span class="breadcrumbseparator"></span>
</li>
<li id="categoryli">
<a href="#" id="category">Markets</a><span class="breadcrumbseparator"></span>
</li>
<li class="active">A Nervous New World (Part 1)</li>
</ul>
</div><script>
            
		$(function(){
			$(".breadcrumbseparator").html("&nbsp;&nbsp;&gt;&nbsp;&nbsp;");
		});
		
        </script>
</div></div><div class=" row-fluid"><div class=" span12"><div class=" section-module article"><div class=""><div class=" row-fluid"><div class=" span8"><div class=""><div class=""><div class="article-summary">
<div class="page-meta">Global / Clear Call</div>
<h1>A Nervous New World   (Part 1)</h1>
<div class="user-meta">Chief Investment Office / November 09, 2016</div>
<script type="text/javascript"> 
			
						$(document).ready(function() {
						var paratext =  $("input:hidden[rel = para ]").val();
						//replace function in the below line is added to resolve the pddf download issue (download option available at end of article) - IN1236844
						var bodytext = $("input:hidden[rel = body ]").val().replace(/pdfController.page/g, "../../../../../../../pdfController.page");
						var summheading =  $("input:hidden[rel = heading ]").val();
						var body;
						var remaining;
						if(summheading != ""){
							if(paratext!="" || paratext.length!=0){
								body = paratext.substring(0,200);
								remaining = paratext.substring(200);
							}else {
								body = bodytext.substring(0,200);
								remaining = bodytext.substring(200);
							}
							var final = remaining.indexOf(".");
							var dash = remaining.substring(0,final);
							
							//var result = body + dash +".";
							
							//Start modification for "IN223779 - Extra FULL STOP in GENERIC ARTICLE summary"
							var result = body + dash;
							if( (result).replace(/(&nbsp;|\s)$/,"").replace(/(<p>|<\/p>|<div>|<\/div>)/g, "").substr(-1,1) == '.' || (result).replace(/(&nbsp;|\s)$/,"").replace(/(<p>|<\/p>|<div>|<\/div>)/g, "").substr(-1,1).charCodeAt(0) == '12290'  || (result).replace(/(&nbsp;|\s)$/,"").replace(/(<p>|<\/p>|<div>|<\/div>)/g, "").substr(-1,1).charCodeAt(0) == '35813' || (result).replace(/(&nbsp;|\s)$/,"").replace(/(<p>|<\/p>|<div>|<\/div>)/g, "").substr(-1,1).charCodeAt(0) == '20840' || (result).replace(/(&nbsp;|\s)$/,"").replace(/(<p>|<\/p>|<div>|<\/div>)/g, "").substr(-1,1).charCodeAt(0) == '21360' || (result).replace(/(&nbsp;|\s)$/,"").replace(/(<p>|<\/p>|<div>|<\/div>)/g, "").substr(-1,1).charCodeAt(0) == '38543' || (result).replace(/(&nbsp;|\s)$/,"").replace(/(<p>|<\/p>|<div>|<\/div>)/g, "").substr(-1,1).charCodeAt(0) == '38568' || (result).replace(/(&nbsp;|\s)$/,"").replace(/(<p>|<\/p>|<div>|<\/div>)/g, "").substr(-1,1).charCodeAt(0) == '65311' || (result).replace(/(&nbsp;|\s)$/,"").replace(/(<p>|<\/p>|<div>|<\/div>)/g, "").substr(-1,1).charCodeAt(0) == '63' || (result).replace(/(&nbsp;|\s)$/,"").replace(/(<p>|<\/p>|<div>|<\/div>)/g, "").substr(-1,1).charCodeAt(0) == '60' || (result).replace(/(&nbsp;|\s)$/,"").replace(/(<p>|<\/p>|<div>|<\/div>)/g, "").substr(-1,1).charCodeAt(0) == '23677' || (result).replace(/(&nbsp;|\s)$/,"").replace(/(<p>|<\/p>|<div>|<\/div>)/g, "").substr(-1,1).charCodeAt(0) == '84' || (result).replace(/(&nbsp;|\s)$/,"").replace(/(<p>|<\/p>|<div>|<\/div>)/g, "").substr(-1,1).charCodeAt(0) == '26377' || (result).replace(/(&nbsp;|\s)$/,"").replace(/(<p>|<\/p>|<div>|<\/div>)/g, "").substr(-1,1).charCodeAt(0) == '20219' || (result).replace(/(&nbsp;|\s)$/,"").replace(/(<p>|<\/p>|<div>|<\/div>)/g, "").substr(-1,1).charCodeAt(0) == '20013'){
							}else{
								result = result + ".";
							}
							//End modification for "IN223779 - Extra FULL STOP in GENERIC ARTICLE summary"
							
							var paragraph = remaining.substring(final+1);
							result=result.replace(/<(?:.|\n)*?>/gm,'');
							result = result.replace(/&nbsp;/gm,'');
							
								
							$('#type2summary').html(result);
					
							$('#parafinal').html(paragraph);
							$('#parabody').html(bodytext);
							
						}
						else{
							$('#paraid').html(paratext);
							$('#parabody').html(bodytext);
							
						}
					});
			
</script>
<div class="row-fluid">
<div class="span7">
<div id="type2summary" class="intro-text">Here's what President Donald Trump means for global economies and markets</div>
</div>
<div class="span5 summary">
<h5 class="line-black">Key Points</h5>
<ul>
<li>
<span class="nolink">Donald Trump appears on track to become US President</span>
</li>
<li>
<span class="nolink">If elected President, Trump is likely to take a new isolationist path</span>
</li>
<li>
<span class="nolink">Trump Presidency could knock 10% off US stocks; larger losses expected in Asia, Emerging Markets</span>
</li>
</ul>
</div>
</div>
<div class="horizontal-line"></div>
<div class="article-content">
<p id="parafinal"></p>
<p>
<img class="centered" src="/iwov-resources/aics/images/AICS/CIO/161109trump.jpg" alt="A Nervous New World   (Part 1)"></p>
<div class="caption alignright">
<small>Photo credit: AFP Photo</small>
</div>
<p id="parabody"></p>
<div class="horizontal-line"></div>
</div>
</div><div style="display: none;" id="hiddendivvar">
<input id="para" name="para" type="hidden" rel="para" value="<strong>Here's what President Donald Trump means for global economies and markets</strong>"><input id="body" name="body" type="hidden" rel="body" value="<p style=&quot;text-align: justify;&quot;>The global economy, international trade and financial markets face an uncertain new world &amp;ndash; with the new leader of the country with the world&amp;rsquo;s biggest economy, most powerful military, and the global reserve currency, likely to take the nation down a new isolationist path.</p>
<p style=&quot;text-align: justify;&quot;>&amp;nbsp;</p>
<p style=&quot;text-align: justify;&quot;>We will spare you the psephologist&amp;rsquo;s arithmetic. But on the current count, Donald Trump appears on track to become the next President of the United States of America. As I write, stocks are sharply lower all over Asia &amp;ndash; with Japan and HK leading the rout. The US dollar is sharply higher against &amp;ldquo;risk currencies&amp;rdquo; &amp;ndash; the CAD, AUD, and Asia ex-Japan and Emerging Market currencies. The &amp;ldquo;fear currency&amp;rdquo; trades are sharply higher &amp;ndash; JPY, CHF, and XAU (spot gold in US Dollars.) And the dollar is down against the EUR and GBP &amp;ndash; possibly on the logic of political uncertainties/market riots weighing on the Federal Reserve come next FOMC in December. Partly it may have to do with the &amp;ldquo;equalisation&amp;rdquo; of political risks between a post-Brexit UK/Europe and a Donald Trump-led United States.</p>
<p style=&quot;text-align: justify;&quot;>&amp;nbsp;</p>
<p style=&quot;text-align: justify;&quot;>And above is how the logic of a Trump-led US is likely to continue to play out in coming weeks. And that logic is simply that nationalist, &amp;ldquo;America-first&amp;rdquo; policies will hurt the global economy. But the impact will be asymmetric &amp;ndash; it could slow US growth but could plunge economies dependent on US consumption/imports into recession. If President Donald Trump imposes the threatened 45% and 35% tariffs on Chinese and Mexican goods, respectively, there will larger knock-on effects on Asia and Emerging Markets in general.</p>
<p style=&quot;text-align: justify;&quot;>&amp;nbsp;</p>
<p style=&quot;text-align: justify;&quot;>Bottom-line: We repeat our earlier call that a Trump Presidency could knock 10% off US stock prices fairly quickly. But losses are likely to be larger in Asia and Emerging Markets. Beyond the immediate reaction, markets will watch for what we had earlier described as &amp;ldquo;where Presidential hopeful Donald Trump&amp;rsquo;s rhetoric stops and where President Donald Trump&amp;rsquo;s policies start&amp;rdquo;. And we are clear that Donald Trump will have the authority to dismantle trade deals and push for new tariffs. If he carries out his promises/threats to the letter, there are likely to be further losses, again more pronounced in Asian markets than in the US. Commodities will likely fall in coming days on fears of what a trade war between the US and China would do to economic growth. There could be third round effects if Donald Trump carries through with disengaging the US from international geopolitics.</p>
<p style=&quot;text-align: justify;&quot;>&amp;nbsp;</p>
<p style=&quot;text-align: justify;&quot;>Again, as we had written earlier, this could be a critical moment in history &amp;ndash; the end of &amp;ldquo;Pax Americana&amp;rdquo;, the relative peace in the world based on so-called &amp;ldquo;Westphalian&amp;rdquo; principles upholding the sovereignty of big and small nations, under the dominance of the United States. That could cause markets to demand yet another discount to stock prices.</p>
<p style=&quot;text-align: justify;&quot;>&amp;nbsp;</p>
<p style=&quot;text-align: justify;&quot;>In currencies, the reactions will be divergent. The DXY &amp;ndash; the US dollar index &amp;ndash; has already fallen. But that has been in part due to the risk aversion impact on pushing up the Japanese yen. But yes, there have also been gains in EUR and GBP on the assumption that the Fed might skip a December rate hike to see how markets settle into a Trump Administration. But currencies which do better in a risk-on environment &amp;ndash; and that is most Emerging Market, Asia ex-Japan and commodity currencies are likely to be under pressure, as long as a threat of a trade war remains. Beyond this immediate reaction, we see a stronger dollar still in coming months. Most of Donald Trump&amp;rsquo;s policies are inflationary &amp;ndash; in an economy where inflation is starting to gather some momentum. Examples of his inflationary policies include:</p>
<p style=&quot;text-align: justify;&quot;>&amp;nbsp;</p>
<p style=&quot;text-align: justify;&quot;>1) Tariffs against Chinese and Mexican products</p>
<p style=&quot;text-align: justify;&quot;>2) Deporting illegal immigrants</p>
<p style=&quot;text-align: justify;&quot;>3) Infrastructure spending, not least building that &amp;ldquo;wall&amp;rdquo;</p>
<p style=&quot;text-align: justify;&quot;>4) Lower taxes</p>
<p style=&quot;text-align: justify;&quot;>&amp;nbsp;</p>
<p style=&quot;text-align: justify;&quot;>So beyond the knee-jerk flight to safety driving down the 10-year US Treasury yield, the likely follow through will be higher inflation, taking yields and rates higher. Which should mean a stronger dollar against a wide range of currencies 1H-2017.</p>
<p style=&quot;text-align: justify;&quot;>&amp;nbsp;</p>
<p style=&quot;text-align: justify;&quot;>To be continued&amp;hellip;&amp;hellip;</p>"><input id="heading" name="heading" type="heading" rel="heading" value="Key Points">
</div><script type="text/javascript">
           
     
				var param= window.location.search;
				var requrl=window.location.href;
				var loadUrl;
                var action = "Read";
				if (requrl.indexOf("/in/") !=-1) {
					loadUrl = "/in"+"/treasures/aics/GenericArticle/1432599052660.ajax";
				}else if(requrl.indexOf("/id/") !=-1){
					loadUrl = "/id"+"/treasures/aics/GenericArticle/1432599052660.ajax";
				}else{
					loadUrl = "/treasures/aics/GenericArticle/1432599052660.ajax";
				}
				var dcrPath;
				if(param && ( param.indexOf('templatedata/') != -1) ){
				var queryParam=param.split('=');
	                dcrPath=queryParam[1];
			    } else {
				  if(param) {
					  var queryParam1=requrl.split('?');
                	  var queryParam2=queryParam1[0].split('/templatedata');
					  dcrPath="templatedata" + queryParam2[1];	
					} else {
					   var queryParam3=requrl.split('/templatedata');
              		   dcrPath="templatedata" + queryParam3[1];	
					}
                 } 
                $.ajax({
                     type: 'POST',
                     url: loadUrl,
                     cache:false,
                     async:true,
                     dataType : 'html',
                     data: {dcrPath:dcrPath,action:action},
                     
                           success: function(data) {
                                //alert("article details are pushed");
                           },
                     error: function(XMLHttpRequest,textStatus,errorThrown) {
                           //alert("error while loading the page");
                     },
                           complete: function(XMLHttpRequest, status) {
                     }
                });
           
           </script>
<div class="social-media">
<div class="social_items">
<div class="shareabout">
<a href="#">Share about</a>
</div>
<a target="_blank" href="" title="facebook" class="facebookshare"><span class="facebook"></span></a><a title="Share by Email" href="" class="mailto"><span class="email"></span></a>
</div>
<div class="shareabout_desc disclaimer">
<h3>About Social Media</h3>
<p><span style="color: #999494; font-family: Frutiger, Arial, sans-serif; font-size: 14px; font-style: normal; font-variant: normal; font-weight: normal; letter-spacing: normal; line-height: 20px; orphans: auto; text-align: start; text-indent: 0px; text-transform: none; white-space: normal; widows: auto; word-spacing: 0px; -webkit-text-stroke-width: 0px; display: inline !important; float: none; background-color: #ffffff;"> DBS Bank (Hong Kong) Limited (&ldquo;DBS&rdquo;) welcomes and encourages the sharing of content, ideas, and stories on social media sites. Links to share  DBS content on third-party organisations&rsquo; platforms are provided as a service to its readers/followers but should not be considered an endorsement of a site, product, or service. Linked websites are not under the control of DBS and DBS is not responsible for the privacy or security on social media sites and other third-party sites that may be linked to social media sites. It is the responsibility of the user to determine the accuracy, currency, reliability, and correctness of external websites and platforms. </span></p>
<a href="#"><img class="pull-left close_icon" src="/iwov-resources/aics/images/icon-close.gif"></a>
</div>
<input type="hidden" class="facebook_share_url" value="https://www.facebook.com/dialog/feed?app_id=1416703075245724">
</div><script type="text/javascript">
		
	
		var mailsubject = 'Interesting Article';
	
	
	</script>
</div></div></div><div class=" span4"><div class=" sidebar push-topright clearfix"><div class=""><div class=""><div class=""><div id="article-buttons">
<script type="text/javascript">
           
     
		var loggedin;
		$(document).ready(function(){
				var requrl=window.location.href;
				//var param= window.location.search;
				var loadUrl;
				var isPersonal ="false";
				if(requrl.indexOf("/personal/") !=-1){
					isPersonal ="true";
				}
				else if(requrl.indexOf("/personal-sc/") !=-1){
					isPersonal ="true";
				}	
				else if(requrl.indexOf("/personal-id/") !=-1){
					isPersonal ="true";
				}				
				else if(requrl.indexOf("/personal-zh/") !=-1){
					isPersonal ="true";
				}
				else if(requrl.indexOf("dbs.com/aics") !=-1){
					isPersonal ="true";
				}
				else{
					isPersonal ="false";
				}
             	if (requrl.indexOf("/in/") !=-1) {
					loadUrl = "/in"+"/treasures/aics/GenericArticle/1432599052656.ajax";
				}else if(requrl.indexOf("/id/") !=-1){
					loadUrl = "/id"+"/treasures/aics/GenericArticle/1432599052656.ajax";
				}else{
					loadUrl = "/treasures/aics/GenericArticle/1432599052656.ajax";
				}
				//var queryParam=param.split('=');
                var dcrPath=requrl.substring(requrl.indexOf('templatedata'));
                 var Dcrpath=dcrPath.split('&');
				dcrPath=Dcrpath[0];
                $.ajax({
                     type: 'POST',
                     url: loadUrl,
                     cache:false,
                     async:true,
                     dataType : 'html',
                     data: {dcrPath:dcrPath},
					                     
                           success: function(data) {
								//alert("toggling");
								var $xml=$($.parseXML(data));
								//alert("xml "+$xml);
								if($xml.find("LOGGEDIN").length){
										$xml.find("LOGGEDIN").each( function(){
										loggedin=$(this).text();
										//alert("LOGGEDIN "+$(this).text());

										if(loggedin==='Yes'){
											//alert("readLater");
											$('#readlater').show();
											$('#subscribeli').hide();
										}else{
											//alert("subscribe");
											$('#readlater').hide();
											$('#subscribeli').show();
										}
										if(isPersonal=='true'){
												$('#readlater').hide();
												$('#subscribeli').hide();									
										}
									});
								}else{
									$xml.find("loggedin").each( function(){
										loggedin=$(this).text();
										//alert("loggedin "+$(this).text());

										if(loggedin==='Yes'){
											//alert("readLater");
											$('#readlater').show();
											$('#subscribeli').hide();
										}else{
											//alert("subscribe");
											$('#readlater').hide();
											$('#subscribeli').show();
										}
										if(isPersonal=='true'){
												$('#readlater').hide();
												$('#subscribeli').hide();									
										}
									});
								}
                           },
                     error: function(XMLHttpRequest,textStatus,errorThrown) {
                           //alert("error while loading the page");
                     },
                           complete: function(XMLHttpRequest, status) {
                     }
                });
				});
	
				
           
           </script>
<ul>
<li style="display:none" id="readlater" class="box-red">
<a target="_self" href="#">Read Later<i class="icon18-darrow icon18"></i></a>
</li>
<li style="display:none" id="subscribeli" class="box-red">
<a target="_self" id="subscribe" href="#">Register<i class="icon18-darrow icon18"></i></a>
</li>
<li class="box-red">
<a onclick="this.href = this.href.replace('[sub]',sharePage())" href="mailto:?subject=Interesting Article&amp;body=[sub]">Share page<i class="icon18-darrow icon18"></i></a>
</li>
</ul>
<script charset="utf-8" type="text/javascript">
					  
                       $(document).ready(function() {
                           $("#downloadLink").click(function(){
								var requrl=window.location.href;
								var selPDF;
							    var selValue=''
									  if (requrl.indexOf("/in/") !=-1) {
										selPDF = "/in"+'/treasures/aics/pdfController.page?pdfpath='+selValue;
									}else if(requrl.indexOf("/id/") !=-1){
										selPDF = "/id"+'/treasures/aics/pdfController.page?pdfpath='+selValue;
									}else{
										selPDF = '/treasures/aics/pdfController.page?pdfpath='+selValue;
									}
									/* The below link has been commented as the download PDF was not working.
									   This below line exists in the repository but in available in the xsl in the liveruntime.
									   If this is to be enabled later, proper impact analysis to be done including the GROUP site.	
									*/
									//downloadClick($('.article-summary h1').text());
									
                                 window.location.href=selPDF;
                           });
						   
						   $("#ePublication").click(function(){
								var requrl=window.location.href;
								var epubl;
							        if (requrl.indexOf("/in/") !=-1) {
										epubl = "/in"+'null';
									}else if(requrl.indexOf("/id/") !=-1){
										epubl = "/id"+'null';
									}else{
										epubl = 'null';
									}
                                 var win = window.open(epubl,"_blank");
								 win.focus();
								 
                           });
                        });
                       
					</script><script charset="utf-8" type="text/javascript">
					  
                       $(document).ready(function() {
                           $("#subscribeli").click(function(){
                                var requrl=window.location.href;
								var loadUrl;
								if (requrl.indexOf("/in/") !=-1) {
									loadUrl = "/in"+'/treasures/your-dbs/subscribe-to-insights.page'
								}else if(requrl.indexOf("/id/") !=-1){
									loadUrl = "/id"+'/treasures/your-dbs/subscribe-to-insights.page'
								}else{
									loadUrl = '/treasures/your-dbs/subscribe-to-insights.page'
								}
								document.getElementById("subscribe").href=loadUrl; 
							
                           });
                        });
                       
					</script>
</div><div style="display:none">
<div id="restricted-content">
<div class="promotion-module col1-module clearfix">
<div class="modal-header">
<button type="button" class="close" id="cboClosebtn" data-dissmiss="modal" aria-hidden="true"><span class="btn-panel-close"></span></button>
<h3>Done!</h3>
</div>
<script>
					$("#cboClosebtn").click(function(){
						$.colorbox.close();
					});
				</script>
<div class="modal-body">
<div class="cm-content">
<p class="intro-text">This article has been added to your Reading List</p>
</div>
</div>
</div>
</div>
</div><script type="text/javascript">
		
		$(document).ready(function(){
			
			$('#readlater').on("click",onReadLater);
			
		});
		
		function onReadLater(){
		
			var param= window.location.search;
			var requrl=window.location.href;
			var loadUrl;
			if (requrl.indexOf("/in/") !=-1) {
				loadUrl = "/in"+"/treasures/aics/GenericArticle/1432599052656.ajax";
			}else if(requrl.indexOf("/id/") !=-1){
				loadUrl = "/id"+"/treasures/aics/GenericArticle/1432599052656.ajax";
			}else{
				loadUrl = "/treasures/aics/GenericArticle/1432599052656.ajax";
			}
			var action = "addToReadItLater";
			var queryParam=param.split('=');
            var dcrPath=queryParam[1];
			$.ajax({
				type: 'POST',
				url: loadUrl,
				cache:false,
				async:true,
				dataType : 'html',
				data: {dcrPath:dcrPath,action:action},
				
					success: function(data) {
						var popupwidth="560px";
						if ($(window).width()<600){
							//if screensize smaller than 560 then stretch according to screen
							popupwidth = ($(window).width() -40).toString()+"px";
						}
						$.colorbox({width:popupwidth, inline:true, href:"#restricted-content"});
						$('#cboxOverlay').show();
						$('#readlater').hide();
						$('#submit').on("click",function(){
							$('#cboxOverlay').hide();
							$('#colorbox').hide();
							
						});
					},
				error: function(XMLHttpRequest,textStatus,errorThrown) {
					alert("error while loading the page");
				},
					complete: function(XMLHttpRequest, status) {
				}
			});
		}

		
		</script><script type="text/javascript">
                                       
                           function sharePage(){
							   var url = window.location.href.toString();
							   //var loc = url.split("templatedata");
							   //var cut = loc[0].substring(loc[0].lastIndexOf("/")+1,loc[0].lastIndexOf("=")+1);
							   //var urltest = url.replace(cut,"");
							   //return urltest;
							   return url;
                           }
                     
              </script>

<div class="col1-module promotion-module clearfix">
<h2>Related Insights</h2>
<div class="cm-content article">
<ul>
<li>
<h3>
<a class="black" href="/treasures/aics/templatedata/article/generic/data/en/GR/012017/170113_economics_trump_stimulus_unnecessary.xml">Trump Stimulus? Unnecessary </a>
</h3>
<p>
<span class="date">January 13, 2017</span>
</p>
</li>
<li>
<h3>
<a class="black" href="/treasures/aics/templatedata/article/generic/data/en/GR/012017/170111_economics_us_dollar_consolidation_continues.xml">US Dollar’s Consolidation Continues</a>
</h3>
<p>
<span class="date">January 11, 2017</span>
</p>
</li>
<li>
<h3>
<a class="black" href="/treasures/aics/templatedata/article/generic/data/en/CIO/012017/170109gequities_hk.xml">Wall St Advances</a>
</h3>
<p>
<span class="date">January 09, 2017</span>
</p>
</li>
</ul>
<a href="#" id="relatedArt" class="read-more pull-right">View All<i class="icon18-rarrow icon18-red"></i></a><script charset="utf-8" type="text/javascript">
								  
								   $(document).ready(function() {
									   $("#relatedArt").click(function(){
											var requrl=window.location.href;
											var catVal='Markets';
											var subcat='US,elections,president,trump,Clinton,markets,equities,stocks,currencies,bonds,Fed,USD,JPY,CHF,XAU,gold,CAD,AUD,peso,economy,trade';
											var caturl;
											  if (requrl.indexOf("/in/") !=-1) {
													caturl = "/in"+'/treasures/aics/search.page?ct='+catVal+'&search='+subcat;
												}else if(requrl.indexOf("/id/") !=-1){
													caturl = "/id"+'/treasures/aics/search.page?ct='+catVal+'&search='+subcat;
												}else{
													caturl = '/treasures/aics/search.page?ct='+catVal+'&search='+subcat;
												}
											 window.location.href=caturl;
									   });
									});
								   
						</script>
</div>
</div>
</div></div></div></div></div></div><div class=" row-fluid"><div class=""><div class="section-module article">
<div class="row-fluid">
<div class="span10">
<div class="disclaimer">
<div class="expand-section">
<h4>Disclaimers and Important Notices</h4><p>The information published by DBS Bank Ltd. (company registration no.: 196800306E) (&ldquo;<strong>DBS</strong>&rdquo;) is for information only. &nbsp;It is based on information or opinions obtained from sources believed to be reliable (but which have not been independently verified by DBS, its related companies and affiliates (&ldquo;<strong>DBS Group</strong>&rdquo;)) and to the maximum extent permitted by law, DBS Group does not make any representation or warranty (express or implied) as to its accuracy, completeness, timeliness or correctness for any particular purpose. &nbsp;Opinions and estimates are subject to change without notice. &nbsp;The publication and distribution of the information does not constitute nor does it imply any form of endorsement by DBS Group of any person, entity, services or products described or appearing in the information.&nbsp; Any past performance, projection, forecast or simulation of results is not necessarily indicative of the future or likely performance of any investment or securities.&nbsp; Foreign exchange transactions involve risks. &nbsp;You should note that fluctuations in foreign exchange rates may result in losses.&nbsp; You may wish to seek your own independent financial, tax, or legal advice or make such independent investigations as you consider necessary or appropriate.</p>
<p>&nbsp;</p>
<p>The information published is not and does not constitute or form part of any offer, recommendation, invitation or solicitation to subscribe to or to enter into any transaction; nor is it calculated to invite, nor does it permit the making of offers to the public to subscribe to or enter into any transaction in any jurisdiction or country in which such offer, recommendation, invitation or solicitation is not authorised or to any person to whom it is unlawful to make such offer, recommendation, invitation or solicitation or where such offer, recommendation, invitation or solicitation would be contrary to law or regulation or which would subject DBS Group to any registration requirement within such jurisdiction or country, and should not be viewed as such.&nbsp; Without prejudice to the generality of the foregoing, the information, services or products described or appearing in the information are not specifically intended for or specifically targeted at the public in any specific jurisdiction.</p>
<p>&nbsp;</p>
<p>The information is the property of DBS and is protected by applicable intellectual property laws. No reproduction, transmission, sale, distribution, publication, broadcast, circulation, modification, dissemination, or commercial exploitation such information in any manner (including electronic, print or other media now known or hereafter developed) is permitted.</p>
<p>&nbsp;</p>
<p>DBS Group and its respective directors, officers and/or employees may have positions or other interests in, and may effect transactions in securities mentioned and may also perform or seek to perform broking, investment banking and other banking or financial services to any persons or entities mentioned.</p>
<p>&nbsp;</p>
<p>To the maximum extent permitted by law, DBS Group accepts no liability for any losses or damages (including direct, special, indirect, consequential, incidental or loss of profits) of any kind arising from or in connection with any reliance and/or use of the information (including any error, omission or misstatement, negligent or otherwise) or further communication, even if DBS Group has been advised of the possibility thereof. &nbsp;</p>
<p>&nbsp;</p>
<p>The information is not intended for distribution to, or use by, any person or entity in any jurisdiction or country where such distribution or use would be contrary to law or regulation. &nbsp;The information is distributed (a) in Singapore, by DBS Bank Ltd.; (b) in China, by DBS Bank (China) Ltd; (c) in Hong Kong, by DBS Bank (Hong Kong) Limited; (d) in Taiwan, by DBS Bank (Taiwan) Ltd; (e) in Indonesia, by PT DBS Indonesia; and (f) in India, by DBS Bank Ltd, Mumbai Branch.</p><div class="hidden"></div>
</div>
<div class="expand clearfix"></div>
<div class="clear"></div>
</div>
</div>
<div class="span2 hidden-phone"></div>
<script type="text/javascript">
			
				$(document).ready(function($) {
					var expandTxt = 'Expand me';
					var closeTxt = 'Close';
					var slideHeight = 125;
					var $this = $(this);
					var $wrap = $this.find(".disclaimer .expand-section");
					var defHeight = $wrap.height();
					if (defHeight >= slideHeight){
						var $readMore = $this.find(".disclaimer .expand");
						$wrap.css("height", slideHeight + "px");
						$readMore.append("<a href='#'>"+expandTxt+"<img src='/iwov-resources/aics/images/icon-expand.gif' class='pull-left'></a>");
						$readMore.children("a").bind("click", function(event) {
							var curHeight = $wrap.height();
							if (curHeight == slideHeight) {
									$wrap.animate({height: defHeight}, "normal");
									$(this).text(closeTxt).append("<img src='/iwov-resources/aics/images/icon-close.gif' class='pull-left'>");
									$wrap.children(".hidden").fadeOut();
									} else {$wrap.animate({height: slideHeight}, "normal");
									$(this).text(expandTxt).append("<img src='/iwov-resources/aics/images/icon-expand.gif' class='pull-left'>");
									$wrap.children(".hidden").fadeIn();
							}
							return false;
						});
					} else {
						var $readMore = $this.find(".disclaimer .expand");
						$wrap.css("height", slideHeight + "px");						
					}
				}); 
			
			</script>
<div class="hidden">
<h3 class="printer_disclaimer_head">Disclaimers and Important Notices</h3>
<div class="printer_disclaimer_text"><p>The information published by DBS Bank Ltd. (company registration no.: 196800306E) (&ldquo;<strong>DBS</strong>&rdquo;) is for information only. &nbsp;It is based on information or opinions obtained from sources believed to be reliable (but which have not been independently verified by DBS, its related companies and affiliates (&ldquo;<strong>DBS Group</strong>&rdquo;)) and to the maximum extent permitted by law, DBS Group does not make any representation or warranty (express or implied) as to its accuracy, completeness, timeliness or correctness for any particular purpose. &nbsp;Opinions and estimates are subject to change without notice. &nbsp;The publication and distribution of the information does not constitute nor does it imply any form of endorsement by DBS Group of any person, entity, services or products described or appearing in the information.&nbsp; Any past performance, projection, forecast or simulation of results is not necessarily indicative of the future or likely performance of any investment or securities.&nbsp; Foreign exchange transactions involve risks. &nbsp;You should note that fluctuations in foreign exchange rates may result in losses.&nbsp; You may wish to seek your own independent financial, tax, or legal advice or make such independent investigations as you consider necessary or appropriate.</p>
<p>&nbsp;</p>
<p>The information published is not and does not constitute or form part of any offer, recommendation, invitation or solicitation to subscribe to or to enter into any transaction; nor is it calculated to invite, nor does it permit the making of offers to the public to subscribe to or enter into any transaction in any jurisdiction or country in which such offer, recommendation, invitation or solicitation is not authorised or to any person to whom it is unlawful to make such offer, recommendation, invitation or solicitation or where such offer, recommendation, invitation or solicitation would be contrary to law or regulation or which would subject DBS Group to any registration requirement within such jurisdiction or country, and should not be viewed as such.&nbsp; Without prejudice to the generality of the foregoing, the information, services or products described or appearing in the information are not specifically intended for or specifically targeted at the public in any specific jurisdiction.</p>
<p>&nbsp;</p>
<p>The information is the property of DBS and is protected by applicable intellectual property laws. No reproduction, transmission, sale, distribution, publication, broadcast, circulation, modification, dissemination, or commercial exploitation such information in any manner (including electronic, print or other media now known or hereafter developed) is permitted.</p>
<p>&nbsp;</p>
<p>DBS Group and its respective directors, officers and/or employees may have positions or other interests in, and may effect transactions in securities mentioned and may also perform or seek to perform broking, investment banking and other banking or financial services to any persons or entities mentioned.</p>
<p>&nbsp;</p>
<p>To the maximum extent permitted by law, DBS Group accepts no liability for any losses or damages (including direct, special, indirect, consequential, incidental or loss of profits) of any kind arising from or in connection with any reliance and/or use of the information (including any error, omission or misstatement, negligent or otherwise) or further communication, even if DBS Group has been advised of the possibility thereof. &nbsp;</p>
<p>&nbsp;</p>
<p>The information is not intended for distribution to, or use by, any person or entity in any jurisdiction or country where such distribution or use would be contrary to law or regulation. &nbsp;The information is distributed (a) in Singapore, by DBS Bank Ltd.; (b) in China, by DBS Bank (China) Ltd; (c) in Hong Kong, by DBS Bank (Hong Kong) Limited; (d) in Taiwan, by DBS Bank (Taiwan) Ltd; (e) in Indonesia, by PT DBS Indonesia; and (f) in India, by DBS Bank Ltd, Mumbai Branch.</p></div>
</div>
</div>
</div>
</div></div></div></div></div></div><div class=" row-fluid"><div class=" footer-span12 span12"><form id="footervarform" action="/treasures/aics/GenericArticle.page?submit=true&componentID=1432599052664" method="post">
<input id="country" type="hidden" value="hk"><input id="googleFooterLang" type="hidden" value="en"><input id="selectedCountry" type="hidden" value="hk"><input id="googleLanguage" type="hidden" value="en">
</form><script src="/iwov-resources/scripts/web/footer-on-demand.js" type="text/javascript"></script><div class="page-module footer">
<div class="row-fluid">
<div class="span3 clearfix">
<div>Useful Links</div>
<ul class="square">
<li>
<a class="title" target="_self" href="/personal/latest-promotion.page?pct=Invest&amp;?pid=hk-tre-home-footer-promotion">Latest Investments Offers</a>
</li>
<li>
<a class="title" target="_self" href="/personal/ratesfees.page?pid=hk-tre-home-footer-rates">Exchange Rate</a>
</li>
<li>
<a class="title" target="_blank" href="https://stockquote.dbs.com/web/dhb/dbs/default.jsp">Stock Quote</a>
</li>
<li>
<a class="title" target="_self" href="/personal/investments/fna?pid=hk-tre-home-footer-fna">Financial Needs Analysis</a>
</li>
<li>
<a class="title" target="_self" href="/personal/investments/sid-documents.page?pid=hk-tre-home-footer-important-documents">Important Documents</a>
</li>
<li>
<a class="title" target="_self" href="/personal/investments/invest-your-wealth-disclaimer.page">Disclaimer</a>
</li>
</ul>
<div class="back-to-top">
<div class="icn-back-to-top"></div>
<div class="label-back-to-top">Back to Top</div>
</div>
</div>
<div class="span3 ">
<div>Market Update and Tools</div>
<ul class="square">
<li>
<a class="title" target="_self" href="/personal/investments/market-update">Market Update</a>
</li>
<li>
<a class="title" target="_self" href="/personal/investments/fundservices-disclaimer.page?toURL=http://ltdbs.hk.morningstar.com/dbs/default.aspx?LanguageId=en-GB">Fund Analytical Tools</a>
</li>
<li>
<a class="title" target="_blank" href="/iwov-resources/pdf/investments/fundservices/FundList.pdf">Fund Select List</a>
</li>
<li>
<a class="title" target="_self" href="/personal/investments/generate-income/hot-selling-funds">Monthly Customers’ Favourites</a>
</li>
<li>
<a class="title" target="_blank" href="https://stockquote.dbs.com/web/dhb/dbs/default.jsp">Stock Quote</a>
</li>
<li>
<a class="title" target="_self" href="/personal/investments/market-updates.page">Video Market Commentary</a>
</li>
</ul>
</div>
<div id="footer-rightSection" class="span3">
<div>Others</div>
<ul class="square">
<li>
<a class="title" target="_blank" href="/personal/investments/derivatives-video-training">Video training on General Knowledge of Derivatives</a>
</li>
<li>
<a class="title" target="_blank" href="https://hk.dbs.com/ecPortalWeb/IPO/IPO.aspx?Lang=en-us">IPO Shares Subscription Service</a>
</li>
<li>
<a class="title" target="_blank" href="https://hk.dbs.com/ecPortalweb/IPO/Allotment.aspx?Lang=en-us">IPO Allotment Result</a>
</li>
</ul>
</div>
<div id="manageYourProfile" class="span3"></div>
<div class="offset3 span3 block-4">
<div><p><strong>Talk to our Staff<br /></strong></p>
<h3>
<p>24-hour Hotline:<br />(852) 2961 2338</p>
</h3>
<p><strong>Or let us <a href="/treasures/dbs-forms/contact-me-wealth.page" target="_blank">contact you</a></strong></p>
<p>
<ul class="square">
<li><a href="/personal/contact-us.page">Other hotlines</a></li>
<li><a href="https://hk.dbs.com/ecPortalWeb/contactus/eng/Form01.aspx">Feedback</a></li>
</ul>
</p></div>
<br>
<div>Find a branch near you</div>
<div class="input-append">
<input id="geocodeInputFooter" type="text" placeholder="Your Location"><button target="_blank" id="goBranchfinder" class="btn btn-info" type="button" href="http://www.dbs.com.hk/index/locator.page"><span class="icn-map-marker"></span></button></input>
</div>
</br>
</div>
</div>
</div>
<div class="page-module transparent global-footer">
<div class="row-fluid">
<div id="footer-content" class="span12 clearfix">
<div class="left-section">
<ul>
<li>
<a href="http://www.dbs.com.hk/personal/sitemap.page" target="_self">Sitemap</a><span>|</span>
</li>
<li>
<a href="http://www.dbs.com.hk/en/disclaimer" target="_self">Web Conditions of Use</a><span>|</span>
</li>
<li> ©Copyright. DBS Bank (Hong Kong) Limited 星展銀行(香港)有限公司 All Rights Reserved.</li>
</ul>
</div>
<div class="right-section">
<ul>
<li>
<a class="icn-youtube" href="https://www.youtube.com/user/DBS" target="_blank"></a>
</li>
<li>
<a class="icn-facebook" href="http://www.facebook.com/dbs.hk" target="_blank"></a>
</li>
</ul>
<div class="title">Social Media</div>
</div><!-- OPTIMOST GLOBAL MODULE AND COUNTER CODE -->
<script type="text/javascript">
    if (typeof(opModulesArray)!='undefined' && opModulesArray.length>0 && typeof(optimost)=='object') {
        for(var i=0;i<opModulesArray.length;i++){
            optimost.displayModule(opModulesArray[i]);
        }
    }
    else {
        if(typeof(optimost)=='object'){optimost.modulesPassed=true;}
        else{var __optimostModulesPassed=true;}
    }
</script>
<!-- END OPTIMOST GLOBAL MODULE AND COUNTER CODE -->

<!-- SiteCatalyst code version: H.13.
	Copyright 1997-2007 Omniture, Inc. More info available at
	http://www.omniture.com -->

	<script src="/iwov-resources/js/s_code.js" language="JavaScript"></script>
                <script src="/iwov-resources/js/site-catalyst.js"  language="JavaScript"></script>

	<script language="JavaScript"> 
	<!--
	/* You may give each page an identifying name, server, and channel on
	the next lines. */
	s.pageName=""
	s.server=""
	s.channel=""
	s.pageType=""
	s.prop1=""
	s.prop2=""
	s.prop3=""
	s.prop4=""
	s.prop5=""
	/* Conversion Variables */
	s.campaign=""
	s.state=""
	s.zip=""
	s.events=""
	s.products=""
	s.purchaseID=""
	s.eVar1=""
	s.eVar2=""
	s.eVar3=""
	s.eVar4=""
	s.eVar5=""
	s.eVar8=""
/* Hierarchy Variables */
s.hier1=""


/*********X6 Country SiteCatalyst Code Start here*********/
/********* Tab content and Article tracking sCode variable*********/
s.prop22=""
s.prop28=""
/*********Search Result Component Tracking*********/
s.prop23=""
if($("#scprop23").length > 0 && $("#scprop23").text().trim() != "")
{
	var prop23var = $("#scprop23").text().trim();
	prop23var = prop23var.substring(prop23var.indexOf("=") + 1);
	s.prop23=prop23var
}
/*********Product info Component Tabs*********/
		var urlPathName = window.location.pathname;
		var level_name = urlPathName.match(/\/((\w+\-*\_*\w*\-*\_*\w*\-*\_*\w*))\/((\w+\-*\_*\w*\-*\_*\w*\-*\_*\w*)).page/);
		if(level_name != null)
		{
			level_name = level_name[1];
			var tab_var_productInfo = $(".sub-nav-ul.productInfo li.active").text();
			if(tab_var_productInfo != "")
			{
				s.prop22=level_name + "|" + tab_var_productInfo
			}
		}
/*********Tabbed Content Component Tabs &  Article browser component Tabs*********/
		if($(".tabbed-content .tabbed-nav.tabs li.active").text() != "")
		{
			
			var TabbedContentActive = $(".tabbed-content .tabbed-nav.tabs li.active:first").text();
			if($(".article-browser .tabbed-nav.article li.active").text() != "")
			{
			  var articleTabbedContent = $(".article-browser .tabbed-nav.article li.active:first").text();
			  s.prop22 = TabbedContentActive + ":" +  articleTabbedContent
			}else{
			  s.prop22 = TabbedContentActive
			}
		}else if($(".article-browser .tabbed-nav.article li.active:first").text() != "")
		{
			  
			  var articleTabbed = $(".article-browser .tabbed-nav.article li.active:first").text();
			  s.prop22 = articleTabbed
		}
		
/*********Article Discovery Block Component Tabs*********/
	if($('.article-discovery-block .article li.active').data('category') != null)
    {
		var urlPathName = window.location.pathname;		
		var level_name = urlPathName.match(/\/((\w+\-*\_*\w*\-*\_*\w*\-*\_*\w*))\/((\w+\-*\_*\w*\-*\_*\w*\-*\_*\w*)).page/);
		if(level_name != null)
		{
			level_name = level_name[1];
			var activeTabbedContent = $('.article-discovery-block .tabbed-nav.article li.active:first').text();
			s.prop22=level_name + "|" + activeTabbedContent
		}
	}

/*********Article detail page - ArticleSummary component*********/
if($(".article-summary").length > 0)
{
   	var urlHref = window.location.href;
	var urlPathName = window.location.pathname;
    var country_Name = "";
    var segment_Name = "";
	var country_segment_other = urlHref.match(/\.com\.((\w+))\/((\w+\-*\_*\w*\-*\_*\w*\-*\_*\w*))\//);
	if( country_segment_other != null && country_segment_other != "")
	{
		country_Name = country_segment_other[1];
		segment_Name = country_segment_other[3];
	//For IN & ID country
	}else{ 
		var country_segment = urlPathName.match(/^\/((\w+))\/((\w+\-*\_*\w*\-*\_*\w*\-*\_*\w*))\//);
		if( country_segment != null && country_segment != "")
		{	    
			country_Name = country_segment[1];
			segment_Name = country_segment[3];
		}
	}
	if(segment_Name.indexOf('treasures-private-client') != -1)
	{		
		segment_Name = 'tpc';
	}else if(segment_Name.indexOf('private-banking') != -1)
	{		
		segment_Name = 'private-bank';
	}else if(segment_Name.indexOf('personal') != -1)
	{		
		segment_Name = 'personal';
	}else if(segment_Name.indexOf('treasures') != -1)
	{		
		segment_Name = 'treasures';
	}
		
		s.prop28=country_Name+ ":" + segment_Name + ":"  + $('.article-summary h1').text()
}

/*********X6 Country SiteCatalyst Code End here*********/

/* Form Variables */
var urlPathName = window.location.pathname;
if(urlPathName.indexOf('dbs-forms/account-opening-wealth') > -1)
{
  s.eVar8 = 'hk:treasures:account opening form';
  s.events='event1';
} else if(urlPathName.indexOf('dbs-forms/contact-me-wealth') > -1)
{
  s.eVar8 = 'hk:treasures:contact me form';
  s.events='event1';
} else if(urlPathName.indexOf('dbs-forms/eappointment-wealth') > -1)
{
  s.eVar8 = 'hk:treasures:eappointment form';
  s.events='event1';
} else {
  s.eVar8 = "";
  s.events= "";
}

/************* DO NOT ALTER ANYTHING BELOW THIS LINE ! **************/
	var s_code=s.t();if(s_code)document.write(s_code)//-->
	</script>
	<script language="JavaScript"> 
	<!--
	if(navigator.appVersion.indexOf('MSIE')>=0)document.write(unescape('%3C')+'\!-'+'-')
	//-->
	</script>
	<noscript> <a href="http://www.omniture.com" title="Web Analytics"><img src="http://dbs.112.2o7.net/b/ss/dbswebsitedev/1/H.13--NS/0" height="1" width="1" border="0" alt="" /></a> </noscript></div>
</div>
</div>
<div></div>
</div></div></div></body><!--</html>-->