<!DOCTYPE html><!--[if lt IE 7]><html class="no-js lt-ie9 lt-ie8 lt-ie7"><![endif]--><!--[if IE 7]><html class="no-js lt-ie9 lt-ie8"><![endif]--><!--[if IE 8]><html class="no-js lt-ie9"><![endif]--><!--[if gt IE 8]><html class="no-js"><![endif]--><head><META http-equiv="Content-Type" content="text/html; charset=UTF-8"><title>1Q-2017: All Change - Trump Triggers Inflections</title><meta charset="utf-8"><meta content="IE=edge,chrome=1" http-equiv="X-UA-Compatible"><meta content="IE=EmulateIE7; IE=EmulateIE8" http-equiv="X-UA-Compatible"><meta name="keywords" content="trump, outlook, US, China, global, Japan, Europe, Asia, economy, markets, equities, bonds, currencies, commodities, oil, energy, copper, aluminium, UK, brexit, GBP, pound, sterling, USD, greenback, dollar, euro, EUR, JPY, yen, ECB, BOJ, Federal Reserve, inflation, interest rates, hike, stimulus, Keynesianism, quantitative easing"><meta name="description" content="Donald Trump is the latest disruption to already disrupted markets. DBS Chief Investment Officer Lim Say Boon discusses the implications on risk asset markets"><meta name="vpath" content=""><meta name="page-locale-name" content=""><script type="text/javascript" src="/in/iwov-resources/scripts/web/load-desktop-or-devices.js"></script><script type="text/javascript" src="/in/iwov-resources/scripts/web/jquery.min.js"></script><script type="text/javascript" src="/in/iwov-resources/scripts/web/load-cookie-logic.js"></script><script type="text/javascript" src="/in/iwov-resources/scripts/web/cf69c6f2.modernizr.min.js"></script><script type="text/javascript" src="/in/iwov-resources/scripts/web/09c81293.bootstrap.js"></script><script type="text/javascript" src="/in/iwov-resources/scripts/web/global.js"></script><script type="text/javascript" src="/in/iwov-resources/scripts/gsa/gsa-auto-complete.js"></script><script type="text/javascript" src="/in/iwov-resources/scripts/web/common_utility.js"></script><link href="/iwov-resources/fixed-layout/default-layout-generic-article.css" type="text/css" rel="stylesheet"><meta name="twitter:card" content="summary"/><meta name="twitter:url" content="http://www.dbs.com/in/personal/aics/templatedata/article/generic/data/en/CIO/122016/161223outlook.xml"/><meta name="twitter:image" content="http://www.dbs.com/in/iwov-resources/aics/images/AICS/CIO/161223outlookthumb.jpg"/><meta name="twitter:title" content="1Q-2017: All Change - Trump Triggers Inflections"/><meta name="twitter:description" content="Donald Trump is the latest disruption to already disrupted markets. DBS Chief Investment Officer Lim Say Boon discusses the implications on risk asset markets"/><meta name="twitter:creator" content="Chief Investment Office"/><meta name="twitter:site" content="DBS"/> </head><body class=""><div class=" main-container container"><div class=" row-fluid"><div class=" span12"><script type="text/javascript">var language= "en";var country= "in";var segmentName= "personal";var gsaSearchCollection= "in1_personal&Client1=dbsin";</script><div class="header row-fluid hidden-phone" id="header">
<div class="span12">
<div class="header-container">
<a class="logo" target="_self" href="/in/personal/default.page"><img src="/in/iwov-resources/images/logos/dbs.png" alt="DBS" title="DBS"></a>
<ul class="header-menu">
<li class="divider">
<div class="dropdown highlightable">
<a class="dropdown-toggle" data-toggle="dropdown" href="javascript:void(0)" accesskey="U">Choose Your Website<img src="/in/iwov-resources/images/git-arrow-down.png"></a>
<ul class="dropdown-menu" id="bu-dropdown">
<li class="list-heading">
<span class="seo-span">Personal Banking</span>
</li>
<li class="business-segment selected">
<a tabindex="8" href="http://www.dbs.com/in/personal/default.page" target="_self">Personal Banking</a>
</li>
<li class="list-heading">
<span class="seo-span">Wealth Management</span>
</li>
<li class="business-segment">
<a tabindex="8" href="http://www.dbs.com/in/treasures/default.page" target="_self">DBS Treasures</a>
</li>
<li class="list-heading">
<span class="seo-span">Business Banking</span>
</li>
<li class="business-segment">
<a tabindex="8" href="http://www.dbs.com/in/sme/default.page" target="_self">SME Banking</a>
</li>
<li class="business-segment">
<a tabindex="8" href="http://www.dbs.com/in/corporate/default.page" target="_self">Corporate Banking</a>
</li>
<li class="list-heading">
<span class="seo-span">DBS Group</span>
</li>
<li class="business-segment">
<a tabindex="8" href="http://www.dbs.com/default.page" target="_self">About DBS</a>
</li>
</ul>
</div>
</li>
<li class="divider divider-left">
<div class="dropdown highlightable">
<a class="dropdown-toggle" data-toggle="dropdown" href="javascript:void(0)">India<img src="/in/iwov-resources/images/git-arrow-down.png"></a>
<ul class="dropdown-menu" id="countries-dropdown">
<li class="divider">
<a tabindex="-1" target="_self" href="http://www.dbs.com.cn/">China</a>
</li>
<li class="divider">
<a tabindex="-1" target="_self" href="http://www.dbs.com.hk/">Hong Kong</a>
</li>
<li class="divider">
<a tabindex="-1" target="_self" href="http://www.dbs.com/id">Indonesia</a>
</li>
<li class="divider">
<a tabindex="-1" target="_self" href="http://www.dbs.com.sg/">Singapore</a>
</li>
<li class="divider">
<a tabindex="-1" target="_self" href="http://www.dbs.com.tw/">Taiwan</a>
</li>
</ul>
</div>
</li>
<input id="unSelectedLanguage" name="unSelectedLanguage" type="hidden" value="en">
<li class="login">
<div class="dropdown">
<a class="dropdown-toggle" data-toggle="dropdown" href="javascript:void(0)">Login</a>
<div class="login-lock">
<span class="icons-lock"></span>
</div>
<ul class="dropdown-menu pull-right" id="login-dropdown">
<li class="divider">
<a href="https://internet-banking.dbsbank.in/in/retail/logon" target="_self">DBS iBanking</a>
</li>
<li class="divider">
<a href="https://ideal.dbs.com/loginSubscriber/login/pin.jsp" target="_self">IDEAL</a>
</li>
</ul>
</div>
</li>
<li class="search">
<input id="searchurl" type="hidden" value="/in/personal/searchresult.page"><input id="issearchnewwindow" value="false" type="hidden">
<div class="dropdown highlightable">
<a class="dropdown-toggle" data-toggle="dropdown" href="javascript:void(0)">
<div class="icons-search"></div>
</a>
<ul class="dropdown-menu pull-right" id="search-dropdown">
<li class="search-item">
<div class="input-append" style="position: relative">
<input type="text" id="search" class="gsa-search-box" name="search" placeholder="Search">
<table id="search_suggest_0" style="width: 146px; visibility: hidden;" class="ss-gac-m"></table>
<button id="hsearchbutton" class="btn btn-info" type="button"><span class="icn-arrow-red"></span></button>
</div>
</li>
</ul>
</div>
</li>
</ul>
</div>
</div>
</div>
<div id="header-mobile" class="row-fluid visible-phone">
<div class="span12">
<div class="main-navigation-phone">
<div class="visible-phone nav-bar-mobile clearfix">
<a href="#" data-target="main-navigation-container-phone" class="pull-left icn-mobile-nav-menu mobile-trigger"></a><a class="logo pull-left" href="/in/personal/default.page"></a><a href="#" data-target="mobile-search" class="pull-right icn-flag  mobile-trigger-searchbox"></a><a id="mobile-login-dropdown-section" href="#" data-target="login-dropdown-mobile" class="pull-right icn-mobile-nav-menu mobile-trigger"></a><a href="#" id="mobile-lang-country-section" data-target="language-country-dropdown" class="pull-right icn-mobile-nav-menu mobile-trigger"></a><a id="mobile-segment-dropdown-section" href="#" data-target="segment-dropdown" class="pull-right icn-mobile-nav-menu mobile-trigger"></a>
</div>
<div class="mobile-dropdown" id="main-navigation-container-phone">
<ul class="clearfix">
<a href="/in/personal/default.page" target="_self">
<li class="selected">Home<div class="scope-note">Why DBS</div>
</li>
</a><a href="/in/personal/deposits/default.page" target="_self">
<li>Bank<div class="scope-note">Day to Day</div>
</li>
</a><a href="/in/personal/non-resident-deposits/default.page" target="_self">
<li>NRI<div class="scope-note">Banking</div>
</li>
</a><a href="/in/personal/investments/default.page" target="_self">
<li>Invest<div class="scope-note">Your Wealth</div>
</li>
</a><a href="/in/personal/loans/default.page" target="_self">
<li>Borrow<div class="scope-note">For Home</div>
</li>
</a><a href="/in/personal/insurance/default.page" target="_self">
<li>Protect<div class="scope-note">You & Your Family</div>
</li>
</a><a href="/in/personal/aics/home.page" target="_self">
<li>Research<div class="scope-note">With Asian Insights</div>
</li>
</a>
</ul>
</div>
<div id="segment-dropdown" class="mobile-dropdown">
<ul class="clearfix">
<li class="list-heading">
<span class="seo-span-msegmentheading">Choose Your Website</span>
</li>
<li class="list-heading">
<span class="seo-span">Personal Banking</span>
</li>
<li class="divider selected">
<a tabindex="-1" data-value=" TODO when branch structure has been decided" href="http://www.dbs.com/in/personal/default.page">Personal Banking</a>
</li>
<li class="list-heading">
<span class="seo-span">Wealth Management</span>
</li>
<li class="">
<a tabindex="-1" data-value=" TODO when branch structure has been decided" href="http://www.dbs.com/in/treasures/default.page">DBS Treasures</a>
</li>
<li class="list-heading">
<span class="seo-span">Business Banking</span>
</li>
<li class="">
<a tabindex="-1" data-value=" TODO when branch structure has been decided" href="http://www.dbs.com/in/sme/default.page">SME Banking</a>
</li>
<li class="">
<a tabindex="-1" data-value=" TODO when branch structure has been decided" href="http://www.dbs.com/in/corporate/default.page">Corporate Banking</a>
</li>
<li class="list-heading">
<span class="seo-span">DBS Group</span>
</li>
<li class="">
<a tabindex="-1" data-value=" TODO when branch structure has been decided" href="http://www.dbs.com/default.page">About DBS</a>
</li>
</ul>
</div>
<div id="login-dropdown-mobile" class="mobile-dropdown">
<ul class="clearfix">
<li class="mobile-login">
<a href="javascript:void(0)">Login<div class="icons-lock"></div>
</a>
</li>
<li class="divider">
<a href="https://internet-banking.dbsbank.in/in/retail/logon" target="_self">DBS iBanking</a>
</li>
<li class="divider">
<a href="https://ideal.dbs.com/loginSubscriber/login/pin.jsp" target="_self">IDEAL</a>
</li>
</ul>
</div>
<div id="language-country-dropdown" class="mobile-dropdown">
<ul class="clearfix">
<li class="divider selected">
<a tabindex="-1" href="http://www.dbs.com/in" data-value="http://www.dbs.com/in">India</a>
</li>
<li class="divider">
<a tabindex="-1" href="http://www.dbs.com.cn/" data-value="http://www.dbs.com.cn/">China</a>
</li>
<li class="divider">
<a tabindex="-1" href="http://www.dbs.com.hk/" data-value="http://www.dbs.com.hk/">Hong Kong</a>
</li>
<li class="divider">
<a tabindex="-1" href="http://www.dbs.com/id" data-value="http://www.dbs.com/id">Indonesia</a>
</li>
<li class="divider">
<a tabindex="-1" href="http://www.dbs.com.sg/" data-value="http://www.dbs.com.sg/">Singapore</a>
</li>
<li class="divider">
<a tabindex="-1" href="http://www.dbs.com.tw/" data-value="http://www.dbs.com.tw/">Taiwan</a>
</li>
<input id="unSelectedLanguage" name="unSelectedLanguage" type="hidden" value="en">
</ul>
</div>
<div id="mobile-search" class="mobile-dropdown-searchbox">
<ul class="clearfix">
<li class="search-item">
<div style="position: relative;" class="input-append">
<button id="hsearchbuttonmobile" class="btn btn-info" type="button"><span class="icn-search"></span></button><input type="text" name="searchmobile" class="gsad-search-box" id="searchmobile" placeholder="Search">
<table id="search_suggest_1" style="width: 146px; visibility: hidden;" class="ss-gac-m"></table>
</div>
</li>
</ul>
</div>
</div>
</div>
</div>
</div></div><div class=" row-fluid"><div class=" hidden-phone navigation-area span12"><div class="navigation-area span12">
<div class="main-navigation " tooltip="true" data-tooltiptimer="10" data-tooltipdescription="Have a look here" data-tooltiptitle="Results saved to Your DBS">
<div class="main-navigation-container">
<ul class="clearfix">
<li style="width:14.285714285714286%">
<a href="/in/personal/default.page" target="_self">Home<div class="scope-note">Why DBS</div>
</a>
</li>
<li style="width:14.285714285714286%">
<a href="/in/personal/deposits/default.page" target="_self">Bank<div class="scope-note">Day to Day</div>
</a>
</li>
<li style="width:14.285714285714286%">
<a href="/in/personal/non-resident-deposits/default.page" target="_self">NRI<div class="scope-note">Banking</div>
</a>
</li>
<li style="width:14.285714285714286%">
<a href="/in/personal/investments/default.page" target="_self">Invest<div class="scope-note">Your Wealth</div>
</a>
</li>
<li style="width:14.285714285714286%">
<a href="/in/personal/loans/default.page" target="_self">Borrow<div class="scope-note">For Home</div>
</a>
</li>
<li style="width:14.285714285714286%">
<a href="/in/personal/insurance/default.page" target="_self">Protect<div class="scope-note">You & Your Family</div>
</a>
</li>
<li style="width:14.285714285714286%" class="active">
<a href="/in/personal/aics/home.page" target="_self">Research<div class="scope-note">With Asian Insights</div>
</a>
</li>
</ul>
</div>
</div>
</div>
</div></div><div class=" row-fluid"><div class=" breadcrumb-area span12"><div class="dbs-breadcrumb clearfix">
<script charset="utf-8" type="text/javascript">
                
                       $(document).ready(function() {
                           $("#researchli").click(function(){
                                var requrl=window.location.href;
								var loadUrl;
								if (requrl.indexOf("/in/") !=-1) {
									loadUrl = "/in"+'/personal/aics/home.page'
								}else if(requrl.indexOf("/id/") !=-1){
									loadUrl = "/id"+'/personal/aics/home.page'
								}else{
									loadUrl = '/personal/aics/home.page'
								}
								loadUrl = loadUrl.replace("/group/", "/");
								document.getElementById("research").href=loadUrl;

                           });
						    $("#categoryli").click(function(){
                                var requrl=window.location.href;
								var loadUrl;
								if (requrl.indexOf("/in/") !=-1) {
									loadUrl = "/in"+'/personal/aics/markets.page'
								}else if(requrl.indexOf("/id/") !=-1){
									loadUrl = "/id"+'/personal/aics/markets.page'
								}else{
									loadUrl = '/personal/aics/markets.page'
								}
								loadUrl = loadUrl.replace("/group/", "/");
								document.getElementById("category").href=loadUrl;

                           });
                             $("#articleli").click(function(){
                                var requrl=window.location.href;
								var loadUrl;
								if (requrl.indexOf("/in/") !=-1) {
									loadUrl = "/in"+''
								}else if(requrl.indexOf("/id/") !=-1){
									loadUrl = "/id"+''
								}else{
									loadUrl = ''
								}
								loadUrl = loadUrl.replace("/group/", "/");
								document.getElementById("article").href=loadUrl;

                           });
					            });
							
            </script>
<ul class="breadcrumb clearfix">
<li id="researchli">
<a href="#" id="research">Research</a><span class="breadcrumbseparator"></span>
</li>
<li id="categoryli">
<a href="#" id="category">Markets</a><span class="breadcrumbseparator"></span>
</li>
<li class="active">1Q-2017: All Change - Trump Triggers Inflections</li>
</ul>
</div><script>
            
		$(function(){
			$(".breadcrumbseparator").html("&nbsp;&nbsp;&gt;&nbsp;&nbsp;");
		});
		
        </script>
</div></div><div class=" row-fluid"><div class=" span12"><div class=" section-module article"><div class=""><div class=" row-fluid"><div class=" span8"><div class=""><div class=""><div class="article-summary">
<div class="page-meta">Global / Outlook</div>
<h1>1Q-2017: All Change - Trump Triggers Inflections</h1>
<div class="user-meta">Chief Investment Office / December 23, 2016</div>
<script type="text/javascript"> 
			
						$(document).ready(function() {
						var paratext =  $("input:hidden[rel = para ]").val();
						//replace function in the below line is added to resolve the pddf download issue (download option available at end of article) - IN1236844
						var bodytext = $("input:hidden[rel = body ]").val().replace(/pdfController.page/g, "../../../../../../../pdfController.page");
						var summheading =  $("input:hidden[rel = heading ]").val();
						var body;
						var remaining;
						if(summheading != ""){
							if(paratext!="" || paratext.length!=0){
								body = paratext.substring(0,200);
								remaining = paratext.substring(200);
							}else {
								body = bodytext.substring(0,200);
								remaining = bodytext.substring(200);
							}
							var final = remaining.indexOf(".");
							var dash = remaining.substring(0,final);
							
							//var result = body + dash +".";
							
							//Start modification for "IN223779 - Extra FULL STOP in GENERIC ARTICLE summary"
							var result = body + dash;
							if( (result).replace(/(&nbsp;|\s)$/,"").replace(/(<p>|<\/p>|<div>|<\/div>)/g, "").substr(-1,1) == '.' || (result).replace(/(&nbsp;|\s)$/,"").replace(/(<p>|<\/p>|<div>|<\/div>)/g, "").substr(-1,1).charCodeAt(0) == '12290'  || (result).replace(/(&nbsp;|\s)$/,"").replace(/(<p>|<\/p>|<div>|<\/div>)/g, "").substr(-1,1).charCodeAt(0) == '35813' || (result).replace(/(&nbsp;|\s)$/,"").replace(/(<p>|<\/p>|<div>|<\/div>)/g, "").substr(-1,1).charCodeAt(0) == '20840' || (result).replace(/(&nbsp;|\s)$/,"").replace(/(<p>|<\/p>|<div>|<\/div>)/g, "").substr(-1,1).charCodeAt(0) == '21360' || (result).replace(/(&nbsp;|\s)$/,"").replace(/(<p>|<\/p>|<div>|<\/div>)/g, "").substr(-1,1).charCodeAt(0) == '38543' || (result).replace(/(&nbsp;|\s)$/,"").replace(/(<p>|<\/p>|<div>|<\/div>)/g, "").substr(-1,1).charCodeAt(0) == '38568' || (result).replace(/(&nbsp;|\s)$/,"").replace(/(<p>|<\/p>|<div>|<\/div>)/g, "").substr(-1,1).charCodeAt(0) == '65311' || (result).replace(/(&nbsp;|\s)$/,"").replace(/(<p>|<\/p>|<div>|<\/div>)/g, "").substr(-1,1).charCodeAt(0) == '63' || (result).replace(/(&nbsp;|\s)$/,"").replace(/(<p>|<\/p>|<div>|<\/div>)/g, "").substr(-1,1).charCodeAt(0) == '60' || (result).replace(/(&nbsp;|\s)$/,"").replace(/(<p>|<\/p>|<div>|<\/div>)/g, "").substr(-1,1).charCodeAt(0) == '23677' || (result).replace(/(&nbsp;|\s)$/,"").replace(/(<p>|<\/p>|<div>|<\/div>)/g, "").substr(-1,1).charCodeAt(0) == '84' || (result).replace(/(&nbsp;|\s)$/,"").replace(/(<p>|<\/p>|<div>|<\/div>)/g, "").substr(-1,1).charCodeAt(0) == '26377' || (result).replace(/(&nbsp;|\s)$/,"").replace(/(<p>|<\/p>|<div>|<\/div>)/g, "").substr(-1,1).charCodeAt(0) == '20219' || (result).replace(/(&nbsp;|\s)$/,"").replace(/(<p>|<\/p>|<div>|<\/div>)/g, "").substr(-1,1).charCodeAt(0) == '20013'){
							}else{
								result = result + ".";
							}
							//End modification for "IN223779 - Extra FULL STOP in GENERIC ARTICLE summary"
							
							var paragraph = remaining.substring(final+1);
							result=result.replace(/<(?:.|\n)*?>/gm,'');
							result = result.replace(/&nbsp;/gm,'');
							
								
							$('#type2summary').html(result);
					
							$('#parafinal').html(paragraph);
							$('#parabody').html(bodytext);
							
						}
						else{
							$('#paraid').html(paratext);
							$('#parabody').html(bodytext);
							
						}
					});
			
</script>
<div class="row-fluid">
<div class="span7">
<div id="type2summary" class="intro-text">Donald Trump is the latest disruption to already disrupted markets. DBS Chief Investment Officer Lim Say Boon discusses the implications on risk asset markets</div>
</div>
<div class="span5 summary">
<h5 class="line-black">Key Summary Points</h5>
<ul>
<li>
<span class="nolink">Inflection points, long in the making, were triggered, by Donald Trump's White House win</span>
</li>
<li>
<span class="nolink">Trump has emerged as the world’s most powerful proponent of Keynesianism</span>
</li>
<li>
<span class="nolink">The “Trump Trade” will likely pause until the inauguration of President Donald Trump late January</span>
</li>
<li>
<span class="nolink">DM stocks will go higher while EM/AXJ equities will tread water</span>
</li>
<li>
<span class="nolink">Stay invested but be nimble – this is a market where investors may have to shift positions quickly</span>
</li>
</ul>
</div>
</div>
<div class="horizontal-line"></div>
<div class="article-content">
<p id="parafinal"></p>
<p>
<img class="centered" src="/in/iwov-resources/aics/images/AICS/CIO/161223outlook.jpg" alt="1Q-2017: All Change - Trump Triggers Inflections"></p>
<div class="caption alignright">
<small>Photo credit: AFP Photo</small>
</div>
<p id="parabody"></p>
<div class="horizontal-line"></div>
</div>
</div><div style="display: none;" id="hiddendivvar">
<input id="para" name="para" type="hidden" rel="para" value="<p style=&quot;text-align: justify;&quot;><strong>Donald Trump is the latest disruption to already disrupted markets. DBS Chief Investment Officer Lim Say Boon discusses the implications on risk asset markets</strong></p>"><input id="body" name="body" type="hidden" rel="body" value="<p style=&quot;TEXT-ALIGN: justify&quot;>Just when Developed Market (DM) equities were looking tired, along came Trump. And then everything changed.</p>
<p style=&quot;TEXT-ALIGN: justify&quot;>&amp;nbsp;</p>
<p style=&quot;TEXT-ALIGN: justify&quot;>Inflection points, long in the making, were triggered, sometimes with counter-intuitive consequences. The debate over fiscal expansion versus austerity has been resolved &amp;ndash; Donald Trump has emerged as the world&amp;rsquo;s most powerful proponent of Keynesianism. US Treasuries &amp;ndash; which almost everybody agreed were overpriced but nobody quite sure when to sell &amp;ndash; collapsed on the victory of Republican presidential candidate Donald Trump. The 10-year yield, which was at a historical low only a few months before, spiked up.</p>
<p style=&quot;TEXT-ALIGN: justify&quot;>&amp;nbsp;</p>
<p style=&quot;TEXT-ALIGN: justify&quot;>After a brief struggle, risk asset markets decided:</p>
<ol start=&quot;1&quot;>
<li>
<div style=&quot;TEXT-ALIGN: justify&quot;>Republican control of both houses of Congress made America more governable;</div>
</li>
<li>
<div style=&quot;TEXT-ALIGN: justify&quot;>Trump&amp;rsquo;s promised increased infrastructure spending and tax cuts would lift US economic growth;</div>
</li>
<li>
<div style=&quot;TEXT-ALIGN: justify&quot;>But it would also bring already simmering inflation to a boil;</div>
</li>
<li>
<div style=&quot;TEXT-ALIGN: justify&quot;>Fed rates would have to rise by more than previously expected; and</div>
</li>
<li>
<div style=&quot;TEXT-ALIGN: justify&quot;>&amp;ldquo;Make America Great Again&amp;rdquo; was protectionism by another name, with negative implications for Emerging Markets (EM) and Asia ex-Japan (AXJ).</div>
</li>
</ol>
<p style=&quot;TEXT-ALIGN: justify&quot;>&amp;nbsp;</p>
<p style=&quot;TEXT-ALIGN: justify&quot;>And that triggered market dynamics that reverberated around the world. The US Dollar, which until then also appeared tired, got a new lease of life, sending gold plunging. The consequent weakening of the Yen against the greenback boosted Japanese stocks. But it spooked EM and AXJ on fears of a repeat of the 2013 Taper Tantrum and the normalisation of US inflation expectations in 2015, when these markets were hammered on weakening domestic currencies and fears of Dollar funding stress.</p>
<p style=&quot;TEXT-ALIGN: justify&quot;>&amp;nbsp;</p>
<p style=&quot;TEXT-ALIGN: justify&quot;>The &amp;ldquo;Trump Trade&amp;rdquo;, as we have called this &amp;ndash; bullish Dollar and DM equities but bearish bonds and EM/AXJ equities and currencies &amp;ndash; will likely pause until the inauguration of President Donald Trump late January. Much then depends on whether he makes good on his election promises/threats. Our best guess is he will carry through much of what he promised. Unlike Obama, the new President will control both houses of Congress. And if he doesn&amp;rsquo;t deliver on a good portion of his mandate, the anger he has stoked in his supporters will likely rebound on him.</p>
<p style=&quot;TEXT-ALIGN: justify&quot;>&amp;nbsp;</p>
<p style=&quot;TEXT-ALIGN: justify&quot;>So the &amp;ldquo;Trump Trade&amp;rdquo; will likely resume, taking US equities even higher. European equities will join the DM stock rally, helped by continued quantitative easing by the European Central Bank (ECB) and a stronger Dollar. Japanese stocks will likely continue higher, along with a stronger USD/JPY. But EM and AXJ equities will tread water until there is greater clarity on how the Trump Administration proceeds with its protectionist agenda.</p>
<p style=&quot;TEXT-ALIGN: justify&quot;>&amp;nbsp;</p>
<p style=&quot;TEXT-ALIGN: justify&quot;>But this is not a &amp;ldquo;brave new world&amp;rdquo;. Donald Trump is the latest disruption in already disrupted markets. Markets may now want to believe that Keynesianism is the panacea where monetary stimulus failed. But it would add to the global mountain of debt. And there will come a point when the consequent higher rates will kill the market for already expensive risk assets. Stay invested but be nimble &amp;ndash; this is a market where investors may have to shift positions quickly.</p>"><input id="heading" name="heading" type="heading" rel="heading" value="Key Summary Points">
</div><script type="text/javascript">
           
     
				var param= window.location.search;
				var requrl=window.location.href;
				var loadUrl;
                var action = "Read";
				if (requrl.indexOf("/in/") !=-1) {
					loadUrl = "/in"+"/personal/aics/GenericArticle/1436677864444.ajax";
				}else if(requrl.indexOf("/id/") !=-1){
					loadUrl = "/id"+"/personal/aics/GenericArticle/1436677864444.ajax";
				}else{
					loadUrl = "/personal/aics/GenericArticle/1436677864444.ajax";
				}
				var dcrPath;
				if(param && ( param.indexOf('templatedata/') != -1) ){
				var queryParam=param.split('=');
	                dcrPath=queryParam[1];
			    } else {
				  if(param) {
					  var queryParam1=requrl.split('?');
                	  var queryParam2=queryParam1[0].split('/templatedata');
					  dcrPath="templatedata" + queryParam2[1];	
					} else {
					   var queryParam3=requrl.split('/templatedata');
              		   dcrPath="templatedata" + queryParam3[1];	
					}
                 } 
                $.ajax({
                     type: 'POST',
                     url: loadUrl,
                     cache:false,
                     async:true,
                     dataType : 'html',
                     data: {dcrPath:dcrPath,action:action},
                     
                           success: function(data) {
                                //alert("article details are pushed");
                           },
                     error: function(XMLHttpRequest,textStatus,errorThrown) {
                           //alert("error while loading the page");
                     },
                           complete: function(XMLHttpRequest, status) {
                     }
                });
           
           </script>
<div class="social-media">
<div class="social_items">
<div class="shareabout">
<a href="#">Share about</a>
</div>
<a target="_blank" href="" title="twitter" class="twittershare"><span class="twitter"></span></a>
</div>
<div class="shareabout_desc disclaimer">
<h3>About Social Media Sharing</h3>
<p>DBS welcomes and encourages the sharing of content, ideas, and stories on social media sites. Links to share DBS content on third-party organisations&rsquo; platforms are provided as a service to its readers/followers but should not be considered an endorsement of a site, product, or service. Linked websites are not under the control of DBS and DBS is not responsible for the privacy or security on social media sites and other third-party sites that may be linked to social media sites. It is the responsibility of the user to determine the accuracy, currency, reliability, and correctness of external websites and platforms.</p>
<a href="#"><img class="pull-left close_icon" src="/in/iwov-resources/aics/images/icon-close.gif"></a>
</div>
<input type="hidden" class="twitter_share_url" value="https://twitter.com/intent/tweet">
</div><script type="text/javascript">
		
	
		var mailsubject = 'Interesting Article';
	
	
	</script>
</div></div></div><div class=" span4"><div class=" sidebar push-topright clearfix"><div class=""><div class=""><div class=""><div id="article-buttons">
<script type="text/javascript">
           
     
		var loggedin;
		$(document).ready(function(){
				var requrl=window.location.href;
				//var param= window.location.search;
				var loadUrl;
				var isPersonal ="false";
				if(requrl.indexOf("/personal/") !=-1){
					isPersonal ="true";
				}
				else if(requrl.indexOf("/personal-sc/") !=-1){
					isPersonal ="true";
				}	
				else if(requrl.indexOf("/personal-id/") !=-1){
					isPersonal ="true";
				}				
				else if(requrl.indexOf("/personal-zh/") !=-1){
					isPersonal ="true";
				}
				else if(requrl.indexOf("dbs.com/aics") !=-1){
					isPersonal ="true";
				}
				else{
					isPersonal ="false";
				}
             	if (requrl.indexOf("/in/") !=-1) {
					loadUrl = "/in"+"/personal/aics/GenericArticle/1436677864440.ajax";
				}else if(requrl.indexOf("/id/") !=-1){
					loadUrl = "/id"+"/personal/aics/GenericArticle/1436677864440.ajax";
				}else{
					loadUrl = "/personal/aics/GenericArticle/1436677864440.ajax";
				}
				//var queryParam=param.split('=');
                var dcrPath=requrl.substring(requrl.indexOf('templatedata'));
                 var Dcrpath=dcrPath.split('&');
				dcrPath=Dcrpath[0];
                $.ajax({
                     type: 'POST',
                     url: loadUrl,
                     cache:false,
                     async:true,
                     dataType : 'html',
                     data: {dcrPath:dcrPath},
					                     
                           success: function(data) {
								//alert("toggling");
								var $xml=$($.parseXML(data));
								//alert("xml "+$xml);
								if($xml.find("LOGGEDIN").length){
										$xml.find("LOGGEDIN").each( function(){
										loggedin=$(this).text();
										//alert("LOGGEDIN "+$(this).text());

										if(loggedin==='Yes'){
											//alert("readLater");
											$('#readlater').show();
											$('#subscribeli').hide();
										}else{
											//alert("subscribe");
											$('#readlater').hide();
											$('#subscribeli').show();
										}
										if(isPersonal=='true'){
												$('#readlater').hide();
												$('#subscribeli').hide();									
										}
									});
								}else{
									$xml.find("loggedin").each( function(){
										loggedin=$(this).text();
										//alert("loggedin "+$(this).text());

										if(loggedin==='Yes'){
											//alert("readLater");
											$('#readlater').show();
											$('#subscribeli').hide();
										}else{
											//alert("subscribe");
											$('#readlater').hide();
											$('#subscribeli').show();
										}
										if(isPersonal=='true'){
												$('#readlater').hide();
												$('#subscribeli').hide();									
										}
									});
								}
                           },
                     error: function(XMLHttpRequest,textStatus,errorThrown) {
                           //alert("error while loading the page");
                     },
                           complete: function(XMLHttpRequest, status) {
                     }
                });
				});
	
				
           
           </script>
<ul>
<li class="box-red" id="downloadLink">
<a target="_self" href="#">Download PDF<i class="icon18-darrow icon18"></i></a>
</li>
<li class="box-red">
<a onclick="this.href = this.href.replace('[sub]',sharePage())" href="mailto:?subject=Interesting Article&amp;body=[sub]">Share page<i class="icon18-darrow icon18"></i></a>
</li>
</ul>
<script charset="utf-8" type="text/javascript">
					  
                       $(document).ready(function() {
                           $("#downloadLink").click(function(){
								var requrl=window.location.href;
								var selPDF;
							    var selValue='/content/article/pdf/CIO/CIOLetter1Q2017.pdf'
									  if (requrl.indexOf("/in/") !=-1) {
										selPDF = "/in"+'/personal/aics/pdfController.page?pdfpath='+selValue;
									}else if(requrl.indexOf("/id/") !=-1){
										selPDF = "/id"+'/personal/aics/pdfController.page?pdfpath='+selValue;
									}else{
										selPDF = '/personal/aics/pdfController.page?pdfpath='+selValue;
									}
									/* The below link has been commented as the download PDF was not working.
									   This below line exists in the repository but in available in the xsl in the liveruntime.
									   If this is to be enabled later, proper impact analysis to be done including the GROUP site.	
									*/
									//downloadClick($('.article-summary h1').text());
									
                                 window.location.href=selPDF;
                           });
						   
						   $("#ePublication").click(function(){
								var requrl=window.location.href;
								var epubl;
							        if (requrl.indexOf("/in/") !=-1) {
										epubl = "/in"+'null';
									}else if(requrl.indexOf("/id/") !=-1){
										epubl = "/id"+'null';
									}else{
										epubl = 'null';
									}
                                 var win = window.open(epubl,"_blank");
								 win.focus();
								 
                           });
                        });
                       
					</script><script charset="utf-8" type="text/javascript">
					  
                       $(document).ready(function() {
                           $("#subscribeli").click(function(){
                                var requrl=window.location.href;
								var loadUrl;
								if (requrl.indexOf("/in/") !=-1) {
									loadUrl = "/in"+'/personal/aics/EquityArticle.page'
								}else if(requrl.indexOf("/id/") !=-1){
									loadUrl = "/id"+'/personal/aics/EquityArticle.page'
								}else{
									loadUrl = '/personal/aics/EquityArticle.page'
								}
								document.getElementById("subscribe").href=loadUrl; 
							
                           });
                        });
                       
					</script>
</div><div style="display:none">
<div id="restricted-content">
<div class="promotion-module col1-module clearfix">
<div class="modal-header">
<button type="button" class="close" id="cboClosebtn" data-dissmiss="modal" aria-hidden="true"><span class="btn-panel-close"></span></button>
<h3>Done!</h3>
</div>
<script>
					$("#cboClosebtn").click(function(){
						$.colorbox.close();
					});
				</script>
<div class="modal-body">
<div class="cm-content">
<p class="intro-text">This article has been added to your Reading List</p>
</div>
</div>
</div>
</div>
</div><script type="text/javascript">
		
		$(document).ready(function(){
			
			$('#readlater').on("click",onReadLater);
			
		});
		
		function onReadLater(){
		
			var param= window.location.search;
			var requrl=window.location.href;
			var loadUrl;
			if (requrl.indexOf("/in/") !=-1) {
				loadUrl = "/in"+"/personal/aics/GenericArticle/1436677864440.ajax";
			}else if(requrl.indexOf("/id/") !=-1){
				loadUrl = "/id"+"/personal/aics/GenericArticle/1436677864440.ajax";
			}else{
				loadUrl = "/personal/aics/GenericArticle/1436677864440.ajax";
			}
			var action = "addToReadItLater";
			var queryParam=param.split('=');
            var dcrPath=queryParam[1];
			$.ajax({
				type: 'POST',
				url: loadUrl,
				cache:false,
				async:true,
				dataType : 'html',
				data: {dcrPath:dcrPath,action:action},
				
					success: function(data) {
						var popupwidth="560px";
						if ($(window).width()<600){
							//if screensize smaller than 560 then stretch according to screen
							popupwidth = ($(window).width() -40).toString()+"px";
						}
						$.colorbox({width:popupwidth, inline:true, href:"#restricted-content"});
						$('#cboxOverlay').show();
						$('#readlater').hide();
						$('#submit').on("click",function(){
							$('#cboxOverlay').hide();
							$('#colorbox').hide();
							
						});
					},
				error: function(XMLHttpRequest,textStatus,errorThrown) {
					alert("error while loading the page");
				},
					complete: function(XMLHttpRequest, status) {
				}
			});
		}

		
		</script><script type="text/javascript">
                                       
                           function sharePage(){
							   var url = window.location.href.toString();
							   //var loc = url.split("templatedata");
							   //var cut = loc[0].substring(loc[0].lastIndexOf("/")+1,loc[0].lastIndexOf("=")+1);
							   //var urltest = url.replace(cut,"");
							   //return urltest;
							   return url;
                           }
                     
              </script>

<div class="col1-module promotion-module clearfix">
<h2>Related Insights</h2>
<div class="cm-content article">
<ul>
<li>
<h3>
<a class="black" href="/personal/aics/templatedata/article/generic/data/en/CIO/012017/170116gequities.xml">US Equities Advance</a>
</h3>
<p>
<span class="date">January 16, 2017</span>
</p>
</li>
<li>
<h3>
<a class="black" href="/personal/aics/templatedata/article/generic/data/en/CIO/012017/170113gequities.xml">Wall St Finishes Lower</a>
</h3>
<p>
<span class="date">January 13, 2017</span>
</p>
</li>
<li>
<h3>
<a class="black" href="/personal/aics/templatedata/article/generic/data/en/CIO/012017/170113currencies.xml">Dollar Spot Index falls</a>
</h3>
<p>
<span class="date">January 13, 2017</span>
</p>
</li>
</ul>
<a href="#" id="relatedArt" class="read-more pull-right">View All<i class="icon18-rarrow icon18-red"></i></a><script charset="utf-8" type="text/javascript">
								  
								   $(document).ready(function() {
									   $("#relatedArt").click(function(){
											var requrl=window.location.href;
											var catVal='Markets';
											var subcat='trump,outlook,US,China,global,Japan,Europe,Asia,economy,markets,equities,bonds,currencies,commodities,oil,energy,copper,aluminium,UK,brexit,GBP,pound,sterling,USD,greenback,dollar,euro,EUR,JPY,yen,ECB,BOJ,FederalReserve,inflation,interestrates,hike,stimulus,Keynesianism,quantitativeeasing';
											var caturl;
											  if (requrl.indexOf("/in/") !=-1) {
													caturl = "/in"+'/personal/aics/search.page?ct='+catVal+'&search='+subcat;
												}else if(requrl.indexOf("/id/") !=-1){
													caturl = "/id"+'/personal/aics/search.page?ct='+catVal+'&search='+subcat;
												}else{
													caturl = '/personal/aics/search.page?ct='+catVal+'&search='+subcat;
												}
											 window.location.href=caturl;
									   });
									});
								   
						</script>
</div>
</div>
</div></div></div></div></div></div><div class=" row-fluid"><div class=""><div class="section-module article">
<div class="row-fluid">
<div class="span10">
<div class="disclaimer">
<div class="expand-section">
<h4>Disclaimers and Important Notices</h4><p>The information published by DBS Bank Ltd. (company registration no.: 196800306E) (&ldquo;<strong>DBS</strong>&rdquo;) is for information only. &nbsp;It is based on information or opinions obtained from sources believed to be reliable (but which have not been independently verified by DBS, its related companies and affiliates (&ldquo;<strong>DBS Group</strong>&rdquo;)) and to the maximum extent permitted by law, DBS Group does not make any representation or warranty (express or implied) as to its accuracy, completeness, timeliness or correctness for any particular purpose. &nbsp;Opinions and estimates are subject to change without notice. &nbsp;The publication and distribution of the information does not constitute nor does it imply any form of endorsement by DBS Group of any person, entity, services or products described or appearing in the information.&nbsp; Any past performance, projection, forecast or simulation of results is not necessarily indicative of the future or likely performance of any investment or securities.&nbsp; Foreign exchange transactions involve risks. &nbsp;You should note that fluctuations in foreign exchange rates may result in losses.&nbsp; You may wish to seek your own independent financial, tax, or legal advice or make such independent investigations as you consider necessary or appropriate.</p>
<p>&nbsp;</p>
<p>The information published is not and does not constitute or form part of any offer, recommendation, invitation or solicitation to subscribe to or to enter into any transaction; nor is it calculated to invite, nor does it permit the making of offers to the public to subscribe to or enter into any transaction in any jurisdiction or country in which such offer, recommendation, invitation or solicitation is not authorised or to any person to whom it is unlawful to make such offer, recommendation, invitation or solicitation or where such offer, recommendation, invitation or solicitation would be contrary to law or regulation or which would subject DBS Group to any registration requirement within such jurisdiction or country, and should not be viewed as such.&nbsp; Without prejudice to the generality of the foregoing, the information, services or products described or appearing in the information are not specifically intended for or specifically targeted at the public in any specific jurisdiction.</p>
<p>&nbsp;</p>
<p>The information is the property of DBS and is protected by applicable intellectual property laws. No reproduction, transmission, sale, distribution, publication, broadcast, circulation, modification, dissemination, or commercial exploitation such information in any manner (including electronic, print or other media now known or hereafter developed) is permitted.</p>
<p>&nbsp;</p>
<p>DBS Group and its respective directors, officers and/or employees may have positions or other interests in, and may effect transactions in securities mentioned and may also perform or seek to perform broking, investment banking and other banking or financial services to any persons or entities mentioned.</p>
<p>&nbsp;</p>
<p>To the maximum extent permitted by law, DBS Group accepts no liability for any losses or damages (including direct, special, indirect, consequential, incidental or loss of profits) of any kind arising from or in connection with any reliance and/or use of the information (including any error, omission or misstatement, negligent or otherwise) or further communication, even if DBS Group has been advised of the possibility thereof. &nbsp;</p>
<p>&nbsp;</p>
<p>The information is not intended for distribution to, or use by, any person or entity in any jurisdiction or country where such distribution or use would be contrary to law or regulation. &nbsp;The information is distributed (a) in Singapore, by DBS Bank Ltd.; (b) in China, by DBS Bank (China) Ltd; (c) in Hong Kong, by DBS Bank (Hong Kong) Limited; (d) in Taiwan, by DBS Bank (Taiwan) Ltd; (e) in Indonesia, by PT DBS Indonesia; and (f) in India, by DBS Bank Ltd, Mumbai Branch.</p><div class="hidden"></div>
</div>
<div class="expand clearfix"></div>
<div class="clear"></div>
</div>
</div>
<div class="span2 hidden-phone"></div>
<script type="text/javascript">
			
				$(document).ready(function($) {
					var expandTxt = 'Expand me';
					var closeTxt = 'Close';
					var slideHeight = 125;
					var $this = $(this);
					var $wrap = $this.find(".disclaimer .expand-section");
					var defHeight = $wrap.height();
					if (defHeight >= slideHeight){
						var $readMore = $this.find(".disclaimer .expand");
						$wrap.css("height", slideHeight + "px");
						$readMore.append("<a href='#'>"+expandTxt+"<img src='/in/iwov-resources/aics/images/icon-expand.gif' class='pull-left'></a>");
						$readMore.children("a").bind("click", function(event) {
							var curHeight = $wrap.height();
							if (curHeight == slideHeight) {
									$wrap.animate({height: defHeight}, "normal");
									$(this).text(closeTxt).append("<img src='/in/iwov-resources/aics/images/icon-close.gif' class='pull-left'>");
									$wrap.children(".hidden").fadeOut();
									} else {$wrap.animate({height: slideHeight}, "normal");
									$(this).text(expandTxt).append("<img src='/in/iwov-resources/aics/images/icon-expand.gif' class='pull-left'>");
									$wrap.children(".hidden").fadeIn();
							}
							return false;
						});
					} else {
						var $readMore = $this.find(".disclaimer .expand");
						$wrap.css("height", slideHeight + "px");						
					}
				}); 
			
			</script>
<div class="hidden">
<h3 class="printer_disclaimer_head">Disclaimers and Important Notices</h3>
<div class="printer_disclaimer_text"><p>The information published by DBS Bank Ltd. (company registration no.: 196800306E) (&ldquo;<strong>DBS</strong>&rdquo;) is for information only. &nbsp;It is based on information or opinions obtained from sources believed to be reliable (but which have not been independently verified by DBS, its related companies and affiliates (&ldquo;<strong>DBS Group</strong>&rdquo;)) and to the maximum extent permitted by law, DBS Group does not make any representation or warranty (express or implied) as to its accuracy, completeness, timeliness or correctness for any particular purpose. &nbsp;Opinions and estimates are subject to change without notice. &nbsp;The publication and distribution of the information does not constitute nor does it imply any form of endorsement by DBS Group of any person, entity, services or products described or appearing in the information.&nbsp; Any past performance, projection, forecast or simulation of results is not necessarily indicative of the future or likely performance of any investment or securities.&nbsp; Foreign exchange transactions involve risks. &nbsp;You should note that fluctuations in foreign exchange rates may result in losses.&nbsp; You may wish to seek your own independent financial, tax, or legal advice or make such independent investigations as you consider necessary or appropriate.</p>
<p>&nbsp;</p>
<p>The information published is not and does not constitute or form part of any offer, recommendation, invitation or solicitation to subscribe to or to enter into any transaction; nor is it calculated to invite, nor does it permit the making of offers to the public to subscribe to or enter into any transaction in any jurisdiction or country in which such offer, recommendation, invitation or solicitation is not authorised or to any person to whom it is unlawful to make such offer, recommendation, invitation or solicitation or where such offer, recommendation, invitation or solicitation would be contrary to law or regulation or which would subject DBS Group to any registration requirement within such jurisdiction or country, and should not be viewed as such.&nbsp; Without prejudice to the generality of the foregoing, the information, services or products described or appearing in the information are not specifically intended for or specifically targeted at the public in any specific jurisdiction.</p>
<p>&nbsp;</p>
<p>The information is the property of DBS and is protected by applicable intellectual property laws. No reproduction, transmission, sale, distribution, publication, broadcast, circulation, modification, dissemination, or commercial exploitation such information in any manner (including electronic, print or other media now known or hereafter developed) is permitted.</p>
<p>&nbsp;</p>
<p>DBS Group and its respective directors, officers and/or employees may have positions or other interests in, and may effect transactions in securities mentioned and may also perform or seek to perform broking, investment banking and other banking or financial services to any persons or entities mentioned.</p>
<p>&nbsp;</p>
<p>To the maximum extent permitted by law, DBS Group accepts no liability for any losses or damages (including direct, special, indirect, consequential, incidental or loss of profits) of any kind arising from or in connection with any reliance and/or use of the information (including any error, omission or misstatement, negligent or otherwise) or further communication, even if DBS Group has been advised of the possibility thereof. &nbsp;</p>
<p>&nbsp;</p>
<p>The information is not intended for distribution to, or use by, any person or entity in any jurisdiction or country where such distribution or use would be contrary to law or regulation. &nbsp;The information is distributed (a) in Singapore, by DBS Bank Ltd.; (b) in China, by DBS Bank (China) Ltd; (c) in Hong Kong, by DBS Bank (Hong Kong) Limited; (d) in Taiwan, by DBS Bank (Taiwan) Ltd; (e) in Indonesia, by PT DBS Indonesia; and (f) in India, by DBS Bank Ltd, Mumbai Branch.</p></div>
</div>
</div>
</div>
</div></div></div></div></div></div><div class=" row-fluid"><div class=" footer-span12 span12"><form id="footervarform" action="/personal/aics/GenericArticle.page?submit=true&componentID=1436677864448" method="post">
<input id="country" type="hidden" value="in"><input id="googleFooterLang" type="hidden" value="en"><input id="selectedCountry" type="hidden" value="in"><input id="googleLanguage" type="hidden" value="en">
</form><script src="/in/iwov-resources/scripts/web/footer-on-demand.js" type="text/javascript"></script><div class="page-module footer">
<div class="row-fluid">
<div class="span3 clearfix">
<div>Useful Links</div>
<ul class="square">
<li>
<a class="title" target="_self" href="/in/personal/banking-forms.page">Banking Forms</a>
</li>
<li>
<a class="title" target="_blank" href="/in/iwov-resources/pdf/Common/cheque-collection-policy.pdf">Cheque Collection Policy</a>
</li>
<li>
<a class="title" target="_blank" href="/in/iwov-resources/pdf/Common/commissionstructure.pdf">Commission Structure for MF/LI/GI Products</a>
</li>
<li>
<a class="title" target="_blank" href="/in/iwov-resources/pdf/related-links/compensation-policy.pdf">Compensation Policy</a>
</li>
<li>
<a class="title" target="_blank" href="/in/iwov-resources/docs/research/disclaimer-asian-insights_v2.pdf">Disclaimer & Important Notice for Research</a>
</li>
<li>
<a class="title" target="_self" href="/in/personal/common/interest-rates.page">Interest Rates</a>
</li>
<li>
<a class="title" target="_blank" href="/in/iwov-resources/pdf/related-links/dbs-mutualfundtariff.pdf">Mutual Funds Svc Charges & Fees</a>
</li>
<li>
<a class="title" target="_self" href="/in/personal/dbs-related-links.page">Related Links</a>
</li>
<li>
<a class="title" target="_self" href="/in/personal/rtgs-neft-customer-facilitation-centrer.page">RTGS/NEFT Facilitation centre</a>
</li>
<li>
<a class="title" target="_blank" href="/in/iwov-resources/pdf/related-links/tariff-schedule-070610.pdf">Savings Acct Svc Charges & Fees</a>
</li>
<li>
<a class="title" target="_blank" href="http://www.dbs.com/corporate-citizenship/default.page">Social Good</a>
</li>
</ul>
<div class="back-to-top">
<div class="icn-back-to-top"></div>
<div class="label-back-to-top">back to top</div>
</div>
</div>
<div class="span3 ">
<div>Contact Us</div>
<ul class="square">
<li>
<a class="title" target="_self" href="#">Contact us 1800 103 9897</a>
</li>
<li>
<a class="title" target="_self" href="#">For Int'l +91 44 6685 4555</a>
</li>
<li>
<a class="title" target="_blank" href="http://preview1-dbs-in.sgp.dbs.com/in/personal/survey/pweb-questionnaire.page">Feedback</a>
</li>
</ul>
</div>
<div id="footer-rightSection" class="span3">
<div>
</div>
<ul class="square"></ul>
</div>
<div id="manageYourProfile" class="span3"></div>
<div class="offset3 span3 block-4">
<div><strong>Talk to a DBS Expert</strong>
<h3>1800 209 4555</h3>
<strong>Or have someone <a href="/in/personal/dbs-forms/contact-me-wealth.page" target="_blank">contact you</a></strong></div>
<br>
<div>Find a branch near you</div>
<div class="input-append">
<input id="geocodeInputFooter" type="text" placeholder=""><button target="_blank" id="goBranchfinder" class="btn btn-info" type="button" href="http://www.dbs.com/in/index/locator.page"><span class="icn-map-marker"></span></button></input>
</div>
</br>
</div>
</div>
</div>
<div class="page-module transparent global-footer">
<div class="row-fluid">
<div id="footer-content" class="span12 clearfix">
<div class="left-section">
<ul>
<li>
<a href="/in/personal/terms-and-conditions.page" target="_self">Terms & Conditions</a><span>|</span>
</li>
<li>
<a href="/in/personal/privacy-policy.page " target="_self">Privacy Policy</a><span>|</span>
</li>
<li>©2015 DBS Bank Ltd<span>|</span>
</li>
<li>Co. Reg. No. 196800306E</li>
</ul>
</div>
<div class="right-section">
<ul>
<li>
<a class="icn-youtube" href="https://www.youtube.com/user/DBSbankIndiaOfficial" target="_blank"></a>
</li>
<li>
<a class="icn-linked-in" href="https://www.linkedin.com/company/dbs-bank" target="_blank"></a>
</li>
<li>
<a class="icn-facebook" href="http://www.facebook.com/dbs.in" target="_blank"></a>
</li>
</ul>
<div class="title">Social Media</div>
</div>
<!-- Google Tag Manager -->
<noscript><iframe src="//www.googletagmanager.com/ns.html?id=GTM-55Q4BX"
height="0" width="0" style="display:none;visibility:hidden"></iframe></noscript>
<script>(function(w,d,s,l,i){w[l]=w[l]||[];w[l].push({'gtm.start':
new Date().getTime(),event:'gtm.js'});var f=d.getElementsByTagName(s)[0],
j=d.createElement(s),dl=l!='dataLayer'?'&l='+l:'';j.async=true;j.src=
'//www.googletagmanager.com/gtm.js?id='+i+dl;f.parentNode.insertBefore(j,f);
})(window,document,'script','dataLayer','GTM-55Q4BX');</script>
<!-- End Google Tag Manager -->



<!-- SiteCatalyst code version: H.13.

Copyright 1997-2007 Omniture, Inc. More info available at http://www.omniture.com [1] -->

<script src="/in/iwov-resources/js/s_code.js" 
language="JavaScript"></script>
<script src="/in/iwov-resources/js/site-catalyst.js"  language="JavaScript"></script>

<script language="JavaScript">

<!--

/* You may give each page an identifying name, server, and channel on

the next lines. */

s.pageName=""

s.server=""

s.channel=""

s.pageType=""

s.prop1=""

s.prop2=""

s.prop3=""

s.prop4=""

s.prop5=""

/* Conversion Variables */

s.campaign=""

s.state=""

s.zip=""

s.events=""

s.products=""

s.purchaseID=""

s.eVar1=""

s.eVar2=""

s.eVar3=""

s.eVar4=""

s.eVar5=""
s.eVar8=""
/* Hierarchy Variables */

s.hier1=""

/*********X6 Country SiteCatalyst Code Start here*********/
/********* Tab content and Article tracking sCode variable*********/
s.prop22=""
s.prop28=""
/*********Search Result Component Tracking*********/
s.prop23=""
if($("#scprop23").length > 0 && $("#scprop23").text().trim() != "")
{
	var prop23var = $("#scprop23").text().trim();
	prop23var = prop23var.substring(prop23var.indexOf("=") + 1);
	s.prop23=prop23var
}
/*********Product info Component Tabs*********/
		var urlPathName = window.location.pathname;
		var level_name = urlPathName.match(/\/((\w+\-*\_*\w*\-*\_*\w*\-*\_*\w*))\/((\w+\-*\_*\w*\-*\_*\w*\-*\_*\w*)).page/);
		if(level_name != null)
		{				
			level_name = level_name[1];
			var tab_var_productInfo = $(".sub-nav-ul.productInfo li.active").text();
			if(tab_var_productInfo != "")
			{
				s.prop22=level_name + "|" + tab_var_productInfo
			}
		}
/*********Tabbed Content Component Tabs &  Article browser component Tabs*********/
		if($(".tabbed-content .tabbed-nav.tabs li.active").text() != "")
		{
			
			var TabbedContentActive = $(".tabbed-content .tabbed-nav.tabs li.active:first").text();
			if($(".article-browser .tabbed-nav.article li.active").text() != "")
			{
			  var articleTabbedContent = $(".article-browser .tabbed-nav.article li.active:first").text();
			  s.prop22 = TabbedContentActive + ":" +  articleTabbedContent
			}else{
			  s.prop22 = TabbedContentActive
			}
		}else if($(".article-browser .tabbed-nav.article li.active:first").text() != "")
		{
			  
			  var articleTabbed = $(".article-browser .tabbed-nav.article li.active:first").text();
			  s.prop22 = articleTabbed
		}
		
/*********Article Discovery Block Component Tabs*********/
	if($('.article-discovery-block .article li.active').data('category') != null)
    {
		var urlPathName = window.location.pathname;		
		var level_name = urlPathName.match(/\/((\w+\-*\_*\w*\-*\_*\w*\-*\_*\w*))\/((\w+\-*\_*\w*\-*\_*\w*\-*\_*\w*)).page/);
		if(level_name != null)
		{				
			level_name = level_name[1];
			var activeTabbedContent = $('.article-discovery-block .tabbed-nav.article li.active:first').text();
			s.prop22=level_name + "|" + activeTabbedContent
		}
	}

/*********Article detail page - ArticleSummary component*********/
if($(".article-summary").length > 0)
{
   	var urlHref = window.location.href;
	var urlPathName = window.location.pathname;
    var country_Name = "";
    var segment_Name = "";
	var country_segment_other = urlHref.match(/\.com\.((\w+))\/((\w+\-*\_*\w*\-*\_*\w*\-*\_*\w*))\//);
	if( country_segment_other != null && country_segment_other != "")
	{
		country_Name = country_segment_other[1];
		segment_Name = country_segment_other[3];
	//For IN & ID country
	}else{ 
		var country_segment = urlPathName.match(/^\/((\w+))\/((\w+\-*\_*\w*\-*\_*\w*\-*\_*\w*))\//);
		if( country_segment != null && country_segment != "")
		{	    
			country_Name = country_segment[1];
			segment_Name = country_segment[3];
		}
	}
	if(segment_Name.indexOf('treasures-private-client') != -1)
	{		
		segment_Name = 'tpc';
	}else if(segment_Name.indexOf('private-banking') != -1)
	{		
		segment_Name = 'private-bank';
	}else if(segment_Name.indexOf('personal') != -1)
	{		
		segment_Name = 'personal';
	}else if(segment_Name.indexOf('treasures') != -1)
	{		
		segment_Name = 'treasures';
	}
		
		s.prop28=country_Name+ ":" + segment_Name + ":"  + $('.article-summary h1').text()
}

/*********X6 Country SiteCatalyst Code End here*********/


/* Form Variables */
var urlPathName = window.location.pathname;

if(urlPathName.indexOf('dbs-forms/account-opening-wealth') > -1)
{
  s.eVar8 = 'in:personal:account opening form';
  s.events='event1';
} else if(urlPathName.indexOf('dbs-forms/contact-me-wealth') > -1)
{
  s.eVar8 = 'in:personal:contact me form';
  s.events='event1';
} else if(urlPathName.indexOf('dbs-forms/eappointment-wealth') > -1)
{
  s.eVar8 = 'in:personal:eappointment form';
  s.events='event1';
} 


/************* DO NOT ALTER ANYTHING BELOW THIS LINE ! **************/

var s_code=s.t();if(s_code)document.write(s_code)//-->

</script>

<script language="JavaScript">

<!--

if(navigator.appVersion.indexOf('MSIE')>=0)document.write(unescape('%3C')+'!-'+'-')

//-->

</script>

<noscript> <a href="http://www.omniture.com [1]" title="Web
Analytics"><img
src="http://dbs.112.2o7.net/b/ss/dbswebsitedev/1/H.13--NS/0 [3]"
height="1" width="1" border="0" alt="" /></a> </noscript></div>
</div>
</div>
<div></div>
</div></div></div></body><!--</html>-->