
	
		
	




	
		
	







<!DOCTYPE html>
<html lang="en" class="js-disabled">
<head>
	<script>
		document.documentElement.className = 'js-enabled';
		if (/^(Win32|Win64)$/.test(window.navigator.platform) === true) document.documentElement.className += ' platform-win';
	</script>

	<meta charset="utf-8"/>
	<meta http-equiv="X-UA-Compatible" content="IE=edge"/>
	<meta name="viewport" content="width=device-width, initial-scale=1">

	<title>ProjectWorld &amp; World Congress for Business Analysts Conference</title>

	
		
			<meta name="description" content=""/>
		
	

	<link rel="canonical" href="https://marketing.knect365.com/project-world/"/>

	<link rel="shortcut icon" href="/project-world/assets/shared/favicon-1286643968c758a441a6da14e17c3a6c.png" type="image/png"/>
	<link rel="apple-touch-icon" href="/project-world/assets/shared/favicon-1286643968c758a441a6da14e17c3a6c.png" type="image/png"/>

	<link rel="stylesheet" type="text/css" href="/project-world/assets/event-site/fonts-678832c169434b1c97ef9a190dd20d79.css">
	<link rel="stylesheet" type="text/css" href="/project-world/assets/event-site/all-b06fa89ec158d86596b3a847ffd8fbaa.css">

	
		<meta name="thumbnail" content="https://knect365.imgix.net/uploads/ProjectWorld---World-Congress-logo-COLOR-9bb37eb09ca8bfafa53182587759ee7d.png?w=370&h=80&fit=max&or=0&compress=true"/>
	

	
	

	
	
	

	
	
	


	
	
	

	
	
	
	

	

	


<style>
	#header .site-header-name,
	#header .site-header-location,
	.statistics-heading,
	.event-sponsors-showcase a,
	.event-sponsors.text .event-sponsor-name,
	.agenda-item-session-group-title > p,
	.agenda-item-data-more-actions > a,
	#agendaPopupDescription a,
	.no-js-customise-package a,
	.terms-and-conditions a,
	.privacy-policy a,
	.cookie-policy a,
	.contact-email,
	.popup-wrapper p a,
	.module-display-style-light-heading,
	.agenda-popup-speaker .agenda-item-speaker-role {
		color: #566369;
	}

	.testimonials,
	.module-display-style-brand,
	.footer-lower,
	.event-hero,
	.lead-generation,
	.event-sponsors.logos_and_text .event-sponsor-name,
	.agenda-desktop-sticky-bar,
	.site-section.primary,
	.speaker.even,
	.even > .speaker-image,
	.venue-section-content {
		background-color: #566369;
	}

	.speaker-page-section-heading,
	.sponsor-page-section-heading,
	.speaker-page-session-list > li,
	.sponsor-page-session-list > li,
	.event-sponsor {
		border-color: #566369;
	}

	.button:not(.button-text-only).secondary-button,
	input[type="button"]:not(.button-text-only).secondary-button,
	input[type="submit"]:not(.button-text-only).secondary-button,
	input[type="reset"]:not(.button-text-only).secondary-button {
		background-color: #617077;
	}

	.statistics-body {
		color: #3F494D;
	}

	.promoted-speakers-heading,
	.promoted-speakers .featured-text,
	.module-display-style-light-section .text-link,
	.event-sponsor-category-heading,
	.agenda-popup-body h3,
	.agenda-item-speaker-role,
	.new-speaker,
	.speaker-page-section-heading,
	.sponsor-page-section-heading,
	.speaker-page-carousel-text,
	.contact-type,
	.contact-links-list > li > a,
	.purchase-journey-step-indicator,
	.purchase-journey-step-heading,
	.purchase-journey-early-bird-discount,
	.pricing-option-section-heading,
	.pricing-option-item-more-details,
	.package-options-open-details,
	.basket-links a,
	.order-info-delegate-status,
	#copyBillingInformation,
	#skipInGoLogin,
	label > a,
	.basket-links li + li::before,
	.button-text-only,
	input[type="button"].button-text-only,
	input[type="submit"].button-text-only,
	input[type="reset"].button-text-only {
		color: #333C40;
	}

	.footer-upper,
	.site-header-nav,
	#mobileNavOpen,
	.list-checkbox-custom input:checked + label::before,
	.list-checkbox-custom input:checked + .label-container label::before,
	.agenda-keynote-sessions,
	.popup-header,
	.site-section.secondary,
	.new-speaker:hover,
	.speaker,
	.speaker-image,
	.speaker-page-mobile-carousel,
	.page-upper,
	.speaker-page-header,
	hr,
	.purchase-closed {
		background-color: #333C40;
	}

	.testimonial,
	.testimonial-cite,
	.testimonial-quote,
	.list-checkbox-custom > li > label::before,
	.list-checkbox-custom > li > .label-container label::before,
	.purchase-journey-event-package,
	.pricing-option-section-heading,
	.pricing-option-item-options,
	.basket-tickets,
	.basket-ticket {
		border-color: #333C40;
	}

	.event-sponsors-showcase-heading {
		color: #1C2124;
	}

	.module-display-style-dark,
	.module-display-style-dark-section,
	.agenda-day-selectors,
	.speaker-page-footer,
	.sponsor-page-footer,
	.speaker-page-header::before {
		background-color: #1C2124;
	}

	@media (max-width: 767px) {
		#agendaDayMenuBtn::after {
			border-left-color: #333C40;
		}

		#agendaDayMenuBtn.is-open::after {
			border-right-color: #333C40;
		}

		.venue-section-content-bg {
			background-color: #566369;
		}
	}

	.mobile-menu-list > li + li {
		border-color: #1C2124;
	}

	.mobile-menu {
		background-color: #000000;
	}

	.speakers-page-upper-detail,
	.sponsors-page-upper-detail,
	.agenda-day-selector.selected,
	.module-display-style-dark p.featured-text a,
	.module-display-style-dark h5,
	.text-link,
	a.icon-small-arrow::after {
		color: #DE3350;
	}

	.related-event-carousel,
	.module-display-style-brand-section::before,
	.module-display-style-light-section::before,
	.module-display-style-light-section::after,
	.event-sponsors.logos_and_text .event-sponsor:hover .event-sponsor-name,
	.agenda-item-break:hover,
	.agenda-item-session:hover,
	button.purchase-journey-event-package:hover,
	.button:not(.button-text-only),
	input[type="button"]:not(.button-text-only),
	input[type="submit"]:not(.button-text-only),
	input[type="reset"]:not(.button-text-only) {
		background-color: #DE3350;
	}

	#applyDiscountPopup .list-checkbox-custom input:checked + label::before,
	#applyDiscountPopup .list-checkbox-custom input:checked + .label-container label::before,
	.purchase-journey-grey-page .list-checkbox-custom input:checked + label::before,
	.purchase-journey-grey-page .list-checkbox-custom input:checked + .label-container label::before {
		background-color: #333C40;
	}

	.related-event-section,
	.statistics-section,
	.event-sponsor:hover,
	.agenda-day-selector.selected > a,
	.mobile-menu-container > p {
		border-color: #DE3350;
	}

	#applyDiscountPopup .list-checkbox-custom input + label::before,
	#applyDiscountPopup .list-checkbox-custom input + .label-container label::before,
	.purchase-journey-grey-page .list-checkbox-custom input + label::before,
	.purchase-journey-grey-page .list-checkbox-custom input + .label-container label::before {
		border-color: #333C40;
	}

	.event-hero::before {
		background: -webkit-linear-gradient(bottom left, #333C40 0%, rgba(86, 99, 105, 0.2) 100%);
		background: linear-gradient(to top right, #333C40 0%, rgba(86, 99, 105, 0.2) 100%);
	}

	@media (max-width: 767px) {
		.event-hero::before {
			background: -webkit-linear-gradient(left, #333C40 0%, rgba(86, 99, 105, 0.2) 100%);
			background: linear-gradient(to right, #333C40 0%, rgba(86, 99, 105, 0.2) 100%);
		}
	}

	.module-display-style-brand {
		position: relative;
		color: #ffffff;
	}

	.module-display-style-brand-section {
		background-color: #3F494D;
	}

	.is-valid-colour {
		color: #47c94d;
	}

	.order-info-package-block.is-valid-border::before,
	.is-valid-border {
		border-color: #47c94d;
	}

	.is-valid-background {
		background-color: #e3ffe1;
	}

	.form-error,
	.show-invalid-as-errors .invalid {
		color: #c9474d;
	}

	.invalid-row input[type="text"],
	.invalid-row input[type="password"],
	.invalid-row input[type="email"] {
		border-color: #c9474d;
	}

	.invalid-row input[type="text"],
	.invalid-row input[type="password"],
	.invalid-row input[type="email"],
	.form-row-tabular.invalid-row,
	.invalid-row select {
		background-color: #ffe1e3;
	}

	input[type="text"]:focus,
	input[type="password"]:focus,
	input[type="email"]:focus,
	input[type="text"]:active,
	input[type="password"]:active,
	input[type="email"]:active,
	textarea:focus,
	textarea:active,
	select:focus,
	select:active,
	.form-row.focused {
		background-color: #F3B7C1;
	}

	/* Background colour secondary */
	.statistics {
		background-color: #333C40;
	}

		
		.statistics:before {
			background-image: url(/project-world/patterns/symbols/circular/pattern/04.svg);
			background-attachment: fixed;
		}
		

	.module-display-style-brand .cls-1 {
		fill: rgba(255, 255, 255, 0.15);
	}

	.module-display-style-brand .cls-2 {
		fill: rgba(255, 255, 255, 0.25);
	}

	.module-display-style-brand .cls-3 {
		fill: #DE3350 }

	/* SVG Fill styles */
	.cls-1 {
		fill: #566369
	}

	.cls-2 {
		fill: #333C40
	}

	.cls-3 {
		fill: #DE3350
	}
</style>

	
	
		<script type="text/javascript">
			window.NREUM||(NREUM={}),__nr_require=function(t,e,n){function r(n){if(!e[n]){var o=e[n]={exports:{}};t[n][0].call(o.exports,function(e){var o=t[n][1][e];return r(o||e)},o,o.exports)}return e[n].exports}if("function"==typeof __nr_require)return __nr_require;for(var o=0;o<n.length;o++)r(n[o]);return r}({1:[function(t,e,n){function r(t){try{s.console&&console.log(t)}catch(e){}}var o,i=t("ee"),a=t(15),s={};try{o=localStorage.getItem("__nr_flags").split(","),console&&"function"==typeof console.log&&(s.console=!0,o.indexOf("dev")!==-1&&(s.dev=!0),o.indexOf("nr_dev")!==-1&&(s.nrDev=!0))}catch(c){}s.nrDev&&i.on("internal-error",function(t){r(t.stack)}),s.dev&&i.on("fn-err",function(t,e,n){r(n.stack)}),s.dev&&(r("NR AGENT IN DEVELOPMENT MODE"),r("flags: "+a(s,function(t,e){return t}).join(", ")))},{}],2:[function(t,e,n){function r(t,e,n,r,o){try{d?d-=1:i("err",[o||new UncaughtException(t,e,n)])}catch(s){try{i("ierr",[s,(new Date).getTime(),!0])}catch(c){}}return"function"==typeof f&&f.apply(this,a(arguments))}function UncaughtException(t,e,n){this.message=t||"Uncaught error with no additional information",this.sourceURL=e,this.line=n}function o(t){i("err",[t,(new Date).getTime()])}var i=t("handle"),a=t(16),s=t("ee"),c=t("loader"),f=window.onerror,u=!1,d=0;c.features.err=!0,t(1),window.onerror=r;try{throw new Error}catch(l){"stack"in l&&(t(8),t(7),"addEventListener"in window&&t(5),c.xhrWrappable&&t(9),u=!0)}s.on("fn-start",function(t,e,n){u&&(d+=1)}),s.on("fn-err",function(t,e,n){u&&(this.thrown=!0,o(n))}),s.on("fn-end",function(){u&&!this.thrown&&d>0&&(d-=1)}),s.on("internal-error",function(t){i("ierr",[t,(new Date).getTime(),!0])})},{}],3:[function(t,e,n){t("loader").features.ins=!0},{}],4:[function(t,e,n){function r(t){}if(window.performance&&window.performance.timing&&window.performance.getEntriesByType){var o=t("ee"),i=t("handle"),a=t(8),s=t(7),c="learResourceTimings",f="addEventListener",u="resourcetimingbufferfull",d="bstResource",l="resource",p="-start",h="-end",m="fn"+p,w="fn"+h,v="bstTimer",y="pushState";t("loader").features.stn=!0,t(6);var g=NREUM.o.EV;o.on(m,function(t,e){var n=t[0];n instanceof g&&(this.bstStart=Date.now())}),o.on(w,function(t,e){var n=t[0];n instanceof g&&i("bst",[n,e,this.bstStart,Date.now()])}),a.on(m,function(t,e,n){this.bstStart=Date.now(),this.bstType=n}),a.on(w,function(t,e){i(v,[e,this.bstStart,Date.now(),this.bstType])}),s.on(m,function(){this.bstStart=Date.now()}),s.on(w,function(t,e){i(v,[e,this.bstStart,Date.now(),"requestAnimationFrame"])}),o.on(y+p,function(t){this.time=Date.now(),this.startPath=location.pathname+location.hash}),o.on(y+h,function(t){i("bstHist",[location.pathname+location.hash,this.startPath,this.time])}),f in window.performance&&(window.performance["c"+c]?window.performance[f](u,function(t){i(d,[window.performance.getEntriesByType(l)]),window.performance["c"+c]()},!1):window.performance[f]("webkit"+u,function(t){i(d,[window.performance.getEntriesByType(l)]),window.performance["webkitC"+c]()},!1)),document[f]("scroll",r,!1),document[f]("keypress",r,!1),document[f]("click",r,!1)}},{}],5:[function(t,e,n){function r(t){for(var e=t;e&&!e.hasOwnProperty(u);)e=Object.getPrototypeOf(e);e&&o(e)}function o(t){s.inPlace(t,[u,d],"-",i)}function i(t,e){return t[1]}var a=t("ee").get("events"),s=t(17)(a),c=t("gos"),f=XMLHttpRequest,u="addEventListener",d="removeEventListener";e.exports=a,"getPrototypeOf"in Object?(r(document),r(window),r(f.prototype)):f.prototype.hasOwnProperty(u)&&(o(window),o(f.prototype)),a.on(u+"-start",function(t,e){if(t[1]){var n=t[1];if("function"==typeof n){var r=c(n,"nr@wrapped",function(){return s(n,"fn-",null,n.name||"anonymous")});this.wrapped=t[1]=r}else"function"==typeof n.handleEvent&&s.inPlace(n,["handleEvent"],"fn-")}}),a.on(d+"-start",function(t){var e=this.wrapped;e&&(t[1]=e)})},{}],6:[function(t,e,n){var r=t("ee").get("history"),o=t(17)(r);e.exports=r,o.inPlace(window.history,["pushState","replaceState"],"-")},{}],7:[function(t,e,n){var r=t("ee").get("raf"),o=t(17)(r),i="equestAnimationFrame";e.exports=r,o.inPlace(window,["r"+i,"mozR"+i,"webkitR"+i,"msR"+i],"raf-"),r.on("raf-start",function(t){t[0]=o(t[0],"fn-")})},{}],8:[function(t,e,n){function r(t,e,n){t[0]=a(t[0],"fn-",null,n)}function o(t,e,n){this.method=n,this.timerDuration="number"==typeof t[1]?t[1]:0,t[0]=a(t[0],"fn-",this,n)}var i=t("ee").get("timer"),a=t(17)(i),s="setTimeout",c="setInterval",f="clearTimeout",u="-start",d="-";e.exports=i,a.inPlace(window,[s,"setImmediate"],s+d),a.inPlace(window,[c],c+d),a.inPlace(window,[f,"clearImmediate"],f+d),i.on(c+u,r),i.on(s+u,o)},{}],9:[function(t,e,n){function r(t,e){d.inPlace(e,["onreadystatechange"],"fn-",s)}function o(){var t=this,e=u.context(t);t.readyState>3&&!e.resolved&&(e.resolved=!0,u.emit("xhr-resolved",[],t)),d.inPlace(t,w,"fn-",s)}function i(t){v.push(t),h&&(g=-g,b.data=g)}function a(){for(var t=0;t<v.length;t++)r([],v[t]);v.length&&(v=[])}function s(t,e){return e}function c(t,e){for(var n in t)e[n]=t[n];return e}t(5);var f=t("ee"),u=f.get("xhr"),d=t(17)(u),l=NREUM.o,p=l.XHR,h=l.MO,m="readystatechange",w=["onload","onerror","onabort","onloadstart","onloadend","onprogress","ontimeout"],v=[];e.exports=u;var y=window.XMLHttpRequest=function(t){var e=new p(t);try{u.emit("new-xhr",[e],e),e.addEventListener(m,o,!1)}catch(n){try{u.emit("internal-error",[n])}catch(r){}}return e};if(c(p,y),y.prototype=p.prototype,d.inPlace(y.prototype,["open","send"],"-xhr-",s),u.on("send-xhr-start",function(t,e){r(t,e),i(e)}),u.on("open-xhr-start",r),h){var g=1,b=document.createTextNode(g);new h(a).observe(b,{characterData:!0})}else f.on("fn-end",function(t){t[0]&&t[0].type===m||a()})},{}],10:[function(t,e,n){function r(t){var e=this.params,n=this.metrics;if(!this.ended){this.ended=!0;for(var r=0;r<d;r++)t.removeEventListener(u[r],this.listener,!1);if(!e.aborted){if(n.duration=(new Date).getTime()-this.startTime,4===t.readyState){e.status=t.status;var i=o(t,this.lastSize);if(i&&(n.rxSize=i),this.sameOrigin){var a=t.getResponseHeader("X-NewRelic-App-Data");a&&(e.cat=a.split(", ").pop())}}else e.status=0;n.cbTime=this.cbTime,f.emit("xhr-done",[t],t),s("xhr",[e,n,this.startTime])}}}function o(t,e){var n=t.responseType;if("json"===n&&null!==e)return e;var r="arraybuffer"===n||"blob"===n||"json"===n?t.response:t.responseText;return h(r)}function i(t,e){var n=c(e),r=t.params;r.host=n.hostname+":"+n.port,r.pathname=n.pathname,t.sameOrigin=n.sameOrigin}var a=t("loader");if(a.xhrWrappable){var s=t("handle"),c=t(11),f=t("ee"),u=["load","error","abort","timeout"],d=u.length,l=t("id"),p=t(14),h=t(13),m=window.XMLHttpRequest;a.features.xhr=!0,t(9),f.on("new-xhr",function(t){var e=this;e.totalCbs=0,e.called=0,e.cbTime=0,e.end=r,e.ended=!1,e.xhrGuids={},e.lastSize=null,p&&(p>34||p<10)||window.opera||t.addEventListener("progress",function(t){e.lastSize=t.loaded},!1)}),f.on("open-xhr-start",function(t){this.params={method:t[0]},i(this,t[1]),this.metrics={}}),f.on("open-xhr-end",function(t,e){"loader_config"in NREUM&&"xpid"in NREUM.loader_config&&this.sameOrigin&&e.setRequestHeader("X-NewRelic-ID",NREUM.loader_config.xpid)}),f.on("send-xhr-start",function(t,e){var n=this.metrics,r=t[0],o=this;if(n&&r){var i=h(r);i&&(n.txSize=i)}this.startTime=(new Date).getTime(),this.listener=function(t){try{"abort"===t.type&&(o.params.aborted=!0),("load"!==t.type||o.called===o.totalCbs&&(o.onloadCalled||"function"!=typeof e.onload))&&o.end(e)}catch(n){try{f.emit("internal-error",[n])}catch(r){}}};for(var a=0;a<d;a++)e.addEventListener(u[a],this.listener,!1)}),f.on("xhr-cb-time",function(t,e,n){this.cbTime+=t,e?this.onloadCalled=!0:this.called+=1,this.called!==this.totalCbs||!this.onloadCalled&&"function"==typeof n.onload||this.end(n)}),f.on("xhr-load-added",function(t,e){var n=""+l(t)+!!e;this.xhrGuids&&!this.xhrGuids[n]&&(this.xhrGuids[n]=!0,this.totalCbs+=1)}),f.on("xhr-load-removed",function(t,e){var n=""+l(t)+!!e;this.xhrGuids&&this.xhrGuids[n]&&(delete this.xhrGuids[n],this.totalCbs-=1)}),f.on("addEventListener-end",function(t,e){e instanceof m&&"load"===t[0]&&f.emit("xhr-load-added",[t[1],t[2]],e)}),f.on("removeEventListener-end",function(t,e){e instanceof m&&"load"===t[0]&&f.emit("xhr-load-removed",[t[1],t[2]],e)}),f.on("fn-start",function(t,e,n){e instanceof m&&("onload"===n&&(this.onload=!0),("load"===(t[0]&&t[0].type)||this.onload)&&(this.xhrCbStart=(new Date).getTime()))}),f.on("fn-end",function(t,e){this.xhrCbStart&&f.emit("xhr-cb-time",[(new Date).getTime()-this.xhrCbStart,this.onload,e],e)})}},{}],11:[function(t,e,n){e.exports=function(t){var e=document.createElement("a"),n=window.location,r={};e.href=t,r.port=e.port;var o=e.href.split("://");!r.port&&o[1]&&(r.port=o[1].split("/")[0].split("@").pop().split(":")[1]),r.port&&"0"!==r.port||(r.port="https"===o[0]?"443":"80"),r.hostname=e.hostname||n.hostname,r.pathname=e.pathname,r.protocol=o[0],"/"!==r.pathname.charAt(0)&&(r.pathname="/"+r.pathname);var i=!e.protocol||":"===e.protocol||e.protocol===n.protocol,a=e.hostname===document.domain&&e.port===n.port;return r.sameOrigin=i&&(!e.hostname||a),r}},{}],12:[function(t,e,n){function r(){}function o(t,e,n){return function(){return i(t,[(new Date).getTime()].concat(s(arguments)),e?null:this,n),e?void 0:this}}var i=t("handle"),a=t(15),s=t(16),c=t("ee").get("tracer"),f=NREUM;"undefined"==typeof window.newrelic&&(newrelic=f);var u=["setPageViewName","setCustomAttribute","finished","addToTrace","inlineHit"],d="api-",l=d+"ixn-";a(u,function(t,e){f[e]=o(d+e,!0,"api")}),f.addPageAction=o(d+"addPageAction",!0),e.exports=newrelic,f.interaction=function(){return(new r).get()};var p=r.prototype={createTracer:function(t,e){var n={},r=this,o="function"==typeof e;return i(l+"tracer",[Date.now(),t,n],r),function(){if(c.emit((o?"":"no-")+"fn-start",[Date.now(),r,o],n),o)try{return e.apply(this,arguments)}finally{c.emit("fn-end",[Date.now()],n)}}}};a("setName,setAttribute,save,ignore,onEnd,getContext,end,get".split(","),function(t,e){p[e]=o(l+e)}),newrelic.noticeError=function(t){"string"==typeof t&&(t=new Error(t)),i("err",[t,(new Date).getTime()])}},{}],13:[function(t,e,n){e.exports=function(t){if("string"==typeof t&&t.length)return t.length;if("object"==typeof t){if("undefined"!=typeof ArrayBuffer&&t instanceof ArrayBuffer&&t.byteLength)return t.byteLength;if("undefined"!=typeof Blob&&t instanceof Blob&&t.size)return t.size;if(!("undefined"!=typeof FormData&&t instanceof FormData))try{return JSON.stringify(t).length}catch(e){return}}}},{}],14:[function(t,e,n){var r=0,o=navigator.userAgent.match(/Firefox[\/\s](\d+\.\d+)/);o&&(r=+o[1]),e.exports=r},{}],15:[function(t,e,n){function r(t,e){var n=[],r="",i=0;for(r in t)o.call(t,r)&&(n[i]=e(r,t[r]),i+=1);return n}var o=Object.prototype.hasOwnProperty;e.exports=r},{}],16:[function(t,e,n){function r(t,e,n){e||(e=0),"undefined"==typeof n&&(n=t?t.length:0);for(var r=-1,o=n-e||0,i=Array(o<0?0:o);++r<o;)i[r]=t[e+r];return i}e.exports=r},{}],17:[function(t,e,n){function r(t){return!(t&&"function"==typeof t&&t.apply&&!t[a])}var o=t("ee"),i=t(16),a="nr@original",s=Object.prototype.hasOwnProperty,c=!1;e.exports=function(t){function e(t,e,n,o){function nrWrapper(){var r,a,s,c;try{a=this,r=i(arguments),s="function"==typeof n?n(r,a):n||{}}catch(u){d([u,"",[r,a,o],s])}f(e+"start",[r,a,o],s);try{return c=t.apply(a,r)}catch(l){throw f(e+"err",[r,a,l],s),l}finally{f(e+"end",[r,a,c],s)}}return r(t)?t:(e||(e=""),nrWrapper[a]=t,u(t,nrWrapper),nrWrapper)}function n(t,n,o,i){o||(o="");var a,s,c,f="-"===o.charAt(0);for(c=0;c<n.length;c++)s=n[c],a=t[s],r(a)||(t[s]=e(a,f?s+o:o,i,s))}function f(e,n,r){if(!c){c=!0;try{t.emit(e,n,r)}catch(o){d([o,e,n,r])}c=!1}}function u(t,e){if(Object.defineProperty&&Object.keys)try{var n=Object.keys(t);return n.forEach(function(n){Object.defineProperty(e,n,{get:function(){return t[n]},set:function(e){return t[n]=e,e}})}),e}catch(r){d([r])}for(var o in t)s.call(t,o)&&(e[o]=t[o]);return e}function d(e){try{t.emit("internal-error",e)}catch(n){}}return t||(t=o),e.inPlace=n,e.flag=a,e}},{}],ee:[function(t,e,n){function r(){}function o(t){function e(t){return t&&t instanceof r?t:t?s(t,a,i):i()}function n(n,r,o){t&&t(n,r,o);for(var i=e(o),a=l(n),s=a.length,c=0;c<s;c++)a[c].apply(i,r);var u=f[w[n]];return u&&u.push([v,n,r,i]),i}function d(t,e){m[t]=l(t).concat(e)}function l(t){return m[t]||[]}function p(t){return u[t]=u[t]||o(n)}function h(t,e){c(t,function(t,n){e=e||"feature",w[n]=e,e in f||(f[e]=[])})}var m={},w={},v={on:d,emit:n,get:p,listeners:l,context:e,buffer:h};return v}function i(){return new r}var a="nr@context",s=t("gos"),c=t(15),f={},u={},d=e.exports=o();d.backlog=f},{}],gos:[function(t,e,n){function r(t,e,n){if(o.call(t,e))return t[e];var r=n();if(Object.defineProperty&&Object.keys)try{return Object.defineProperty(t,e,{value:r,writable:!0,enumerable:!1}),r}catch(i){}return t[e]=r,r}var o=Object.prototype.hasOwnProperty;e.exports=r},{}],handle:[function(t,e,n){function r(t,e,n,r){o.buffer([t],r),o.emit(t,e,n)}var o=t("ee").get("handle");e.exports=r,r.ee=o},{}],id:[function(t,e,n){function r(t){var e=typeof t;return!t||"object"!==e&&"function"!==e?-1:t===window?0:a(t,i,function(){return o++})}var o=1,i="nr@id",a=t("gos");e.exports=r},{}],loader:[function(t,e,n){function r(){if(!g++){var t=y.info=NREUM.info,e=u.getElementsByTagName("script")[0];if(t&&t.licenseKey&&t.applicationID&&e){c(w,function(e,n){t[e]||(t[e]=n)});var n="https"===m.split(":")[0]||t.sslForHttp;y.proto=n?"https://":"http://",s("mark",["onload",a()],null,"api");var r=u.createElement("script");r.src=y.proto+t.agent,e.parentNode.insertBefore(r,e)}}}function o(){"complete"===u.readyState&&i()}function i(){s("mark",["domContent",a()],null,"api")}function a(){return(new Date).getTime()}var s=t("handle"),c=t(15),f=window,u=f.document,d="addEventListener",l="attachEvent",p=f.XMLHttpRequest,h=p&&p.prototype;NREUM.o={ST:setTimeout,CT:clearTimeout,XHR:p,REQ:f.Request,EV:f.Event,PR:f.Promise,MO:f.MutationObserver},t(12);var m=""+location,w={beacon:"bam.nr-data.net",errorBeacon:"bam.nr-data.net",agent:"js-agent.newrelic.com/nr-963.min.js"},v=p&&h&&h[d]&&!/CriOS/.test(navigator.userAgent),y=e.exports={offset:a(),origin:m,features:{},xhrWrappable:v};u[d]?(u[d]("DOMContentLoaded",i,!1),f[d]("load",r,!1)):(u[l]("onreadystatechange",o),f[l]("onload",r)),s("mark",["firstbyte",a()],null,"api");var g=0},{}]},{},["loader",2,10,4,3]);
			;NREUM.info={beacon:"bam.nr-data.net",errorBeacon:"bam.nr-data.net",licenseKey:"9356bb51d6",applicationID:"28687830",sa:1}
		</script>
	



	<script>
			
			var informa = {
				
				site: {
					name: 'Informa Insights, Marketing & Innovation'
				},
				
				
				patterns: {
					"pattern": "/patterns/symbols/circular/pattern/04.svg",
					"supergraphic": "/patterns/symbols/circular/supergraphic/16.svg",
					"event01": "/patterns/verticals/marketing/circular/02.svg",
					"event02": "/patterns/verticals/marketing/circular/16.svg",
					"supporting": "/patterns/symbols/circular/supporting/14.svg"
				}
				
			};
	</script>
	<script src="/project-world/assets/event-site/libs-f5ad1c182154a641e70001d18ab5ee43.js"></script>
	<script src="/project-world/assets/event-site/all-9fb00f18063f9f10f1f20b714c993116.js"></script>
	
</head>

<body class="page-home">
	<script>
	dataLayer = [];

	
		
			dataLayer.push({'environment.name': 'prod'});
		
	

	
		dataLayer.push({
			'knnevent': {
				'path': 'project-world',
				'domain': 'marketing'
			}
		});

		
			
				dataLayer.push({"knnevent.name": "ProjectWorld & World Congress for Business Analysts"});
				dataLayer.push({"knnevent.daysToEventEnd": "null"});
				dataLayer.push({"knnevent.eventId": "64a476ce-74e6-4b0c-9cd3-b5e9cd8ebb12"});
			

			
				dataLayer.push({"knnevent.eventCode": "M2820"});
			
		

		
	
</script>




	
		<noscript>
			<iframe src="//www.googletagmanager.com/ns.html?id=GTM-MC8RFV" height="0" width="0" style="display:none;visibility:hidden"></iframe>
		</noscript>
		<script>
			(function (w, d, s, l, i) {
				w[l] = w[l] || [];
				w[l].push({'gtm.start': new Date().getTime(), event: 'gtm.js'});
				var f = d.getElementsByTagName(s)[0], j = d.createElement(s), dl = l != 'dataLayer' ? '&l=' + l : '';
				j.async = true;
				j.src = '//www.googletagmanager.com/gtm.js?id=' + i + dl;
				f.parentNode.insertBefore(j, f);
			})(window, document, 'script', 'dataLayer', 'GTM-MC8RFV');
		</script>
	


<script>
	var sendGaEvent = function (action) {
		return function () {
			var element = $(this);
			dataLayer.push({
				"event": "ga-event",
				"ga": {
					"event": {
						"category": element.data('ga-category'),
						"action": action,
						"label": element.data('ga-label'),
						"value": element.data('ga-value')
					}
				}
			});
		};
	};

	$(document)
			.on('click', 'a[data-ga-category], div[data-ga-category]', sendGaEvent("click"))
			.on('change', 'input[data-ga-category]', sendGaEvent("change"));

</script>


	<div id="iribbon-container">
	<div id="iribbon-wrapper">
		<div id="iribbon-detail">
			<div id="iribbon-left">
				
					<p>Informa Insights, Marketing &amp; Innovation is part of the Knowledge and Networking Division of Informa PLC</p>
				
				<ul>
					<li class="iribbon-mainlink"><a href="http://informa.com/" target="_blank">Informa PLC</a></li>
					<li><a href="http://informa.com/About-Us/" target="_blank">About us</a></li>
					<li><a href="http://informa.com/Investors/" target="_blank">Investor relations</a></li>
					<li><a href="http://informa.com/Talent/" target="_blank">Talent</a></li>
				</ul>
			</div>

			<div id="iribbon-right">
				<p>This site is operated by a business or businesses owned by Informa PLC and all copyright resides with them. Informa PLC's registered office is 5 Howick Place, London SW1P 1WG. Registered in England and Wales. Number 3099067.</p>
			</div>
		</div>
		<div id="iribbon-title">Informa</div>
	</div>
</div>


	
		
	
	<header id="header" class="site-header">

	
		<div class="container-fluid">

			
				
			

			<div class="row">
				<div class="col-sm-8">
					
						<h5 class="site-header-name">
							<a href="/project-world/">
								
									<img src="https://knect365.imgix.net/uploads/ProjectWorld---World-Congress-logo-COLOR-9bb37eb09ca8bfafa53182587759ee7d.png?w=370&h=80&fit=max&or=0&compress=true" alt="ProjectWorld &amp; World Congress for Business Analysts" class="brand-logo-size-3"/>
								
							</a>
						</h5>
					
				</div>

				
					
				
				<div class="col-sm-4 hidden-xs site-header-location align-right" itemprop="mainEntity" itemscope
					 itemtype="http://schema.org/Event">
					<meta itemprop="name" content="ProjectWorld &amp; World Congress for Business Analysts">
					<meta itemprop="startDate" content="">
					<meta itemprop="endDate" content="">
					<meta itemprop="url" content="https://marketing.knect365.com/project-world/">


					<div itemprop="location" itemscope itemtype="http://schema.org/Place">
						<meta itemprop="name" content=", "/>
						<meta itemprop="address" content=""/>
						<b> </b><br/>
						<span>
							
							
						</span>
					</div>
				</div>

			</div>
		</div>
	

	<div id="stickyHeaderNav">
		<div class="sticky-anchor"></div>
		<nav class="sticky-content site-header-nav">
			<ul class="header-nav-left list-plain list-inline visible-xs-block">
				<li id="mobileNavMenuOpen"><a class="header-nav-link" href="#">Menu</a></li>
			</ul>

			<ul class="list-plain list-inline header-nav-left hidden-xs">
	<li id=desktopNavHome><a class="header-nav-link" href="/project-world/"><span class="visible-xs-inline"><b>Home</b></span></a></li>

	
		
			
				
					
					
					<li id=desktopNavAgenda><a class="header-nav-link" href="/project-world/agenda"><b>What&#x27;s On?&nbsp;</b>Agenda</a></li>
				
			
				
					
					
					<li id=desktopNavSpeakers><a class="header-nav-link" href="/project-world/speakers"><b>Our&nbsp;</b>Speakers</a></li>
				
			
				
					
					
					<li id=desktopNavPlanYourVisit><a class="header-nav-link" href="/project-world/plan-your-visit"><b>Plan&nbsp;</b>Your Visit</a></li>
				
			
				
					
					
					<li id=desktopNavAttendees><a class="header-nav-link" href="/project-world/attendees"><b>Who&#x27;s Going?&nbsp;</b>Attendees</a></li>
				
			
				
					
					
					<li id=desktopNavMediaPartners><a class="header-nav-link" href="/project-world/media-partners"><b>Media&nbsp;</b>Partners</a></li>
				
			
				
					
					
					<li id=desktopNavContact><a class="header-nav-link" href="/project-world/contact"><b>Enquiries &amp;&nbsp;</b>Customer Services</a></li>
				
			
		
	

</ul>

			<ul class="header-nav-right list-plain list-inline">
	<li class="nav-cart-icon" id=sharedNavCart><a class="header-nav-link" href="/project-world/purchase/view-basket"><b
			class="ticket-count"></b></a></li>

	
		
			<li id=sharedNavPurchase class="hidden-custom-book"><a class="button non-cta-button buy-button" href="/project-world/purchase/select-package">Book Now</a></li>

		
		<li id=sharedSmallNavPurchase class="visible-custom-book"><a class="button non-cta-button buy-button" href="/project-world/purchase/select-package">Book</a></li>

	
</ul>

		</nav>
	</div>

	
	<div id="mobileNavOpen" style="display:none;">
		<nav class="site-header-nav">
			<ul class="header-nav-left list-plain list-inline visible-xs-block">
				<li id="mobileNavMenuClose"><a class="header-nav-link" href="#">Close</a></li>
			</ul>

			<ul class="header-nav-right list-plain list-inline">
	<li class="nav-cart-icon" id=mobileNavCart><a class="header-nav-link" href="/project-world/purchase/view-basket"><b
			class="ticket-count"></b></a></li>

	
		
		<li id=mobileSmallNavPurchase class="visible-custom-book"><a class="button non-cta-button buy-button" href="/project-world/purchase/select-package">Book</a></li>

	
</ul>

		</nav>

		<ul class="list-plain mobile-nav">
	<li id=mobileNavHome><a class="header-nav-link" href="/project-world/"><span class="visible-xs-inline"><b>Home</b></span></a></li>

	
		
			
				
					
					
					<li id=mobileNavAgenda><a class="header-nav-link" href="/project-world/agenda"><b>What&#x27;s On?&nbsp;</b>Agenda</a></li>
				
			
				
					
					
					<li id=mobileNavSpeakers><a class="header-nav-link" href="/project-world/speakers"><b>Our&nbsp;</b>Speakers</a></li>
				
			
				
					
					
					<li id=mobileNavPlanYourVisit><a class="header-nav-link" href="/project-world/plan-your-visit"><b>Plan&nbsp;</b>Your Visit</a></li>
				
			
				
					
					
					<li id=mobileNavAttendees><a class="header-nav-link" href="/project-world/attendees"><b>Who&#x27;s Going?&nbsp;</b>Attendees</a></li>
				
			
				
					
					
					<li id=mobileNavMediaPartners><a class="header-nav-link" href="/project-world/media-partners"><b>Media&nbsp;</b>Partners</a></li>
				
			
				
					
					
					<li id=mobileNavContact><a class="header-nav-link" href="/project-world/contact"><b>Enquiries &amp;&nbsp;</b>Customer Services</a></li>
				
			
		
	

</ul>

	</div>

</header>

<script>
	$(document).ready(function () {
		new StickyElement($('#stickyHeaderNav'));

		// Update cart icons (shared & mobile open menu)
		var $cartIcons = $('.nav-cart-icon');
		var $cartIconTextContainers = $cartIcons.find('b');
		var ticketCount = parseInt(docCookies.getItem('ticketCount'), 10);
		if (isNaN(ticketCount) || ticketCount === 0) {
			$cartIconTextContainers.text('');
			$cartIcons.css('display', 'none');
		} else if (ticketCount < 10) {
			$cartIconTextContainers.text(ticketCount);
			$cartIcons.css('display', 'inline-block')
		} else {
			$cartIconTextContainers.text('9+');
			$cartIcons.css('display', 'inline-block')
		}
	});
</script>

	
	<div id="eventHomeContent" class="non-fixed page-content">
		
			
				<div id="hero" class="event-hero site-section" 
	 style="background-image:url(https://knect365.imgix.net/uploads/ProjectWorld-hero-image-5-c9a9d90f4f2d9c9eaaa6aafdbe7a3216.jpg?w=1200&h=1200&fit=max&or=0&compress=true);">
	<div class="body-width">
		<div class="event-hero-image-container hidden-xs">
			
		</div>
		<div class="row">
			<div class="col-sm-7">
				
					<div class="event-hero-location">
						<p>
							<b> </b><br/>
							<span>
								
								
							</span>
						</p>
					</div>
				
				<h1 class="event-value-proposition">Deliver YOUR projects on time, under budget and within scope</h1>
				
					<div class="event-hero-subtitle">
						<h3>Elevate your skill set, deploy technical innovation and collaborate across functions at ProjectWorld</h3>
						
							<p>Earn up to 30 valuable PDU/CDUs towards your accreditation</p>
						
					</div>
				
			</div>
		</div>
		<div class="row">
			<div class="col-sm-12">
				<a class="button primary-button buy-button" href="/project-world/purchase/select-package">Book Now</a>
				<a class="button transparent-button" href="/project-world/agenda">See the full agenda</a>
			</div>
		</div>
	</div>
</div>
				
			
		

		
			
				
					
						<div id="visionary-keynotes" class="image-gallery site-section">
	<div class="row">
		
		
			
				
					<div class="col-sm-4 col-xs-12 gallery-item" style="background-image: url(https://knect365.imgix.net/uploads/Todd-Henry-thumb-aef6a1927daa0cc9e28a0ec7958e8583.jpg?w=1200&h=1200&fit=max&or=0&compress=true)">
	<img class="sr-only" src="https://knect365.imgix.net/uploads/Todd-Henry-thumb-aef6a1927daa0cc9e28a0ec7958e8583.jpg?w=400&h=400&fit=max&or=0&compress=true" alt="Todd Henry">
</div>
				
			
		
			
				
					<div class="col-sm-4 col-xs-12 gallery-item" style="background-image: url(https://knect365.imgix.net/uploads/Fredrick-Redd-thumbs-0ff068cf6a89b262c2ccea10718886b4.jpg?w=1200&h=1200&fit=max&or=0&compress=true)">
	<img class="sr-only" src="https://knect365.imgix.net/uploads/Fredrick-Redd-thumbs-0ff068cf6a89b262c2ccea10718886b4.jpg?w=400&h=400&fit=max&or=0&compress=true" alt="Fredrick Redd">
</div>
				
			
		
			
				
					<div class="col-sm-4 col-xs-12 gallery-item" style="background-image: url(https://knect365.imgix.net/uploads/Chuck-Millhollan-thumb-28b335e1a4f9bc62ab979a145e217c38.jpg?w=1200&h=1200&fit=max&or=0&compress=true)">
	<img class="sr-only" src="https://knect365.imgix.net/uploads/Chuck-Millhollan-thumb-28b335e1a4f9bc62ab979a145e217c38.jpg?w=400&h=400&fit=max&or=0&compress=true" alt="Chuck Millhollan">
</div>
				
			
		
	</div>
</div>
					
						



	<div id="gain-cutting-edge-insights-earn-a-full-year-of-pduscdus" class="module-display-style-brand site-section triple-col-content-section" data-pattern-path="/project-world/patterns/symbols/circular/supergraphic/16.svg">
		<div class="body-width">
			<div class="row">
				<div class="col-sm-6">
					<h2>
						
							Gain cutting edge insights &amp; earn a full year of PDUs / CDUs
						
					</h2>
					
				</div>
			</div>

			
	<div class="row">
		
			<div class="col-sm-4">
				<div class="module-display-style-brand-section triple-col-content-item">
					<h5 class="module-display-style-brand-heading">Project Managers explore how to:</h5>

					<div class="module-display-style-brand-body triple-col-content-item-body">
						
							
						
						
							<ul><li>Shape and define the vision of project management 2020</li><li>Strengthen skills necessary to successfully lead in a cross-functional, matrixed environment</li><li>Understand the concept of change management as both a strategic and tactical endeavor&nbsp;</li><li>Move from PMO to OPX to drive ogranizational success&nbsp;</li><li>Balance waterfall goverance with an agile project&nbsp;</li><li>And much more...</li></ul>
						
					</div>

					<p class="text-link no-margin">
						
						
					</p>
				</div>
			</div>
		
			<div class="col-sm-4">
				<div class="module-display-style-brand-section triple-col-content-item">
					<h5 class="module-display-style-brand-heading">Business Analysts explore how to:</h5>

					<div class="module-display-style-brand-body triple-col-content-item-body">
						
							
						
						
							<ul><li>Elevate the BA role to "proxy" data scientists&nbsp;</li><li>Manage portfolios in a bimodal world&nbsp;</li><li>Leverage the power of increased appreciation to increase stakeholder engagement</li><li>Establish risk mitigation strategies for performance thresholds&nbsp;</li><li>Celebrate the BA in the shadows (when your role falls outside the traditional organizational chart)</li><li>Utilize metrics to set targets and define goals</li><li>And much more...</li></ul>
						
					</div>

					<p class="text-link no-margin">
						
						
					</p>
				</div>
			</div>
		
			<div class="col-sm-4">
				<div class="module-display-style-brand-section triple-col-content-item">
					<h5 class="module-display-style-brand-heading">Why attend PW&amp;WCBA?</h5>

					<div class="module-display-style-brand-body triple-col-content-item-body">
						
							
						
						
							<p><strong>Focused Workshops and Conference Tracks&nbsp;</strong>Learn from the real-world experiences of industry experts and practitioners who will show you how to achieve outstanding business results.&nbsp;</p><p><strong>Networking&nbsp;</strong>Take advantage of networking opportunities to make new connections and share ideas including: roundtable discussions, speed mentoring, speaker meet and greets and more.&nbsp;</p><p><strong>Earn Valuable PDUs/CDUs</strong> Earn 1 credit for each hour of education at the conference plus 6 additional credits during the webinar series post event for a total of 30 credits.&nbsp;</p>
						
					</div>

					<p class="text-link no-margin">
						
						
					</p>
				</div>
			</div>
		
	</div>


			
				<div class="align-centre">
					<a class="button" href="/project-world/agenda">See the full agenda</a>
				</div>
			
		</div>
	</div>

					
						
	<div id="visionary-speakers" class="promoted-speakers site-section">
		<div class="body-width">
			<div class="row">
				<div class="col-sm-6">
					<h2 class="promoted-speakers-heading">Real Life Case Studies from:</h2>
					
				</div>
			</div>
			
				
					<div class="row speaker-row">
						
							<div class="col-sm-3">
								<div class="speaker even" itemscope itemtype="http://schema.org/Person"
	
>
	
		
		<meta itemprop="url" content="https://marketing.knect365.com/project-world/speakers/litzy-garcia">

		<a href="/project-world/speakers/litzy-garcia" class="speaker-link">
			<div class="speaker-image" style="background-image:url(https://knect365.imgix.net/uploads/Litzy-Garcia-797ae92ba08b9b08dc519e947d8eaeb1.jpg?w=500&h=500&fit=max&or=0&compress=true)" data-pattern-path="/project-world/patterns/symbols/circular/supporting/14.svg"></div>
			<link itemprop="image" href="https://knect365.imgix.net/uploads/Litzy-Garcia-797ae92ba08b9b08dc519e947d8eaeb1.jpg?w=360&h=360&fit=max&or=0&compress=true">
			<div class="speaker-text">
				<p itemprop="name" class="speaker-name ">
	<b>
	 Litzy Garcia
	</b>
</p>
				<p itemprop="jobTitle" class="speaker-occupation">R2L Project Manager Officer, Project Management Office</p>
				<p itemprop="worksFor" class="speaker-employer small-text">
	
	Daimler Trucks North America
	
</p>
			</div>
		</a>
	
</div>

							</div>
						
							<div class="col-sm-3">
								<div class="speaker " itemscope itemtype="http://schema.org/Person"
	
>
	
		
		<meta itemprop="url" content="https://marketing.knect365.com/project-world/speakers/kathy-phillips">

		<a href="/project-world/speakers/kathy-phillips" class="speaker-link">
			<div class="speaker-image" style="background-image:url(https://knect365.imgix.net/uploads/Kathleen-Phillips-cd135d9808e1a9d5611a25c1a8bf2a4b.jpg?w=500&h=500&fit=max&or=0&compress=true)" data-pattern-path="/project-world/patterns/symbols/circular/supporting/14.svg"></div>
			<link itemprop="image" href="https://knect365.imgix.net/uploads/Kathleen-Phillips-cd135d9808e1a9d5611a25c1a8bf2a4b.jpg?w=360&h=360&fit=max&or=0&compress=true">
			<div class="speaker-text">
				<p itemprop="name" class="speaker-name ">
	<b>
	 Kathy Phillips
	</b>
</p>
				<p itemprop="jobTitle" class="speaker-occupation">Senior  Project Manager</p>
				<p itemprop="worksFor" class="speaker-employer small-text">
	
	The Boeing Company
	
</p>
			</div>
		</a>
	
</div>

							</div>
						
							<div class="col-sm-3">
								<div class="speaker even" itemscope itemtype="http://schema.org/Person"
	
>
	
		
		<meta itemprop="url" content="https://marketing.knect365.com/project-world/speakers/jay-pankhania">

		<a href="/project-world/speakers/jay-pankhania" class="speaker-link">
			<div class="speaker-image" style="background-image:url(https://knect365.imgix.net/uploads/Jay-Pankhania-64f909b40a457305a397d1a53a4d51db.jpg?w=500&h=500&fit=max&or=0&compress=true)" data-pattern-path="/project-world/patterns/symbols/circular/supporting/14.svg"></div>
			<link itemprop="image" href="https://knect365.imgix.net/uploads/Jay-Pankhania-64f909b40a457305a397d1a53a4d51db.jpg?w=360&h=360&fit=max&or=0&compress=true">
			<div class="speaker-text">
				<p itemprop="name" class="speaker-name ">
	<b>
	 Jay Pankhania
	</b>
</p>
				<p itemprop="jobTitle" class="speaker-occupation">VP, Project Manager – Retail PMO</p>
				<p itemprop="worksFor" class="speaker-employer small-text">
	
	MUFG Americas
	
</p>
			</div>
		</a>
	
</div>

							</div>
						
							<div class="col-sm-3">
								<div class="speaker " itemscope itemtype="http://schema.org/Person"
	
>
	
		
		<meta itemprop="url" content="https://marketing.knect365.com/project-world/speakers/alan-kamis">

		<a href="/project-world/speakers/alan-kamis" class="speaker-link">
			<div class="speaker-image" style="background-image:url(https://knect365.imgix.net/uploads/Alan-Kamis-1ba17cce1f57d6d6bbdf3075a1a68dec.jpg?w=500&h=500&fit=max&or=0&compress=true)" data-pattern-path="/project-world/patterns/symbols/circular/supporting/14.svg"></div>
			<link itemprop="image" href="https://knect365.imgix.net/uploads/Alan-Kamis-1ba17cce1f57d6d6bbdf3075a1a68dec.jpg?w=360&h=360&fit=max&or=0&compress=true">
			<div class="speaker-text">
				<p itemprop="name" class="speaker-name ">
	<b>
	 Alan Kamis
	</b>
</p>
				<p itemprop="jobTitle" class="speaker-occupation">Vice President, Operational Excellence</p>
				<p itemprop="worksFor" class="speaker-employer small-text">
	
	NextGen Healthcare
	
</p>
			</div>
		</a>
	
</div>

							</div>
						
					</div>
				
			

			
				<div class="align-centre">
					<a class="button" href="/project-world/speakers">Meet the speakers</a>
				</div>
			
		</div>
	</div>



					
						


	<div id="about-the-projectworld-world-congress-for-business-analysts-conference" class="secondary image site-section">
		<div class="body-width">
			

			
				<div class="row image-left">
					<div class="col-sm-7">
						<div class="image-container"><img src="https://knect365.imgix.net/uploads/PW-about-image-e4a84734fe003628146fe03f8359200c.jpg?w=780&amp;h=780&amp;fit=max&amp;or=0&amp;compress=true"></div>
					</div>
					<div class="col-sm-5">
						<div class="image-text">
							<h2 class="secondary-heading">About ProjectWorld</h2>
							<hr class="secondary-heading">
							<div class="secondary-body"><p style="">ProjectWorld® &amp; World Congress for Business Analysts Conference is the leading conference for Project Managers and Business Analyst Professionals. Expertly curated content and industry leading thought leaders will focus on how to take charge, reduce risk and deliver results in a changing work environment. Attendees will learn how to elevate their skills, deploy technical innovation and collaborate across functions to become more effective project managers and business analysts to meet stakeholder needs. PW&amp;WCBA is the industry's year round resource for gaining cutting-edge insights through C-Level case studies, corporate best practices, exclusive web seminars, in-depth workshops, and facilitated sharing sessions.<br><br>This conference is reflective of what’s happening now and what to expect in the future. PW&amp;WCBA incorporates talks from leaders of some of the world’s most complex projects which result in some of the most important exchange of lessons learned. The content stretches far beyond the fundamentals to provide attendees with the skills, techniques and practices to succeed in today’s high-pressured business environment. PW&amp;WCBA offers attendees PDUs and CDU's for each hour of learning. Over 3 days, attendees can take advantage of up to 24 hours of learnings and earn 30 credits.</p></div>
						</div>
					</div>
				</div>
			

			

			

			

			
				<div class="align-centre">
					<a class="button buy-button" href="/project-world/purchase/select-package">Book Now</a>
				</div>
			
		</div>
	</div>


					
						


	




	
	
	
	

	<div class="lead-generation site-section">
		<div class="lead-generation-form" style="display:none;">
			<div class="body-width">
				<div class="row">
					<div class="col-xs-12 col-sm-8 col-sm-offset-2">
						<h2 class="lead-generation-title">Get the latest event updates</h2>

						<p class="align-centre no-margin">Sign up to get the latest event updates and information.</p>
					</div>
				</div>
				<div class="row lead-generation-button">
					<div class="col-sm-12 align-centre">
						<form class="lead-generation-form-fields" action="/project-world/campaign-subscribe" data-section="event"
	  data-site-id="64a476ce-74e6-4b0c-9cd3-b5e9cd8ebb12" data-thanks-selector=".lead-generation-thanks" data-error-selector=".lead-generation-network-error" method="POST">
	
	
	



<div class="form-row  form-row-compact form-row-errors-below">
	<label for="inputName"></label>
	
	
	<input id="inputName" type="text" name="name" value="" placeholder="Name"/>

</div>


	



<div class="form-row  form-row-compact form-row-errors-below">
	<label for="inputEmail"></label>
	
	
	<input id="inputEmail" type="text" name="email" value="" placeholder="Email"/>

</div>


	<p class="align-centre no-margin">
		<button class="button non-cta-button" type="submit">Submit</button>
	</p>
	<input type="hidden" name="campaign" value="EVENT"/>
</form>
					</div>
				</div>
			</div>
		</div>

		<div class="lead-generation-thanks" style="display:none;">
			<div class="body-width">
				<div class="row">
					<div class="col-xs-12">
						<div class="lead-generation-icon"></div>
						<h2 class="lead-generation-title">Thanks!</h2>

						<p class="align-centre no-margin lead-generation-thanks-success">You have subscribed to event updates.</p>
						<p class="align-centre no-margin lead-generation-thanks-pending">Please confirm your email address to receive the latest information about this event.</p>
					</div>
				</div>
			</div>
		</div>

		<div class="lead-generation-network-error" style="display:none;">
			<div class="body-width">
				<div class="row">
					<div class="col-xs-12">
						<div class="lead-generation-icon"></div>
						<h2 class="lead-generation-title">Something went wrong</h2>

						<p class="align-centre no-margin">Sorry, something went wrong while submitting your information. Please try again.</p>
					</div>
				</div>
			</div>
		</div>

	</div>


					
				
			
		

	</div>



	
	
		<script id="google-map-script" data-src="https://maps.googleapis.com/maps/api/js?key=AIzaSyDk3q0DngPPiME61zvO48jI3kgG9iqzFu8&callback=initMap"></script>
	

	<script>
		// START: Buy link tracking
		//
		$('a.buy-button')
				.attr('data-ga-category', 'Buy')
				.attr('data-ga-label', 'Buy')
				.each(function (index, buttonElement) {
					$(buttonElement).attr('data-ga-value', index);
				});
		//
		// END: Buy link tracking


		// START: All popup "no action" close buttons
		//
		$(document).ready(function () {
			$('.popup-close').click(function (e) {
				e.preventDefault();
				$.magnificPopup.close();
			});
		});
		//
		// END: All popup "no action" close buttons


		// START: Mobile menu
		//
		var $mobileMenuPage = $('#mobileNavOpen');
		var $mobileMenuOpenButton = $('#mobileNavMenuOpen').find('a');
		var $mobileMenuCloseButton = $('#mobileNavMenuClose').find('a');

		// Allow it to show / hide
		$mobileMenuOpenButton.on('click', function (e) {
			e.preventDefault();
			$mobileMenuPage.show().scrollTop(0);
			$('body').addClass('is-scrolling-disabled');
		});

		$mobileMenuCloseButton.on('click', function (e) {
			e.preventDefault();
			$mobileMenuPage.hide();
			$('body').removeClass('is-scrolling-disabled');
		});

		// Close the menu if any item in it is clicked, or if the window is re-sized
		$mobileMenuPage.find('a').on('click', function () {
			$mobileMenuPage.hide();
		});
		window.addEventListener('resize', function () {
			$mobileMenuPage.hide();
		}, false);
		//
		// END: Mobile menu


		// START: Form helpers
		//
		$(document).ready(function () {
			$('input, select, textarea').on('focus', function (e) {
				var parentFormRow = $(this).closest('.form-row-tabular');
				parentFormRow.addClass('focused');
			}).on('blur', function (e) {
				var parentFormRow = $(this).closest('.form-row-tabular');
				parentFormRow.removeClass('focused');
			});
		});
		//
		// END: Form helpers
	</script>

	
	<script src="/project-world/assets/event-site/sections-13c5a17238e464f7143367ed0d241b9b.js"></script>


	<footer id="footer" class="site-footer">
	
		
			

				<div class="footer-upper">
					<div class="body-width">
						<div class="footer-hashtag">
							
								
								<a class="super-text" href="https://twitter.com/hashtag/PWWCBA" target="_blank">#PWWCBA</a>
								<br/>
							
						</div>

						<div class="row">
							<div class="col-sm-6 footer-icons">
								
	
	<a class="footer-icon footer-icon-twitter" href="https://twitter.com/Project_World" target="_blank">Project_World</a>
	<br/>

								
	
	<a class="footer-icon footer-icon-linkedin" href="https://www.linkedin.com/groups/97791/profile" target="_blank">ProjectWorld &amp; The World Congress for Business Analysts</a>
	<br/>

								
								
	
	<a class="footer-icon footer-icon-facebook" href="https://www.facebook.com/PWWCBA" target="_blank">ProjectWorld &amp; The World Congress for Business Analysts</a>
	<br/>

							</div>
							<div class="col-sm-6 footer-contact-links align-right-sm-and-up">
								
									<ul class="list-plain footer-contact-list">
										<li>
											<div><b>Email</b></div>
											
	<a href="mailto:tyler.ferst@knect365.com" class="footer-link customer-services-email">tyler.ferst@knect365.com</a>

										</li>
										<li>
											<div><b>Telephone</b></div>
											<a class="footer-link customer-services-phone" href="tel:+1-646-895-7329">+1-646-895-7329</a>
										</li>
									</ul>
								
							</div>
						</div>
					</div>
				</div>
			
		
	

	<div class="footer-lower">
		<div class="body-width">
			<div class="row">
				<div class="col-sm-8 col-sm-push-4 align-right-sm-and-up">
					<ul class="list-plain">
						<li class="inline-block-sm-and-up">
							<b><a class="footer-link" href="http://www.informaglobalevents.com/" target="_blank">Other Informa Divisions</a></b>
						</li>
						<li class="inline-block-sm-and-up"><b><a class="footer-link" href="/project-world/contact">Contact</a></b></li>
						<li class="inline-block-sm-and-up">
							<b><a class="footer-link" href="/project-world/terms-and-conditions">Terms &amp; Conditions</a></b></li>
						
					</ul>
				</div>
				<div class="col-sm-4 col-sm-pull-8 knect-logo-footer">
					<a href="//knect365.com" target="_blank"><img src="/project-world/assets/event-site/knect-logo-footer-0f668c6fdfec2c59cfde558b6b1ace11.png" alt="KNect365 logo"/></a>
					<span class="small-text">An Informa Business</span>
				</div>
			</div>
		</div>
	</div>
</footer>


	
	
<div class="cookie-message">
	<div class="row">
		<div class="cookie-message-text col-xs-6">This site uses cookies to improve the Informa Insights, Marketing &amp; Innovation experience.</div>
		<div class="cookie-message-button col-xs-6">
			<input type="button" value="I Understand" class='small-button no-shadow-button'/>
		</div>
	</div>
</div>


</body>
</html>

