﻿<?xml version="1.0" encoding="UTF-8" standalone="no"?>
<?xml-stylesheet type="text/xsl" href="stylusfhl.xsl"?>
<!DOCTYPE ead PUBLIC "-//Society of American Archivists//DTD ead.dtd (Encoded Archival Description (EAD) 

Version 1.0)//EN" "ead.dtd"[
  <!ENTITY % eadnotat PUBLIC "-//Society of American Archivists//DTD eadnotat.ent (Encoded Archival 

Description (EAD) Notation Declarations Version 1.0)//EN" "eadnotat.ent">
%eadnotat;
]>
<ead>
	<eadheader langencoding="iso639-2">
		<eadid>4082frwo</eadid>
		<filedesc>
			<titlestmt>
				<titleproper>Finding aid for Friends World College Records, 1958-2001 </titleproper>
				<author>Finding Aid Prepared by FHL staff</author>
			</titlestmt>
			<publicationstmt>
				<publisher>Friends Historical Library of Swarthmore College.</publisher>
				<date>2007</date>
			</publicationstmt>
		</filedesc>
		<profiledesc>
			<creation>Text converted and initial EAD tagging provided by FHL Staff,
					<date>2007</date></creation>
			<langusage>ENG</langusage>
		</profiledesc>
	</eadheader>
	<frontmatter>
		<titlepage>
			<titleproper>Finding aid for Friends World College Records, 1958-2001 </titleproper>
			<author>FHL staff</author>
			<publisher>Friends Historical Library of Swarthmore College.</publisher>
			<date>2007</date>
		</titlepage>
	</frontmatter>
	<archdesc level="collection">
		<did>
			<head>Descriptive Summary</head>
			<unittitle label="Title">Friends World College Records<unitdate type="inclusive"
					>1958-2001</unitdate></unittitle>
			<unitid label="ID">RG 4/082</unitid>
			<origination label="Creator">
				<corpname encodinganalog="110">Friends World College</corpname>
			</origination>
			<physdesc label="Extent">35 bound volumes and 8 boxes (10 linear feet)</physdesc>
			<repository label="Repository"> Friends Historical Library of Swarthmore College.
				<address> 
			 <addressline>Swarthmore, Pennsylvania 19081-1399 U.S.A.</addressline>
			 
		  </address>
			</repository>
			<physloc label="Location">For current information on the location of materials, please
				consult the Library's online catalog.</physloc>
			<abstract>Friends World College was conceived as an accredited, co-educational,
				degree-granting liberal arts college combining a residence program with the
				opportunity for foreign travel and study. Planned as a "college without walls," it
				was sponsored by the New York Yearly Meeting and opened in September 1965. The
				College flourished in the 1960s <emph render="italic">counterculture</emph>
				environment, but ran into financial difficulties in the 1970s. While much of its
				support came from Quakers, in 1975 it became officially non-sectarian. It was merged
				into Long Island University in 1991. The collection contains the records of Friends
				World College, 1958-1992, compiled for New York Yearly Meeting by George Nicklin;
				correspondence and legal papers concerning the transfer and sale of assets and the
				resulting lawsuits; topical files of George Nicklin; and his records on Pax Amicus,
				the group which opposed the merger and loss of College assets. Also included the
				records of Friends World College Association, a Quaker advisory board, which was
				reactivated in 1996. </abstract>
			<note>
				<p>
					<emph render="bold">Repository:</emph>
				</p>
				<p>Friends Historical Library of Swarthmore College</p>
				<p>500 College Avenue, Swarthmore, PA 19081-1399</p>
				<p>Phone: (610) 328-8496 FAX: (610) 690-5728</p>
			</note>
		</did>
		<bioghist>
			<head>BIOGRAPHICAL AND HISTORICAL NOTE</head>


			<p>Friends World College was conceived as an accredited, co-educational, degree-granting
				liberal arts college combining a residence program with the opportunity for foreign
				travel and study. Planned as a "college without walls," it was sponsored by the New
				York Yearly Meeting and opened in September 1965. It was merged into Long Island
				University in 1991.</p>
			<p>It began with a proposal made by George L. Nicklin, M.D., in 1958 to the New York
				Yearly Meeting for a new college to be formed on Quaker principles and incorporating
				the social ideals of the era. George Nicklin, a psychiatrist by vocation, was a
				convinced Friend, Haverford College Class of 1947, and a member of Shelter Island
				Monthly Meeting. A committee on a Friends College was established. In the summer of
				1963, a six-week experimental summer program was directed by Harold Taylor, and in
				1964, Morris Mitchell was hired by the NYYM as the first president.</p>
			<p>In 1965, the NYYM approved the opening of a Friends World Institute program and the
				State of New York issued a provisional charter for a non-degree granting program.
				The first classes opened in September 1965 with forty-one students at a temporary
				home campus located at Mitchel Garden, Westbury, in Nassau County, New York.</p>
			<p>In 1968 the Institute was granted a provisional charter as Friends World College,
				permitting it to grant the Bachelor of Arts degree. Within the next few years,
				programs were established in Asia, Europe, Africa, Latin America, and rural Canada,
				and the home campus was moved to Lloyd Harbor, Huntington, NY. However, the College
				was unable to establish a secure financial base, and student enrollment remained
				undependable because the drop-out rate was high. The maximum enrollment was reached
				in 1972, with two hundred-fifty students. In keeping with its experimental nature,
				from 1970-80, the College was guided by an administrative structure known as a
				"Troika," composed of three representatives, a student, faculty and administrative
				member.</p>
			<p>In 1975, FWC became legally independent of the New York Yearly Meeting, and the
				Friends World College Association was established. The members of the Association
				were Quakers, and it served in a support and advisory role for the College and Board
				of Trustees, responsible for monitoring the Quaker character of the College. New
				York Yearly Meeting established a Liaison Committee composed of members of the
				Yearly Meeting who served on the Association. In 1984, the College instituted a
				controversial Judaic Studies program with Hasidic students. This became an important
				source of revenue for the College until it was challenged by the State of New York
				in 1987, creating new financial problems.</p>
			<p>Burdened by continuing financial pressures and mismanagement, by 1990 Trustees of the
				College were considering the merger of FWC into Long Island University. In May 1991,
				the New York Yearly Meeting Trustees declared that the College was laid down and the
				assets revert to New York Yearly Meeting. The FWC Board approved the transfer of
				assets from FWC to LIU as an endowment in 1991; this transfer was opposed by the
				Friends World College Association and a group of concerned Friends who named
				themselves the Friends World Defense Fund and subsequently Pax Amicus. A lengthy and
				bitter legal battle followed.</p>
			<p>No longer associated with the Society of Friends, Friends World Program continues as
				a program of international independent study as part of Long Island University. </p>
		</bioghist>
		<scopecontent>
			<head>SCOPE AND CONTENT OF THE RECORDS</head>
			<p>Contains the records of Friends World College including the early history of the
				College and minutes of the Committee on a Friends College and the Trustees of the
				College, 1958-1982, as well as records relating to the transfer and sale of assets
				and the resulting lawsuits. The bound volumes, compiled by George L. Nicklin,
				contain minutes, correspondence, and related papers. George Nicklin’s topical files
				and records of Pax Amicus, the group which opposed the merger and loss of College
				assets, also are in the collection. Also included the records of Friends World
				College Association, a Quaker advisory board, which was reactivated in 1996</p>
			<p>Organized in six series:</p>
			<list type="ordered" numeration="arabic" continuation="starts">

				<head>Organization:</head>
				<item>History</item>
				<item>Minutes</item>
				<item>Correspondence and legal papers</item>
				<item>Topical files compiled by George Nicklin</item>
				<item>Pax Amicus/World College Defense Fund</item>
				<item>Friends World College Association</item>
			</list>
		</scopecontent>
		<descgrp>
			<head>ADMINISTRATIVE INFORMATION</head>
			<acqinfo>
				<head>Accession information</head>
				<p>Donor: New York Yearly Meeting, 1997</p>

				<p>Donor: George Nicklin, 2004 (Acc.2004-018)</p>


				<p>Donor: Rosa Covington Packard, 2005 (Acc.2005-017)_</p>


			</acqinfo>
			<accessrestrict>
				<head>Access</head>
				<p> Collection is open for research.</p>
			</accessrestrict>
			<userestrict>
				<head>Use Restrictions</head>
				<p>Copyright has not been assigned to Friends Historical Library. All requests for
					permission to publish or quote from manuscripts must be submitted in to the
					Director. Permission for publication is given on behalf Friends Historical
					Library as the owner of the physical items and is not intended to include or
					imply permission of the copyright holder, which must also be obtained by
					reader.</p>
			</userestrict>
			<prefercite>
				<head>Preferred Citation</head>
				<p>[Indicate the cited item or series here], Friends World College Records, RG4/082,
					Friends Historical Library of Swarthmore College</p>
			</prefercite>
			<processinfo>
				<head>Processing information</head>
				<p>The records were included in the transfer of records from New York Yearly Meeting
					to Friends Historical Library in 1997. Placed in Record Group 4 and stored in
					boxes and as bound volumes. In 2004, additional records concerning Friends World
					College and the group Pax Amicus were deposited by George Nicklin. These records
					were added to the collection and a new finding aid created in 2005. A cassette
					tape labeled “4/23/93 G. Nicklin and Vincent Razzino, CPA on F.W.C.” removed to
					audio-visual. In 2007, records of Friends World College Association were
					processed and added to the collection.</p>
			</processinfo>
			<separatedmaterial>
				<head>Separated Material</head>
				<p>Cassette tape labeled "4/23/93 G. Nicklin and Vincent Razzino CPA on F.W.C."
					included in George Nicklin deposit, removed to FHL Cassette Tapes.</p>
			</separatedmaterial>
			<relatedmaterial>
				<head>Related Material</head>
				<p>RG2/ New York Yearly Meeting Records</p>
				<p>RG5/247 Ruth Ringenbach, Friends World College Papers</p>
				<p>PG 2, FHL Reference file on Friends World College</p>
				<p>RG4/116 Mary-Cushing Niles, Friends World College Papers.</p>
				<p>PA 100/Schools: Friends World College photographs, 1960s</p>
			</relatedmaterial>
		</descgrp>
		<controlaccess>
			<head>SELECTED SEARCH TERMS DETAILED DESCRIPTION OF THE RECORDS</head>
			<p>This collection is indexed under the following headings in the catalog of the Friends
				Historical Library (TRIPOD). Researchers desiring materials about related topics,
				persons, or places should search the catalog using these headings:</p>
			<subject encodinganalog="650">New York Yearly Mtg. of the Religious Society of Friend s
				-- Committee on a Friends World College</subject>
			<subject encodinganalog="650">Long Island University</subject>
			<subject encodinganalog="650">Friends World College -- Archives</subject>
			<subject encodinganalog="650">Society of Friends -- Education</subject>
			<subject encodinganalog="650">Society of Friends -- New York</subject>
			<subject encodinganalog="650">International education</subject>
			<subject encodinganalog="650">Quakers -- New York</subject>
			<subject encodinganalog="650">Quakers -- Education -- Schools</subject>
			<subject encodinganalog="650">Quakers -- Controversies</subject>
			<subject encodinganalog="650">Nicklin, George L.</subject>
			<subject encodinganalog="650">Education -- Schools</subject>
			<subject encodinganalog="650">New York (N.Y.) -- Quakers</subject>
			<subject encodinganalog="650">New York (N.Y.) -- Schools</subject>
			<subject encodinganalog="650">New York (N.Y.) -- Society of Friends</subject>

		</controlaccess>
		<dsc type="in-depth">
			<head>DETAILED DESCRIPTION OF THE RECORDS</head>
			<note>
				<p>Note to Researchers: To request materials, please note both the location and box
					numbers shown below:</p>
			</note>
			<c01 level="series">
				<did>
					<unittitle>Ser. 1 History</unittitle>
				</did>
				<c02>
					<did>
						<unittitle>History and Correspondence</unittitle>
						<unitdate>1960-1965</unitdate>
						<physdesc>1 volume</physdesc>
						<container>Vol.</container>
					</did>
					<scopecontent>
						<p>1 bound volume compiled by George Nicklin, Chairman, Committee on a
							Friends College. Includes a brief history (11 pp.) attributed to Morris
							R. Mitchell circa 1973 and Nicklin's corrrespondence and other material
							related to the founding of the College. </p>
					</scopecontent>
				</c02>
























			</c01>
			<c01 level="series">
				<did>
					<unittitle>Ser. 2. Minutes </unittitle>
				</did>
				<scopecontent>
					<p>Includes Committee and Trustee minutes. One set, 1958-1982, was
						bound into by George Nicklin along with correspondence and related papers. A
						second set of Trustee minutes, 1978-1982, are boxed.</p>
				</scopecontent>


























				<c02>
					<did>
						<unittitle>Committee on a Friends College </unittitle>
						<unitdate>9/1958- 8/1964</unitdate>
						<physdesc>1 bound volume</physdesc>
						<container>Vol. 1-4</container>
					</did>
					<scopecontent>
						<p>Includes correspondence and related material. </p>
					</scopecontent>
				</c02>
				<c02>
					<did>
						<unittitle>Committee on a Friends College</unittitle>
						<unitdate>9/1964-6/1966</unitdate>
						<physdesc>1 bound volume</physdesc>
						<container>Vol. 5-7</container>
					</did>
				</c02>
				<c02>
					<did>
						<unittitle>Friends World College Committee </unittitle>
						<unitdate>7/1966- 11/1973</unitdate>
						<physdesc>1 bound volume</physdesc>
						<container>Vol. </container>
					</did>
					<scopecontent>
						<p>Index at end.</p>
					</scopecontent>
				</c02>
				<c02>
					<did>
						<unittitle>Trustees Minutes</unittitle>
						<unitdate>1/1966-12/1967</unitdate>
						<physdesc>1 bound volume</physdesc>
						<container>Vol. 1-4</container>
					</did>
				</c02>
				<c02>
					<did>
						<unittitle>Trustees Minutes</unittitle>
						<unitdate>1/1968-8/1969</unitdate>
						<physdesc>1 bound volume</physdesc>
						<container>Vol. 5-7</container>
					</did>
				</c02>
				<c02>
					<did>
						<unittitle>Trustees Minutes</unittitle>
						<unitdate>9/1969-4/1971</unitdate>
						<physdesc>1 bound volume</physdesc>
						<container>Vol. 8-10</container>
					</did>
				</c02>
				<c02>
					<did>
						<unittitle>Trustees Minutes</unittitle>
						<unitdate>4/1971-1/1974.</unitdate>
						<physdesc>1 bound volume</physdesc>
						<container>Vol. 11-13</container>
					</did>
				</c02>
				<c02>
					<did>
						<unittitle>Trustees Minutes</unittitle>
						<unitdate>1/1974-6/1975</unitdate>
						<physdesc>1 bound volume</physdesc>
						<container>Vol. 14-16</container>
					</did>
				</c02>
				<c02>
					<did>
						<unittitle>Trustees Minutes</unittitle>
						<unitdate>6/1975-3/1976</unitdate>
						<physdesc>1 bound volume</physdesc>
						<container>Vol. 18-19</container>
					</did>
					<scopecontent>
						<p></p>
					</scopecontent>
				</c02>
				<c02>
					<did>
						<unittitle>Trustees Minutes</unittitle>
						<unitdate>1/1976-12/1976</unitdate>
						<physdesc>1 bound volume</physdesc>
						<container>Vol. 20-21</container>
					</did>
				</c02>
				<c02>
					<did>
						<unittitle>Trustees Minutes</unittitle>
						<unitdate>1/1977- 3/1978</unitdate>
						<physdesc>1 bound volume</physdesc>
						<container>Vol. 23</container>
					</did>
				</c02>
				<c02>
					<did>
						<unittitle>Trustees Minutes</unittitle>
						<unitdate>9/1981-12/1982</unitdate>
						<physdesc>1 bound volume</physdesc>
						<container>Vol. 35</container>
					</did>
				</c02>
				<c02>
					<did>
						<unittitle>Trustees Minutes, Vol. 24</unittitle>
						<unitdate>4-10/1978</unitdate>
						<physdesc>1 folder</physdesc>
						<container type="box">1</container>
					</did>
				</c02>
				<c02>
					<did>
						<unittitle>Trustees Minutes, Vol. 25</unittitle>
						<unitdate>11-12 /1978</unitdate>
						<physdesc>1 folder</physdesc>
						<container type="box">1</container>
					</did>
				</c02>
				<c02>
					<did>
						<unittitle>Trustees Minutes, Vol. 26</unittitle>
						<unitdate>1/1979</unitdate>
						<physdesc>1 folder</physdesc>
						<container type="box">1</container>
					</did>
				</c02>
				<c02>
					<did>
						<unittitle>Trustees Minutes, Vol. 27</unittitle>
						<unitdate>2-7/1979</unitdate>
						<physdesc>1 folder</physdesc>
						<container type="box">1</container>
					</did>
				</c02>
				<c02>
					<did>
						<unittitle>Trustees Minutes, Vol. 28</unittitle>
						<unitdate>8-9/1979</unitdate>
						<physdesc>1 folder</physdesc>
						<container type="box">1</container>
					</did>
				</c02>
				<c02>
					<did>
						<unittitle>Trustees Minutes, Vol. 29</unittitle>
						<unitdate>10-12 /1979</unitdate>
						<physdesc>1 folder</physdesc>
						<container type="box">1</container>
					</did>
				</c02>
				<c02>
					<did>
						<unittitle>Trustees Minutes, Vol. 30</unittitle>
						<unitdate>1/1980</unitdate>
						<physdesc>1 folder</physdesc>
						<container type="box">2</container>
					</did>
				</c02>
				<c02>
					<did>
						<unittitle>Trustees Minutes, Vol. 31</unittitle>
						<unitdate>3-5/1980</unitdate>
						<physdesc>1 folder</physdesc>
						<container type="box">2</container>
					</did>
				</c02>
				<c02>
					<did>
						<unittitle>Trustees Minutes, Vol. 32</unittitle>
						<unitdate>6-10/1980</unitdate>
						<physdesc>1 folder</physdesc>
						<container type="box">2</container>
					</did>
				</c02>
				<c02>
					<did>
						<unittitle>Trustees Minutes, Vol. 33</unittitle>
						<unitdate>11/1980-5/1981</unitdate>
						<physdesc>1 folder</physdesc>
						<container type="box">2</container>
					</did>
				</c02>
				<c02>
					<did>
						<unittitle>Trustees Minutes, Vol. 34</unittitle>
						<unitdate>5-7/1981</unitdate>
						<physdesc>1 folder</physdesc>
						<container type="box">2</container>
					</did>
				</c02>
				<c02>
					<did>
						<unittitle>Trustees Minutes, Vol. 35</unittitle>
						<unitdate>9/1981- 12/1982</unitdate>
						<physdesc>1 folder</physdesc>
						<container type="box">2</container>
					</did>
					<scopecontent>
						<p></p>
					</scopecontent>
				</c02>

			</c01>
			<c01 level="series">
				<did>
					<unittitle>Ser. 3 Correspondence and legal material</unittitle>
				</did>
				<scopecontent>
					<p>Mostly concerning lawsuits.</p>
				</scopecontent>


























				<c02>
					<did>
						<unittitle>Correspondence and legal material: 1991</unittitle>
						<unitdate>1991</unitdate>
						<physdesc>1 folder</physdesc>
						<container type="box">3</container>
					</did>
				</c02>
				<c02>
					<did>
						<unittitle>Correspondence and legal material: 1992</unittitle>
						<unitdate>1992</unitdate>
						<physdesc>1 folder</physdesc>
						<container type="box">3</container>
					</did>
				</c02>
				<c02>
					<did>
						<unittitle>Correspondence and legal material: 1993</unittitle>
						<unitdate>1993</unitdate>
						<physdesc>1 folder</physdesc>
						<container type="box">3</container>
					</did>
				</c02>
				<c02>
					<did>
						<unittitle>Correspondence and legal material: 1994</unittitle>
						<unitdate>1994</unitdate>
						<physdesc>1 folder</physdesc>
						<container type="box">3</container>
					</did>
				</c02>
				<c02>
					<did>
						<unittitle>Legal Actions," deposited by Virginia Reppert</unittitle>
						<unitdate>5/1/93</unitdate>
						<physdesc>1 folder</physdesc>
						<container type="box">3</container>
					</did>
				</c02>
				<c02>
					<did>
						<unittitle>Undated miscellaneous papers</unittitle>
						<unitdate/>
						<physdesc>1 folder</physdesc>
						<container type="box">3</container>
					</did>
				</c02>

			</c01>
			<c01 level="series">
				<did>
					<unittitle>Ser. 4 Topical files compiled by George Nicklin</unittitle>
				</did>


























				<c02>
					<did>
						<unittitle>Friends World College Selection of a New President </unittitle>
						<unitdate>1972-1975</unitdate>
						<physdesc>1 folder</physdesc>
						<container type="box">3</container>
					</did>
				</c02>
				<c02>
					<did>
						<unittitle>Proposed Friends World College Medical College, </unittitle>
						<unitdate>1974-1975</unitdate>
						<physdesc>1 folder</physdesc>
						<container type="box">3</container>
					</did>
				</c02>
				<c02>
					<did>
						<unittitle>Notes for Nicklin Testimony</unittitle>
						<unitdate>1975</unitdate>
						<physdesc>1 folder</physdesc>
						<container type="box">3</container>
					</did>
				</c02>
				<c02>
					<did>
						<unittitle>Friends World College Jamaica, West Indies Trip </unittitle>
						<unitdate>1974-1975</unitdate>
						<physdesc>1 folder</physdesc>
						<container type="box">3</container>
					</did>
				</c02>
				<c02>
					<did>
						<unittitle>London, February </unittitle>
						<unitdate>1981</unitdate>
						<physdesc>1 folder</physdesc>
						<container type="box">3</container>
					</did>
				</c02>
				<c02>
					<did>
						<unittitle>Friends World College Photographs</unittitle>
						<unitdate>1988</unitdate>
						<physdesc>1 folder</physdesc>
						<container type="box">3</container>
					</did>
					<scopecontent>
						<p>Staff and trustees.</p>
					</scopecontent>
				</c02>
				<c02>
					<did>
						<unittitle>Friends World College Quarter Century Fund, </unittitle>
						<unitdate>1989-1990</unitdate>
						<physdesc>1 folder</physdesc>
						<container type="box">3</container>
					</did>
				</c02>
				<c02>
					<did>
						<unittitle>Visit to Friends World College, England</unittitle>
						<unitdate>1988</unitdate>
						<physdesc>1 folder</physdesc>
						<container type="box">3</container>
					</did>
				</c02>
				<c02>
					<did>
						<unittitle>England Trip</unittitle>
						<unitdate>1989</unitdate>
						<physdesc>1 folder</physdesc>
						<container type="box">3</container>
					</did>
				</c02>
				<c02>
					<did>
						<unittitle>Visit to Friends World College, England</unittitle>
						<unitdate>1990</unitdate>
						<physdesc>1 folder</physdesc>
						<container type="box">3</container>
					</did>
				</c02>
				<c02>
					<did>
						<unittitle>India: Letter from Louis Simon, 1990\ </unittitle>
						<unitdate>1990</unitdate>
						<physdesc>1 folder</physdesc>
						<container type="box">3</container>
					</did>
					<scopecontent>
						<p>Concerning his work with Friends World College, India.</p>
					</scopecontent>
				</c02>
				<c02>
					<did>
						<unittitle>India: <emph render="italic">Glimpses from South
							Asia</emph>emph>, newsletter, 1989, and letter form E. P. Menon,
							1992</unittitle>
						<unitdate>1989, 1992</unitdate>
						<physdesc>1 folder</physdesc>
						<container type="box">3</container>
					</did>
					<scopecontent>
						<p>Concerning laying down India center</p>
					</scopecontent>
				</c02>

			</c01>
			<c01 level="series">
				<did>
					<unittitle>Ser. 5 Pax Amicus/Friends World Defense Fund</unittitle>
				</did>


























				<c02>
					<did>
						<unittitle>Friends World College By-Laws and Committee Minutes</unittitle>
						<unitdate>1985-86, 1990, 1996</unitdate>
						<physdesc>1 folder</physdesc>
						<container type="box">4</container>
					</did>
				</c02>
				<c02>
					<did>
						<unittitle>Friends World College Dunn and Bradstreet Report</unittitle>
						<unitdate>1986</unitdate>
						<physdesc>1 folder</physdesc>
						<container type="box">4</container>
					</did>
				</c02>
				<c02>
					<did>
						<unittitle>Friends World College Financial Statements</unittitle>
						<unitdate>1988</unitdate>
						<physdesc>1 folder</physdesc>
						<container type="box">4</container>
					</did>
				</c02>
				<c02>
					<did>
						<unittitle>Friends World College, [Journal of meeting, Nov. 19]</unittitle>
						<unitdate>1989</unitdate>
						<physdesc>1 folder</physdesc>
						<container type="box">4</container>
					</did>
				</c02>
				<c02>
					<did>
						<unittitle>Friends World College Association Members and
							Trustees</unittitle>
						<unitdate>1990</unitdate>
						<physdesc>1 folder</physdesc>
						<container type="box">4</container>
					</did>
				</c02>
				<c02>
					<did>
						<unittitle>Friends World Defense Fund Legal File </unittitle>
						<unitdate>1990-1998</unitdate>
						<physdesc>1 folder</physdesc>
						<container type="box">4</container>
					</did>
				</c02>
				<c02>
					<did>
						<unittitle>Friends World College Balance Sheet, including Judge Hughes’
							decision</unittitle>
						<unitdate>1990</unitdate>
						<physdesc>1 folder</physdesc>
						<container type="box">4</container>
					</did>
				</c02>
				<c02>
					<did>
						<unittitle>Revised Friends World College Mortgage, </unittitle>
						<unitdate>1990</unitdate>
						<physdesc>1 folder</physdesc>
						<container type="box">4</container>
					</did>
				</c02>
				<c02>
					<did>
						<unittitle>Friends World College Financial Statements, </unittitle>
						<unitdate>1990</unitdate>
						<physdesc>1 folder</physdesc>
						<container type="box">4</container>
					</did>
				</c02>
				<c02>
					<did>
						<unittitle>Friends World College Merging with Long Island
							University</unittitle>
						<unitdate>1990-1991</unitdate>
						<physdesc>1 folder</physdesc>
						<container type="box">4</container>
					</did>
				</c02>
				<c02>
					<did>
						<unittitle>Friends World College Clippings </unittitle>
						<unitdate>1990-1996</unitdate>
						<physdesc>1 folder</physdesc>
						<container type="box">4</container>
					</did>
				</c02>
				<c02>
					<did>
						<unittitle>Friends Word College Stay Injunction, January 31,
							1991</unittitle>
						<unitdate>1991</unitdate>
						<physdesc>1 folder</physdesc>
						<container type="box">4</container>
					</did>
				</c02>
				<c02>
					<did>
						<unittitle>Friends World College Defense Fund</unittitle>
						<unitdate>1991</unitdate>
						<physdesc>1 folder</physdesc>
						<container type="box">5</container>
					</did>
				</c02>
				<c02>
					<did>
						<unittitle>Friends World College Defense Fund</unittitle>
						<unitdate>1991-1992</unitdate>
						<physdesc>1 folder</physdesc>
						<container type="box">5</container>
					</did>
				</c02>
				<c02>
					<did>
						<unittitle>Friends World College Agreement with Long Island
							University</unittitle>
						<unitdate>1992</unitdate>
						<physdesc>1 folder</physdesc>
						<container type="box">5</container>
					</did>
				</c02>
				<c02>
					<did>
						<unittitle>Report of Friends World Defense Fund on FWC </unittitle>
						<unitdate>March 1992</unitdate>
						<physdesc>1 folder</physdesc>
						<container type="box">5</container>
					</did>
				</c02>
				<c02>
					<did>
						<unittitle>Friends World College</unittitle>
						<unitdate>1992</unitdate>
						<physdesc>1 folder</physdesc>
						<container type="box">5</container>
					</did>
				</c02>
				<c02>
					<did>
						<unittitle>Friends World College Defense Fund</unittitle>
						<unitdate>1992</unitdate>
						<physdesc>1 folder</physdesc>
						<container type="box">5</container>
					</did>
				</c02>
				<c02>
					<did>
						<unittitle>Quakers in Court, July 24, 1992</unittitle>
						<unitdate>1992</unitdate>
						<physdesc>1 folder</physdesc>
						<container type="box">5</container>
					</did>
				</c02>
				<c02>
					<did>
						<unittitle>Friends World College Defense Fund Meeting, June 4,
							1992</unittitle>
						<unitdate>1992</unitdate>
						<physdesc>1 folder</physdesc>
						<container type="box">5</container>
					</did>
				</c02>
				<c02>
					<did>
						<unittitle>Pax Amicus Certificate of Incorporation, By-laws </unittitle>
						<unitdate>1993</unitdate>
						<physdesc>1 folder</physdesc>
						<container type="box">5</container>
					</did>
				</c02>
				<c02>
					<did>
						<unittitle>Pax Amicus Task Group </unittitle>
						<unitdate>1993-1995</unitdate>
						<physdesc>1 folder</physdesc>
						<container type="box">5</container>
					</did>
				</c02>
				<c02>
					<did>
						<unittitle>Pax Amicus Donations</unittitle>
						<unitdate>1993-1996</unitdate>
						<physdesc>1 folder</physdesc>
						<container type="box">5</container>
					</did>
				</c02>
				<c02>
					<did>
						<unittitle>Pax Amicus Mailings </unittitle>
						<unitdate>1993-1995</unitdate>
						<physdesc>1 folder</physdesc>
						<container type="box">6</container>
					</did>
				</c02>
				<c02>
					<did>
						<unittitle>Pax Amicus Tax Exempt Information </unittitle>
						<unitdate>1995-1998</unitdate>
						<physdesc>1 folder</physdesc>
						<container type="box">6</container>
					</did>
				</c02>
				<c02>
					<did>
						<unittitle>FWCA/Pax Amicus Minutes</unittitle>
						<unitdate>1996</unitdate>
						<physdesc>1 folder</physdesc>
						<container type="box">6</container>
					</did>
				</c02>
				<c02>
					<did>
						<unittitle>Meeting with Counselor Levin, February 23, 1996</unittitle>
						<unitdate>1996</unitdate>
						<physdesc>1 folder</physdesc>
						<container type="box">6</container>
					</did>
				</c02>
				<c02>
					<did>
						<unittitle>FWCA North Fork Bank </unittitle>
						<unitdate>1996-1998</unitdate>
						<physdesc>1 folder</physdesc>
						<container type="box">6</container>
					</did>
				</c02>
				<c02>
					<did>
						<unittitle>Friends World College Association/Pax Amicus </unittitle>
						<unitdate>1996-1998</unitdate>
						<physdesc>1 folder</physdesc>
						<container type="box">6</container>
					</did>
				</c02>
				<c02>
					<did>
						<unittitle>Pax Amicus Inc.,</unittitle>
						<unitdate>1999-2001</unitdate>
						<physdesc>1 folder</physdesc>
						<container type="box">6</container>
					</did>
				</c02>

			</c01>
			<c01 level="series">
				<did>
					<unittitle>Ser. 6 Friends World College Association</unittitle>
				</did>
				<c02>
					<did>
						<unittitle>FWC Mission, Constitution and Charter</unittitle>
						<unitdate>1965-91</unitdate>
						<physdesc>1 folder</physdesc>
						<container type="box">7</container>
					</did>
				</c02>
				<c02>
					<did>
						<unittitle>FWC Bylaws and consensus</unittitle>
						<unitdate>1990</unitdate>
						<physdesc>1 folder</physdesc>
						<container type="box">7</container>
					</did>
				</c02>
				<c02>
					<did>
						<unittitle>FWC Association Trustee and Center List</unittitle>
						<unitdate>1990</unitdate>
						<physdesc>1 folder</physdesc>
						<container type="box">7</container>
					</did>
				</c02>
				<c02>
					<did>
						<unittitle>FWC Association policies and procedures</unittitle>
						<unitdate>1986-90</unitdate>
						<physdesc>1 folder</physdesc>
						<container type="box">7</container>
					</did>
				</c02>
				<c02>
					<did>
						<unittitle>FWC Trustee Responsibilities</unittitle>
						<unitdate>1980</unitdate>
						<physdesc>1 folder</physdesc>
						<container type="box">7</container>
					</did>
				</c02>
				<c02>
					<did>
						<unittitle>FWCA Minutes and related papers</unittitle>
						<unitdate>1977-1982</unitdate>
						<physdesc>1 folder</physdesc>
						<container type="box">7</container>
					</did>
				</c02>
				<c02>
					<did>
						<unittitle>FWCA Minutes and related papers</unittitle>
						<unitdate>1983-1991</unitdate>
						<physdesc>1 folder</physdesc>
						<container type="box">7</container>
					</did>
				</c02>

				<c02>
					<did>
						<unittitle>FWCA Addresses and Committee Lists</unittitle>
						<unitdate>1985-90</unitdate>
						<physdesc>1 folder</physdesc>
						<container type="box">7</container>
					</did>
				</c02>
				<c02>
					<did>
						<unittitle>Joint Meeting of FWC and FWC Association</unittitle>
						<unitdate>1986</unitdate>
						<physdesc>1 folder</physdesc>
						<container type="box">7</container>
					</did>
				</c02>
				<c02>
					<did>
						<unittitle>FWCA Annual Reports</unittitle>
						<unitdate>1988-90</unitdate>
						<physdesc>1 folder</physdesc>
						<container type="box">7</container>
					</did>
				</c02>
				<c02>
					<did>
						<unittitle>FWCA Annual Report</unittitle>
						<unitdate>1991</unitdate>
						<physdesc>1 folder</physdesc>
						<container type="box">7</container>
					</did>
				</c02>
				<c02>
					<did>
						<unittitle>FWCA correspondence</unittitle>
						<unitdate>1991</unitdate>
						<physdesc>1 folder</physdesc>
						<container type="box">7</container>
					</did>
				</c02>
				<c02>
					<did>
						<unittitle>FWCA discussion about annual report</unittitle>
						<unitdate>1991</unitdate>
						<physdesc>1 folder</physdesc>
						<container type="box">7</container>
					</did>
				</c02>
				<c02>
					<did>
						<unittitle>Jane Ann Smith <emph render="italic">Designs for Higher
								Education</emph></unittitle>
						<unitdate>1987</unitdate>
						<physdesc>1 folder</physdesc>
						<container type="box">7</container>
					</did>
					<scopecontent>
						<p>Prepared for an organizational meeting of Quaker Studies for Human
							Betterment</p>
					</scopecontent>
				</c02>
				<c02>
					<did>
						<unittitle>FWC Development Plan</unittitle>
						<unitdate>1988-89</unitdate>
						<physdesc>1 folder</physdesc>
						<container type="box">7</container>
					</did>
				</c02>
				<c02>
					<did>
						<unittitle>FWC Visitation Reports</unittitle>
						<unitdate>1987-90</unitdate>
						<physdesc>1 folder</physdesc>
						<container type="box">7</container>
					</did>
				</c02>
				<c02>
					<did>
						<unittitle>Visit to FWC Latin America Center, Costa Rica</unittitle>
						<unitdate>1990</unitdate>
						<physdesc>1 folder</physdesc>
						<container type="box">7</container>
					</did>
				</c02>
				<c02>
					<did>
						<unittitle>FWC Deliberations Over Merger</unittitle>
						<unitdate>1990-91</unitdate>
						<physdesc>1 folder</physdesc>
						<container type="box">7</container>
					</did>
				</c02>
				<c02>
					<did>
						<unittitle>FWC Affiliation Agreement</unittitle>
						<unitdate>1991</unitdate>
						<physdesc>1 folder</physdesc>
						<container type="box">7</container>
					</did>
				</c02>
				<c02>
					<did>
						<unittitle>FWC Law Suit</unittitle>
						<unitdate>1990-93</unitdate>
						<physdesc>1 folder</physdesc>
						<container type="box">7</container>
					</did>
				</c02>
				<c02>
					<did>
						<unittitle>FWCA Gilbert/Garven Report to NYYM</unittitle>
						<unitdate>1991</unitdate>
						<physdesc>1 folder</physdesc>
						<container type="box">8</container>
					</did>
				</c02>
				<c02>
					<did>
						<unittitle>FWCA Brian Cashdollar</unittitle>
						<unitdate>1991</unitdate>
						<physdesc>1 folder</physdesc>
						<container type="box">8</container>
					</did>
					<scopecontent>
						<p>Chronology of Events.</p>
					</scopecontent>
				</c02>
				<c02>
					<did>
						<unittitle>FWCA NYYM Trustee Litigation</unittitle>
						<unitdate>1991</unitdate>
						<physdesc>1 folder</physdesc>
						<container type="box">8</container>
					</did>
				</c02>
				<c02>
					<did>
						<unittitle>FWCA New York Yearly Meeting</unittitle>
						<unitdate>1993</unitdate>
						<physdesc>1 folder</physdesc>
						<container type="box">8</container>
					</did>
				</c02>
				<c02>
					<did>
						<unittitle>FWCA Administration Reports to Trustees</unittitle>
						<unitdate>1991</unitdate>
						<physdesc>1 folder</physdesc>
						<container type="box">8</container>
					</did>
				</c02>
				<c02>
					<did>
						<unittitle>Re-activating FWC Association</unittitle>
						<unitdate>1996</unitdate>
						<physdesc>1 folder</physdesc>
						<container type="box">8</container>
					</did>
				</c02>
				<c02>
					<did>
						<unittitle>NYYM Council of Overseers for Friends World
							College/Program</unittitle>
						<unitdate>1997</unitdate>
						<physdesc>1 folder</physdesc>
						<container type="box">8</container>
					</did>
				</c02>
				<c02>
					<did>
						<unittitle>FWCA Membership Correspondence</unittitle>
						<unitdate>1979-88</unitdate>
						<physdesc>1 folder</physdesc>
						<container type="box">8</container>
					</did>
				</c02>
				<c02>
					<did>
						<unittitle>FWCA Membership Information</unittitle>
						<unitdate>1987</unitdate>
						<physdesc>1 folder</physdesc>
						<container type="box">8</container>
					</did>
				</c02>
				<c02>
					<did>
						<unittitle>FWCA Rosa Packard Correspondence</unittitle>
						<unitdate>1989-91</unitdate>
						<physdesc>1 folder</physdesc>
						<container type="box">8</container>
					</did>
				</c02>
				<c02>
					<did>
						<unittitle>FWCA Defense Fund</unittitle>
						<unitdate>1991</unitdate>
						<physdesc>1 folder</physdesc>
						<container type="box">8</container>
					</did>
				</c02>
				<c02>
					<did>
						<unittitle>FWCA Vitae</unittitle>
						<unitdate>1990</unitdate>
						<physdesc>1 folder</physdesc>
						<container type="box">8</container>
					</did>
				</c02>
				<c02>
					<did>
						<unittitle>FWC Student Journal</unittitle>
						<unitdate>1988</unitdate>
						<physdesc>1 folder</physdesc>
						<container type="box">8</container>
					</did>
				</c02>
				<c02>
					<did>
						<unittitle>FWC Student Handbook</unittitle>
						<unitdate>1987-89</unitdate>
						<physdesc>1 folder</physdesc>
						<container type="box">8</container>
					</did>
				</c02>
				<c02>
					<did>
						<unittitle>FWC A World of Learning: A Self-Study</unittitle>
						<unitdate>1987</unitdate>
						<physdesc>1 folder</physdesc>
						<container type="box">8</container>
					</did>
				</c02>
				<c02>
					<did>
						<unittitle>FWC Catalogues</unittitle>
						<unitdate>1989-91</unitdate>
						<physdesc>1 folder</physdesc>
						<container type="box">8</container>
					</did>
				</c02>
				<c02>
					<did>
						<unittitle>FWC Awards, Scholarships, Graduation</unittitle>
						<unitdate>1991</unitdate>
						<physdesc>1 folder</physdesc>
						<container type="box">8</container>
					</did>
				</c02>

			</c01>
		</dsc>
	</archdesc>
</ead>
