﻿<?xml version="1.0" encoding="UTF-8"?>
<tt xml:lang="en" xmlns="http://www.w3.org/ns/ttml" xmlns:ttm="http://www.w3.org/ns/ttml#metadata" xmlns:tts="http://www.w3.org/ns/ttml#styling">
  <head>
    <layout>
      <region style="defaultSpeaker" xml:id="speaker"></region>
    </layout>
    <styling>
      <style xml:id="defaultSpeaker" tts:fontSize="24px" tts:fontFamily="Arial" tts:fontWeight="normal" tts:fontStyle="normal" tts:textDecoration="none" tts:color="white" tts:backgroundColor="black" tts:textAlign="center" tts:origin="10% 85%" tts:extent="80% 10%" />
      <style xml:id="defaultCaption" tts:fontSize="24px" tts:fontFamily="Arial" tts:fontWeight="normal" tts:fontStyle="normal" tts:textDecoration="none" tts:color="white" tts:backgroundColor="black" tts:textAlign="center" tts:origin="10% 85%" tts:extent="80% 10%" />
    </styling>
  </head>
  <body style="defaultCaption" xml:id="thebody">
    <div xml:lang="en">
      <p begin="00:00:00.07" end="00:00:02.90" region="speaker"><metadata ccrow="13" cccol="6"/>On Jan. 20, all eyes<br></br>will be on Washington,</p>
      <p begin="00:00:02.90" end="00:00:06.63" region="speaker"><metadata ccrow="13" cccol="0"/>D.C., as Donald Trump takes the<br></br>oath of office. But people won&apos;t</p>
      <p begin="00:00:06.63" end="00:00:09.00" region="speaker"><metadata ccrow="13" cccol="2"/>see all the work behind the<br></br>scenes that will make the White</p>
      <p begin="00:00:09.00" end="00:00:12.40" region="speaker"><metadata ccrow="13" cccol="2"/>House livable as soon as the<br></br>president-elect is sworn in.</p>
      <p begin="00:00:12.40" end="00:00:15.40" region="speaker"><metadata ccrow="13" cccol="1"/>Anita McBride was Laura Bush&apos;s<br></br>chief of staff at the end of her</p>
      <p begin="00:00:15.40" end="00:00:19.30" region="speaker"><metadata ccrow="13" cccol="0"/>tenure as first lady, so McBride<br></br>has seen the organized chaos</p>
      <p begin="00:00:19.30" end="00:00:22.60" region="speaker"><metadata ccrow="13" cccol="1"/>firsthand when the White House<br></br>changes residents. &quot;There&apos;s the</p>
      <p begin="00:00:22.60" end="00:00:27.13" region="speaker"><metadata ccrow="13" cccol="0"/>traditional joint congressional<br></br>committee on inaugurals that</p>
      <p begin="00:00:27.13" end="00:00:30.20" region="speaker"><metadata ccrow="13" cccol="4"/>will escort the outgoing<br></br>president of the United States</p>
      <p begin="00:00:30.20" end="00:00:32.60" region="speaker"><metadata ccrow="13" cccol="4"/>and vice president from<br></br>the White House with the</p>
      <p begin="00:00:32.60" end="00:00:35.90" region="speaker"><metadata ccrow="13" cccol="2"/>president-elect and the vice<br></br>president-elect. And when they</p>
      <p begin="00:00:35.90" end="00:00:41.60" region="speaker"><metadata ccrow="13" cccol="5"/>leave the White House<br></br>approximately around 11 a.m. to</p>
      <p begin="00:00:41.60" end="00:00:45.07" region="speaker"><metadata ccrow="13" cccol="4"/>head up to the Capitol,<br></br>then the orchestrated chaos,</p>
      <p begin="00:00:45.07" end="00:00:47.13" region="speaker"><metadata ccrow="13" cccol="7"/>and the ballet, as<br></br>we like to call it,</p>
      <p begin="00:00:47.13" end="00:00:51.10" region="speaker"><metadata ccrow="13" cccol="1"/>is going on behind the scenes<br></br>in the residence.&quot; White House</p>
      <p begin="00:00:51.10" end="00:00:54.43" region="speaker"><metadata ccrow="13" cccol="0"/>staffers have a tight window to<br></br>clean and get everything ready</p>
      <p begin="00:00:54.43" end="00:00:57.23" region="speaker"><metadata ccrow="13" cccol="0"/>for the new commander in chief.<br></br>&quot;There is about a six-hour</p>
      <p begin="00:00:57.23" end="00:00:59.23" region="speaker"><metadata ccrow="13" cccol="8"/>period, maybe a<br></br>little less than that,</p>
      <p begin="00:00:59.23" end="00:01:04.23" region="speaker"><metadata ccrow="13" cccol="0"/>to clean the house, pack up the<br></br>outgoing president&apos;s belongings</p>
      <p begin="00:01:06.77" end="00:01:10.20" region="speaker"><metadata ccrow="13" cccol="0"/>and unpack those belongings that<br></br>have been brought down by the</p>
      <p begin="00:01:10.20" end="00:01:12.70" region="speaker"><metadata ccrow="13" cccol="2"/>new first family.&quot; Although<br></br>there are new politicians,</p>
      <p begin="00:01:12.70" end="00:01:15.30" region="speaker"><metadata ccrow="13" cccol="1"/>the people who make living at<br></br>the White House possible will</p>
      <p begin="00:01:15.30" end="00:01:18.40" region="speaker"><metadata ccrow="13" cccol="3"/>stay the same. &quot;These are<br></br>the 100 people who serve</p>
      <p begin="00:01:18.40" end="00:01:20.87" region="speaker"><metadata ccrow="13" cccol="7"/>administration to<br></br>administration,</p>
      <p begin="00:01:20.87" end="00:01:24.50" region="speaker"><metadata ccrow="13" cccol="1"/>and their sole responsibility<br></br>is the care and feeding of the</p>
      <p begin="00:01:24.50" end="00:01:27.87" region="speaker"><metadata ccrow="13" cccol="4"/>president and the first<br></br>family. These are the painters,</p>
      <p begin="00:01:27.87" end="00:01:30.73" region="speaker"><metadata ccrow="13" cccol="7"/>the electricians,<br></br>the housekeepers,</p>
      <p begin="00:01:30.73" end="00:01:33.57" region="speaker"><metadata ccrow="13" cccol="1"/>the cooks, the pastry chefs.&quot;<br></br>And though first lady Melania</p>
      <p begin="00:01:33.57" end="00:01:35.97" region="speaker"><metadata ccrow="13" cccol="3"/>Trump won&apos;t move into the<br></br>White House until later,</p>
      <p begin="00:01:35.97" end="00:01:39.30" region="speaker"><metadata ccrow="13" cccol="1"/>she&apos;ll have an important role<br></br>when she gets there. &quot;Every</p>
      <p begin="00:01:39.30" end="00:01:46.17" region="speaker"><metadata ccrow="13" cccol="1"/>first lady - past, present and<br></br>future - cares most about the</p>
      <p begin="00:01:46.17" end="00:01:51.27" region="speaker"><metadata ccrow="13" cccol="1"/>sanctuary around their family<br></br>life and protecting that private</p>
      <p begin="00:01:51.27" end="00:01:55.03" region="speaker"><metadata ccrow="13" cccol="3"/>time and keeping children<br></br>grounded if they&apos;re living in</p>
      <p begin="00:01:55.03" end="00:01:59.90" region="speaker"><metadata ccrow="13" cccol="0"/>the White House and providing a<br></br>comfortable home life for the</p>
      <p begin="00:01:59.90" end="00:02:03.03" region="speaker"><metadata ccrow="13" cccol="2"/>president. Because arguably,<br></br>every single problem in the</p>
      <p begin="00:02:03.03" end="00:02:04.77" region="speaker"><metadata ccrow="13" cccol="4"/>world comes to the desk<br></br>of the American president,</p>
      <p begin="00:02:04.77" end="00:02:07.77" region="speaker"><metadata ccrow="13" cccol="2"/>but at night, he gets to go<br></br>home and be with his family.&quot;</p>
    </div>
  </body>
</tt>
