﻿<?xml version="1.0" encoding="UTF-8"?>
<tt xml:lang="en" xmlns="http://www.w3.org/ns/ttml" xmlns:ttm="http://www.w3.org/ns/ttml#metadata" xmlns:tts="http://www.w3.org/ns/ttml#styling">
  <head>
    <layout>
      <region style="defaultSpeaker" xml:id="speaker"></region>
    </layout>
    <styling>
      <style xml:id="defaultSpeaker" tts:fontSize="24px" tts:fontFamily="Arial" tts:fontWeight="normal" tts:fontStyle="normal" tts:textDecoration="none" tts:color="white" tts:backgroundColor="black" tts:textAlign="center" tts:origin="10% 85%" tts:extent="80% 10%" />
      <style xml:id="defaultCaption" tts:fontSize="24px" tts:fontFamily="Arial" tts:fontWeight="normal" tts:fontStyle="normal" tts:textDecoration="none" tts:color="white" tts:backgroundColor="black" tts:textAlign="center" tts:origin="10% 85%" tts:extent="80% 10%" />
    </styling>
  </head>
  <body style="defaultCaption" xml:id="thebody">
    <div xml:lang="en">
      <p begin="00:00:00.00" end="00:00:03.40" region="speaker"><metadata ccrow="13" cccol="0"/>Human Rights Watch just released<br></br>the World Report for 2017,</p>
      <p begin="00:00:03.40" end="00:00:07.03" region="speaker"><metadata ccrow="13" cccol="2"/>and it takes aim at incoming<br></br>U.S. president Donald Trump. In</p>
      <p begin="00:00:07.03" end="00:00:09.27" region="speaker"><metadata ccrow="13" cccol="1"/>its annual report on worldwide<br></br>human rights threats,</p>
      <p begin="00:00:09.27" end="00:00:12.30" region="speaker"><metadata ccrow="13" cccol="1"/>the nonprofit, nongovernmental<br></br>organization said the U.S. and</p>
      <p begin="00:00:12.30" end="00:00:15.40" region="speaker"><metadata ccrow="13" cccol="0"/>the president-elect pose a human<br></br>rights risk. Human Rights Watch</p>
      <p begin="00:00:15.40" end="00:00:18.53" region="speaker"><metadata ccrow="13" cccol="0"/>Executive Director Kenneth Roth<br></br>linked Trump and his supporters</p>
      <p begin="00:00:18.53" end="00:00:21.43" region="speaker"><metadata ccrow="13" cccol="4"/>in the U.S. to European<br></br>far-right parties gaining</p>
      <p begin="00:00:21.43" end="00:00:24.43" region="speaker"><metadata ccrow="13" cccol="2"/>popularity through divisive<br></br>policies and rhetoric. According</p>
      <p begin="00:00:24.43" end="00:00:27.23" region="speaker"><metadata ccrow="13" cccol="2"/>to the group, these parties<br></br>justify violating human rights</p>
      <p begin="00:00:27.23" end="00:00:30.23" region="speaker"><metadata ccrow="13" cccol="1"/>because they claim the public<br></br>accepts it as necessary.</p>
      <p begin="00:00:30.23" end="00:00:33.03" region="speaker"><metadata ccrow="13" cccol="1"/>Specifically, the group warned<br></br>against promises of &quot;prosperity</p>
      <p begin="00:00:33.03" end="00:00:35.77" region="speaker"><metadata ccrow="13" cccol="2"/>and security&quot; through harsh<br></br>policies that often violate</p>
      <p begin="00:00:35.77" end="00:00:37.77" region="speaker"><metadata ccrow="13" cccol="0"/>basic human rights. Focusing on<br></br>Trump,</p>
      <p begin="00:00:37.77" end="00:00:40.83" region="speaker"><metadata ccrow="13" cccol="0"/>the report says his campaign was<br></br>&quot;marked by misogynistic,</p>
      <p begin="00:00:40.83" end="00:00:43.37" region="speaker"><metadata ccrow="13" cccol="5"/>xenophobic, and racist<br></br>rhetoric.&quot; It also says the</p>
      <p begin="00:00:43.37" end="00:00:46.23" region="speaker"><metadata ccrow="13" cccol="4"/>president-elect embraces<br></br>policies harmful to &quot;vulnerable</p>
      <p begin="00:00:46.23" end="00:00:49.13" region="speaker"><metadata ccrow="13" cccol="1"/>communities.&quot; The report also<br></br>took aim at several &quot;strongman&quot;</p>
      <p begin="00:00:49.13" end="00:00:51.90" region="speaker"><metadata ccrow="13" cccol="1"/>leaders in Russia, China, the<br></br>Philippines and Turkey,</p>
      <p begin="00:00:51.90" end="00:00:55.07" region="speaker"><metadata ccrow="13" cccol="1"/>and said the rise of populist<br></br>leaders in the U.S. and Europe</p>
      <p begin="00:00:55.07" end="00:00:57.77" region="speaker"><metadata ccrow="13" cccol="0"/>allows abuse from other leaders<br></br>worldwide. The group says in</p>
      <p begin="00:00:57.77" end="00:01:00.40" region="speaker"><metadata ccrow="13" cccol="1"/>order to protect human rights,<br></br>governments must dedicate</p>
      <p begin="00:01:00.40" end="00:01:02.07" region="speaker"><metadata ccrow="13" cccol="4"/>themselves to rejecting<br></br>intolerance.</p>
    </div>
  </body>
</tt>
