<?xml version="1.0" encoding="utf-8" ?><content>
		<page section="LANDING">
		<top><![CDATA[<body><h1>Hello is a creative digital agency. We create intelligent, living systems for people to experience. We believe in building systems that are useful, usable, and desirable.</h1></body>]]></top>
			<middle collumns="1">
						<text><![CDATA[<body>We are passionate about the interactive medium and immerse ourselves in it each and every day. From brand identities to immersive online experiences to touch-screen kiosks, we are always looking to innovate. Good design is a given and often our multi-disciplinary approach leads us into uncharted territory. Technology doesn’t scare us and in fact we’ve become quite good friends. We are a different breed and work hard to perfect our craft.

Hello was founded over ten years ago with one goal–quality in everything we do. Since that first day, we strive to bring quality thinking and execution to the table no matter the size of our projects or clients. We firmly believe that without the strength of a brilliant idea and an eye for detailed follow through, an experience never realizes its full potential. 


</body>]]></text>
					</middle>
	</page>
		<page section="PHILOSOPHY">
		<top><![CDATA[<body><h1>Hello. It is a greeting that starts a conversation. It is friendly and universally understood. It is about establishing relationships and always comes with a smile. Hello is communication, and simply what we do.</h1>
Our culture at Hello is defined by the fact that we all have a passion for our craft. Our meticulous process is a blend of common sense and hard work. Here are a few principles we live by:</body>]]></top>
			<middle collumns="2">
						<right><![CDATA[<body><b>Exceed Expectations</b>
Start with an idea then run with it. Embody a spirit of adventure and exploration because new discoveries may be just around the corner. Iterative innovation is the key. Go a step further, think a little differently, and you may end up with a few pleasant surprises.

<b>Crave Beauty</b>
Obsess over pixels. Border on fanatical about detail. Take the time to make it right. Quality is a given. Don’t be mediocre, never compromise, and never make excuses. Produce beauty, stimulate emotions, and bring people’s senses to life. Make it human.  

<b>Create Delight</b>
Engage people with pleasant surprises. Ignite lust to create a competitive advantage. Make it a breeze for people to find what they are looking for. Make it worth their time to explore. Happy people always come back for more.

<b>Think “What If?”</b>
Sketch the future. Push the limits. Experiment to learn. Stay up late dreaming about what doesn’t exist. Think deeper, look deeper. Prototype your ideas. Show, don’t tell. Make plenty of mistakes and let accidents happen. Successful failures eventually lead to success. If it sounds ludicrous, you probably have a good idea. Imagine that.


</body>]]></right>
						<left><![CDATA[<body><b>Be Good</b>
Good design is pure. Good design is innovative. Good design is beautiful. Good design is honest. Good design is timeless. Good design is an advantage. Choose to be good.

<b>Listen</b>
Be a sponge. Listen first or you will never fully understand. Deep understanding leads to exceptional results. Observe, experience, relate. Soak it all up and don’t forget to write it down. 

<b>Don’t Grow Up</b>
Be a kid and let your curiosity take over. Ask questions—lots of them. Questions lead to answers. Never assume you know all the answers. Sometimes it takes an outsider to stir things up. Disrupt the status quo to gain a new perspective. Keep an open mind and don’t jump to conclusions.

<b>Content is the Soul</b>
Find your voice and speak out. Start a dialogue, tell a story, make people laugh. Most of all, take the time to nourish your brand. Remember, your brand is a promise. It’s about relationships, so go out and make some new friends.

<b>Invent Door Knobs</b>
Your solution should be easy to understand and use. It makes itself understood immediately. If it requires a manual, go back to the drawing board. Create transparent interfaces so people don’t have to think. A simple solution always works (and is often the most difficult to achieve).


</body>]]></left>
					</middle>
	</page>
		<page section="TEAM">
		<top><![CDATA[<body><h1>Our team of people is a diverse group that hails from all around the globe. We live in Los Angeles and have collaborated with clients down the street to as far away as Tokyo and Barcelona.</h1></body>]]></top>
			<middle collumns="1">
						<text><![CDATA[<body>Hello builds teams around our clients that are relatively small and highly specialized at what they do. Designers, strategists, information architects, producers, and technologists bring a unique mix of talents to each of our projects. We operate under the principles of speed, precision, and close teamwork. Eleven countries and counting have brought unique perspectives and cultures to Hello. When you work with us, you only get the smartest, and most talented people.

We are in good company. Hello is part of the MDC Partners network which includes leading agencies such as Crispin Porter + Bogusky, kirshenbaum bond senecal + partners, mono, HL Group, Redscout, Zyman Group, and Bruce Mau Design. This allows us to be entrepreneurial and collaborative with some of the most creative teams in the world.

<h1>Leadership</h1>
<b>David Lai</b>
CEO/Creative Director
David co-founded Hello with the simple goal to create quality work for diverse clients. With over 15 years of experience, David provides strategic and creative leadership for the agency. Clients include Sony, USA Network, Herman Miller, MoMA, Toyota, and TaylorMade Golf. Prior to Hello, David worked at award-winning interactive agencies, Studio Archetype and cow. A graduate from Cornell University and Andover, David has won numerous awards and recognition for his work including a Cannes Cyber Lion, Webby, One Show Pencil, and Flash Film Festival Arrows. His designs have also been featured in Communication Arts, I.D., HOW, Print and Graphis, as well as numerous other publications and books. He is a sought-after speaker, has taught at the Art Center College of Design and was on the Advisory Board of the AIGA Los Angeles. 

<b>Hiro Niwa</b>
Creative Director
Hiro is responsible for making the complex simple. As co-founder of Hello, he steers the creative team and remains a hands-on designer at the same time. After receiving a BFA degree in graphic design from California State University, Long Beach, Hiro became the first Lead Designer at the award-winning interactive studio cow. With a firm grasp of information and user interface design, Hiro crafted innovative solutions for some of the world’s leading brands such as Mercedes-Benz, Disney, Pioneer, Tetra Pak, and Nestlé. His work on the Mercedes-Benz E-Class timeline led to eight awards for design excellence, including a CLIO nomination. He has won numerous awards including a Cannes Cyber Lion and Webby, and was named one of the 100 top producers of the year by AV Video Multimedia Producer in 2000. His designs are published internationally in numerous books and publications including Communication Arts, I.D., STEP, and Graphis. Hiro has also taught at the world-renowned Art Center College of Design in Pasadena.

<b>Scott Arenstein</b>
Managing Partner
Scott manages client engagement at Hello, ensuring quality work and exceptional customer experience. As Managing Partner, Scott leads the account team providing strategic direction and successful execution of projects. More recently, he has helped lead Herman Miller in executing a new digital strategy including a new web site, digital tools and applications, and social media presence. He has also led the Los Angeles Philharmonic by introducing interactive digital touch points including online gaming and mobile applications. Scott has worked with a diverse range of clients including Mattel, Callaway Golf, Intel, Los Angeles County Museum of Art (LACMA) and the Broad Foundations. Scott’s leadership in project execution has won ADDY, Communication Arts, One Show Interactive, FWA, and Webby awards. Prior to joining Hello in 2007, Scott worked at award-winning interactive agency, Pop Art. He received his Bachelor’s degree magna cum laude in Economics and Music History from Occidental College. 

<b>Szu Ann Chen</b>
Account Director
As part of the Hello team for over 10 years, Szu Ann’s role as Account Director has shaped a user-centric approach to designing interactive solutions. She manages brand identity and equity, long-term partnerships, and also ensures digital efforts meet marketing and business goals for Hello’s clients. Szu Ann works with varied clients such as Nike, Yahoo!, the Smithsonian Institution, and National Geographic in identifying digital opportunities including social media, ecommerce, SEO, email marketing, tools and applications. More recently, she has worked with Herman Miller and Dermalogica in ongoing campaigns to design and develop new online initiatives. Her collection of awards includes a Cannes Cyber Lion, AIGA, ADDY, Webby Official Honoree, SXSW Finalist, and Graphis among others. Szu Ann comes from a background of advertising in media planning at Grey Advertising and public relations.

<b>George Lee</b>
Account Director
George ensures Hello creates amazing experiences for consumers through a blending of creative, technology, account, and production disciplines. As Account Director, he builds and establishes long-term partnerships with clients and leads campaigns that push creative and technological limits. George has managed our relationship with Sony over a 10-year period, driving innovative ways to market their products and campaigns. His work on USANetwork.com incorporated the network’s rebrand as well as a content management tool, embedded video, and a community site for user-generated content. George has won a Webby Official Honoree on behalf of USANetwork.com, a 2009 WebAward for Outstanding Achievement in Web Development, and FWA Awards for the Sony Altus site and Intel/BMW’s YouBeTheDriver.com. A Cornell University graduate, George was formerly a consultant at the Andersen Consulting Enterprise Business Solution practice, working with clients such as the New York Times.


</body>]]></text>
					</middle>
	</page>
		<page section="CLIENTS">
		<top><![CDATA[<body><h1>Our clients believe in the power of a great idea. They are brave and believe in revolutionary change. They strive to be the best, where good enough is never enough. Since 1999, we have been privileged to be able to collaborate with a select group of leading businesses and institutions:</h1></body>]]></top>
			<middle collumns="3">
						<right><![CDATA[<body>Paxonix
PBS
Relief International
Remo Drums
Saatchi & Saatchi LA
SCI-Arc
Sesame Workshop
Shopzilla
simplehuman
Smithsonian Institution
Sony
Sony Pictures
Sony Style
Symantec
TaylorMade Golf
Tiger Woods Foundation
Tillamook
Toy
Toyota
USA Network
Veoh
The Andy Warhol Foundation
Wieden+Kennedy
Wired
World Vision
Yahoo!
Yahoo! Games
Yext
Zig


</body>]]></right>
						<center><![CDATA[<body>Ingram Micro
Kaenon Polarized
KCET
KCRW
The Kennedy Center
Kinsey
Kyocera Wireless
LACMA
Los Angeles Conservancy
Los Angeles Philharmonic
MapQuest
Mattel
MDC Partners
Molson
mono
The Museum of Modern Art
National Geographic
National Geographic Channel
Natural History Museum
NBC Universal
NBC Sports
NEC Design
Neutrogena
Nike
Ninth House
Nordstrom
Oakley
OfficeMax
OTIS
</body>
]]></center>
						<left><![CDATA[<body>Adobe
AIGA
Aiwa
Ameristar Casinos
Amgen
AOL
beso
bizrate
BMW
BLK/MRKT
Boeing
The Broad Foundations
Callaway Golf
Cass Bird Photography
Columbia Tristar
Crispin Porter + Bogusky
Dermalogica
Disney
Flexcar
G4
General Mills
The J. Paul Getty Trust
Hallmark Channel
Harkham
Hammer Museum
Herman Miller
The Huntington
Imagine Entertainment
Intel
</body>
]]></left>
					</middle>
	</page>
		<page section="AWARDS">
		<top><![CDATA[<body><h1>We like to win. Our collection so far includes a Cannes Lion, the Webby Awards, One Show Pencil, BDA Isis, ADDY Awards, and a couple of Flash Film Festival Arrows. Hello has also won awards and recognition from these publications and organizations: Communication Arts, I.D., HOW, Print, STEP, WebAward, SXSW, D&AD, The Art Director’s Club, FITC, Graphis, Taschen, and the AIGA.</h1></body>]]></top>
			<middle collumns="2">
						<right><![CDATA[<body><b>I.D.</b>
<i>Annual Design Review</i>
<li>Herman Miller, Honorable Mention, 2010</li><li>Callaway Golf Hit It Pure, Honorable Mention, 2010</li><li>Bravo Gustavo, Honorable Mention, 2010</li><li>Sony Altus, Honorable Mention, 2010</li><li>Toyota Yaris Virtual Test Drive, Honorable Mention, 2007</li><i>Interactive Media Design Review</i><li>Adobeville, Bronze, 2001</li>
<b>Japan Prize</b>
<li>KCET A Place of Our Own, The Best Web Prize, 2006</li>
<b>Macromedia</b>
<i>Showcase</i>
<li>Smithsonian Star-Spangled Banner, Feature, 2000</li><i>Site of the Day</i>
<li>C O D E, March 20, 2001</li><li>National Geographic Great Barrier Reef, February 6, 2000</li>
<b>Museums and the Web</b>
<li>Bauhaus: Workshops for Modernity, Best of the Web Award Winner, 2010</li><li>Curating the City, Best of the Web Award Winner, 2006</li>
<b>One Show Interactive</b>
<li>Herman Miller, Merit, Durable Goods, 2010</li><li>Toyota Land Cruiser Experience, Merit, Microsites/Product-Specific Subsites, 2008</li><li>A Gift From OfficeMax, Merit, Business to Consumer, 2007</li><li>Toyota Yaris Virtual Test Drive, Merit, Business to Consumer, 2007</li><li>Curating the City, Merit, Public Service/Non-Profit, 2006</li><li>Aiwaworld, Silver Pencil, 2005</li>
<b>Peabody Awards</b>
<li>KCET A Place of Our Own, 2006</li>
<b>Pirelli International Award</b>
<li>C O D E, Finalist, 2004</li>
<b>Planetizen</b>
<li>Curating the City, Top 10 Websites, 2006</li>
<b>Print</b>
<i>Creativity + Commerce</i>
<li>Herman Miller: POV, Winner, 2012</li><i>Color In Design Awards</i>
<li>Bauhaus: Workshops for Modernity, 2011</li><i>Regional Design Annual</i>
<li>Herman Miller: Collection, 2012</li><li>Herman Miller: Why Design, 2012</li><li>Herman Miller: POV, 2012</li><li>Herman Miller: Eames, 2012</li><li>30 days of simple, 2012</li><li>Hello Interactive T-Shirt, 2007</li><i>Digital Design Annual</i>
<li>Holiday Wish Genie, Winner, 2002</li><i>Interaction Annual</i>
<li>Nike Presto, Winner, 2003</li><li>Sony Pictures, Winner, 2001</li>
<b>Promax/BDA</b>
<li>USA Network, Silver Isis, Consumer Website-Broadcast, 2006</li>
<b>Promotion Marketing Association</b>
<li>Everyday Explorer, Reggie Award Silver, 2006</li>
<b>The Rosey Awards</b>
<li>Tillamook Cheese'wich App, Award of Excellence, 2011</li><li>Tillamook Natural vs Processed Cheese, Award of Merit, 2013</li>
<b>STEP Inside Design</b>
<i>Best of Web Design Annual</i>
<li>SCI-Arc, Winner, 2008</li><li>WIRED Science, Winner, 2008</li><li>Toyota Yaris Virtual Test Drive, Judge’s Selection: Best In Show, 2007</li><li>Eat Better America, Merit, 2007</li><li>Huntington Conservatory, Merit, 2007</li><li>USA Network, Judge’s Pick, 2006</li><li>Curating the City, Winner, Information, 2006</li><li>Everyday Explorer, Winner, Information, 2006</li><li>Aiwaworld, Winner, 2005</li><li>Cassbird Photography, Winner, 2005</li>
<b>"The Show" Awards</b>
<li>USA Network, 2006</li><li>USA Show Us Your Character, 2006</li>
<b>SXSW Interactive</b>
<li>Tillamook A Naturally-Aged Story, Business Finalist, 2014</li><li>The Andy Warhol Foundation for the Visual Arts, Art Finalist, 2010</li><li>WIRED Science, Film/TV Finalist, 2008</li>
<b>The Webby Awards</b>
<li>Lucas Museum of Narrative Art, Official Honoree, 2015</li><li>LA Phil Walt Disney Concert Hall 10th Anniversary, Official Nominee, 2014</li><li>Sesame Workshop, Official Nominee, 2012</li><li>UCLA A.UD, Official Nominee, 2012</li><li>Page Museum at the La Brea Tar Pits, Official Honoree, 2012</li><li>Bauhaus: Workshops for Modernity, Official Nominee, 2010</li><li>Herman Miller, Official Honoree, 2010</li><li>TaylorMade Golf Touch Screen, Official Honoree, 2010</li><li>Sony Altus, Official Nominee, 2010</li><li>Otis College of Art & Design, Official Nominee, 2009</li><li>Hammer Museum, Official Honoree, 2009</li><li>Hello Design, Official Honoree, 2009</li><li>YouBeTheDriver.com, Official Honoree, 2009</li><li>The Broad Foundation, Official Honoree, 2009</li><li>SCI-Arc, Official Nominee, 2008</li><li>WIRED Science, Official Honoree, 2008</li><li>Toyota Yaris Virtual Test Drive, Winner-People’s Choice, 2007</li><li>Eat Better America, Official Nominee, 2007</li><li>National Geographic My Wonderful World, Official Nominee, 2007</li><li>USA Show Us Your Character, Official Honoree, 2007</li><li>KCET A Place of Our Own, Official Nominee, 2005</li>
<b>Web Marketing Association</b>
<i>WebAward</i>
<li>USA Network, Best Media Website, 2007</li><li>USA Network, Best TV Website, 2007</li><li>USA Network Nashville Star, Outstanding Website, 2007</li><li>USA Network Psych, Outstanding Website, 2007</li><li>USA Network Monk, Outstanding Website, 2007</li><li>USA Show Us Your Character, Standard of Excellence, 2006</li><li>USA Network, Best Broadcasting Website, 2006</li><li>USA Network Monk, Outstanding Website, 2006</li><li>USA Network Nashville Star, Outstanding Website, 2006</li></ul>


</body>]]></right>
						<left><![CDATA[<body><ul><b>ADC</b>
<i>84th Art Director's Annual</i> 
<li>Aiwaworld, Merit, 2005</li>
<b>ADDY Awards</b>
<li>Intel BMW F1 Aerodynamics Table, Silver, 2008</li><li>Toyota Land Cruiser Experience, Bronze, 2008</li><li>SCI-Arc, Bronze, 2008</li><li>WIRED Science, Bronze, 2008</li>
<b>AIGA</b>
<i>365: AIGA Annual Design Competition</i>
<li>Herman Miller, 2010</li><i>“Grown in California” Design Competition</i>
<li>Nike Presto, 2004</li><li>C O D E, 2004</li>
<b>American Association of Museums</b>
<i>MUSE Awards</i>
<li>Nature at NHM, Silver, 2014</li><li>Invention at Play, Gold, 2003</li><li>Smithsonian Star-Spangled Banner, Silver, 2000</li>
<b>AV</b>
<li>Hiro Niwa, Top 100 Producers, 2000</li>
<b>Awwwards</b>
<li>Speedo Fueled by Water, Honorable Mention, 2015</li><li>AutoZone Duralast, Honorable Mention, 2014</li><li>Tillamook, Honorable Mention, 2014</li><li>Speedo Art of the Cap, Site of the Day, 2014</li><li>LA Philharmonic Walt Disney Concert Hall 10th Anniversary, Honorable Mention, 2013</li><li>Sony The Power of Full Frame, Honorable Mention, 2013</li><li>Herman Miller Why Design, Honorable Mention, 2012</li>
<b>Cannes Cyber Lion</b>
<li>Aiwaworld, Silver, 2004</li>
<b>Communication Arts</b>
<i>Interactive Design Annual</i>
<li>Speedo Art of the Cap, 2015</li><li>Herman Miller, 2010</li><li>Curating the City, 2006</li><li>USA Network, 2006</li><li>Aiwaworld, 2005</li><li>C O D E, 2002</li><li>Smithsonian Star-Spangled Banner, 2000</li><i>Webpick</i><li>Speedo Fueled by Water, Webpick of the Week, 2015</li><li>Lucas Museum of Narrative Art, Webpick of the Week, 2015</li><li>Smithsonian Roads of Arabia, Webpick of the Day, 2013</li><li>Tillamook Natural vs. Processed, Webpick of the Day, 2012</li><li>Herman Miller Eames Documentary, Webpick of the Day, 2011</li><li>UCLA School of Architecture, Webpick of the Week, 2011</li><li>Herman Miller: POV, Webpick of the Day, 2011</li><li>Tillamook, Webpick of the Day, 2011</li><li>Herman Miller Store, Webpick of the Week, 2010</li><li>The Andy Warhol Foundation for the Visual Arts, Webpick of the Day, 2010</li><li>The Broad Art Foundation, Webpick of the Day, 2009</li><li>Mark Hanauer Photography, Webpick of the Day, 2009</li><li>SCI-Arc, Webpick of the Week, 2008</li><li>WIRED Science, Webpick of the Week, 2008</li><li>Eat Better America, Site of the Week, 2007</li><li>Toyota Yaris Virtual Test Drive, Site of the Week, 2006</li><li>Curating the City, Site of the Week, 2006</li><li>Aiwaworld, Feature, 2005</li><li>Remo, Site of the Week, 2005</li><li>USA Network, Site of the Week, 2005</li><li>Smithsonian West Point in the Making of America, Site of the Week, 2003</li>
<b>Core 77 Design Awards</b><li>Herman Miller: Collection, Visual Communication Professional Runner Up, 2014</li>
<b>Critique Magazine</b><li>Smithsonian Star-Spangled Banner, The Web Crit Winner, 2000</li>
<b>CSS Design Awards</b><li>Speedo Fueled by Water, Website of the Day, 2015</li><li>AutoZone Duralast, Website of the Day, 2014</li><li>Tillamook, Notable Mention, 2014</li><li>Tillamook A Naturally-Aged Story, Website of the Day, 2013</li>
<b>D&AD</b>
<li>Aiwaworld, Interactive and Digital Media Nomination, 2005</li>
<b>Educational Publishing</b>
<li>National Geographic Explorer, Nomination for Excellence, 2004</li>
<b>EPpy Awards</b>
<li>KCET A Place of Our Own, 2005</li>
<b>Flashforward</b>
<i>Film Festival</i>
<li>Toyota Yaris Virtual Test Drive, Winner, Video, 2007</li><li>Curating the City, Winner, Instructional, 2006</li><li>Remo Drums, Finalist, 2006</li><li>Invention at Play, Finalist, 2003</li><li>K-19, Finalist, 2003</li><li>Nike Presto, Finalist, 2003</li><li>C O D E, Finalist, 2002</li><li>Sound Visualizer, Finalist, 2001</li>
<b>FITC Awards</b>
<li>Tillamook Yogurt Yum Factory, Finalist, 2012</li><li>Curating the City, Finalist, 2006</li>
<b>The FWA: Favourite Website Awards</b>
<i>Site of the Day</i>
<li>Speedo Fueled by Water, 2015</li><li>30 days of simple, 2011</li><li>Sony Altus, 2009</li><li>Callaway Golf Hit It Pure, 2009</li><li>YouBeTheDriver.com, 2008</li><li>Toyota Land Cruiser Experience, 2007</li><li>Toyota Yaris Virtual Test Drive, 2006</li><li>USA Network, 2005</li>
<b>GRAPHIS</b>
<li>Callaway Golf Hit It Pure, Gold Winner, 2010</li><li>Sony Altus, Gold Winner, 2010</li><li>C O D E, 2004</li><li>AIGA Why Do You Design?, 2004</li><li>Nike Presto, 2004</li><li>Aiwaworld, 2004</li><li>National Geographic EarthPulse Virtual Worlds, 2004</li>
<b>HOW Design</b>
<i>Color In Design Award</i>
<li>Bauhaus: Workshops for Modernity, 2011</li><i>Interactive Design Annual</i><li>A Naturally-Aged Story, Merit, 2013</li><li>Walt Disney Concert Hall 10th Anniversary, Merit, 2013</li><li>Neocon 2013, Merit, 2013</li><li>simplehuman, Merit, 2012</li><li>Herman Miller, Merit, 2010</li><li>Hammer Museum, Merit, 2010</li><li>You Be The Driver, Merit, 2010</li><li>A Gift From OfficeMax Shake the Globe, Consumer Websites Outstanding, 2008</li><li>Toyota Yaris Virtual Test Drive, Merit, 2008</li><li>Art of the Explosion, Merit, 2007</li><li>Huntington Conservatory, Merit, 2007</li><li>AIGA Why Do You Design?, Merit, 2004</li><li>Molson USA, Merit, 2004</li><li>Smithsonian Star Spangled Banner, Merit, 2000</li><i>International Design Award</i>
<li>George Nelson Foundation Identity, Merit, 2012</li><i>Self-Promotion Design Annual</i><li>Hello Mug, Merit, 2008</li><li>Hello T-Shirt, Merit, 2000</li><i>Your Best Work Design Award</i><li>Large Firms/Agencies/Large In-House Groups, Honorable Mention, 2013</li></ul>


</body>]]></left>
					</middle>
	</page>
		<page section="PRESS">
		<top><![CDATA[<body><h1>Read about Hello and our work in these leading publications from around the world. We have lectured and given presentations at Flashforward, FITC, HOW Design Conference, AIGA, and the Art Center College of Design. Our agency has also welcomed students from OTIS, SCI-Arc, UCLA, Cal Arts, and numerous others to show them you can love what you do.</h1></body>]]></top>
			<middle collumns="2">
						<right><![CDATA[<body><b>BOOKS</b>

<a href="http://www.amazon.com/Damn-Good-Designers-All-Time-Favorite/dp/1440315485/ref=sr_1_13?ie=UTF8&qid=1337986574&sr=8-13"target="_blank">DAMN GOOD</a> 
Tim Lapetino + Jason Adam, HOW Books, 2011

<a href="http://www.amazon.com/gp/product/1118035674/ref=pd_lpo_k2_dp_sr_1?pf_rd_p=486539851&pf_rd_s=lpo-top-stripe-1&pf_rd_t=201&pf_rd_i=0805862927&pf_rd_m=ATVPDKIKX0DER&pf_rd_r=1W2E247HBBJ986EXGXRM"target="_blank">Visual Marketing</a> 
David Langton & Anita Campbell, Wiley, 2011

<a href="http://www.graphis.com/store/?p=525"target="_blank">Graphis Design Annual 2011</a> 
B. Martin Pedersen, 2010

<a href="http://www.designingforthegreatergood.com/index.html"target="_blank">Designing for the Greater Good</a>
Peleg Top & Jonathan Cleveland, Collins Design, 2010

<a href="http://www.amazon.com/Big-Book-Self-Promotion/dp/0061691690/ref=sr_1_1?ie=UTF8&s=books&qid=1244070528&sr=8-1"target="_blank">The Big Book of Self Promotion</a>
Suzanna Stephens, Collins Design, 2009

<a href="http://www.taschen.com/pages/en/catalogue/design/all/05204/facts.guidelines_for_online_success.htm"target="_blank">Guidelines for Online Success</a>
Rob Ford & Julius Wiedemann, Taschen, 2008

<a href="http://www.amazon.com/Information-Design-Workbook-approaches-inspiration/dp/1592534104/ref=pd_bbs_sr_1?ie=UTF8&s=books&qid=1211561433&sr=8-1"target="_blank">Information Design Workbook</a>
Kim Baer, 2008

The Web Design Annual
Japan, 2007

<a href="http://www.amazon.com/Color-Design-Workbook-Real-World-Graphic/dp/159253192X/ref=pd_bbs_sr_2?ie=UTF8&s=books&qid=1211327925&sr=8-2"target="_blank">Color Design Workbook</a>
Terry Lee Stone, Sean Adams, Noreen Morioka, 2006

<a href="http://www.amazon.com/Web-Design-Portfolios-ICONS-DESIGN/dp/B001TJEJC6/ref=sr_1_12?ie=UTF8&s=books&qid=1281051153&sr=8-12" target="_blank">Web Design: Portfolios</a>
Julius Wiedemann, Taschen, 2005

<a href="http://www.amazon.com/Interactive-Design-2005-Graphis/dp/1931241457/ref=sr_1_1?ie=UTF8&s=books&qid=1211328355&sr=8-1"target="_blank">Graphis Interactive Design 3</a>
B. Martin Pedersen, 2004

Design & New York
HeeHyeon Park, Ahn Graphics, Korea, 2004

<a href="http://www.pepinpress.com/catalogue/view/53"target="_blank">Web Design Index by Content 02</a>
Pepin Press, 2003

<a href="http://www.amazon.com/Web-Design-Flash-Sites-Icons/dp/3822840475/ref=sr_1_1?s=books&ie=UTF8&qid=1281050700&sr=1-1" target="_blank">Web Design: Flash Sites</a>
Julius Wiedemann, Taschen, 2003

<a href="http://www.taschen.com/pages/en/catalogue/design/all/03954/facts.web_design_e_commerce.htm" target="_blank">Web Design: E-Commerce</a>
Julius Wiedemann, Taschen, 2003

<a href="http://www.amazon.com/Macromedia-Flash-Interface-Design-Showcase/dp/0321123999/ref=sr_1_1?ie=UTF8&s=books&qid=1211328839&sr=8-1"target="_blank">Macromedia Flash Interface Design</a>
Darcy DiNucci, 2002

<a href="http://www.amazon.com/HTML-Web-Artistry-More-than/dp/0735710295/ref=sr_1_1?ie=UTF8&s=books&qid=1211328910&sr=8-1"target="_blank">HTML & Web Artistry 2: More Than Code</a>
Natalie Zee, Susan Harris, 2002

AIGA's Mark Your Territory: A Celebration of Logos, 2002

<a href="http://www.amazon.com/Education-Design-Entrepreneur/dp/1581152213/ref=sr_1_1?ie=UTF8&s=books&qid=1211328937&sr=1-1"target="_blank">The Education of a Design Entrepreneur</a>
Steven Heller, 2002

The Web Design Annual
Japan, 2001

<a href="http://www.amazon.com/Last-Mile-Broadband-Internet-Revolution/dp/0071363491/ref=sr_1_11?ie=UTF8&s=books&qid=1211496482&sr=1-11"target="_blank">The Last Mile: Broadband and the Next Internet Revolution</a>
Jason Wolf, Natalie Zee, 2000


<b>WEB</b>

Communication Arts: <a href="http://www.commarts.com/insights/one-hour-time.html" target="_blank"> “Insights: One Hour at a Time,”</a> 2013

Yahoo! Advertising Blog: <a href="http://advertising.yahoo.com/blogs/advertising/water-cooler-talk-marketers-thankful-holiday-210136726.html" target="_blank"> “Water Cooler Talk: What Are Marketers Thankful for This Holiday?,”</a> 2013

The Agency Post: <a href="http://www.agencypost.com/interview-with-david-lai-co-founder-and-creative-director-at-hello-design/" target="_blank">"Interview with David Lai, CEO and Creative Director at Hello Design,"</a> 2013

Fast Company: <a href="http://www.fastcompany.com/3009591/creative-conversations/more-advice-from-the-moms-of-business-leaders" target="_blank">"More Advice From the Moms of Business Leaders,"</a> 2013

Communication Arts: <a href="http://www.commarts.com/web-sites/tillamook-natural.html" target="_blank">"webpick of the day: Tillamook | Natural vs. Processed,"</a> 2012

Creativity Online: <a href="http://creativity-online.com/work/herman-miller-irving-harper/29333" target="_blank">"Herman Miller: Irving Harper,"</a> 2012

Creative Sandbox: <a href="http://www.creativesandbox.com/case-study/herman-miller-why-design" target="_blank">"Herman Miller Why Design,"</a> 2012

The Los Angeles Egotist: <a href="http://www.thelaegotist.com/news/local/2012/august/16/tillamook-natural-cheese-vs-processed-cheese" target="_blank">"Tillamook - Natural Cheese vs. Processed Cheese,"</a> 2012

Fast Company: <a href="http://www.fastcocreate.com/1681438/dont-be-a-mook-eat-real-cheese" target="_blank">"Don’t Be A Mook, Eat Real Cheese,"</a> 2012

Creativity Online: <a href="http://creativity-online.com/work/tillamook-natural-cheese-vs-processed-cheese/28791" target="_blank">"Tillamook: Natural Cheese vs. Processed Cheese,"</a> 2012

Communication Arts: <a href="http://http://www.commarts.com/web-sites/eames-architect-painter.html" target="_blank">"webpick of the day: Eames: The Architect and the Painter,"</a> 2011

Communication Arts: <a href="http://www.commarts.com/web-sites/ucla-architecture-urban.html" target="_blank">"webpick of the week: UCLA Architecture and Urban Design,"</a> 2011

The Los Angeles Egotist: <a href="http://www.thelaegotist.com/news/local/2011/december/16/hello-design-launches-new-website-la-brea-tar-pits" target="_blank">"Hello Design Launches New Website for the La Brea Tar Pits,"</a> 2011

Core 77: <a href="http://www.core77.com/blog/object_culture/new_eames_documentary_website_chance_to_win_an_eames_chair_21324.asp" target="_blank">"New Eames Documentary Website,"</a> 2011

Communication Arts: <a href="http://www.commarts.com/web-sites/made-each-other.html" target="_blank">"webpick of the day: simplehuman: made for each other,"</a> 2011

Creativity Online: <a href="http://creativity-online.com/work/simplehuman-made-for-each-other/25183" target="_blank">"simplehuman: made for each other,"</a> 2011

The Huffington Post: <a href="http://www.huffingtonpost.com/2011/09/01/tillamook-cheeswich-facebook-app_n_945204.html" target="_blank">"Tillamook Cheese'wich App Lets You Put Your Face On A Gooey Grilled Cheese Sandwich"</a>
Jason Gilbert, 2011

Architects & Artisans: <a href="http://architectsandartisans.com/index.php/2011/05/from-herman-miller-points-of-view/" target="_blank">"From Herman Miller, Points of View,"</a> 2011

Arch Daily: <a href="http://www.archdaily.com/138240/points-of-view-from-herman-miller/" target="_blank">"Points of View from Herman Miller"</a>
Kelly Minner, 2011

Apartment Therapy: <a href="http://www.apartmenttherapy.com/la/books-guides-resources/inside-the-mind-of-an-architect-herman-millers-pov-147284" target="_blank">"Inside The Mind Of An Architect: Herman Miller's POV"</a>
Abby Stone, 2011

Curbed: <a href="http://curbed.com/archives/2011/05/20/new-from-herman-miller.php" target="_blank">"New from Herman Miller"</a>
Sarah Firshein, 2011

Fast Company: <a href="http://www.fastcodesign.com/1663870/five-architects-define-the-meaning-of-california-cool" target="_blank">"Five Architects Define The Meaning Of California Cool"</a>
Suzanne Labarre, 2011

Dwell: <a href="http://www.dwell.com/articles/herman-millers-pov-series.html" target="_blank">"Herman Miller's POV Series"</a>
Diana Budds, 2011

Core77: <a href="http://www.core77.com/blog/object_culture/herman_miller_pov_series_part_1_marmol_radziner_on_prefab_19321.asp" target="_blank">"Herman Miller POV Series, Part 1: Marmol Radziner on Prefab"</a> (5 Part Series)
Rain Noe, 2011

PSFK: <a href="http://www.psfk.com/2011/05/pov-the-new-classics-in-architecture-design-picsvideo.html" target="_blank">"POV: The New Classics In Architecture & Design"</a>
Piers Fawkes, 2011

The New York Times: <a href="http://www.nytimes.com/2011/05/02/business/media/02adnewsletter1.html?_r=3" target="_blank">"Love That Cheese, the Burger Declares"</a>
Stuart Elliott, 2011

Adweek: <a href="http://www.adweek.com/adfreak/tillamook-wants-you-have-sex-its-cheese-131127" target="_blank">"Tillamook Wants You to Have Sex With Its Cheese"</a>
Tim Nudd, 2011

Lynda.com: Creative Inspirations <a href="http://www.lynda.com/home/DisplayCourse.aspx?lpk2=70550" target="_blank">"Hello Design,”</a> 2011

Creativity Online: <a href="http://creativity-online.com/work/tillamook-farmers-breakfast-sandwich/22273" target="_blank">"Tillamook: Farmer's Breakfast Sandwich,"</a> 2011

Forbes.com: <a href="http://www.forbes.com/2009/10/22/musical-iphone-software-technology-wireless-dudamel.html" target="_blank">"Your Turn As A Classical Conductor"</a>
Taylor Buley, 2009

Reuters: <a href="http://www.reuters.com/article/mediaNews/idUSN3023943820091001" target="_blank">"Venezuelan Dudamel takes over LA Philharmonic"</a>
Mary Milliken, 2009

Creativity Online: <a href="http://creativity-online.com/work/los-angeles-philharmonic-gustavo-dudamel-conducting-game/17450" target="_blank">"Los Angeles Philharmonic: Gustavo Dudamel Conducting Game,"</a> 2009

Los Angeles Times: <a href="http://latimesblogs.latimes.com/culturemonster/2009/09/conduct-online-with-gustavo-dudamel.html"target="_blank">"Conduct online (or on your iPhone) with Gustavo Dudamel"</a> 
David Ng, 2009

WillSherwood.com: <a href="http://willsherwood.com/?p=454" target="_blank">"Success Secrets of the Graphic Design Superstar,"</a> 2008

Behance: <a href="pdf/david_lai_leadership_in_design.pdf"target="_blank">"David Lai: Leadership in Design,"</a> 2007

Hyper Island: <a href="http://hyperisland.blogspot.com/2007_06_01_archive.html"target="_blank">"Project 40,"</a> 2007

AIGA: <a href="http://www.aiga.org/content.cfm/the-state-of-our-contracts"target="_blank">"The State of our Contracts"</a> 
Terry Lee Stone, 2006

The New York Times: <a href="http://query.nytimes.com/gst/fullpage.html?res=940CEFD71E30F935A25755C0A9629C8B63"target="_blank">"MDC in Toronto Buys Stake in Hello Design"</a> 
Stuart Elliot, 2004

Speak Up: <a href="http://www.underconsideration.com/speakup/archives/001959.html#001959"target="_blank">"How Do You Do It?"</a> 
Debbie Millman, 2004

Design Jungle: "Hello Design," Korea, 2002

Communication Arts: "Design Interact Profile," 2001

Digital Thread: <a href="http://www.digitalthread.com/designcompanies/best_of_breed/index.php?page=6"target="_blank">"Best of Breed,"</a> 2000


</body>]]></right>
						<left><![CDATA[<body><b>MAGAZINES + NEWSPAPERS</b>

Communication Arts: "MoMA: Digital Design Against the Grain," November/December 2011

Communication Arts: "Say Hello to the Future Hello Design," July/August 2011

HOW Design: "My Best Work: David Lai" 2010

Contagious Magazine: <a href="http://www.contagiousmagazine.com/2009/12/wildfire_3.php" target="_blank">“Wildfire / Did you hear?: Digital Classical,”</a> 2010

The New York Times: <a href="http://www.nytimes.com/2009/11/13/arts/music/13dudamel.html?_r=2" target="_blank">"Hollywood Swoons Over That Hair, That Baton"</a>
Daniel J. Wakin, 2009

TIME Magazine: <a href="http://www.time.com/time/specials/packages/article/0,28804,1870628_1930552_1930549,00.html" target="_blank">"The Short List of Things To Do,"</a> 2009

.net Magazine: <a href="pdf/wild_mood_swings.pdf"target="_blank">"Wild Mood Swings"</a>
David Lai, 2008

w.e.b. Magazine: "Hello Design"
Korea, 2008

Creativity Online: <a href="http://creativity-online.com/work/view?seed=2663c46d"target="_blank">"Land Cruiser: Land Cruiser Experience Site,"</a> 2007

STEP Inside Design: <a href="http://www.stepinsidedesign.com/STEPMagazine/Article/28784"target="_blank">"The Life Cycle of a Design Firm"</a>
Terry Lee Stone, 2007

Creativity: "Baby, You Can Drive My Yaris," 2006

Media Magazine: <a href="http://publications.mediapost.com/index.cfm?fuseaction=Articles.san&s=37966&Nid=17772&p=314136"target="_blank">"Media Design: What It Is, Why It Should Matter To You"</a> 
Alissa Walker, 2006

Web Creators Magazine: <a href="pdf/curating_the_city.pdf"target="_blank">"Curating the City"</a>
Japan, 2006

Dynamic Graphics: <a href="pdf/brave_new_brand_world.pdf"target="_blank">"Brave New Brand World"</a>
Terry Lee Stone, 2005

HOW Design: <a href="pdf/odd_world.pdf"target="_blank">"Behind the Design: Odd World"</a> 2005

Dynamic Graphics: <a href="pdf/show_us_yours.pdf"target="_blank">"Show Us Yours"</a> 2005

Web Designing Magazine: <a href="pdf/creator_closeup.pdf"target="_blank">"Hot & Cool: Creator Closeup"</a>
Japan, 2004

CMYK: <a href="pdf/booming_after_the_bust.pdf"target="_blank">"Booming After the Bust: A Web Designer's Guide to Success"</a> 
Lynda Twardowski, 2003

Cre@teOnline: "Showcase," 2003

designNET: "Innovation of Interface Design"
Korea, 2003

edesign Magazine: <a href="pdf/where's_the_big_idea.pdf"target="_blank">"Where's the Big Idea?"</a>
Mark Wallace, 2003

HOW Design: <a href="pdf/inventing_play.pdf"target="_blank">"Inventing Play"</a>
Gil Kaufman, 2003

Web Design: "Hello Design"
Korea, 2003

Web Designing Magazine: "Hello Design"
Japan, 2003

Boards: <a href="pdf/mix_the_music.pdf"target="_blank">"Mix The Music"</a>
Joshua Ostroff, 2003

HOW Design: <a href="pdf/interfacing_the_future.pdf"target="_blank">"Interfacing the Future"</a>
Stephen Beale, 2002

Animation Magazine: <a href="pdf/designing_for_the_web.pdf"target="_blank">"Designing for the Web,"</a> 2001

Cre@teOnline: <a href="pdf/banking_on_success.pdf"target="_blank">"Banking on Success"</a>
Adrian Selby, 2001

Cre@teOnline: <a href="pdf/moving_places.pdf"target="_blank">"Moving Places"</a>
Adrian Selby, 2001

Cre@teOnline: "Transatlantic Express"
Stuart Dredge, 2001

HOW Design: <a href="pdf/balancing_act.pdf"target="_blank">"Balancing Act"</a>
Ed Fierro, 2001

Cre@teOnline: <a href="pdf/close_to_home.pdf"target="_blank">"Close To Home"</a>
Stuart Dredge, 2001

Internet World Magazine: <a href="pdf/little_big_shops.pdf"target="_blank">"Little Big Shops"</a>
Elizabeth Gardner, 2000


</body>]]></left>
					</middle>
	</page>
	</content>