<!DOCTYPE html PUBLIC "-//W3C//DTD XHTML 1.0 Transitional//EN" "http://www.w3.org/TR/xhtml1/DTD/xhtml1-transitional.dtd">
<html xmlns="http://www.w3.org/1999/xhtml" xmlns:regexp="http://exslt.org/regular-expressions"><head profile="http://www.w3.org/2003/g/data-view"><meta http-equiv="Content-Type" content="text/html; charset=UTF-8" /><link rel="transformation" href="http://www.w3.org/2000/06/dc-extract/dc-extract.xsl" /><link rel="transformation" href="http://www.w3.org/2002/12/cal/glean-hcal" /><link rel="transformation" href="http://purl.org/dc/transform/dc-html-20080804-grddl/dc-html2rdfxml.xsl" /><link rel="schema.DC" href="http://purl.org/DC/elements/1.1/" /><link rel="schema.DCTERMS" href="http://purl.org/dc/terms/" /><link rel="schema.XSD" href="http://www.w3.org/2001/XMLSchema#" /><meta name="DC.title" content="What next? America under President Trump &amp; what we can learn from the 2016 election cycle" /><meta name="DC.contributor" content="events@uibk.ac.at" /><link rel="DCTERMS.publisher" href="http://www.uibk.ac.at/" title="Universität Innsbruck" /><meta name="DC.subject" content="veranstaltungen, termine, events, universität, innsbruck, medizin&#10;                    , gastvortrag" /><meta name="keywords" content="veranstaltungen, termine, events, universität, innsbruck, medizin&#10;                    , gastvortrag" /><meta name="DC.description" content="Veranstaltungstyp: Gastvortrag;" /><meta name="description" content="Veranstaltungstyp: Gastvortrag;" /><meta name="DC.format" content="text/html" /><meta name="DC.language" content="de" /><meta name="DC.rights" content="© Universität Innsbruck" /><meta name="robots" content="all" /><title>What next? America under President Trump &amp; what we can learn from the 2016 election cycle - Veranstaltungskalender der Innsbrucker Universitäten</title><link rel="stylesheet" type="text/css" href="/events/stylesheets/css/minimized-events-default-201204111528.css" /><style type="text/css">
          @media print {
            .no_print {display: none;}
            .line_print {border-bottom:1px solid #808080;}
            #event_content {margin-left:0;}
            #eventtipp {height:auto;}
            #event_pageFooter {height:auto;border:0;}
          }
        </style><link rel="alternate" type="application/rss+xml" title="Events als RSS-Feed" href="/events/feed.rss" /><link rel="alternate" media="handheld" href="/events/2016/11/28/america-under-president-trump.xml?media=handheld" /><link rel="canonical" href="/events/2016/11/28/america-under-president-trump.xml" /><script type="text/javascript">var uniserver = 'http://www.uibk.ac.at'; var shortname = 'events'; var uri= '/events/2016/11/28/america-under-president-trump.xml'; var uri_query= 'media_=screen';</script><script type="text/javascript" src="/events/stylesheets/js/minimized-events-201204111534.js"></script></head><body><div id="event_pageNonFooter"><div id="NonFooterContent"><div id="event_header" class="line_print"><div id="logo_meduni"><a href="https://www.i-med.ac.at"><img src="/images/10/logo_meduni_2011.png" alt="Logo der Medizinischen Universität Innsbruck" title="Zur Startseite der Homepage der Medizinischen Universität Innsbruck" /></a></div><div id="logo_uni"><a href="/"><img src="/images/10/logo_uni_default.png" alt="Logo der Universität Innsbruck" title="Zur Startseite der Homepage der Universität Innsbruck" /></a></div><h1><a class="link_va" href="/events/">Veranstaltungskalender</a><br /><span class="heading_uni">Veranstaltungen · Universität Innsbruck · Medizinische Universität Innsbruck</span></h1></div><div id="event_functions" class="no_print"><div id="datepicker" class="datepicker_size"></div><div id="tab_search"><ul><li class="suche"><label for="search_input">Suche</label></li><li class="erweitert"><a href="/events/2016/11/28/america-under-president-trump.xml?advanced_search=1">Erweitert</a></li></ul></div><div id="event_search"><form method="get" action="/events/search"><div><input name="q" id="search_input" type="text" size="32" maxlength="50" class="searchfield" value="" /></div><table><tr><td style="width:83px"><label for="from_date">Datum von<br /> (JJJJ-MM-TT)</label></td><td style="width:147px"><input type="text" id="from_date" name="from_date" size="10" maxlength="10" value="" /></td></tr><tr><td><label for="to_date">Datum bis<br /> (JJJJ-MM-TT)</label></td><td><input type="text" id="to_date" name="to_date" size="10" maxlength="10" value="" /></td></tr><tr><td></td><td><input type="submit" value="Suchen" /></td></tr></table></form></div><div class="clear"></div><ul class="no_print"><li class="navigationlink"><a href="/events/">Veranstaltungsübersicht</a></li><li class="navigationlink"><a href="https://orawww.uibk.ac.at/apex/uprod/f?p=22081970">Veranstaltung eintragen</a></li><li class="navigationlink"><a href="/events/hilfe-faqs.html">Hilfe und FAQs</a></li></ul></div><div id="event_content"><div id="calender"><div id="events"><div class="vevent"><div id="save"><a class="sprite icon_save" title="Veranstaltung speichern/in Outlook übernehmen" href="http://www.uibk.ac.at/events/2016/11/28/america-under-president-trump.ics"><span>Veranstaltung speichern/in Outlook übernehmen</span></a></div><p class="date_dayname"><span class="dtstart"><span class="value-title" title="2016-11-28T19:00">Montag, 28.11.2016</span></span></p><p class="date_dayname"><a class="va_art" href="http://www.uibk.ac.at/events/search?category=Gastvortrag"><span class="category">Gastvortrag</span></a></p><h2 class="summary">What next? America under President Trump &amp; what we can learn from the 2016 election cycle</h2><div id="veranstaltungsdetails"><p class="bold">19:00 - 20:30 Uhr<br /><span class="location">Claudia-Saal, Claudiana, Herzog-Friedrich-Str. 3, 6020 Innsbruck</span></p><br /><p>Anmeldung ist nicht erforderlich</p><p>Eintritt / Kosten: Keine</p></div><div id="referent"><h3 class="paddingbottom">Vortragende/r</h3><p>Mr. Yussi Pick</p><p>Managing Partner, Pick 6 Barth Digital Strategies, expert on U.S. elections and campaigning</p></div><div id="weitere_infos"><h3 class="paddingbottom">Weitere Informationen</h3><p class="description">Veranstaltung auf English. Anmeldung nicht erforderlich aber erbeten bis 25. November.</p></div><div id="veranstalter"><h3 class="paddingbottom">Veranstalter</h3><p class="organizer">American Corner Innsbruck (ACI), in cooperation with the Center for Inter-American Studies (ZIAS)</p><br /><p>Ass't- Prof. Dr. Margaret Davidsion<br />0664-5825111<br /><a href="mailto:margaret.davidson@uibk.ac.at">margaret.davidson@uibk.ac.at</a></p><br /><p>American Corner Innsbruck<br />(0512) 507-32808<br /><a href="mailto:americancorner@uibk.ac.at">americancorner@uibk.ac.at</a></p></div><a href="/events/2016/11/28/america-under-president-trump.xml" rel="bookmark" class="uid url bookmark"></a><br /></div></div></div></div></div></div><div id="event_pageFooter"><div class="no_print">© <a href="http://www.uibk.ac.at">Universität Innsbruck</a> | <a href="http://www.i-med.ac.at">Medizinische Universität Innsbruck</a> |
          <a href="/events/impressum.html">Impressum</a> | Powered by <a href="http://xims.uibk.ac.at/goxims">XIMS</a> |
          <a href="/events/feedback.html">Feedback an die Redaktion</a> | <a href="/events/2016/11/28/america-under-president-trump.xml?media=handheld">Mobil</a>/Desktop | <a href="/events/2016/11/28/america-under-president-trump.xml?media=print">Seite drucken</a></div></div><script type="text/javascript">
        var _paq = _paq || [];
        _paq.push(["trackPageView"]);
        _paq.push(["enableLinkTracking"]);
        _paq.push(['setCustomVariable', 1, "media", "screen", "page"]); 
        (function() {
        var u=(("https:" == document.location.protocol) ? "https" : "http") +"://www.uibk.ac.at/pwk/";
        _paq.push(["setTrackerUrl", u+"piwik.php"]);
        _paq.push(["setSiteId", "6"]);
        var d=document, g=d.createElement("script"), s=d.getElementsByTagName("script")[0]; g.type="text/javascript";
        g.defer=true; g.async=true; g.src=u+"piwik.js"; s.parentNode.insertBefore(g,s);
        })();
      </script><noscript><img src="/pwk/piwik.php?idsite=6&amp;rec=1" style="border:0" alt="" /></noscript></body></html>
