<!DOCTYPE html PUBLIC "-//W3C//DTD XHTML 1.0 Transitional//EN"
  "http://www.w3.org/TR/xhtml1/DTD/xhtml1-transitional.dtd">
<html xmlns='http://www.w3.org/1999/xhtml' xml:lang='en' lang='en'>
<head>
<title>examples/gyrex-hello-cloud.git - </title>
<meta name='generator' content='cgit v0.11.2-4-g4a35'/>
<meta name='robots' content='index, nofollow'/>
<link rel='stylesheet' type='text/css' href=''/>
<link rel='shortcut icon' href='/favicon.ico'/>
<link rel='alternate' title='Atom feed' href='http://git.eclipse.org/c/gyrex/examples/gyrex-hello-cloud.git/atom/hello.cloud/OSGI-INF/application.xml?h=master' type='application/atom+xml'/>
<link rel='vcs-git' href='git://git.eclipse.org/gitroot/gyrex/examples/gyrex-hello-cloud.git' title='examples/gyrex-hello-cloud.git Git repository'/>
<link rel='vcs-git' href='ssh://git.eclipse.org/gitroot/gyrex/examples/gyrex-hello-cloud.git' title='examples/gyrex-hello-cloud.git Git repository'/>
<link rel='vcs-git' href='http://git.eclipse.org/gitroot/gyrex/examples/gyrex-hello-cloud.git' title='examples/gyrex-hello-cloud.git Git repository'/>
    <meta charset="utf-8">
    <meta http-equiv="X-UA-Compatible" content="IE=edge">
    <meta name="viewport" content="width=device-width, initial-scale=1">
    <meta name="keywords" content="eclipse.org, Eclipse Foundation, Eclipse, Git, Source code, Source" />
    <link href="//fonts.googleapis.com/css?family=Open+Sans:400,700,300,600,100" rel="stylesheet" type="text/css">
    <link rel="shortcut icon" href="/eclipse.org-common/themes/solstice/public/images/favicon.ico"/>
    <link rel="stylesheet" href="/eclipse.org-common/themes/solstice/public/stylesheets/barebone-footer.min.css">
    <link rel="stylesheet" type="text/css" href="/cgit.css" media="screen" />

</head>
<body>
<div class="barebone-layout">
<a class="sr-only" href="#content">Skip to main content</a>
<header role="banner" class="thin-header padding-top-10" id="header-wrapper">
  <div class="container-fluid">
    <div class="row" id="header-row">
      <div class="col-sm-6 col-md-6 col-lg-5" id="header-left">
        <div class="wrapper-logo-default"><a href="https://www.eclipse.org/"><img class="logo-eclipse-default img-responsive hidden-xs" alt="logo" src="/eclipse.org-common/themes/solstice/public/images/logo/eclipse-426x100.png"/></a></div>
      </div>
      <div class="col-sm-18 col-md-18 col-lg-19" id="main-menu-wrapper">
        <div class="navbar yamm navbar-right" id="main-menu">
          <div id="navbar-collapse-1" class="navbar-collapse collapse">
            <ul class="nav navbar-nav">
              <li class="visible-thin"><a href="https://www.eclipse.org/downloads/" target="_self">Download</a></li>
              <li><a href="https://www.eclipse.org/users/" target="_self">Getting Started</a></li>
              <li><a href="https://www.eclipse.org/membership/" target="_self">Members</a></li>
              <li><a href="https://www.eclipse.org/projects/" target="_self">Projects</a></li>
              <li class="dropdown visible-xs">
                <a href="#" data-toggle="dropdown" class="dropdown-toggle">Community <b class="caret"></b></a>
                <ul class="dropdown-menu">
                  <li><a href="http://marketplace.eclipse.org">Marketplace</a></li>
                  <li><a href="http://events.eclipse.org">Events</a></li>
                  <li><a href="http://www.planeteclipse.org/">Planet Eclipse</a></li>
                  <li><a href="https://www.eclipse.org/community/eclipse_newsletter/">Newsletter</a></li>
                  <li><a href="https://www.youtube.com/user/EclipseFdn">Videos</a></li>
                </ul>
              </li>
              <li class="dropdown visible-xs">
                <a href="#" data-toggle="dropdown" class="dropdown-toggle">Participate <b class="caret"></b></a>
                <ul class="dropdown-menu">
                  <li><a href="https://bugs.eclipse.org/bugs/">Report a Bug</a></li>
                  <li><a href="https://www.eclipse.org/forums/">Forums</a></li>
                  <li><a href="https://www.eclipse.org/mail/">Mailing Lists</a></li>
                  <li><a href="https://wiki.eclipse.org/">Wiki</a></li>
                  <li><a href="https://wiki.eclipse.org/IRC">IRC</a></li>
                  <li><a href="https://www.eclipse.org/contribute/">How to Contribute</a></li>
                </ul>
              </li>
              <li class="dropdown visible-xs">
                <a href="#" data-toggle="dropdown" class="dropdown-toggle">Working Groups <b class="caret"></b></a>
                <ul class="dropdown-menu">
                  <li><a href="http://wiki.eclipse.org/Auto_IWG">Automotive</a></li>
                  <li><a href="http://iot.eclipse.org">Internet of Things</a></li>
                  <li><a href="http://locationtech.org">LocationTech</a></li>
                  <li><a href="http://lts.eclipse.org">Long-Term Support</a></li>
                  <li><a href="http://polarsys.org">PolarSys</a></li>
                  <li><a href="http://science.eclipse.org">Science</a></li>
                  <li><a href="http://www.openmdm.org">OpenMDM</a></li>
                </ul>
              </li>
              <!-- More -->
              <li class="dropdown eclipse-more hidden-xs">
                <a data-toggle="dropdown" class="dropdown-toggle">More<b class="caret"></b></a>
                <ul class="dropdown-menu">
                  <li>
                    <!-- Content container to add padding -->
                    <div class="yamm-content">
                      <div class="row">
                        <ul class="col-sm-8 list-unstyled">
                          <li>
                            <p><strong>Community</strong></p>
                          </li>
                          <li><a href="http://marketplace.eclipse.org">Marketplace</a></li>
                          <li><a href="http://events.eclipse.org">Events</a></li>
                          <li><a href="http://www.planeteclipse.org/">Planet Eclipse</a></li>
                          <li><a href="https://www.eclipse.org/community/eclipse_newsletter/">Newsletter</a></li>
                          <li><a href="https://www.youtube.com/user/EclipseFdn">Videos</a></li>
                        </ul>
                        <ul class="col-sm-8 list-unstyled">
                          <li>
                            <p><strong>Participate</strong></p>
                          </li>
                          <li><a href="https://bugs.eclipse.org/bugs/">Report a Bug</a></li>
                          <li><a href="https://www.eclipse.org/forums/">Forums</a></li>
                          <li><a href="https://www.eclipse.org/mail/">Mailing Lists</a></li>
                          <li><a href="https://wiki.eclipse.org/">Wiki</a></li>
                          <li><a href="https://wiki.eclipse.org/IRC">IRC</a></li>
                          <li><a href="https://www.eclipse.org/contribute/">How to Contribute</a></li>
                        </ul>
                        <ul class="col-sm-8 list-unstyled">
                          <li>
                            <p><strong>Working Groups</strong></p>
                          </li>
                          <li><a href="http://wiki.eclipse.org/Auto_IWG">Automotive</a></li>
                          <li><a href="http://iot.eclipse.org">Internet of Things</a></li>
                          <li><a href="http://locationtech.org">LocationTech</a></li>
                          <li><a href="http://lts.eclipse.org">Long-Term Support</a></li>
                          <li><a href="http://polarsys.org">PolarSys</a></li>
                          <li><a href="http://science.eclipse.org">Science</a></li>
                          <li><a href="http://www.openmdm.org">OpenMDM</a></li>
                        </ul>
                      </div>
                    </div>
                  </li>
                </ul>
              </li>
            </ul>
          </div>
          <div class="navbar-header">
            <button type="button" class="navbar-toggle" data-toggle="collapse" data-target="#navbar-collapse-1">
            <span class="sr-only">Toggle navigation</span>
            <span class="icon-bar"></span>
            <span class="icon-bar"></span>
            <span class="icon-bar"></span>
            <span class="icon-bar"></span>
            </button>
            <div class="wrapper-logo-mobile"><a class="navbar-brand visible-xs" href="https://www.eclipse.org/"><img class="logo-eclipse-default-mobile img-responsive" alt="logo" src="/eclipse.org-common/themes/solstice/public/images/logo/eclipse-800x188.png"/></a></div>
          </div>
        </div>
      </div>
    </div>
  </div>
</header>
<section class="hidden-print default-breadcrumbs" id="breadcrumb">
  <div class="container-fluid">
    <h3 class="sr-only">Breadcrumbs</h3>
    <div class="col-xs-24">
      <ol class="breadcrumb">
        <li><a href="https://www.eclipse.org/">Home</a></li>
        <li><a href="https://www.eclipse.org/contribute/">Contribute</a></li>
        <li><a href="/c/">Source code</a></li>
      </ol>
    </div>
  </div>
</section>
<main role="main">
<div class="container-fluid background-image-none" id="novaContent">
<br /><br />
<div id='cgit'><table id='header'>
<tr>
<td class='logo' rowspan='2'><a href='/c/'><img src='/git.png' alt='cgit logo'/></a></td>
<td class='main'><a href='/c/'>index</a> : <a title='examples/gyrex-hello-cloud.git' href='/c/gyrex/examples/gyrex-hello-cloud.git/'>examples/gyrex-hello-cloud.git</a></td><td class='form'><form method='get' action=''>
<select name='h' onchange='this.form.submit();'>
<option value='master' selected='selected'>master</option>
</select> <input type='submit' name='' value='switch'/></form></td></tr>
<tr><td class='sub'></td><td class='sub right'>Genie Gyrex</td></tr></table>
<table class='tabs'><tr><td>
<a href='/c/gyrex/examples/gyrex-hello-cloud.git/'>summary</a><a href='/c/gyrex/examples/gyrex-hello-cloud.git/refs/'>refs</a><a href='/c/gyrex/examples/gyrex-hello-cloud.git/log/hello.cloud/OSGI-INF/application.xml'>log</a><a class='active' href='/c/gyrex/examples/gyrex-hello-cloud.git/tree/hello.cloud/OSGI-INF/application.xml'>tree</a><a href='/c/gyrex/examples/gyrex-hello-cloud.git/commit/hello.cloud/OSGI-INF/application.xml'>commit</a><a href='/c/gyrex/examples/gyrex-hello-cloud.git/diff/hello.cloud/OSGI-INF/application.xml'>diff</a><a href='/c/gyrex/examples/gyrex-hello-cloud.git/stats/hello.cloud/OSGI-INF/application.xml'>stats</a></td><td class='form'><form class='right' method='get' action='/c/gyrex/examples/gyrex-hello-cloud.git/log/hello.cloud/OSGI-INF/application.xml'>
<select name='qt'>
<option value='grep'>log msg</option>
<option value='author'>author</option>
<option value='committer'>committer</option>
<option value='range'>range</option>
</select>
<input class='txt' type='text' size='10' name='q' value=''/>
<input type='submit' value='search'/>
</form>
</td></tr></table>
<div class='path'>path: <a href='/c/gyrex/examples/gyrex-hello-cloud.git/tree/'>root</a>/<a href='/c/gyrex/examples/gyrex-hello-cloud.git/tree/hello.cloud'>hello.cloud</a>/<a href='/c/gyrex/examples/gyrex-hello-cloud.git/tree/hello.cloud/OSGI-INF'>OSGI-INF</a>/<a href='/c/gyrex/examples/gyrex-hello-cloud.git/tree/hello.cloud/OSGI-INF/application.xml'>application.xml</a></div><div class='content'>blob: 7cab58cccec3a7d209cf2b2d54d88fa7dcd47080 (<a href='/c/gyrex/examples/gyrex-hello-cloud.git/plain/hello.cloud/OSGI-INF/application.xml'>plain</a>)
<table summary='blob content' class='blob'>
<tr><td class='linenumbers'><pre><a id='n1' href='#n1'>1</a>
<a id='n2' href='#n2'>2</a>
<a id='n3' href='#n3'>3</a>
<a id='n4' href='#n4'>4</a>
<a id='n5' href='#n5'>5</a>
<a id='n6' href='#n6'>6</a>
<a id='n7' href='#n7'>7</a>
<a id='n8' href='#n8'>8</a>
<a id='n9' href='#n9'>9</a>
</pre></td>
<td class='lines'><pre><code>&lt;?xml version="1.0" encoding="UTF-8"?&gt;
&lt;scr:component xmlns:scr="http://www.osgi.org/xmlns/scr/v1.1.0" name="hello.cloud"&gt;
   &lt;implementation class="hello.cloud.application.ApplicationComponent"/&gt;
   &lt;property name="service.description" type="String" value="Demo Application with a simple servlet."/&gt;
   &lt;property name="service.vendor" type="String" value="Hello Cloud Demo"/&gt;
   &lt;service&gt;
      &lt;provide interface="org.eclipse.gyrex.http.application.provider.ApplicationProvider"/&gt;
   &lt;/service&gt;
&lt;/scr:component&gt;
</code></pre></td></tr></table>
</div> <!-- class=content -->
</div>
</main> <!-- /#main-content-container-row -->
<p id="back-to-top">
  <a class="visible-xs" href="#top">Back to the top</a>
</p>
<footer role="contentinfo" id="solstice-footer">
  <div class="container">
    <div class="row">
      <section class="col-sm-offset-1 col-xs-11 col-sm-7 col-md-6 col-md-offset-0 hidden-print" id="footer-eclipse-foundation">
            <h2 class="section-title">Eclipse Foundation</h2>
    <ul class="nav">
    <li><a href="https://www.eclipse.org/org/">About us</a></li>
    <li><a href="https://www.eclipse.org/org/foundation/contact.php">Contact Us</a></li>
    <li><a href="https://www.eclipse.org/donate">Donate</a></li>
      <li><a href="https://www.eclipse.org/org/documents/">Governance</a></li>
      <li><a href="https://www.eclipse.org/artwork/">Logo and Artwork</a></li>
      <li><a href="https://www.eclipse.org/org/foundation/directors.php">Board of Directors</a></li>
    </ul>      </section>
      <section class="col-sm-offset-1 col-xs-11 col-sm-7 col-md-6 col-md-offset-0 hidden-print" id="footer-legal">
            <h2 class="section-title">Legal</h2>
    <ul class="nav">
      <li><a href="https://www.eclipse.org/legal/privacy.php">Privacy Policy</a></li>
      <li><a href="https://www.eclipse.org/legal/termsofuse.php">Terms of Use</a></li>
      <li><a href="https://www.eclipse.org/legal/copyright.php">Copyright Agent</a></li>
      <li><a href="https://www.eclipse.org/org/documents/epl-v10.php">Eclipse Public License </a></li>
      <li><a href="https://www.eclipse.org/legal/">Legal Resources </a></li>
    </ul>      </section>
      <section class="col-sm-offset-1 col-xs-11 col-sm-7 col-md-6 col-md-offset-0 hidden-print" id="footer-useful-links">
            <h2 class="section-title">Useful Links</h2>
    <ul class="nav">
      <li><a href="https://bugs.eclipse.org/bugs/">Report a Bug</a></li>
      <li><a href="//help.eclipse.org/">Documentation</a></li>
      <li><a href="https://www.eclipse.org/contribute/">How to Contribute</a></li>
      <li><a href="https://www.eclipse.org/mail/">Mailing Lists</a></li>
      <li><a href="https://www.eclipse.org/forums/">Forums</a></li>
      <li><a href="//marketplace.eclipse.org">Marketplace</a></li>
    </ul>      </section>
      <section class="col-sm-offset-1 col-xs-11 col-sm-7 col-md-6 col-md-offset-0 hidden-print" id="footer-other">
            <h2 class="section-title">Other</h2>
    <ul class="nav">
      <li><a href="https://www.eclipse.org/ide/">IDE and Tools</a></li>
      <li><a href="https://www.eclipse.org/projects">Community of Projects</a></li>
      <li><a href="https://www.eclipse.org/org/workinggroups/">Working Groups</a></li>
    </ul>

    <ul class="list-inline social-media">
      <li><a href="https://twitter.com/EclipseFdn"><i class="fa fa-twitter-square"></i></a></li>
      <li><a href="https://plus.google.com/+Eclipse"><i class="fa fa-google-plus-square"></i></a></li>
      <li><a href="https://www.facebook.com/eclipse.org"><i class="fa fa-facebook-square"></i> </a></li>
      <li><a href="https://www.youtube.com/user/EclipseFdn"><i class="fa fa-youtube-square"></i></a></li>
    </ul>      </section>
            <div id="copyright" class="col-sm-offset-1 col-sm-14 col-md-24 col-md-offset-0">
        <span class="hidden-print"><div class="wrapper-logo-eclipse-white"><a href="https://www.eclipse.org"><img class="logo-eclipse-white img-responsive" alt="logo" src="/eclipse.org-common/themes/solstice/public/images/logo/eclipse-logo-bw-332x78.png"/></a></div></span>
        <p id="copyright-text">Copyright &copy; 2016 The Eclipse Foundation. All Rights Reserved.</p>
      </div>      <a href="#" class="scrollup">Back to the top</a>
    </div>
  </div>
</footer>
<!-- Placed at the end of the document so the pages load faster -->
<script src="/eclipse.org-common/themes/solstice/public/javascript/main.min.js"></script>
</div>
</div> <!-- id=cgit -->
</body>
</html>
