﻿<?xml version="1.0" encoding="utf-8"?>
<BOOK>
	<SETUP>
		<BACKGROUNDCOLOR></BACKGROUNDCOLOR>
		<BACKGROUNDIMAGE>/files/multimedia/hindi/images/black_bg.gif</BACKGROUNDIMAGE>
		<BORDERTOPIMAGE>/files/multimedia/hindi/images/southeast_border_top.gif</BORDERTOPIMAGE>
		<BORDERBOTTOMIMAGE>/files/multimedia/hindi/images/southeast_border_bottom.gif</BORDERBOTTOMIMAGE>
		<NAVBACKIMAGE>/files/multimedia/hindi/images/southeast_button_back.png</NAVBACKIMAGE>
		<NAVFORWARDIMAGE>/files/multimedia/hindi/images/southeast_button_forward.png</NAVFORWARDIMAGE>
		<NAVHOMEIMAGE>/files/multimedia/hindi/images/southeast_button_home.png</NAVHOMEIMAGE>
		<AUDIOPAUSEIMAGE>/files/multimedia/hindi/images/southeast_button_pause.png</AUDIOPAUSEIMAGE>
		<AUDIOPLAYIMAGE>/files/multimedia/hindi/images/southeast_button_play.png</AUDIOPLAYIMAGE>
		<AUDIOMUTEIMAGE>/files/multimedia/hindi/images/southeast_button_mute.png</AUDIOMUTEIMAGE>
		<AUDIOUNMUTEIMAGE>/files/multimedia/hindi/images/southeast_button_sound.png</AUDIOUNMUTEIMAGE>
	</SETUP>
	<BODY>
		<PAGE1>
			<TITLELEFT><![CDATA[]]></TITLELEFT>
			<TITLERIGHT><![CDATA[]]></TITLERIGHT>
			<TEXTLEFT><![CDATA[<img src="/files/multimedia/hindi/images/welcome.jpg"/>]]></TEXTLEFT>
			<TEXTRIGHT><![CDATA[<img src="/files/multimedia/hindi/images/hindi_title.png"/>]]></TEXTRIGHT>
			<CAPTIONLEFT><![CDATA[]]></CAPTIONLEFT>
			<CAPTIONRIGHT><![CDATA[]]></CAPTIONRIGHT>
			<SOUND></SOUND>
			<BACKGROUNDON>true</BACKGROUNDON>
		</PAGE1>
		<PAGE2>
			<TITLELEFT><![CDATA[]]></TITLELEFT>
			<TITLERIGHT><![CDATA[]]></TITLERIGHT>
			<TEXTLEFT><![CDATA[<font color="#f2d069">These flashcards were created by students in Noida, India to share their language called Hindi.]]></TEXTLEFT>
			<TEXTRIGHT><![CDATA[<img src="/files/multimedia/hindi/images/comelearn.jpg"/>]]></TEXTRIGHT>
			<CAPTIONLEFT><![CDATA[]]></CAPTIONLEFT>
			<CAPTIONRIGHT><![CDATA[]]></CAPTIONRIGHT>
			<SOUND></SOUND>
			<BACKGROUNDON>true</BACKGROUNDON>
		</PAGE2>
		<PAGE3>
			<TITLELEFT><![CDATA[]]></TITLELEFT>
			<TITLERIGHT><![CDATA[]]></TITLERIGHT>
			<TEXTLEFT><![CDATA[<img src="/files/multimedia/hindi/images/hello.jpg"/>]]></TEXTLEFT>
			<TEXTRIGHT><![CDATA[<font color="#f2d069">Hello<img src="/files/multimedia/hindi/images/hello.gif"/>


These children are saying hello.</font>]]></TEXTRIGHT>
			<CAPTIONLEFT><![CDATA[]]></CAPTIONLEFT>
			<CAPTIONRIGHT><![CDATA[]]></CAPTIONRIGHT>
			<SOUND>audio/hello.mp3</SOUND>
			<BACKGROUNDON>true</BACKGROUNDON>
		</PAGE3>
		<PAGE4>
			<TITLELEFT><![CDATA[]]></TITLELEFT>
			<TITLERIGHT><![CDATA[]]></TITLERIGHT>
			<TEXTLEFT><![CDATA[<font color="#f2d069">Girl<img src="/files/multimedia/hindi/images/girl.gif"/>
			
		
This girl is eight years old.</font>]]></TEXTLEFT>
			<TEXTRIGHT><![CDATA[<img src="/files/multimedia/hindi/images/girl.jpg"/>]]></TEXTRIGHT>
			<CAPTIONLEFT><![CDATA[]]></CAPTIONLEFT>
			<CAPTIONRIGHT><![CDATA[]]></CAPTIONRIGHT>
			<SOUND>audio/girl.mp3</SOUND>
			<BACKGROUNDON>true</BACKGROUNDON>
		</PAGE4>
		<PAGE5>
			<TITLELEFT><![CDATA[]]></TITLELEFT>
			<TITLERIGHT><![CDATA[]]></TITLERIGHT>
			<TEXTLEFT><![CDATA[<img src="/files/multimedia/hindi/images/boy.jpg"/>]]></TEXTLEFT>
			<TEXTRIGHT><![CDATA[<font color="#f2d069">Boy<img src="/files/multimedia/hindi/images/boy.gif"/>
			
			
This boy has started high school.</font>]]></TEXTRIGHT>
			<CAPTIONLEFT><![CDATA[]]></CAPTIONLEFT>
			<CAPTIONRIGHT><![CDATA[]]></CAPTIONRIGHT>
			<SOUND>audio/boy.mp3</SOUND>
			<BACKGROUNDON>true</BACKGROUNDON>
		</PAGE5>
		<PAGE6>
			<TITLELEFT><![CDATA[]]></TITLELEFT>
			<TITLERIGHT><![CDATA[]]></TITLERIGHT>
			<TEXTLEFT><![CDATA[<font color="#f2d069">Woman<img src="/files/multimedia/hindi/images/woman.gif"/>
			
			
A woman at the market counts the money she has earned.</font>]]></TEXTLEFT>
			<TEXTRIGHT><![CDATA[<img src="/files/multimedia/hindi/images/woman.jpg"/>]]></TEXTRIGHT>
			<CAPTIONLEFT><![CDATA[]]></CAPTIONLEFT>
			<CAPTIONRIGHT><![CDATA[]]></CAPTIONRIGHT>
			<SOUND>audio/woman.mp3</SOUND>
			<BACKGROUNDON>true</BACKGROUNDON>
		</PAGE6>
		<PAGE7>
			<TITLELEFT><![CDATA[]]></TITLELEFT>
			<TITLERIGHT><![CDATA[]]></TITLERIGHT>
			<TEXTLEFT><![CDATA[<img src="/files/multimedia/hindi/images/man.jpg"/>]]></TEXTLEFT>
			<TEXTRIGHT><![CDATA[<font color="#f2d069">Man<img src="/files/multimedia/hindi/images/man.gif"/>
			
			
This man is waiting for his customers.</font>]]></TEXTRIGHT>
			<CAPTIONLEFT><![CDATA[]]></CAPTIONLEFT>
			<CAPTIONRIGHT><![CDATA[]]></CAPTIONRIGHT>
			<SOUND>audio/man.mp3</SOUND>
			<BACKGROUNDON>true</BACKGROUNDON>
		</PAGE7>
		<PAGE8>
			<TITLELEFT><![CDATA[]]></TITLELEFT>
			<TITLERIGHT><![CDATA[]]></TITLERIGHT>
			<TEXTLEFT><![CDATA[<font color="#f2d069">Friends<img src="/files/multimedia/hindi/images/friends.gif"/>
			
			
These two girls are best friends.</font>]]></TEXTLEFT>
			<TEXTRIGHT><![CDATA[<img src="/files/multimedia/hindi/images/friends.jpg"/>]]></TEXTRIGHT>
			<CAPTIONLEFT><![CDATA[]]></CAPTIONLEFT>
			<CAPTIONRIGHT><![CDATA[]]></CAPTIONRIGHT>
			<SOUND>audio/friends.mp3</SOUND>
			<BACKGROUNDON>true</BACKGROUNDON>
		</PAGE8>
		<PAGE9>
			<TITLELEFT><![CDATA[]]></TITLELEFT>
			<TITLERIGHT><![CDATA[]]></TITLERIGHT>
			<TEXTLEFT><![CDATA[<img src="/files/multimedia/hindi/images/family.jpg"/>]]></TEXTLEFT>
			<TEXTRIGHT><![CDATA[<font color="#f2d069">Family<img src="/files/multimedia/hindi/images/family.gif"/>
			
			
A family stands in front of their home.</font>]]></TEXTRIGHT>
			<CAPTIONLEFT><![CDATA[]]></CAPTIONLEFT>
			<CAPTIONRIGHT><![CDATA[]]></CAPTIONRIGHT>
			<SOUND>audio/family.mp3</SOUND>
			<BACKGROUNDON>true</BACKGROUNDON>
		</PAGE9>
		<PAGE10>
			<TITLELEFT><![CDATA[]]></TITLELEFT>
			<TITLERIGHT><![CDATA[]]></TITLERIGHT>
			<TEXTLEFT><![CDATA[<font color="#f2d069">Students<img src="/files/multimedia/hindi/images/students.gif"/>
			
			
These students go to high school.</font>]]></TEXTLEFT>
			<TEXTRIGHT><![CDATA[<img src="/files/multimedia/hindi/images/students.jpg"/>]]></TEXTRIGHT>
			<CAPTIONLEFT><![CDATA[]]></CAPTIONLEFT>
			<CAPTIONRIGHT><![CDATA[]]></CAPTIONRIGHT>
			<SOUND>audio/students.mp3</SOUND>
			<BACKGROUNDON>true</BACKGROUNDON>
		</PAGE10>
		<PAGE11>
			<TITLELEFT><![CDATA[]]></TITLELEFT>
			<TITLERIGHT><![CDATA[]]></TITLERIGHT>
			<TEXTLEFT><![CDATA[<img src="/files/multimedia/hindi/images/teacher.jpg"/>]]></TEXTLEFT>
			<TEXTRIGHT><![CDATA[<font color="#f2d069">Teacher<img src="/files/multimedia/hindi/images/teachers.gif"/>
			
		
Our teacher prepares us for the board exams.</font>]]></TEXTRIGHT>
			<CAPTIONLEFT><![CDATA[]]></CAPTIONLEFT>
			<CAPTIONRIGHT><![CDATA[]]></CAPTIONRIGHT>
			<SOUND>audio/teachers.mp3</SOUND>
			<BACKGROUNDON>true</BACKGROUNDON>
		</PAGE11>
		<PAGE12>
			<TITLELEFT><![CDATA[]]></TITLELEFT>
			<TITLERIGHT><![CDATA[]]></TITLERIGHT>
			<TEXTLEFT><![CDATA[<font color="#f2d069">Work<img src="/files/multimedia/hindi/images/work.gif"/>
			
			
Hard work is part of every day in India.</font>]]></TEXTLEFT>
			<TEXTRIGHT><![CDATA[<img src="/files/multimedia/hindi/images/work.jpg"/>]]></TEXTRIGHT>
			<CAPTIONLEFT><![CDATA[]]></CAPTIONLEFT>
			<CAPTIONRIGHT><![CDATA[]]></CAPTIONRIGHT>
			<SOUND>audio/work.mp3</SOUND>
			<BACKGROUNDON>true</BACKGROUNDON>
		</PAGE12>
		<PAGE13>
			<TITLELEFT><![CDATA[]]></TITLELEFT>
			<TITLERIGHT><![CDATA[]]></TITLERIGHT>
			<TEXTLEFT><![CDATA[<img src="/files/multimedia/hindi/images/play.jpg"/>]]></TEXTLEFT>
			<TEXTRIGHT><![CDATA[<font color="#f2d069">Play<img src="/files/multimedia/hindi/images/play.gif"/>
			
			
We also take time to play.</font>]]></TEXTRIGHT>
			<CAPTIONLEFT><![CDATA[]]></CAPTIONLEFT>
			<CAPTIONRIGHT><![CDATA[]]></CAPTIONRIGHT>
			<SOUND>audio/play.mp3</SOUND>
			<BACKGROUNDON>true</BACKGROUNDON>
		</PAGE13>
		<PAGE14>
			<TITLELEFT><![CDATA[]]></TITLELEFT>
			<TITLERIGHT><![CDATA[]]></TITLERIGHT>
			<TEXTLEFT><![CDATA[<font color="#f2d069">Street<img src="/files/multimedia/hindi/images/street.gif"/>
			
			
An Indian street is always full of cars and other traffic.</font>]]></TEXTLEFT>
			<TEXTRIGHT><![CDATA[<img src="/files/multimedia/hindi/images/street.jpg"/>]]></TEXTRIGHT>
			<CAPTIONLEFT><![CDATA[]]></CAPTIONLEFT>
			<CAPTIONRIGHT><![CDATA[]]></CAPTIONRIGHT>
			<SOUND>audio/street.mp3</SOUND>
			<BACKGROUNDON>true</BACKGROUNDON>
		</PAGE14>
		<PAGE15>
			<TITLELEFT><![CDATA[]]></TITLELEFT>
			<TITLERIGHT><![CDATA[]]></TITLERIGHT>
			<TEXTLEFT><![CDATA[<img src="/files/multimedia/hindi/images/rickshaw.jpg"/>]]></TEXTLEFT>
			<TEXTRIGHT><![CDATA[<font color="#f2d069">Rickshaw<img src="/files/multimedia/hindi/images/rickshaw.gif"/>
			
			
Some students ride in a rickshaw to get to school.</font>]]></TEXTRIGHT>
			<CAPTIONLEFT><![CDATA[]]></CAPTIONLEFT>
			<CAPTIONRIGHT><![CDATA[]]></CAPTIONRIGHT>
			<SOUND>audio/rickshaw.mp3</SOUND>
			<BACKGROUNDON>true</BACKGROUNDON>
		</PAGE15>
		<PAGE16>
			<TITLELEFT><![CDATA[]]></TITLELEFT>
			<TITLERIGHT><![CDATA[]]></TITLERIGHT>
			<TEXTLEFT><![CDATA[<font color="#f2d069">Cow<img src="/files/multimedia/hindi/images/cow.gif"/>
			
			
In the Hindu religion, the cow is a holy animal. But many cows must find their food on the streets.</font>]]></TEXTLEFT>
			<TEXTRIGHT><![CDATA[<img src="/files/multimedia/hindi/images/cow.jpg"/>]]></TEXTRIGHT>
			<CAPTIONLEFT><![CDATA[]]></CAPTIONLEFT>
			<CAPTIONRIGHT><![CDATA[]]></CAPTIONRIGHT>
			<SOUND>audio/cow.mp3</SOUND>
			<BACKGROUNDON>true</BACKGROUNDON>
		</PAGE16>
		<PAGE17>
			<TITLELEFT><![CDATA[]]></TITLELEFT>
			<TITLERIGHT><![CDATA[]]></TITLERIGHT>
			<TEXTLEFT><![CDATA[<img src="/files/multimedia/hindi/images/store.jpg"/>]]></TEXTLEFT>
			<TEXTRIGHT><![CDATA[<font color="#f2d069">Store<img src="/files/multimedia/hindi/images/store.gif"/>
			
			
This small store sells snacks, soaps, candles, and other small items.</font>]]></TEXTRIGHT>
			<CAPTIONLEFT><![CDATA[]]></CAPTIONLEFT>
			<CAPTIONRIGHT><![CDATA[]]></CAPTIONRIGHT>
			<SOUND>audio/store.mp3</SOUND>
			<BACKGROUNDON>true</BACKGROUNDON>
		</PAGE17>
		<PAGE18>
			<TITLELEFT><![CDATA[]]></TITLELEFT>
			<TITLERIGHT><![CDATA[]]></TITLERIGHT>
			<TEXTLEFT><![CDATA[<font color="#f2d069">Shopping<img src="/files/multimedia/hindi/images/shopping2.gif"/>
			
			
In the cities of India, you also find modern shopping malls.</font>]]></TEXTLEFT>
			<TEXTRIGHT><![CDATA[<img src="/files/multimedia/hindi/images/shopping.jpg"/>]]></TEXTRIGHT>
			<CAPTIONLEFT><![CDATA[]]></CAPTIONLEFT>
			<CAPTIONRIGHT><![CDATA[]]></CAPTIONRIGHT>
			<SOUND>audio/shopping.mp3</SOUND>
			<BACKGROUNDON>true</BACKGROUNDON>
		</PAGE18>
		<PAGE19>
			<TITLELEFT><![CDATA[]]></TITLELEFT>
			<TITLERIGHT><![CDATA[]]></TITLERIGHT>
			<TEXTLEFT><![CDATA[<img src="/files/multimedia/hindi/images/temple.jpg"/>]]></TEXTLEFT>
			<TEXTRIGHT><![CDATA[<font color="#f2d069">Temple<img src="/files/multimedia/hindi/images/temple.gif"/>
			
			
India includes many religions. This is a Hindu temple.</font>]]></TEXTRIGHT>
			<CAPTIONLEFT><![CDATA[]]></CAPTIONLEFT>
			<CAPTIONRIGHT><![CDATA[]]></CAPTIONRIGHT>
			<SOUND>audio/temple.mp3</SOUND>
			<BACKGROUNDON>true</BACKGROUNDON>
		</PAGE19>
		<PAGE20>
			<TITLELEFT><![CDATA[]]></TITLELEFT>
			<TITLERIGHT><![CDATA[]]></TITLERIGHT>
			<TEXTLEFT><![CDATA[<font color="#f2d069">Trees<img src="/files/multimedia/hindi/images/trees.gif"/>			
			
			
Bamboo trees grow very tall along a path.</font>]]></TEXTLEFT>
			<TEXTRIGHT><![CDATA[<img src="/files/multimedia/hindi/images/trees.jpg"/>]]></TEXTRIGHT>
			<CAPTIONLEFT><![CDATA[]]></CAPTIONLEFT>
			<CAPTIONRIGHT><![CDATA[]]></CAPTIONRIGHT>
			<SOUND>audio/trees.mp3</SOUND>
			<BACKGROUNDON>true</BACKGROUNDON>
		</PAGE20>
		<PAGE21>
			<TITLELEFT><![CDATA[]]></TITLELEFT>
			<TITLERIGHT><![CDATA[]]></TITLERIGHT>
			<TEXTLEFT><![CDATA[<img src="/files/multimedia/hindi/images/colors.jpg"/>]]></TEXTLEFT>
			<TEXTRIGHT><![CDATA[<font color="#f2d069">Colors<img src="/files/multimedia/hindi/images/colors.gif"/>
			
			
The beautiful colors in these powders are used for the bindi married women wear on their forehead.</font>]]></TEXTRIGHT>
			<CAPTIONLEFT><![CDATA[]]></CAPTIONLEFT>
			<CAPTIONRIGHT><![CDATA[]]></CAPTIONRIGHT>
			<SOUND>audio/colors.mp3</SOUND>
			<BACKGROUNDON>true</BACKGROUNDON>
		</PAGE21>
		<PAGE22>
			<TITLELEFT><![CDATA[]]></TITLELEFT>
			<TITLERIGHT><![CDATA[]]></TITLERIGHT>
			<TEXTLEFT><![CDATA[<font color="#f2d069">Water<img src="/files/multimedia/hindi/images/water.gif"/>
			
			
This boy will carry water home for cooking and washing.</font>]]></TEXTLEFT>
			<TEXTRIGHT><![CDATA[<img src="/files/multimedia/hindi/images/water.jpg"/>]]></TEXTRIGHT>
			<CAPTIONLEFT><![CDATA[]]></CAPTIONLEFT>
			<CAPTIONRIGHT><![CDATA[]]></CAPTIONRIGHT>
			<SOUND>audio/water.mp3</SOUND>
			<BACKGROUNDON>true</BACKGROUNDON>
		</PAGE22>
		<PAGE23>
			<TITLELEFT><![CDATA[]]></TITLELEFT>
			<TITLERIGHT><![CDATA[]]></TITLERIGHT>
			<TEXTLEFT><![CDATA[<img src="/files/multimedia/hindi/images/hungry.jpg"/>]]></TEXTLEFT>
			<TEXTRIGHT><![CDATA[<font color="#f2d069">Hungry<img src="/files/multimedia/hindi/images/hungry.gif"/>
			
			
Hungry workers eat a quick lunch.</font>]]></TEXTRIGHT>
			<CAPTIONLEFT><![CDATA[]]></CAPTIONLEFT>
			<CAPTIONRIGHT><![CDATA[]]></CAPTIONRIGHT>
			<SOUND>audio/hungry.mp3</SOUND>
			<BACKGROUNDON>true</BACKGROUNDON>
		</PAGE23>
		<PAGE24>
			<TITLELEFT><![CDATA[]]></TITLELEFT>
			<TITLERIGHT><![CDATA[]]></TITLERIGHT>
			<TEXTLEFT><![CDATA[<font color="#f2d069">Thirsty<img src="/files/multimedia/hindi/images/thirsty.gif"/>
			
			
A thirsty boy buys a cold drink.</font>]]></TEXTLEFT>
			<TEXTRIGHT><![CDATA[<img src="/files/multimedia/hindi/images/thirsty.jpg"/>]]></TEXTRIGHT>
			<CAPTIONLEFT><![CDATA[]]></CAPTIONLEFT>
			<CAPTIONRIGHT><![CDATA[]]></CAPTIONRIGHT>
			<SOUND>audio/thirsty.mp3</SOUND>
			<BACKGROUNDON>true</BACKGROUNDON>
		</PAGE24>
		<PAGE25>
			<TITLELEFT><![CDATA[]]></TITLELEFT>
			<TITLERIGHT><![CDATA[]]></TITLERIGHT>
			<TEXTLEFT><![CDATA[<img src="/files/multimedia/hindi/images/tired.jpg"/>]]></TEXTLEFT>
			<TEXTRIGHT><![CDATA[<font color="#f2d069">Tired<img src="/files/multimedia/hindi/images/tired2.gif"/>
			
			
These men in the park are very tired.</font>]]></TEXTRIGHT>
			<CAPTIONLEFT><![CDATA[]]></CAPTIONLEFT>
			<CAPTIONRIGHT><![CDATA[]]></CAPTIONRIGHT>
			<SOUND>audio/tired.mp3</SOUND>
			<BACKGROUNDON>true</BACKGROUNDON>
		</PAGE25>
		<PAGE26>
			<TITLELEFT><![CDATA[]]></TITLELEFT>
			<TITLERIGHT><![CDATA[]]></TITLERIGHT>
			<TEXTLEFT><![CDATA[<font color="#f2d069">Sad<img src="/files/multimedia/hindi/images/sad.gif"/>
			
			
This baby is sad.</font>]]></TEXTLEFT>
			<TEXTRIGHT><![CDATA[<img src="/files/multimedia/hindi/images/sad.jpg"/>]]></TEXTRIGHT>
			<CAPTIONLEFT><![CDATA[]]></CAPTIONLEFT>
			<CAPTIONRIGHT><![CDATA[]]></CAPTIONRIGHT>
			<SOUND>audio/sad.mp3</SOUND>
			<BACKGROUNDON>true</BACKGROUNDON>
		</PAGE26>
		<PAGE27>
			<TITLELEFT><![CDATA[]]></TITLELEFT>
			<TITLERIGHT><![CDATA[]]></TITLERIGHT>
			<TEXTLEFT><![CDATA[<img src="/files/multimedia/hindi/images/happy.jpg"/>]]></TEXTLEFT>
			<TEXTRIGHT><![CDATA[<font color="#f2d069">Happy<img src="/files/multimedia/hindi/images/happy.gif"/>
			
			
This young girl is happy.</font>]]></TEXTRIGHT>
			<CAPTIONLEFT><![CDATA[]]></CAPTIONLEFT>
			<CAPTIONRIGHT><![CDATA[]]></CAPTIONRIGHT>
			<SOUND>audio/happy.mp3</SOUND>
			<BACKGROUNDON>true</BACKGROUNDON>
		</PAGE27>
		<PAGE28>
			<TITLELEFT><![CDATA[]]></TITLELEFT>
			<TITLERIGHT><![CDATA[]]></TITLERIGHT>
			<TEXTLEFT><![CDATA[<font color="#f2d069">Goodbye<img src="/files/multimedia/hindi/images/goodbye.gif"/>
			
			
Goodbye! Thank you for visiting us.</font>]]></TEXTLEFT>
			<TEXTRIGHT><![CDATA[<img src="/files/multimedia/hindi/images/goodbye.jpg"/>]]></TEXTRIGHT>
			<CAPTIONLEFT><![CDATA[]]></CAPTIONLEFT>
			<CAPTIONRIGHT><![CDATA[]]></CAPTIONRIGHT>
			<SOUND>audio/goodbye.mp3</SOUND>
			<BACKGROUNDON>true</BACKGROUNDON>
		</PAGE28>
		<PAGE29>
			<TITLELEFT><![CDATA[]]></TITLELEFT>
			<TITLERIGHT><![CDATA[]]></TITLERIGHT>
			<TEXTLEFT><![CDATA[<img src="/files/multimedia/hindi/images/comelearn.jpg"/>]]></TEXTLEFT>
			<TEXTRIGHT><![CDATA[<font color="#f2d069" size="14">Audio: Noida Pubic Senior Secondary School, Noida, India
Photos: Child Rights Information Center, Bal Panchayat, New Delhi, India
Government High School, Cotton Pet, Bangalore, India
Noida Pubic Senior Secondary School, Noida, India
Production: What Kids Can Do, Inc., Providence, Rhoda Island
With support from: Adobe Systems, Inc. 
Special thanks to: Rinkoo Bahrani and Rajsri Ram Mohan, Teachers, Noida Pubic Senior Secondary School</font>]]></TEXTRIGHT>
			<CAPTIONLEFT><![CDATA[]]></CAPTIONLEFT>
			<CAPTIONRIGHT><![CDATA[]]></CAPTIONRIGHT>
			<SOUND></SOUND>
			<BACKGROUNDON>true</BACKGROUNDON>
		</PAGE29>
		</BODY>
</BOOK>