



    

<!DOCTYPE html> 
<html lang="en">

    <head>
        <meta http-equiv="Content-Type" content="text/html; charset=UTF-8"/>
        <meta name="description" content=""/>
        <meta name="keywords" content=""/>
        <meta name="robots" content="index,follow"/>
        <meta name="google-site-verification" content="j8Y9t1TVgYOK3PIRNPX39_l_ZhwabTUZ996ssgQQeGk" />
        <link type="image/x-icon" href="/system/modules/org.tei.www/_common/images/favicon.ico" rel="icon"/>
        <link rel="alternate" type="application/rss+xml" title="TEI: News" href="http://textencodinginitiative.wordpress.com/feed/" />
        <title>TEI: 
World of Dante


</title>
            <link href="/system/modules/org.tei.www/_common/css/tei.css" rel="stylesheet" type="text/css"
            media="all"/>
		<style type="text/css" media="all">@import "/system/modules/org.tei.www/_common/udm/udm-style.css";</style>
                <script type="text/javascript" src="/system/modules/org.tei.www/_common/udm/udm-all.js"></script>

                   
    </head>

    <body> <!-- test -->
        <script type="text/javascript" src="/system/modules/org.tei.www/_common/udm/udm-dom.js"></script>
        <script type="text/javascript" src="/system/modules/org.tei.www/_common/udm/udm-mod-keyboard.js"></script>
        <div id="container">
            <a href="#contentstart" title="Skip to content" class="skip">skip to content</a>
            <div id="banner">
                <img src="/system/modules/org.tei.www/_common/images/banner.jpg"
                    alt="Text Encoding Initiative logo and banner"/>
            </div>
            <!-- ULTIMATE DROP DOWN MENU Version 4.6 -->
            <!-- http://www.udm4.com/ -->

        

<ul id="udm" class="udm">
    <li>
        <a href="/">Home</a>
    </li>
    <li>
        <a href="/Guidelines/">Guidelines</a>
        <ul>
            <li>
                <a href="/Guidelines/P5/">P5 Guidelines</a>
            </li>
            <li>
               <a href="http://www.tei-c.org/release/doc/tei-p5-doc/en/html/index.html"> – Table of Contents</a>
            </li>
 	    <li>
                <a
                    href="/Guidelines/Customization/"
                    >Customization</a>
            </li>
 	    <li>
                <a
                    href="/Guidelines/access.xml"
                    >Licensing and Citation</a>
            </li>
            <li>
                <a href="https://github.com/TEIC/TEI">TEI @ GitHub</a>
            </li>
	    <li>
                <a
                    href="/Support/Learn/"
                    >Learn the TEI</a>
            </li>
            
           
        </ul>
    </li>
    <li>
        <a href="/Activities/">Activities</a>
        <ul>
            <li>
                <a href="http://members.tei-c.org/Events/meetings"
                    >Annual Meetings</a>
            </li>
            <li>
                <a href="/Activities/Council/">TEI Technical Council</a>
            </li>
            <li>
                <a href="/Board/">TEI Board of Directors</a>
            </li>
            <li>
                <a href="/Activities/Workgroups/"
                    >Workgroups</a>
            </li>
            <li>
                <a href="/Activities/SIG/">SIGs</a>
            </li>
            <li>
                <a href="/Activities/Projects/"
                    >Projects</a>
            </li>
            <li><a href="http://journal.tei-c.org/"><i>jTEI:</i> <span style="font-size:90%">Journal of the TEI</span></a></li>
        
        </ul>
    </li>
    <li>
        <a href="/Tools/">Tools</a>
        <ul>
            <li>
                <a href="http://www.tei-c.org/oxgarage/">OxGarage</a>
            </li>
            <li>
                <a href="http://www.tei-c.org/Roma/">Roma</a>
            </li>
             <li><a href="http://tapasproject.org/">TAPAS</a></li>
            <li>
                <a href="/Tools/Stylesheets/"
                    >Stylesheets</a>
            </li>
            <li>
                <a href="/Tools/I18N/">Internationalization</a>
            </li>
            <li>
                <a
                    href="/Activities/SIG/Tools/"
                    >Tools SIG</a>
            </li>
            <li>
                <a href="http://wiki.tei-c.org/index.php/Category%3ATools"
                    >TEI Wiki Tools page</a>
            </li>
        </ul>
    </li>
    <li>
        <a href="http://members.tei-c.org/">Membership</a>
        <ul>
            <li>
                <a href="http://members.tei-c.org/Join">How
                    to join</a>
            </li>
            <li>
                <a href="http://members.tei-c.org/Join/benefits"
                    >Benefits</a>
            </li>
            <li>
                <a href="http://members.tei-c.org/Events/meetings"
                    >Meetings</a>
            </li>
            <li>
                <a href="http://members.tei-c.org/Directory">
                    List of members</a>
            </li>
        </ul>
    </li>
    <li>
        <a href="/Support/">Support</a>
        <ul>
<li><a href="/Support/index.xml#tei-l">TEI-L Mailing List</a></li>
  
             <li>
                <a href="http://wiki.tei-c.org/">TEI Wiki</a>
            </li>
            <li>
                <a href="/Support/Learn/"
                    >Learn the TEI</a>
            </li>
<li><a href="https://github.com/TEIC/TEI/issues">Bug Reports &amp; Feature Requests</a></li>

<!--
            <li>
                <a href="/Activities/Samples/"
                    >TEI Samples </a>
            </li>
-->
        </ul>
    </li>
    <li>
        <a href="/About/">About</a>
        <ul>
            <li>
                <a href="/About/faq.xml">FAQ</a>
            </li>
            <li>
                <a href="/About/mission.xml">Goals
                    &amp; mission</a>
            </li>
	    <li>
                <a href="/About/charter.xml"
                    >Charter</a>
            </li>
            <li>
                <a href="/About/bylaws.xml"
                    >Bylaws</a>
            </li>
            <li>
                <a href="/About/organization.xml"
                    >Organization</a>
            </li>
            <li>
                <a href="/About/board.xml"
                    >&nbsp; – Board of Directors</a>
            </li>
            <li>
                <a href="/Activities/Council/index.xml"
                    >&nbsp; – Technical Council</a>
            </li>
            <li>
                <a href="/About/history.xml"
                    >History</a>
            </li>
            <li>
                <a href="http://www.tei-c.org/Vault/"
                    >Archive</a>
            </li>
            <li>
                <a href="/About/Badges/"
                    >TEI Badges</a>
            </li>
            <li>
                <a href="/About/contact.xml"
                    >Contact information</a>
            </li>
            <li><a href="/About/website.xml">This Website</a></li>
          
        </ul>
    </li>
    <li>
        <a href="/News/">News</a>
    </li>
    <!--<li>
        <a href="http://www.tei-shop.org/">Online Store</a>
    </li>-->
</ul>

                    <!-- Main page body starts here -->



<div style="position: relative">
    

    
<div id="breadcrumb"><a class="breadcrumb" href="/" target="_self" >Home</a> -&gt; <a class="breadcrumb" href="/Activities/" target="_self" >Activities</a> -&gt; <a class="breadcrumb" href="/Activities/Projects/" target="_self" >Projects</a> -&gt; World of Dante</div>


    
    <div id="searchbox" style="position: absolute; top: 1ex; right: 1ex;">
     <form action="http://www.google.com/search" method="get">
      <input style="color:#225588;" value="" maxlength="255" size="20" name="q" type="text" />&nbsp;<select name="sitesearch">
     <option value="http://www.tei-c.org/" selected="selected">Entire site</option>
    <option value="http://www.tei-c.org/release/doc/tei-p5-doc/en/html/">P5 Guidelines</option></select>&nbsp;<input style="font-size:100%; font-weight:bold;  color:#FFFFFF; background-color:#225588; height: 2em;"  value="Search" type="submit" /></form></div>
</div>


    

<div id="main">
<div id="sidebar">
<div id="nav-supp">
<ul>
<li class="nav-0"><a href="/Activities/Board" >TEI Board of Directors</a></li>

<li class="nav-0"><a href="/Activities/Council/index.xml" >TEI Technical Council</a></li>

<li class="nav-0"><a href="/Activities/rahtz.xml" >Rahtz Prize for TEI Ingenuity</a></li>

<li class="nav-0"><a href="/Activities/Workgroups/index.xml" >Workgroups</a></li>

<li class="nav-0"><a href="/Activities/SIG/index.xml" >Special Interest Groups (SIGs)</a></li>

<li class="nav-0"><a href="/Activities/Projects/index.xml" >Projects</a></li>

<li class="nav-0"><a href="/Activities/jTEI" >jTEI - Journal of the TEI</a></li>
</ul>
</div>
</div>
</div>









    
		
		
		
		<div id="separator"> </div>
<div id="content">
   <a id="contentstart"/>
   <div class="empty">
      <a id="top"/>
   </div>
   <div>
      <h1 class="maintitle">The World of Dante</h1>
      <hr/>
   </div>
      
         <div class="p">
      <span id="d602828e76"/>
        
            <ul>
         <li>
            <span id="d602828e80"/>
                  <b>Host</b>: Institute for Advanced Technologies in the Humanities, University of Virginia</li>
         <li>
            <span id="d602828e86"/>
                  <b>URL</b>: <a class="link_ptr" href="http://www.worldofdante.org/" title="">
               <span>http://www.worldofdante.org/</span>
            </a>
               </li>
      </ul>
      
         </div>

         <p>
      <span id="d602828e96"/>
            <b>Description</b>:</p>

         <p>
      <span id="d602828e102"/>"The World of Dante offers a hypermedia environment for the study of the <i>Inferno</i>. This project is designed to appeal to the different purposes of a wide range of readers, not simply those with scholarly interests. This version of the Inferno is generated by software from a densely encoded electronic text. Unlike other versions of the poem presently online, this copy of the Inferno has been tagged using SGML (Standard Generalized Markup Language). Search results are retrieved and presented using DynaWeb, a product of the Inso Corporation. The text and searching enabled by DynaWeb and the underlying SGML demonstrates the potential of electronic resources in the humanities. The materials here are incomplete. This site is still under construction; its purpose is to show and test an interface design for The World of Dante."</p>

         <p>
      <span id="d602828e108"/>– The World of Dante WWW page</p>
      
         <p>
      <span id="d602828e111"/>
            <b>Contact</b>:
        <div class="address">
          
               Deborah Parker<br/>
          
               Department of Spanish, Italian, and Portuguese<br/>
          
               115 Wilson Hall<br/>
          
               University of Virginia<br/>
          
               Charlottesville, VA 22903<br/>
          
               USA<br/>
          
               Tel: +1 804 924 8209<br/>
          
               Fax: +1 804 924 2654<br/>
          
               Email: <a class="link_ref" href="mailto:dwp7k@virginia.edu" title="dwp7k@virginia.edu">dwp7k@virginia.edu</a>
               <br/>
        
            </div>
      
         </p>
    
      <hr/>
   <div style="font-size:12px; font-family:sans-serif;">
      <i>Last recorded change to this page: 
                   2007-09-20
 •  For corrections or updates, contact <a href="mailto:web@tei-c.org">web@tei-c.org</a>
      </i>
   </div>
</div>



    <!-- Main page body ends here -->
        <div id="footer">
<p><a href="https://twitter.com/TEIConsortium" class="twitter-follow-button" data-show-count="false" data-dnt="true">Follow @TEIConsortium</a><script>!function(d,s,id){var js,fjs=d.getElementsByTagName(s)[0],p=/^http:/.test(d.location)?'http':'https';if(!d.getElementById(id)){js=d.createElement(s);js.id=id;js.src=p+'://platform.twitter.com/widgets.js';fjs.parentNode.insertBefore(js,fjs);}}(document, 'script', 'twitter-wjs');</script>&nbsp;| <a href="http://textencodinginitiative.wordpress.com/feed/"><img src="http://www.tei-c.org/system/modules/org.tei.www/_common/images/rss-sm.png" border="0" alt="RSS icon" style="vertical-align:middle"/></a>&nbsp;&nbsp;<a href="http://textencodinginitiative.wordpress.com/feed/atom/"><img src="http://www.tei-c.org/system/modules/org.tei.www/_common/images/button_ATOM.gif" border="0" alt="ATOM icon" style="vertical-align:middle"/></a>&nbsp;|&nbsp;
<a href="/Activities/Projects/da02.xml">HTML View</a>&nbsp;|
<a href="/Activities/Projects/da02.xml?style=raw">XML View</a>&nbsp;|
<a href="/Activities/Projects/da02.xml?style=printable">Printable Version</a>&nbsp;|
<a href="http://www.udm4.com/"><img src="/udm4-microbutton80x15.gif" border="0" style="vertical-align:middle;" alt="Drop Down Menu" width="80" height="15" /></a>&nbsp;| <a href="http://www.tei-c.org/About/Badges/"><img id="badge" src="http://www.tei-c.org/About/Badges/powered-by-TEI.png" alt="TEI badge" border="0"/></a>&nbsp;| <a target="_blank" href="http://www.tei-c.org/About/contact.xml">Contact/Feedback</a></p>
</div></div>
<script src="http://www.google-analytics.com/urchin.js" type="text/javascript">
</script>
<script type="text/javascript">
_uacct = "UA-4372657-1";
urchinTracker();
</script>
</body></html>



