<?xml version="1.0" encoding="utf-8"?><root flv="episode.flv">
<text start="15"><![CDATA['Hello!']]></text>
<text start="16"><![CDATA[I am Benjamin.]]></text>
<text start="17"><![CDATA[In this unit, you learned about school life and classes.]]></text>
<text start="21"><![CDATA[We’re here in front of le lycée Cézanne in Aix-en-Provence.]]></text>
<text start="24"><![CDATA[Come on, I'll show you around.]]></text>
<text start="29"><![CDATA[Here’s the meeting point for students. This is where they spend time between classes.]]></text>
<text start="36"><![CDATA[Shh! Now we’re in the library.]]></text>
<text start="42"><![CDATA[This is a classroom. It’s a French class. Interesting, isn’t it?]]></text>
<text start="50"><![CDATA[Let’s ask some students about their classes.]]></text>
<text start="53"><![CDATA[Hello!]]></text>
<text start="54"><![CDATA[Hello!]]></text>
<text start="55"><![CDATA[What class do you have now?]]></text>
<text start="57"><![CDATA[I have English.]]></text>
<text start="58"><![CDATA[Thank you. Hello!]]></text>
<text start="60"><![CDATA[Hello!]]></text>
<text start="61"><![CDATA[What class do you have now?]]></text>
<text start="63"><![CDATA[I have math class.]]></text>
<text start="65"><![CDATA[History and geography]]></text>
<text start="66"><![CDATA[I have philosophy.]]></text>
<text start="67"><![CDATA[Is it interesting?]]></text>
<text start="68"><![CDATA[Eh, it’s OK.]]></text>
<text start="70"><![CDATA[Thanks. Hello!]]></text>
<text start="72"><![CDATA[Hello!]]></text>
<text start="73"><![CDATA[What class do you have now?]]></text>
<text start="74"><![CDATA[Physics.]]></text>
<text start="75"><![CDATA[Is it interesting?]]></text>
<text start="77"><![CDATA[Yes, but it’s diffi cult.]]></text>
<text start="82"><![CDATA[Here’s something you might find interesting about education in France. You begin with nursery school when you’re around four years old.]]></text>
<text start="90"><![CDATA[From seven years old to eleven, you go to elementary school. When you’re twelve, you go to middle school for four years, after which you go to high school.]]></text>
<text start="99"><![CDATA[You attend high school for three years, usually starting when you are fi fteen or sixteen years old.The school day generally starts from eight to eight-thirty in the morning and ends between five and five-thirty in the evening.]]></text>
<text start="113"><![CDATA[There’s a break in the morning and another in the afternoon. Lunchtime lasts at least an hour. And, when you are in middle school, Wednesday afternoons are usually free.]]></text>
<text start="122"><![CDATA[I hope you enjoyed your visit. À plus tard!]]></text>
</root>