<?xml version="1.0" encoding="UTF-8"?>
<rss xmlns:itunes="http://www.itunes.com/dtds/podcast-1.0.dtd" version="2.0">
		  <channel>
	    <language>en-ca</language>
	    <title>Day 6 from CBC Radio</title>
	    <image>
	      <url>http://www.cbc.ca/radio/podcasts/images/promo-day6.jpg</url>
	      <title>Day 6 from CBC Radio</title>
	      <link>http://www.cbc.ca/podcasting</link>
	    </image>
	    <link>http://www.cbc.ca/podcasting</link>
	    <description>Day 6 is a news magazine show that delivers a surprising take on the week. 
</description>
	    <itunes:owner>
	      <itunes:name>CBC</itunes:name>
	      <itunes:email>podcasting@cbc.ca</itunes:email>
	    </itunes:owner>
	    <copyright>Copyright © CBC 2017</copyright>
	    <managingEditor>podcasting@cbc.ca</managingEditor>
	    <itunes:category text="News &amp; Politics" />
	    <itunes:category text="Public Radio" />
	    <itunes:author>CBC Radio</itunes:author>
	    <itunes:keywords>CBC,CBC Radio</itunes:keywords>
	    <itunes:summary>Day 6 is a news magazine show that delivers a surprising take on the week. 
</itunes:summary>
	    <itunes:image href="http://www.cbc.ca/radio/podcasts/images/promo-day6.jpg" />
      <itunes:explicit>No</itunes:explicit>
	    
	    
	    <item>
	      <title>Episode 320: The Trump dossier, Tim Raines Call to the Hall, Cannabis vs. Opioids, Most Ambitious Simpsons Episodes, Great Trail Hiker, Frederic Hof on Obama and Syria, and more.</title>
	      <guid>http://podcast.cbc.ca/mp3/podcasts/day6_20170113_54929.mp3</guid>
	      <description>Episode 320: Trump dossier | Medical marijuana vs. opioids | Obama's legacy in Syria | The Simpsons and more.</description>
	      <link>http://www.cbc.ca/podcasting</link>
		    <author>podcasting@cbc.ca</author>
	      <pubDate>Fri, 13 Jan 2017 05:00:00 GMT</pubDate>
	      <itunes:subtitle>Episode 320: Trump dossier | Medical marijuana vs. opioids | Obama's legacy in Syria | The Simpsons and more.</itunes:subtitle>
        <itunes:summary>Episode 320: Trump dossier | Medical marijuana vs. opioids | Obama's legacy in Syria | The Simpsons and more.</itunes:summary>
	      <itunes:duration>3241</itunes:duration>
	      <enclosure url="http://podcast.cbc.ca/mp3/podcasts/day6_20170113_54929.mp3" length="50633" type="audio/mpeg" />
	      <itunes:explicit>No</itunes:explicit>
	    </item>
	      
	    
	    <item>
	      <title>Episode 319: Becoming Kevin O'Leary, saving Shaker music, Google renewables, marrying robots and more</title>
	      <guid>http://podcast.cbc.ca/mp3/podcasts/day6_20170106_10649.mp3</guid>
	      <description>Kevin O'Leary's origin story | one man's quest to save Shaker music | Google's move to 100% renewable energy | the drug war in the Philippines | the future of human-robot marriage and more.</description>
	      <link>http://www.cbc.ca/podcasting</link>
		    <author>podcasting@cbc.ca</author>
	      <pubDate>Fri, 06 Jan 2017 05:00:00 GMT</pubDate>
	      <itunes:subtitle>Kevin O'Leary's origin story | one man's quest to save Shaker music | Google's move to 100% renewable energy | the drug war in the Philippines | the future of human-robot marriage and more.</itunes:subtitle>
        <itunes:summary>Kevin O'Leary's origin story | one man's quest to save Shaker music | Google's move to 100% renewable energy | the drug war in the Philippines | the future of human-robot marriage and more.</itunes:summary>
	      <itunes:duration>3240</itunes:duration>
	      <enclosure url="http://podcast.cbc.ca/mp3/podcasts/day6_20170106_10649.mp3" length="50620" type="audio/mpeg" />
	      <itunes:explicit>No</itunes:explicit>
	    </item>
	      
	    
	    <item>
	      <title>Episode 318: Facing the Change — Five communities affected by climate change now</title>
	      <guid>http://podcast.cbc.ca/mp3/podcasts/day6_20161230_24627.mp3</guid>
	      <description>2016 will go down in history as the hottest year ever recorded. In this hour-long special, we revisit &quot;Facing the Change,&quot; profiling five communities that are already feeling the impact as the climate warms up.</description>
	      <link>http://www.cbc.ca/podcasting</link>
		    <author>podcasting@cbc.ca</author>
	      <pubDate>Fri, 30 Dec 2016 05:00:00 GMT</pubDate>
	      <itunes:subtitle>2016 will go down in history as the hottest year ever recorded. In this hour-long special, we revisit &quot;Facing the Change,&quot; profiling five communities that are already feeling the impact as the climate warms up.</itunes:subtitle>
        <itunes:summary>2016 will go down in history as the hottest year ever recorded. In this hour-long special, we revisit &quot;Facing the Change,&quot; profiling five communities that are already feeling the impact as the climate warms up.</itunes:summary>
	      <itunes:duration>3240</itunes:duration>
	      <enclosure url="http://podcast.cbc.ca/mp3/podcasts/day6_20161230_24627.mp3" length="50625" type="audio/mpeg" />
	      <itunes:explicit>No</itunes:explicit>
	    </item>
	      
	    
	    <item>
	      <title>Episode 317: Black Santa, the year in music, Front Page Challenge, Trump's letter to Santa and more</title>
	      <guid>http://podcast.cbc.ca/mp3/podcasts/day6_20161221_81926.mp3</guid>
	      <description>Is the world ready for non-white Santas | We look at the music that mattered most in 2016 | CBC's Front Page Challenge returns | Trump writes a letter to Santa and more.</description>
	      <link>http://www.cbc.ca/podcasting</link>
		    <author>podcasting@cbc.ca</author>
	      <pubDate>Wed, 21 Dec 2016 05:00:00 GMT</pubDate>
	      <itunes:subtitle>Is the world ready for non-white Santas | We look at the music that mattered most in 2016 | CBC's Front Page Challenge returns | Trump writes a letter to Santa and more.</itunes:subtitle>
        <itunes:summary>Is the world ready for non-white Santas | We look at the music that mattered most in 2016 | CBC's Front Page Challenge returns | Trump writes a letter to Santa and more.</itunes:summary>
	      <itunes:duration>3240</itunes:duration>
	      <enclosure url="http://podcast.cbc.ca/mp3/podcasts/day6_20161221_81926.mp3" length="50626" type="audio/mpeg" />
	      <itunes:explicit>No</itunes:explicit>
	    </item>
	      
	    
	    <item>
	      <title>Episode 316: Aleppo evacuation, Quebec's syrup wars, return of Super Mario, Venezuela's foe and more</title>
	      <guid>http://podcast.cbc.ca/mp3/podcasts/day6_20161216_16195.mp3</guid>
	      <description>Finding the truth in Aleppo |playing Super Mario on your phone | fighting Quebec's maple syrup cartel | Chicago's year of violence | influencing Venezuela's bolivar and more.</description>
	      <link>http://www.cbc.ca/podcasting</link>
		    <author>podcasting@cbc.ca</author>
	      <pubDate>Fri, 16 Dec 2016 05:00:00 GMT</pubDate>
	      <itunes:subtitle>Finding the truth in Aleppo |playing Super Mario on your phone | fighting Quebec's maple syrup cartel | Chicago's year of violence | influencing Venezuela's bolivar and more.</itunes:subtitle>
        <itunes:summary>Finding the truth in Aleppo |playing Super Mario on your phone | fighting Quebec's maple syrup cartel | Chicago's year of violence | influencing Venezuela's bolivar and more.</itunes:summary>
	      <itunes:duration>3240</itunes:duration>
	      <enclosure url="http://podcast.cbc.ca/mp3/podcasts/day6_20161216_16195.mp3" length="50625" type="audio/mpeg" />
	      <itunes:explicit>No</itunes:explicit>
	    </item>
	      
	    
	    <item>
	      <title>Episode 315: Military vs. mefloquine, top holiday books of 2016, Harry Benson, Standing Rock tees and more</title>
	      <guid>http://podcast.cbc.ca/mp3/podcasts/day6_20161209_37411.mp3</guid>
	      <description>Why the Canadian military has no plans to ban the controversial anti-malaria drug mefloquine | our top holiday books of 2016 | lifting the veil on three of Harry Benson's most iconic photographs | Standing Rock tees | American vote recounts | and more.</description>
	      <link>http://www.cbc.ca/podcasting</link>
		    <author>podcasting@cbc.ca</author>
	      <pubDate>Fri, 09 Dec 2016 05:00:00 GMT</pubDate>
	      <itunes:subtitle>Why the Canadian military has no plans to ban the controversial anti-malaria drug mefloquine | our top holiday books of 2016 | lifting the veil on three of Harry Benson's most iconic photographs | Standing Rock tees | American vote recounts | and more.</itunes:subtitle>
        <itunes:summary>Why the Canadian military has no plans to ban the controversial anti-malaria drug mefloquine | our top holiday books of 2016 | lifting the veil on three of Harry Benson's most iconic photographs | Standing Rock tees | American vote recounts | and more.</itunes:summary>
	      <itunes:duration>3240</itunes:duration>
	      <enclosure url="http://podcast.cbc.ca/mp3/podcasts/day6_20161209_37411.mp3" length="50626" type="audio/mpeg" />
	      <itunes:explicit>No</itunes:explicit>
	    </item>
	      
	    
	    <item>
	      <title>Episode 314: Pipeline politics, was Hitler a junkie?, holiday TV specials, beauty pageant burkinis and more </title>
	      <guid>http://podcast.cbc.ca/mp3/podcasts/day6_20161202_47567.mp3</guid>
	      <description>How building pipelines became so political | was Hitler a junkie? | the best, worst and weirdest of Christmas TV specials | wearing a burkini to the Miss Minnesota USA pageant | and more.</description>
	      <link>http://www.cbc.ca/podcasting</link>
		    <author>podcasting@cbc.ca</author>
	      <pubDate>Fri, 02 Dec 2016 05:00:00 GMT</pubDate>
	      <itunes:subtitle>How building pipelines became so political | was Hitler a junkie? | the best, worst and weirdest of Christmas TV specials | wearing a burkini to the Miss Minnesota USA pageant | and more.</itunes:subtitle>
        <itunes:summary>How building pipelines became so political | was Hitler a junkie? | the best, worst and weirdest of Christmas TV specials | wearing a burkini to the Miss Minnesota USA pageant | and more.</itunes:summary>
	      <itunes:duration>3240</itunes:duration>
	      <enclosure url="http://podcast.cbc.ca/mp3/podcasts/day6_20161202_47567.mp3" length="50625" type="audio/mpeg" />
	      <itunes:explicit>No</itunes:explicit>
	    </item>
	      
	    
	    <item>
	      <title>Episode 313: Montreal worship ban, protecting Syrian schools, Jamaican bobsleds, fake news and more </title>
	      <guid>http://podcast.cbc.ca/mp3/podcasts/day6_20161125_11607.mp3</guid>
	      <description>Why the Hasidic Jewish community of Outremont plans to fight a bylaw banning new places of worship | Jamaican bobsledders push for Olympic gold | using social media to hold Chicago police accountable | protecting Syrian schools | fake news and more.</description>
	      <link>http://www.cbc.ca/podcasting</link>
		    <author>podcasting@cbc.ca</author>
	      <pubDate>Fri, 25 Nov 2016 05:00:00 GMT</pubDate>
	      <itunes:subtitle>Why the Hasidic Jewish community of Outremont plans to fight a bylaw banning new places of worship | Jamaican bobsledders push for Olympic gold | using social media to hold Chicago police accountable | protecting Syrian schools | fake news and more.</itunes:subtitle>
        <itunes:summary>Why the Hasidic Jewish community of Outremont plans to fight a bylaw banning new places of worship | Jamaican bobsledders push for Olympic gold | using social media to hold Chicago police accountable | protecting Syrian schools | fake news and more.</itunes:summary>
	      <itunes:duration>3240</itunes:duration>
	      <enclosure url="http://podcast.cbc.ca/mp3/podcasts/day6_20161125_11607.mp3" length="50626" type="audio/mpeg" />
	      <itunes:explicit>No</itunes:explicit>
	    </item>
	      
	    
	    <item>
	      <title>Episode 312: Trump Tower security, the fight against bigotry, Nic Cage debate, the New Yorker's Wall and more</title>
	      <guid>http://podcast.cbc.ca/mp3/podcasts/day6_20161118_93189.mp3</guid>
	      <description>Episode 312: Trump Tower security nightmare | fighting bigotry in Canada | inside the New Yorker's latest cover | how much is too much Nic Cage | recreating photos from the '70s | net neutrality | and more.</description>
	      <link>http://www.cbc.ca/podcasting</link>
		    <author>podcasting@cbc.ca</author>
	      <pubDate>Fri, 18 Nov 2016 05:00:00 GMT</pubDate>
	      <itunes:subtitle>Episode 312: Trump Tower security nightmare | fighting bigotry in Canada | inside the New Yorker's latest cover | how much is too much Nic Cage | recreating photos from the '70s | net neutrality | and more.</itunes:subtitle>
        <itunes:summary>Episode 312: Trump Tower security nightmare | fighting bigotry in Canada | inside the New Yorker's latest cover | how much is too much Nic Cage | recreating photos from the '70s | net neutrality | and more.</itunes:summary>
	      <itunes:duration>3240</itunes:duration>
	      <enclosure url="http://podcast.cbc.ca/mp3/podcasts/day6_20161118_93189.mp3" length="50626" type="audio/mpeg" />
	      <itunes:explicit>No</itunes:explicit>
	    </item>
	      
	    
	    <item>
	      <title>Episode 311: Brexit survivors' advice to America, Trump's business conflicts, Leonard Cohen, and more</title>
	      <guid>http://podcast.cbc.ca/mp3/podcasts/day6_20161111_63402.mp3</guid>
	      <description>Episode 311: Brexit survivors' advice to America | Trump's business conflicts | three journalists weigh in on the media's role in the U.S. election | how to dispose of a nuclear bomb, remembering Leonard Cohen | Glenda Jackson as King Lear and more</description>
	      <link>http://www.cbc.ca/podcasting</link>
		    <author>podcasting@cbc.ca</author>
	      <pubDate>Fri, 11 Nov 2016 05:00:00 GMT</pubDate>
	      <itunes:subtitle>Episode 311: Brexit survivors' advice to America | Trump's business conflicts | three journalists weigh in on the media's role in the U.S. election | how to dispose of a nuclear bomb, remembering Leonard Cohen | Glenda Jackson as King Lear and more</itunes:subtitle>
        <itunes:summary>Episode 311: Brexit survivors' advice to America | Trump's business conflicts | three journalists weigh in on the media's role in the U.S. election | how to dispose of a nuclear bomb, remembering Leonard Cohen | Glenda Jackson as King Lear and more</itunes:summary>
	      <itunes:duration>3240</itunes:duration>
	      <enclosure url="http://podcast.cbc.ca/mp3/podcasts/day6_20161111_63402.mp3" length="50625" type="audio/mpeg" />
	      <itunes:explicit>No</itunes:explicit>
	    </item>
	      
	    
	    <item>
	      <title>Episode 310: Patrolling the polls, what's on U.S. state ballots?, Dr. Strange, so long Chief Wahoo, and more</title>
	      <guid>http://podcast.cbc.ca/mp3/podcasts/day6_20161104_64131.mp3</guid>
	      <description>Patrolling U.S. polling stations | 5 ballot measures that have nothing to do with Trump or Clinton | the elusive creator of Doctor Strange | Alvinston's ball team turfs Chief Wahoo | what it's like to live in a public library and more.</description>
	      <link>http://www.cbc.ca/podcasting</link>
		    <author>podcasting@cbc.ca</author>
	      <pubDate>Fri, 04 Nov 2016 04:00:00 GMT</pubDate>
	      <itunes:subtitle>Patrolling U.S. polling stations | 5 ballot measures that have nothing to do with Trump or Clinton | the elusive creator of Doctor Strange | Alvinston's ball team turfs Chief Wahoo | what it's like to live in a public library and more.</itunes:subtitle>
        <itunes:summary>Patrolling U.S. polling stations | 5 ballot measures that have nothing to do with Trump or Clinton | the elusive creator of Doctor Strange | Alvinston's ball team turfs Chief Wahoo | what it's like to live in a public library and more.</itunes:summary>
	      <itunes:duration>3240</itunes:duration>
	      <enclosure url="http://podcast.cbc.ca/mp3/podcasts/day6_20161104_64131.mp3" length="50626" type="audio/mpeg" />
	      <itunes:explicit>No</itunes:explicit>
	    </item>
	      
	    
	    <item>
	      <title>Episode 309: Unaccompanied minors in Calais, the latest gift from Negativland, Bob Newhart on the Cubs, Jet Packs, Tacoma teacher tragedy and David Sax on analog</title>
	      <guid>http://podcast.cbc.ca/mp3/podcasts/day6_20161028_79373.mp3</guid>
	      <description>Delphine Moralis of Missing Children Europe on the children of Calais | Negativland's latest record | Bob Newhart on the Cubs | Jet Paks nearer to reality | Tacoma teacher tragedy | David Sax on analog</description>
	      <link>http://www.cbc.ca/podcasting</link>
		    <author>podcasting@cbc.ca</author>
	      <pubDate>Fri, 28 Oct 2016 04:00:00 GMT</pubDate>
	      <itunes:subtitle>Delphine Moralis of Missing Children Europe on the children of Calais | Negativland's latest record | Bob Newhart on the Cubs | Jet Paks nearer to reality | Tacoma teacher tragedy | David Sax on analog</itunes:subtitle>
        <itunes:summary>Delphine Moralis of Missing Children Europe on the children of Calais | Negativland's latest record | Bob Newhart on the Cubs | Jet Paks nearer to reality | Tacoma teacher tragedy | David Sax on analog</itunes:summary>
	      <itunes:duration>3240</itunes:duration>
	      <enclosure url="http://podcast.cbc.ca/mp3/podcasts/day6_20161028_79373.mp3" length="50626" type="audio/mpeg" />
	      <itunes:explicit>No</itunes:explicit>
	    </item>
	      
	    
	    <item>
	      <title>Episode 308: Jeff Lemire on Secret Path, Twitter taunt bots, Walking Dead, Oland trial, Twin Peaks and more</title>
	      <guid>http://podcast.cbc.ca/mp3/podcasts/day6_20161021_28882.mp3</guid>
	      <description>Jeff Lemire on illustrating &quot;Secret Path&quot; | one reporter's scheme to troll IRS scammers | picking political fights via Twitter taunt bots | Walking Dead's controversial new season | Dennis Oland's trial | Twin Peaks' secret history and more</description>
	      <link>http://www.cbc.ca/podcasting</link>
		    <author>podcasting@cbc.ca</author>
	      <pubDate>Fri, 21 Oct 2016 04:00:00 GMT</pubDate>
	      <itunes:subtitle>Jeff Lemire on illustrating &quot;Secret Path&quot; | one reporter's scheme to troll IRS scammers | picking political fights via Twitter taunt bots | Walking Dead's controversial new season | Dennis Oland's trial | Twin Peaks' secret history and more</itunes:subtitle>
        <itunes:summary>Jeff Lemire on illustrating &quot;Secret Path&quot; | one reporter's scheme to troll IRS scammers | picking political fights via Twitter taunt bots | Walking Dead's controversial new season | Dennis Oland's trial | Twin Peaks' secret history and more</itunes:summary>
	      <itunes:duration>3240</itunes:duration>
	      <enclosure url="http://podcast.cbc.ca/mp3/podcasts/day6_20161021_28882.mp3" length="50625" type="audio/mpeg" />
	      <itunes:explicit>No</itunes:explicit>
	    </item>
	      
	    
	    <item>
	      <title>Episode 307: Voting machine hacks, life on Mars, how to say 'Gif,' Detroit graffiti, cholera in Haiti and more</title>
	      <guid>http://podcast.cbc.ca/mp3/podcasts/day6_20161014_75720.mp3</guid>
	      <description>The hackability of U.S. electronic voting machines | protecting life on Mars from human diseases | why 'Gif' is probably just one of the words you're saying wrong | the politics behind Detroit's war on graffiti | Haiti's cholera crisis and the UN &amp; more.</description>
	      <link>http://www.cbc.ca/podcasting</link>
		    <author>podcasting@cbc.ca</author>
	      <pubDate>Fri, 14 Oct 2016 04:00:00 GMT</pubDate>
	      <itunes:subtitle>The hackability of U.S. electronic voting machines | protecting life on Mars from human diseases | why 'Gif' is probably just one of the words you're saying wrong | the politics behind Detroit's war on graffiti | Haiti's cholera crisis and the UN &amp; more.</itunes:subtitle>
        <itunes:summary>The hackability of U.S. electronic voting machines | protecting life on Mars from human diseases | why 'Gif' is probably just one of the words you're saying wrong | the politics behind Detroit's war on graffiti | Haiti's cholera crisis and the UN &amp; more.</itunes:summary>
	      <itunes:duration>3240</itunes:duration>
	      <enclosure url="http://podcast.cbc.ca/mp3/podcasts/day6_20161014_75720.mp3" length="50626" type="audio/mpeg" />
	      <itunes:explicit>No</itunes:explicit>
	    </item>
	      
	    
	    <item>
	      <title>Episode 306: Syrian doctors under siege, investigating Ghomeshi, Arctic climate change, Luke Cage and more</title>
	      <guid>http://podcast.cbc.ca/mp3/podcasts/day6_20161007_61783.mp3</guid>
	      <description>Coaching besieged Syrian doctors through surgery | Kevin Donovan on investigating Jian Ghomeshi | facing climate change in Old Crow, Y.K. | Luke Cage changes the superhero game | gliding the Morning Glory and more</description>
	      <link>http://www.cbc.ca/podcasting</link>
		    <author>podcasting@cbc.ca</author>
	      <pubDate>Fri, 07 Oct 2016 04:00:00 GMT</pubDate>
	      <itunes:subtitle>Coaching besieged Syrian doctors through surgery | Kevin Donovan on investigating Jian Ghomeshi | facing climate change in Old Crow, Y.K. | Luke Cage changes the superhero game | gliding the Morning Glory and more</itunes:subtitle>
        <itunes:summary>Coaching besieged Syrian doctors through surgery | Kevin Donovan on investigating Jian Ghomeshi | facing climate change in Old Crow, Y.K. | Luke Cage changes the superhero game | gliding the Morning Glory and more</itunes:summary>
	      <itunes:duration>3240</itunes:duration>
	      <enclosure url="http://podcast.cbc.ca/mp3/podcasts/day6_20161007_61783.mp3" length="50625" type="audio/mpeg" />
	      <itunes:explicit>No</itunes:explicit>
	    </item>
	      
	    
	    <item>
	      <title>Episode 305: Peso versus Trump, Cubs curse, W.P. Kinsella, Richmond's rising seas, Badgerow trial and more</title>
	      <guid>http://podcast.cbc.ca/mp3/podcasts/day6_20160930_29805.mp3</guid>
	      <description>Trump vs the Mexican peso | revisiting the Chicago Cubs curse | an encounter with W.P. Kinsella | rising seas in Richmond | how Robert Badgerow has gone to trial four times for the same murder | personalized voice donations and more</description>
	      <link>http://www.cbc.ca/podcasting</link>
		    <author>podcasting@cbc.ca</author>
	      <pubDate>Fri, 30 Sep 2016 04:00:00 GMT</pubDate>
	      <itunes:subtitle>Trump vs the Mexican peso | revisiting the Chicago Cubs curse | an encounter with W.P. Kinsella | rising seas in Richmond | how Robert Badgerow has gone to trial four times for the same murder | personalized voice donations and more</itunes:subtitle>
        <itunes:summary>Trump vs the Mexican peso | revisiting the Chicago Cubs curse | an encounter with W.P. Kinsella | rising seas in Richmond | how Robert Badgerow has gone to trial four times for the same murder | personalized voice donations and more</itunes:summary>
	      <itunes:duration>3240</itunes:duration>
	      <enclosure url="http://podcast.cbc.ca/mp3/podcasts/day6_20160930_29805.mp3" length="50626" type="audio/mpeg" />
	      <itunes:explicit>No</itunes:explicit>
	    </item>
	      
	    
	    <item>
	      <title>Episode 304: The rise of wildfires, Kaepernick's protest, Trump lingo, robot cars, dyslexic design and more</title>
	      <guid>http://podcast.cbc.ca/mp3/podcasts/day6_20160923_89110.mp3</guid>
	      <description>Climate change &amp; wildfires | the Kaepernick effect | analyzing Trump's unique speech patterns | the ethics of driverless cars | why dyslexia can be a design asset and more</description>
	      <link>http://www.cbc.ca/podcasting</link>
		    <author>podcasting@cbc.ca</author>
	      <pubDate>Fri, 23 Sep 2016 04:00:00 GMT</pubDate>
	      <itunes:subtitle>Climate change &amp; wildfires | the Kaepernick effect | analyzing Trump's unique speech patterns | the ethics of driverless cars | why dyslexia can be a design asset and more</itunes:subtitle>
        <itunes:summary>Climate change &amp; wildfires | the Kaepernick effect | analyzing Trump's unique speech patterns | the ethics of driverless cars | why dyslexia can be a design asset and more</itunes:summary>
	      <itunes:duration>3240</itunes:duration>
	      <enclosure url="http://podcast.cbc.ca/mp3/podcasts/day6_20160923_89110.mp3" length="50626" type="audio/mpeg" />
	      <itunes:explicit>No</itunes:explicit>
	    </item>
	      
	    
	    <item>
	      <title>Episode 303: Charlie Sykes on NeverTrump, predicting the Polaris, part 2 of our climate series and lots more</title>
	      <guid>http://podcast.cbc.ca/mp3/podcasts/day6_20160916_46284.mp3</guid>
	      <description>Charlie Sykes takes on Trump | the Day 6 music panel returns | our climate series looks at Toronto | how Hockey is growing in China | travel by hyperloop and more. </description>
	      <link>http://www.cbc.ca/podcasting</link>
		    <author>podcasting@cbc.ca</author>
	      <pubDate>Fri, 16 Sep 2016 04:00:00 GMT</pubDate>
	      <itunes:subtitle>Charlie Sykes takes on Trump | the Day 6 music panel returns | our climate series looks at Toronto | how Hockey is growing in China | travel by hyperloop and more. </itunes:subtitle>
        <itunes:summary>Charlie Sykes takes on Trump | the Day 6 music panel returns | our climate series looks at Toronto | how Hockey is growing in China | travel by hyperloop and more. </itunes:summary>
	      <itunes:duration>3240</itunes:duration>
	      <enclosure url="http://podcast.cbc.ca/mp3/podcasts/day6_20160916_46284.mp3" length="50626" type="audio/mpeg" />
	      <itunes:explicit>No</itunes:explicit>
	    </item>
	      
	    
	    <item>
	      <title>Episode 302: facing climate change, the woman behind Bob Ross, tourism in Syria, comedy roasts and much more </title>
	      <guid>http://podcast.cbc.ca/mp3/podcasts/day6_20160909_61448.mp3</guid>
	      <description>The beginning of our climate change series | the painting and afro of Bob Ross | how far is too far at comedy roasts | can Syria boost its tourism | a new novel from Jonathan Safran Foer and more.</description>
	      <link>http://www.cbc.ca/podcasting</link>
		    <author>podcasting@cbc.ca</author>
	      <pubDate>Fri, 09 Sep 2016 04:00:00 GMT</pubDate>
	      <itunes:subtitle>The beginning of our climate change series | the painting and afro of Bob Ross | how far is too far at comedy roasts | can Syria boost its tourism | a new novel from Jonathan Safran Foer and more.</itunes:subtitle>
        <itunes:summary>The beginning of our climate change series | the painting and afro of Bob Ross | how far is too far at comedy roasts | can Syria boost its tourism | a new novel from Jonathan Safran Foer and more.</itunes:summary>
	      <itunes:duration>3240</itunes:duration>
	      <enclosure url="http://podcast.cbc.ca/mp3/podcasts/day6_20160909_61448.mp3" length="50628" type="audio/mpeg" />
	      <itunes:explicit>No</itunes:explicit>
	    </item>
	      
	    
	    <item>
	      <title>Episode 301: Human rights in China, U.S. Open, getting schooled in comedy, Cindy Blackstock and more</title>
	      <guid>http://podcast.cbc.ca/mp3/podcasts/day6_20160902_98251.mp3</guid>
	      <description>Human rights in China | Jimmy Connors' legendary U.S. Open match | weighing the merits of a college degree in comedy | Cindy Blackstock's fight for equality for Aboriginal children | why it's so tough to get good concert tickets these days | and more</description>
	      <link>http://www.cbc.ca/podcasting</link>
		    <author>podcasting@cbc.ca</author>
	      <pubDate>Fri, 02 Sep 2016 04:00:00 GMT</pubDate>
	      <itunes:subtitle>Human rights in China | Jimmy Connors' legendary U.S. Open match | weighing the merits of a college degree in comedy | Cindy Blackstock's fight for equality for Aboriginal children | why it's so tough to get good concert tickets these days | and more</itunes:subtitle>
        <itunes:summary>Human rights in China | Jimmy Connors' legendary U.S. Open match | weighing the merits of a college degree in comedy | Cindy Blackstock's fight for equality for Aboriginal children | why it's so tough to get good concert tickets these days | and more</itunes:summary>
	      <itunes:duration>3240</itunes:duration>
	      <enclosure url="http://podcast.cbc.ca/mp3/podcasts/day6_20160902_98251.mp3" length="50626" type="audio/mpeg" />
	      <itunes:explicit>No</itunes:explicit>
	    </item>
	      
	    
	    <item>
	      <title>Episode 300: Fentanyl, Peter Doig, Paralympic boosting, Southside With You, Tetris' secret history, and more</title>
	      <guid>http://podcast.cbc.ca/mp3/podcasts/day6_20160826_22178.mp3</guid>
	      <description>Fentanyl pills that look like prescription painkillers | Peter Doig's bizarre art trial | why Paralympic athletes self-harm to get ahead | Southside With You meets Do The Right Thing | Tetris' secret cold war history | and more</description>
	      <link>http://www.cbc.ca/podcasting</link>
		    <author>podcasting@cbc.ca</author>
	      <pubDate>Fri, 26 Aug 2016 04:00:00 GMT</pubDate>
	      <itunes:subtitle>Fentanyl pills that look like prescription painkillers | Peter Doig's bizarre art trial | why Paralympic athletes self-harm to get ahead | Southside With You meets Do The Right Thing | Tetris' secret cold war history | and more</itunes:subtitle>
        <itunes:summary>Fentanyl pills that look like prescription painkillers | Peter Doig's bizarre art trial | why Paralympic athletes self-harm to get ahead | Southside With You meets Do The Right Thing | Tetris' secret cold war history | and more</itunes:summary>
	      <itunes:duration>3240</itunes:duration>
	      <enclosure url="http://podcast.cbc.ca/mp3/podcasts/day6_20160826_22178.mp3" length="50625" type="audio/mpeg" />
	      <itunes:explicit>No</itunes:explicit>
	    </item>
	      
	    
	    <item>
	      <title>Episode 299:  Aging Olympians, the Hip's tour finale, Michelin stars for street food, and more</title>
	      <guid>http://podcast.cbc.ca/mp3/podcasts/day6_20160819_47203.mp3</guid>
	      <description>Aging Olympians | an Alaskan town votes to relocate because of climate change | Andrea Warner on the Hip &amp; feminism | Michelin stars &amp; street food | fake weddings | 4 myths about Guantanamo Bay</description>
	      <link>http://www.cbc.ca/podcasting</link>
		    <author>podcasting@cbc.ca</author>
	      <pubDate>Fri, 19 Aug 2016 04:00:00 GMT</pubDate>
	      <itunes:subtitle>Aging Olympians | an Alaskan town votes to relocate because of climate change | Andrea Warner on the Hip &amp; feminism | Michelin stars &amp; street food | fake weddings | 4 myths about Guantanamo Bay</itunes:subtitle>
        <itunes:summary>Aging Olympians | an Alaskan town votes to relocate because of climate change | Andrea Warner on the Hip &amp; feminism | Michelin stars &amp; street food | fake weddings | 4 myths about Guantanamo Bay</itunes:summary>
	      <itunes:duration>3241</itunes:duration>
	      <enclosure url="http://podcast.cbc.ca/mp3/podcasts/day6_20160819_47203.mp3" length="50638" type="audio/mpeg" />
	      <itunes:explicit>No</itunes:explicit>
	    </item>
	      
	    
	    <item>
	      <title>Episode 298: Aaron Driver, hijab in sport, becoming Canada's next astronaut, playing dead, and more</title>
	      <guid>http://podcast.cbc.ca/mp3/podcasts/day6_20160812_29829.mp3</guid>
	      <description>Negotiating with Aaron Driver | the politics of hijab-wearing athletes | what it takes to become a Canadian astronaut | a refugee-built app to navigate German bureaucracy | the 'fake death' cottage industry | and more.</description>
	      <link>http://www.cbc.ca/podcasting</link>
		    <author>podcasting@cbc.ca</author>
	      <pubDate>Fri, 12 Aug 2016 04:00:00 GMT</pubDate>
	      <itunes:subtitle>Negotiating with Aaron Driver | the politics of hijab-wearing athletes | what it takes to become a Canadian astronaut | a refugee-built app to navigate German bureaucracy | the 'fake death' cottage industry | and more.</itunes:subtitle>
        <itunes:summary>Negotiating with Aaron Driver | the politics of hijab-wearing athletes | what it takes to become a Canadian astronaut | a refugee-built app to navigate German bureaucracy | the 'fake death' cottage industry | and more.</itunes:summary>
	      <itunes:duration>3240</itunes:duration>
	      <enclosure url="http://podcast.cbc.ca/mp3/podcasts/day6_20160812_29829.mp3" length="50625" type="audio/mpeg" />
	      <itunes:explicit>No</itunes:explicit>
	    </item>
	      
	    
	    <item>
	      <title>Episode 297: Enhanced athletes, Venezuelan diaper hoarders, Gawker's founder declares bankruptcy, and more</title>
	      <guid>http://podcast.cbc.ca/mp3/podcasts/day6_20160805_50987.mp3</guid>
	      <description>Athletes look for an edge | why a Venezuelan economist is hoarding diapers | Gawker's founder files for bankruptcy | the roots of gun violence in Chicago | using genetically modified mosquitoes to fight Zika in Brazil | and more</description>
	      <link>http://www.cbc.ca/podcasting</link>
		    <author>podcasting@cbc.ca</author>
	      <pubDate>Fri, 05 Aug 2016 04:00:00 GMT</pubDate>
	      <itunes:subtitle>Athletes look for an edge | why a Venezuelan economist is hoarding diapers | Gawker's founder files for bankruptcy | the roots of gun violence in Chicago | using genetically modified mosquitoes to fight Zika in Brazil | and more</itunes:subtitle>
        <itunes:summary>Athletes look for an edge | why a Venezuelan economist is hoarding diapers | Gawker's founder files for bankruptcy | the roots of gun violence in Chicago | using genetically modified mosquitoes to fight Zika in Brazil | and more</itunes:summary>
	      <itunes:duration>3240</itunes:duration>
	      <enclosure url="http://podcast.cbc.ca/mp3/podcasts/day6_20160805_50987.mp3" length="50625" type="audio/mpeg" />
	      <itunes:explicit>No</itunes:explicit>
	    </item>
	      
	    
	    <item>
	      <title>Episode 296: Trump and Russia, Stranger Things' prop master, police accountability, solar flight and more</title>
	      <guid>http://podcast.cbc.ca/mp3/podcasts/day6_20160729_39382.mp3</guid>
	      <description>Trump's ties to Russia and Putin | the prop master behind the Netflix hit Stranger Things | holding cops to account | taking flight on the Solar Impulse 2 | DIY insulin pumps | real life superheroes | and more</description>
	      <link>http://www.cbc.ca/podcasting</link>
		    <author>podcasting@cbc.ca</author>
	      <pubDate>Fri, 29 Jul 2016 04:00:00 GMT</pubDate>
	      <itunes:subtitle>Trump's ties to Russia and Putin | the prop master behind the Netflix hit Stranger Things | holding cops to account | taking flight on the Solar Impulse 2 | DIY insulin pumps | real life superheroes | and more</itunes:subtitle>
        <itunes:summary>Trump's ties to Russia and Putin | the prop master behind the Netflix hit Stranger Things | holding cops to account | taking flight on the Solar Impulse 2 | DIY insulin pumps | real life superheroes | and more</itunes:summary>
	      <itunes:duration>3240</itunes:duration>
	      <enclosure url="http://podcast.cbc.ca/mp3/podcasts/day6_20160729_39382.mp3" length="50625" type="audio/mpeg" />
	      <itunes:explicit>No</itunes:explicit>
	    </item>
	      
	    
	    <item>
	      <title>Episode 295: Being black in America, being Trump, the tale of the tape, making garments with skin &amp; more</title>
	      <guid>http://podcast.cbc.ca/mp3/podcasts/day6_20160722_85154.mp3</guid>
	      <description>Mychal Denzel Smith on policing and the black millennial experience in America, how to Trump yourself, cassettes are making an unlikely comeback, a plan to make clothes with Alexander McQueen's skin and more.</description>
	      <link>http://www.cbc.ca/podcasting</link>
		    <author>podcasting@cbc.ca</author>
	      <pubDate>Fri, 22 Jul 2016 04:00:00 GMT</pubDate>
	      <itunes:subtitle>Mychal Denzel Smith on policing and the black millennial experience in America, how to Trump yourself, cassettes are making an unlikely comeback, a plan to make clothes with Alexander McQueen's skin and more.</itunes:subtitle>
        <itunes:summary>Mychal Denzel Smith on policing and the black millennial experience in America, how to Trump yourself, cassettes are making an unlikely comeback, a plan to make clothes with Alexander McQueen's skin and more.</itunes:summary>
	      <itunes:duration>3241</itunes:duration>
	      <enclosure url="http://podcast.cbc.ca/mp3/podcasts/day6_20160722_85154.mp3" length="50633" type="audio/mpeg" />
	      <itunes:explicit>No</itunes:explicit>
	    </item>
	      
	  </channel>
</rss>
