<!DOCTYPE html PUBLIC "-//W3C//DTD XHTML 1.0 Strict//EN" "http://www.w3.org/TR/xhtml1/DTD/xhtml1-strict.dtd">

<html xmlns="http://www.w3.org/1999/xhtml" xml:lang="en" lang="en" >

  <head>
<meta http-equiv="Content-Type" content="text/html; charset=utf-8" />

    <title>Blogs - World News Publishing Focus by WAN-IFRA</title>

  <!-- Metadata -->
  <meta name="viewport" content="initial-scale=1.0, width=device-width" />

<meta http-equiv="Content-Type" content="text/html; charset=utf-8" />
<link rel="shortcut icon" href="/sites/all/themes/wanIfra_d6_blog/favicon.ico" type="image/x-icon" />

  <!-- Styles -->
<link type="text/css" rel="stylesheet" media="all" href="/sites/default/files/advagg_css/css_b47b27ec2981cd3929b7caae74c69c32_0.css" />
<link type="text/css" rel="stylesheet" media="print" href="/sites/default/files/advagg_css/css_60952691641f06a11e1024198356d83e_0.css" />

    <!-- Scripts -->
<script type="text/javascript" src="/sites/default/files/advagg_js/js_ad37bb55303580dd9c0168e9591431bf_0.js"></script>
<script type="text/javascript">
<!--//--><![CDATA[//><!--
jQuery.extend(Drupal.settings, {"basePath":"\/","colorbox":{"transition":"elastic","speed":350,"opacity":"0.85","slideshow":false,"slideshowAuto":false,"slideshowSpeed":2500,"slideshowStart":"","slideshowStop":"","current":"{current} of {total}","previous":"\u00ab Prev","next":"Next \u00bb","close":"Close","overlayClose":true,"maxWidth":"100%","maxHeight":"100%"},"googleanalytics":{"trackOutbound":1,"trackMailto":1,"trackDownload":1,"trackDownloadExtensions":"7z|aac|arc|arj|asf|asx|avi|bin|csv|doc(x|m)?|dot(x|m)?|exe|flv|gif|gz|gzip|hqx|jar|jpe?g|js|mp(2|3|4|e?g)|mov(ie)?|msi|msp|pdf|phps|png|ppt(x|m)?|pot(x|m)?|pps(x|m)?|ppam|sld(x|m)?|thmx|qtm?|ra(m|r)?|sea|sit|tar|tgz|torrent|txt|wav|wma|wmv|wpd|xls(x|m|b)?|xlt(x|m)|xlam|xml|z|zip"},"cssInit":{"aggregator.css":true,"node.css":true,"defaults.css":true,"system.css":true,"system-menus.css":true,"user.css":true,"content-module.css":true,"colorbox_default_style.css":true,"ctools.css":true,"date.css":true,"jquery-ui.css":true,"datepicker.1.7.css":true,"jquery.timeentry.css":true,"filefield.css":true,"img_assist.css":true,"panels.css":true,"custom_mega_drop_down.css":true,"wanifra_search.css":true,"tagadelic.css":true,"global_gui_effects.global.css":true,"ifra_view.css":true,"fieldgroup.css":true,"views.css":true,"custom_font.css":true,"custom_html.css":true,"custom_layout.css":true,"custom_calendar.css":true,"custom_cms.css":true,"custom_comment.css":true,"custom_node.css":true,"custom_page.css":true,"custom_panel.css":true,"custom_system.css":true,"custom_view.css":true,"custom_block_global.css":true,"custom_block_menu.css":true,"custom_block_modules.css":true,"custom_block_page.css":true,"custom_block_view.css":true,"img_assist_popup.css":true,"simplemenu.css":true,"blackblue.css":true,"custom_blog.css":true},"jsInit":{"misc\/jquery.js":true,"misc\/drupal.js":true,"sites\/all\/libraries\/colorbox\/colorbox\/jquery.colorbox-min.js":true,"sites\/all\/modules\/contrib\/colorbox\/js\/colorbox.js":true,"sites\/all\/modules\/contrib\/colorbox\/styles\/default\/colorbox_default_style.js":true,"sites\/all\/modules\/contrib\/colorbox\/js\/colorbox_load.js":true,"sites\/all\/modules\/contrib\/colorbox\/js\/colorbox_inline.js":true,"sites\/all\/modules\/contrib\/img_assist\/img_assist.js":true,"sites\/all\/modules\/contrib\/lazy_image_loader\/jquery.lazyload.js":true,"sites\/all\/modules\/contrib\/panels\/js\/panels.js":true,"sites\/all\/modules\/contrib\/swftools\/shared\/swfobject2\/swfobject.js":true,"sites\/all\/modules\/custom\/custom_colorbox\/scripts\/custom_colorbox.js":true,"sites\/all\/modules\/custom\/custom_mega_drop_down\/lib\/jquery.hoverIntent.minified.js":true,"sites\/all\/modules\/custom\/custom_mega_drop_down\/custom_mega_drop_down.js":true,"sites\/all\/modules\/custom\/wanifra_search\/wanifra_search.js":true,"sites\/default\/modules\/custom\/global_gui_effects\/scripts\/global_gui_effects.global.js":true,"sites\/all\/modules\/contrib\/google_analytics\/googleanalytics.js":true,"sites\/all\/themes\/wanIfra_d6_source\/js\/custom.js":true}});
//--><!]]>
</script>
<script type="text/javascript">
<!--//--><![CDATA[//><!--
$(function() { 
      $("img").lazyload({
  	    threshhold 	: 0,
        placeholder : "/sites/all/modules/contrib/lazy_image_loader/images/transparent.gif",
        event 		: "scroll",
        effect 		: "fadeIn",
        failurelimit	: 10
      });
    });
//--><!]]>
</script>
<script type="text/javascript">
<!--//--><![CDATA[//><!--
(function(i,s,o,g,r,a,m){i["GoogleAnalyticsObject"]=r;i[r]=i[r]||function(){(i[r].q=i[r].q||[]).push(arguments)},i[r].l=1*new Date();a=s.createElement(o),m=s.getElementsByTagName(o)[0];a.async=1;a.src=g;m.parentNode.insertBefore(a,m)})(window,document,"script","//www.google-analytics.com/analytics.js","ga");ga("create", "UA-22859023-3", { "cookieDomain": "auto" });ga("send", "pageview");
//--><!]]>
</script>

  </head>


  <body class="site not-front not-logged-in page-blogs no-sidebars i18n-en en">


    <div class="page">
    <div class="page-container">


      <div class="page-head">
      <div class="page-head-container">


        <div class="site-name">
          <h1><a href="/" title="World News Publishing Focus by WAN-IFRA">World News Publishing Focus by WAN-IFRA</a></h1>
        </div>

        <div class="logo">
          <a href="/" title="World News Publishing Focus by WAN-IFRA - World Association of Newspapers and News Publishers"><img src="/sites/all/themes/wanIfra_d6_blog/logo.png" alt="World News Publishing Focus by WAN-IFRA - World Association of Newspapers and News Publishers" /></a>
        </div>

          <div class="header">
    <div id="block-block-1" class="block block-block">
<div class="block-container">


  <div class="block-body">
<p><a href="http://www.wan-ifra.org">www.wan-ifra.org</a></p>  </div>

</div><!-- /block-container -->
</div><!-- /block-block-1 -->
          </div>

        <div class="site-slogan">
          <p>World Association of Newspapers and News Publishers</p>
        </div>

          <div class="panel-mobile panel-mobile-1">
    <div id="block-global_block_client-menu-menu-navi-mobile-en" class="block block-global_block_client">
<div class="block-container">

  <div class="block-head">
    <h2>Mobile Navigation</h2>
  </div>

  <div class="block-body">
<ul class="menu"><li class="leaf first"><a href="http://www.wan-ifra.org/" rel="navi-meta" class="navi-mobile-meta"><span>Meta Navigation</span></a></li>
<li class="leaf"><a href="http://www.wan-ifra.org/" rel="navi-main" class="navi-mobile-main"><span>Main Navigation</span></a></li>
<li class="leaf last"><a href="http://www.wan-ifra.org/" rel="panel-search" class="navi-mobile-search"><span>Search</span></a></li>
</ul>  </div>

</div><!-- /block-container -->
</div><!-- /block-global_block_client-menu-menu-navi-mobile-en -->
          </div>

        <div class="navi-meta" id="navi-meta">

          <div class="panel-navi panel-navi-1">
    <div id="block-global_block_client-menu-menu-navi-meta-en" class="block block-global_block_client">
<div class="block-container">

  <div class="block-head">
    <h2>Meta Navigation</h2>
  </div>

  <div class="block-body">
<ul class="menu"><li class="collapsed first"><a href="http://www.wan-ifra.org/who-we-are" class=""><span>About us</span></a></li>
<li class="leaf"><a href="http://www.wan-ifra.org/jobs" class=""><span>Jobs</span></a></li>
<li class="leaf"><a href="http://www.wan-ifra.org/microsites/membership" title="Join WAN-IFRA" class=""><span>Membership</span></a></li>
<li class="leaf"><a href="http://www.wan-ifra.org/worldwide" title="Contact Us" class=""><span>Contact Us</span></a></li>
<li class="leaf"><a href="http://www.wan-ifra.org/press-releases" class=""><span>Press</span></a></li>
<li class="leaf last"><a href="http://www.wan-ifra.org/user" title="My Account" class=""><span>My Account</span></a></li>
</ul>  </div>

</div><!-- /block-container -->
</div><!-- /block-global_block_client-menu-menu-navi-meta-en -->
          </div>

        </div><!-- /navi-meta -->

          <div class="panel-search" id="panel-search">
    <div id="block-wanifra_search-0" class="block block-wanifra_search">
<div class="block-container">

  <div class="block-head">
    <h2>WAN-IFRA Search</h2>
  </div>

  <div class="block-body">
<form action="/blogs/editorialrss.xml"  accept-charset="UTF-8" method="post" id="wanifra-search-block-form" class="wanifra-search-block">
<div><div class="form-item" id="edit-input-wrapper">
 <input type="text" maxlength="255" name="input" id="edit-input" size="20" value="" class="form-text required" />
</div>
<input type="submit" name="op" id="edit-submit" value="Go"  class="form-submit" />
<input type="hidden" name="form_build_id" id="form-nodwAiLD3zQa7XgC6snApTSPr5hv1CUEAJBVVVLSJEk" value="form-nodwAiLD3zQa7XgC6snApTSPr5hv1CUEAJBVVVLSJEk"  />
<input type="hidden" name="form_id" id="edit-wanifra-search-block-form" value="wanifra_search_block_form"  />

</div></form>
  </div>

</div><!-- /block-container -->
</div><!-- /block-wanifra_search-0 -->
          </div><!-- /panel-search -->


      </div><!-- /page-head-container -->
      </div><!-- /page-head -->


      <div class="page-neck">
      <div class="page-neck-container">


        <div class="navi-main" id="navi-main">

          <div class="panel-navi panel-navi-2">
    <div id="block-global_block_client-menu-menu-navi-main-en" class="block block-global_block_client">
<div class="block-container">

  <div class="block-head">
    <h2>Main Navigation</h2>
  </div>

  <div class="block-body">
<ul class="menu"><li class="expanded first"><a href="http://events.wan-ifra.org/" title="Events" class="mdd"><span>Events</span></a><ul class="menu"><li class="expanded first mdd-col"><ul class="menu"><li class="leaf first"><a href="http://events.wan-ifra.org/node/659" class=""><span>World News Media Congress</span></a></li>
<li class="leaf"><a href="http://events.wan-ifra.org/node/105" class=""><span>World Editors Forum</span></a></li>
<li class="leaf"><a href="http://events.wan-ifra.org/node/1190" class=""><span>IFRA World Publishing Expo / DCX Digital Content Expo</span></a></li>
<li class="leaf"><a href="http://events.wan-ifra.org/node/435" class=""><span>Digital Media World</span></a></li>
<li class="leaf last"><a href="http://events.wan-ifra.org/node/436" title="World Printers Forum" class=""><span>Print World</span></a></li>
</ul></li>
<li class="expanded last mdd-col"><ul class="menu"><li class="leaf first"><a href="http://events.wan-ifra.org/node/116" class=""><span>Ad Blocking Action Day</span></a></li>
<li class="leaf"><a href="http://events.wan-ifra.org/node/669" class=""><span>Newsroom Summit</span></a></li>
<li class="leaf"><a href="http://www.publishasia.com" class=""><span>Publish Asia</span></a></li>
<li class="leaf"><a href="http://events.wan-ifra.org/node/235" class=""><span>Digital Media Africa</span></a></li>
<li class="leaf"><a href="http://dma.wan-ifra.org" class=""><span>Digital Media Asia</span></a></li>
<li class="leaf"><a href="http://events.wan-ifra.org/node/1163" class=""><span>Digital Media Europe</span></a></li>
<li class="leaf"><a href="http://events.wan-ifra.org/node/1188" class=""><span>Digital Media India</span></a></li>
<li class="leaf"><a href="http://events.wan-ifra.org/events/digital-media-latam-2016" class=""><span>Digital Media Latinoamérica</span></a></li>
<li class="leaf"><a href="http://events.wan-ifra.org/node/855" class=""><span>WAN-IFRA India</span></a></li>
<li class="leaf"><a href="http://events.wan-ifra.org/node/229" class=""><span>WAN-IFRA Italia</span></a></li>
<li class="leaf"><a href="http://events.wan-ifra.org/node/1260" class=""><span>WAN-IFRA Middle East</span></a></li>
<li class="leaf"><a href="http://events.wan-ifra.org/de/node/231" class=""><span>Zeitung Digital</span></a></li>
<li class="leaf"><a href="http://www.wan-ifra.org/articles/2015/11/23/wan-ifra-study-tours" title="Study Tours" class=""><span>Study Tours</span></a></li>
<li class="leaf last"><a href="http://events.wan-ifra.org/node/1080" class=""><span>Webinar Series</span></a></li>
</ul></li>
</ul></li>
<li class="expanded"><a href="http://www.wan-ifra.org/microsites/awards" class=""><span>Awards</span></a><ul class="menu"><li class="leaf first"><a href="http://www.wan-ifra.org/microsites/world-digital-media-awards" class=""><span>World Digital Media Awards</span></a></li>
<li class="leaf"><a href="http://events.wan-ifra.org/node/1291" title="European Digital Media Awards" class=""><span>European Digital Media Awards</span></a></li>
<li class="leaf"><a href="http://www.wan-ifra.org/microsites/african-digital-media-awards" class=""><span>African Digital Media Award</span></a></li>
<li class="leaf"><a href="http://events.wan-ifra.org/node/1304" class=""><span>Asian Digital Media Awards</span></a></li>
<li class="leaf"><a href="http://events.wan-ifra.org/node/1334" class=""><span>South Asian Digital Media Awards</span></a></li>
<li class="leaf"><a href="http://www.wan-ifra.org/microsites/latam-digital-media-awards" class=""><span>LATAM Digital Media Awards</span></a></li>
<li class="leaf"><a href="http://events.wan-ifra.org/node/1278" class=""><span>Middle East Digital Media Awards</span></a></li>
<li class="leaf"><a href="http://www.wan-ifra.org/ama" class=""><span>Asian Media Awards</span></a></li>
<li class="leaf"><a href="http://www.wan-ifra.org/microsites/certificate-for-standardised-printing" class=""><span>Certificate for standardised printing</span></a></li>
<li class="leaf"><a href="http://www.wan-ifra.org/microsites/color-quality-club" class=""><span>Color Quality Club</span></a></li>
<li class="leaf last"><a href="http://www.wan-ifra.org/microsites/world-young-reader-prize" class=""><span>World Young Reader Prize</span></a></li>
</ul></li>
<li class="collapsed"><a href="http://www.wan-ifra.org/microsites/wan-ifra-academy" class=""><span>Training</span></a></li>
<li class="expanded"><a href="http://consulting.wan-ifra.org" class="mdd"><span>Consulting</span></a><ul class="menu"><li class="expanded first mdd-col"><ul class="menu"><li class="leaf first"><a href="http://consulting.wan-ifra.org" class=""><span>Digital Media Consulting</span></a></li>
<li class="leaf"><a href="http://consulting.wan-ifra.org" class=""><span>Editorial Consulting</span></a></li>
<li class="leaf last"><a href="http://consulting.wan-ifra.org" class=""><span>Newspaper Production</span></a></li>
</ul></li>
<li class="expanded last mdd-col"><ul class="menu"><li class="leaf first last"><a href="http://events.wan-ifra.org/events/erev-exec-programme" class=""><span>eRev Exec Programme</span></a></li>
</ul></li>
</ul></li>
<li class="expanded"><a href="http://www.wan-ifra.org/microsites/research-insights" class="mdd"><span>Insights</span></a><ul class="menu"><li class="expanded first mdd-col"><ul class="menu"><li class="leaf first"><a href="http://www.wan-ifra.org/microsites/wan-ifra-reports" class=""><span>Research reports</span></a></li>
<li class="leaf"><a href="http://newsletters.wan-ifra.org/" class=""><span>Newsletters</span></a></li>
<li class="leaf"><a href="http://www.wan-ifra.org/microsites/executive-news-service" class=""><span>Executive News Service</span></a></li>
<li class="leaf"><a href="http://www.wan-ifra.org/microsites/world-press-trends" class=""><span>World Press Trends</span></a></li>
<li class="leaf"><a href="http://www.wan-ifra.org/microsites/world-news-publishing-focus" class=""><span>World News Publishing Focus</span></a></li>
<li class="leaf"><a href="http://www.wan-ifra.org/microsites/asian-newsmedia-focus-anf" class=""><span>Asian NewsMedia Focus (ANF)</span></a></li>
<li class="leaf last"><a href="http://www.wan-ifra.org/wan-ifra-app" class=""><span>WAN-IFRA app</span></a></li>
</ul></li>
<li class="expanded last mdd-col"><ul class="menu"><li class="leaf first"><a href="http://www.wan-ifra.org/microsites/media-transformation" class=""><span>Media Transformation</span></a></li>
<li class="leaf"><a href="http://www.wan-ifra.org/microsites/new-revenue-streams" class=""><span>New revenue streams</span></a></li>
<li class="leaf"><a href="http://www.wan-ifra.org/microsites/distributed-content" class=""><span>Distributed content</span></a></li>
<li class="leaf"><a href="http://www.wan-ifra.org/microsites/ad-blocking" class=""><span>Ad Blocking</span></a></li>
<li class="leaf"><a href="http://www.wan-ifra.org/microsites/public-affairs-and-media-policy" class=""><span>	Public Affairs and Media Policy</span></a></li>
<li class="leaf"><a href="http://www.wan-ifra.org/microsites/inkjet-newspaper-printing" class=""><span>Inkjet Newspaper Printing</span></a></li>
<li class="leaf"><a href="http://www.wan-ifra.org/articles/2014/06/17/south-asian-newspaper-directory" class=""><span>South Asian Newspaper Directory</span></a></li>
<li class="leaf last"><a href="http://www.wan-ifra.org/microsites/industry-updates" class=""><span>Industry Updates</span></a></li>
</ul></li>
</ul></li>
<li class="expanded"><a href="http://blog.wan-ifra.org/" class=""><span>Blogs</span></a><ul class="menu"><li class="collapsed first"><a href="http://blog.wan-ifra.org/blogs/business" class=""><span>Business</span></a></li>
<li class="leaf"><a href="http://blog.wan-ifra.org/blogs/digital-media" class=""><span>Digital Media</span></a></li>
<li class="leaf"><a href="http://blog.wan-ifra.org/blogs/editorial" class=""><span>Editors Weblog</span></a></li>
<li class="leaf"><a href="http://blog.wan-ifra.org/blogs/incubator" class=""><span>Incubator</span></a></li>
<li class="leaf"><a href="http://blog.wan-ifra.org/blogs/press-freedom" class=""><span>Press Freedom</span></a></li>
<li class="leaf"><a href="http://blog.wan-ifra.org/blogs/print-production" class=""><span>Print Production</span></a></li>
<li class="leaf"><a href="http://blog.wan-ifra.org/blogs/media-policy" class=""><span>Media Policy</span></a></li>
<li class="leaf last"><a href="http://blog.wan-ifra.org/node/13495" class=""><span>World Publishing Expo Blog</span></a></li>
</ul></li>
<li class="expanded"><a href="http://www.wan-ifra.org/microsites/press-freedom" class=""><span>Press Freedom</span></a><ul class="menu"><li class="leaf first"><a href="http://www.wan-ifra.org/microsites/media-development" class=""><span>Media Development</span></a></li>
<li class="leaf"><a href="http://www.wan-ifra.org/microsites/world-press-freedom-day-2015" class=""><span>3 May World Press Freedom Day</span></a></li>
<li class="leaf"><a href="http://www.wan-ifra.org/microsites/declaration-of-table-mountain" class=""><span>Declaration of Table Mountain</span></a></li>
<li class="leaf"><a href="http://www.wan-ifra.org/articles/2016/01/11/journalists-killed-in-2016" title="Journalists Killed" class=""><span>Journalists Killed</span></a></li>
<li class="leaf"><a href="http://www.wan-ifra.org/microsites/gebran-tueni-award" title="Gebran Tueni Award" class=""><span>Gebran Tueni Award</span></a></li>
<li class="leaf"><a href="http://www.wan-ifra.org/microsites/golden-pen-of-freedom" title="Golden Pen of Freedom" class=""><span>Golden Pen of Freedom</span></a></li>
<li class="leaf"><a href="http://www.wan-ifra.org/microsites/apn-arab-press-network" title="APN - Arab Press Network" class=""><span>APN - Arab Press Network</span></a></li>
<li class="leaf last"><a href="http://www.wan-ifra.org/microsites/rap21-african-press-network" title="RAP21 - African Press Network" class=""><span>RAP21 - African Press Network</span></a></li>
</ul></li>
<li class="leaf"><a href="http://www.wan-ifra.org/microsites/youth-engagement-news-literacy" class=""><span>News Literacy</span></a></li>
<li class="leaf"><a href="http://www.wan-ifra.org/microsites/world-editors-forum" title="World Editors Forum" class=""><span>Editors</span></a></li>
<li class="leaf last"><a href="http://www.wan-ifra.org/microsites/world-printers-forum" title="World Printers Forum" class=""><span>Printers</span></a></li>
</ul>  </div>

</div><!-- /block-container -->
</div><!-- /block-global_block_client-menu-menu-navi-main-en -->
          </div>


        </div><!-- /navi-main -->


      </div><!-- /page-neck-container -->
      </div><!-- /page-neck -->


      <hr class="page-separator" />


      <div class="page-body">
      <div class="page-body-container">


        <div class="content-head">



        </div><!-- /content-head -->


        <div class="content-body">



          <div class="panel panel-main">

            <div class="title">
              <h1>Blogs</h1>
            </div><!-- /title -->

            <div class="paper">





          <div class="panel mainbar dir-ltr" dir="ltr">
<div class="view view-blog view-id-blog view-display-id-page_1 view-dom-id-2a46f631df804627dfcc4c6c34b48143">
    
  
  
      <div class="view-content">
        <div class="views-row views-row-1 views-row-odd views-row-first">
    
<div id="node-13272" class="node node-type-blog">

  <div class="node-head">
          <h3><a href="/blogs/22nd-world-advertising-conference-blog" title="22nd World Advertising Conference Blog">22nd World Advertising Conference Blog</a></h3>
      </div><!-- /node-head -->

  <div class="node-body">
<div class="teaser">


      <div class="content-visu">

    <div class="field field-type-img field-field-blog-visual">
      <a href="/blogs/22nd-world-advertising-conference-blog"><img src="http://blog.wan-ifra.org/sites/default/files/imagecache/default_col_6/field_blog_visual/audience.jpg" alt="" title="" width="460" height="301" class="imagecache imagecache-default_col_6"/></a>    </div>

  </div><!-- /content-visu -->
  

      <div class="content-text">

    <div class="field field-type-text field-field-blog-description">
      <p>About 200 newspaper advertising experts will attend the 22nd World Newspaper Advertising Conference in Prague on 1st and 2nd March. WAN-IFRA will provide summaries of each speaker's presentation during the event. Check back on our blog for the latest updates.</p>
    </div>
  </div><!-- /content-text -->
  

</div><!-- /teaser -->
  </div><!-- /node-body -->

  
  
    
    
    
  

  
</div><!-- /node -->
  </div>
  <div class="views-row views-row-2 views-row-even">
    
<div id="node-13969" class="node node-type-blog">

  <div class="node-head">
          <h3><a href="/blogs/business" title="Business">Business</a></h3>
      </div><!-- /node-head -->

  <div class="node-body">
<div class="teaser">


      <div class="content-visu">

    <div class="field field-type-img field-field-blog-visual">
      <a href="/blogs/business"><img src="http://blog.wan-ifra.org/sites/default/files/imagecache/default_col_6/field_blog_visual/business.jpg" alt="" title="" width="460" height="301" class="imagecache imagecache-default_col_6"/></a>    </div>

  </div><!-- /content-visu -->
  

    

</div><!-- /teaser -->
  </div><!-- /node-body -->

  
  
    
    
    
  

  
</div><!-- /node -->
  </div>
  <div class="views-row views-row-3 views-row-odd">
    
<div id="node-13970" class="node node-type-blog">

  <div class="node-head">
          <h3><a href="/blogs/digital-media" title="Digital Media">Digital Media</a></h3>
      </div><!-- /node-head -->

  <div class="node-body">
<div class="teaser">


      <div class="content-visu">

    <div class="field field-type-img field-field-blog-visual">
      <a href="/blogs/digital-media"><img src="http://blog.wan-ifra.org/sites/default/files/imagecache/default_col_6/field_blog_visual/digitalmedia_branding_0.jpg" alt="" title="" width="460" height="301" class="imagecache imagecache-default_col_6"/></a>    </div>

  </div><!-- /content-visu -->
  

    

</div><!-- /teaser -->
  </div><!-- /node-body -->

  
  
    
    
    
  

  
</div><!-- /node -->
  </div>
  <div class="views-row views-row-4 views-row-even">
    
<div id="node-13505" class="node node-type-blog">

  <div class="node-head">
          <h3><a href="/blogs/digital-media-event-blog" title="Digital Media Event Blog">Digital Media Event Blog</a></h3>
      </div><!-- /node-head -->

  <div class="node-body">
<div class="teaser">


      <div class="content-visu">

    <div class="field field-type-img field-field-blog-visual">
      <a href="/blogs/digital-media-event-blog"><img src="http://blog.wan-ifra.org/sites/default/files/imagecache/default_col_6/field_blog_visual/dmafrica2016_0.jpg" alt="" title="" width="460" height="110" class="imagecache imagecache-default_col_6"/></a>    </div>

  </div><!-- /content-visu -->
  

      <div class="content-text">

    <div class="field field-type-text field-field-blog-description">
      <p>Welcome to coverage of Digital Media events.</p>
    </div>
  </div><!-- /content-text -->
  

</div><!-- /teaser -->
  </div><!-- /node-body -->

  
  
    
    
    
  

  
</div><!-- /node -->
  </div>
  <div class="views-row views-row-5 views-row-odd">
    
<div id="node-13968" class="node node-type-blog">

  <div class="node-head">
          <h3><a href="/blogs/editorial" title="Editorial">Editorial</a></h3>
      </div><!-- /node-head -->

  <div class="node-body">
<div class="teaser">


      <div class="content-visu">

    <div class="field field-type-img field-field-blog-visual">
      <a href="/blogs/editorial"><img src="http://blog.wan-ifra.org/sites/default/files/imagecache/default_col_6/field_blog_visual/editorial_weflogo.jpg" alt="" title="" width="460" height="301" class="imagecache imagecache-default_col_6"/></a>    </div>

  </div><!-- /content-visu -->
  

      <div class="content-text">

    <div class="field field-type-text field-field-blog-description">
      <p>The <a href="https://www.wan-ifra.org/node/35001" target="_blank"><strong>World Editors Forum</strong></a> is the organisation within the World Association of Newspapers devoted to newspaper editors worldwide. The Editors Weblog (<a href="http://www.editorsweblog.org"><strong>www.editorsweblog.org</strong></a>), launched in January 2004, is a WEF initiative designed to facilitate the diffusion of information relevant to newspapers and their editors.</p>
    </div>
  </div><!-- /content-text -->
  

</div><!-- /teaser -->
  </div><!-- /node-body -->

  
  
    
    
    
  

  
</div><!-- /node -->
  </div>
  <div class="views-row views-row-6 views-row-even">
    
<div id="node-15681" class="node node-type-blog">

  <div class="node-head">
          <h3><a href="/blogs/incubator" title="Incubator">Incubator</a></h3>
      </div><!-- /node-head -->

  <div class="node-body">
<div class="teaser">


    

    

</div><!-- /teaser -->
  </div><!-- /node-body -->

  
  
    
    
    
  

  
</div><!-- /node -->
  </div>
  <div class="views-row views-row-7 views-row-odd">
    
<div id="node-16602" class="node node-type-blog">

  <div class="node-head">
          <h3><a href="/blogs/media-policy" title="Media Policy">Media Policy</a></h3>
      </div><!-- /node-head -->

  <div class="node-body">
<div class="teaser">


      <div class="content-visu">

    <div class="field field-type-img field-field-blog-visual">
      <a href="/blogs/media-policy"><img src="http://blog.wan-ifra.org/sites/default/files/imagecache/default_col_6/field_blog_visual/Natural%20Paper%201st%20cloud.jpg" alt="" title="" width="460" height="300" class="imagecache imagecache-default_col_6"/></a>    </div>

  </div><!-- /content-visu -->
  

      <div class="content-text">

    <div class="field field-type-text field-field-blog-description">
      <p>The news publishing industry is experiencing transformation at an ever-growing pace, with new policy issues arising as the landscape changes.</p>
<p>We will be examining policy discussions that will define the news publishing environment of the future, the key topics being internet governance, privacy and copyright. To learn more about our work visit <a href="http://www.wan-ifra.org/policy" title="www.wan-ifra.org/policy">www.wan-ifra.org/policy</a></p>
    </div>
  </div><!-- /content-text -->
  

</div><!-- /teaser -->
  </div><!-- /node-body -->

  
  
    
    
    
  

  
</div><!-- /node -->
  </div>
  <div class="views-row views-row-8 views-row-even">
    
<div id="node-12691" class="node node-type-blog">

  <div class="node-head">
          <h3><a href="/blogs/middle-east-conference-blog" title="Middle East Conference Blog">Middle East Conference Blog</a></h3>
      </div><!-- /node-head -->

  <div class="node-body">
<div class="teaser">


      <div class="content-visu">

    <div class="field field-type-img field-field-blog-visual">
      <a href="/blogs/middle-east-conference-blog"><img src="http://blog.wan-ifra.org/sites/default/files/imagecache/default_col_6/field_blog_visual/Audience_0.jpg" alt="" title="" width="460" height="301" class="imagecache imagecache-default_col_6"/></a>    </div>

  </div><!-- /content-visu -->
  

      <div class="content-text">

    <div class="field field-type-text field-field-blog-description">
      <p>More than 280 media executives from four continents are attending the 7th Middle East Conference in Dubai on 29 February and 1 March. WAN-IFRA is providing summaries of each speaker's presentation. Check our blog for the latest updates.</p>
    </div>
  </div><!-- /content-text -->
  

</div><!-- /teaser -->
  </div><!-- /node-body -->

  
  
    
    
    
  

  
</div><!-- /node -->
  </div>
  <div class="views-row views-row-9 views-row-odd">
    
<div id="node-13618" class="node node-type-blog">

  <div class="node-head">
          <h3><a href="/blogs/nordic-local-media-conference-blog" title="Nordic Local Media Conference Blog">Nordic Local Media Conference Blog</a></h3>
      </div><!-- /node-head -->

  <div class="node-body">
<div class="teaser">


      <div class="content-visu">

    <div class="field field-type-img field-field-blog-visual">
      <a href="/blogs/nordic-local-media-conference-blog"><img src="http://blog.wan-ifra.org/sites/default/files/imagecache/default_col_6/field_blog_visual/NLMCBild.jpg" alt="" title="" width="460" height="306" class="imagecache imagecache-default_col_6"/></a>    </div>

  </div><!-- /content-visu -->
  

      <div class="content-text">

    <div class="field field-type-text field-field-blog-description">
      <p>This is the blog for the Nordic Local Media Conference 2012, held 30-31 May in the World Trade Center, Stockholm. Full information about the event, including the programme, is <a href="http://www.wan-ifra.org/events/nordic-local-media-conference-2012" target="_blank">available here</a>.</p>
    </div>
  </div><!-- /content-text -->
  

</div><!-- /teaser -->
  </div><!-- /node-body -->

  
  
    
    
    
  

  
</div><!-- /node -->
  </div>
  <div class="views-row views-row-10 views-row-even">
    
<div id="node-17450" class="node node-type-blog">

  <div class="node-head">
          <h3><a href="/blogs/online-commenting" title="Online commenting">Online commenting</a></h3>
      </div><!-- /node-head -->

  <div class="node-body">
<div class="teaser">


      <div class="content-visu">

    <div class="field field-type-img field-field-blog-visual">
      <a href="/blogs/online-commenting"><img src="http://blog.wan-ifra.org/sites/default/files/imagecache/default_col_6/field_blog_visual/Screen%20Shot%202016-10-14%20at%2010.23.10.png" alt="" title="" width="460" height="214" class="imagecache imagecache-default_col_6"/></a>    </div>

  </div><!-- /content-visu -->
  

      <div class="content-text">

    <div class="field field-type-text field-field-blog-description">
      <p>Managing user comments in an increasingly toxic online environment is&nbsp;one of the main challenges for newsrooms. This blog features the 2016 Global Online Comment Report and highlights issues of related interest.</p>
    </div>
  </div><!-- /content-text -->
  

</div><!-- /teaser -->
  </div><!-- /node-body -->

  
  
    
    
    
  

  
</div><!-- /node -->
  </div>
  <div class="views-row views-row-11 views-row-odd">
    
<div id="node-13972" class="node node-type-blog">

  <div class="node-head">
          <h3><a href="/blogs/press-freedom" title="Press Freedom">Press Freedom</a></h3>
      </div><!-- /node-head -->

  <div class="node-body">
<div class="teaser">


      <div class="content-visu">

    <div class="field field-type-img field-field-blog-visual">
      <a href="/blogs/press-freedom"><img src="http://blog.wan-ifra.org/sites/default/files/imagecache/default_col_6/field_blog_visual/pressfreedom.jpg" alt="" title="" width="460" height="301" class="imagecache imagecache-default_col_6"/></a>    </div>

  </div><!-- /content-visu -->
  

    

</div><!-- /teaser -->
  </div><!-- /node-body -->

  
  
    
    
    
  

  
</div><!-- /node -->
  </div>
  <div class="views-row views-row-12 views-row-even">
    
<div id="node-13971" class="node node-type-blog">

  <div class="node-head">
          <h3><a href="/blogs/print-production" title="Print Production">Print Production</a></h3>
      </div><!-- /node-head -->

  <div class="node-body">
<div class="teaser">


      <div class="content-visu">

    <div class="field field-type-img field-field-blog-visual">
      <a href="/blogs/print-production"><img src="http://blog.wan-ifra.org/sites/default/files/imagecache/default_col_6/field_blog_visual/production.jpg" alt="" title="" width="460" height="301" class="imagecache imagecache-default_col_6"/></a>    </div>

  </div><!-- /content-visu -->
  

    

</div><!-- /teaser -->
  </div><!-- /node-body -->

  
  
    
    
    
  

  
</div><!-- /node -->
  </div>
  <div class="views-row views-row-13 views-row-odd">
    
<div id="node-13537" class="node node-type-blog">

  <div class="node-head">
          <h3><a href="/blogs/publish-asia-blog" title="Publish Asia Blog">Publish Asia Blog</a></h3>
      </div><!-- /node-head -->

  <div class="node-body">
<div class="teaser">


      <div class="content-visu">

    <div class="field field-type-img field-field-blog-visual">
      <a href="/blogs/publish-asia-blog"><img src="http://blog.wan-ifra.org/sites/default/files/imagecache/default_col_6/field_blog_visual/HK232626_8373.jpg" alt="" title="" width="460" height="301" class="imagecache imagecache-default_col_6"/></a>    </div>

  </div><!-- /content-visu -->
  

      <div class="content-text">

    <div class="field field-type-text field-field-blog-description">
      <p>More than 400 media executives are gathered in Hong Kong for <a href="http://www.wan-ifra.org/events/publish-asia-2014">Publish Asia 2014</a>. WAN-IFRA is providing summaries of speaker presentations during the conference from 23 to 25 April. Visit the blog for the latest updates.</p>
    </div>
  </div><!-- /content-text -->
  

</div><!-- /teaser -->
  </div><!-- /node-body -->

  
  
    
    
    
  

  
</div><!-- /node -->
  </div>
  <div class="views-row views-row-14 views-row-even">
    
<div id="node-13502" class="node node-type-blog">

  <div class="node-head">
          <h3><a href="/blogs/sports-news-conference-blog" title="Sports News Conference Blog">Sports News Conference Blog</a></h3>
      </div><!-- /node-head -->

  <div class="node-body">
<div class="teaser">


      <div class="content-visu">

    <div class="field field-type-img field-field-blog-visual">
      <a href="/blogs/sports-news-conference-blog"><img src="http://blog.wan-ifra.org/sites/default/files/imagecache/default_col_6/field_blog_visual/sportsnewsblog2012.jpg" alt="" title="" width="460" height="202" class="imagecache imagecache-default_col_6"/></a>    </div>

  </div><!-- /content-visu -->
  

      <div class="content-text">

    <div class="field field-type-text field-field-blog-description">
      <p>Journalists and sport experts from all over the world will gather at the home  stadium of Real Madrid in Madrid, Spain, on 29 and 30 March for the International Sports News Conference. WAN-IFRA will provide summaries of each speaker's presentation during the event. Check back on our blog for the latest updates.</p>
    </div>
  </div><!-- /content-text -->
  

</div><!-- /teaser -->
  </div><!-- /node-body -->

  
  
    
    
    
  

  
</div><!-- /node -->
  </div>
  <div class="views-row views-row-15 views-row-odd">
    
<div id="node-14641" class="node node-type-blog">

  <div class="node-head">
          <h3><a href="/blogs/thenextstep" title="TheNextStep">TheNextStep</a></h3>
      </div><!-- /node-head -->

  <div class="node-body">
<div class="teaser">


      <div class="content-visu">

    <div class="field field-type-img field-field-blog-visual">
      <a href="/blogs/thenextstep"><img src="http://blog.wan-ifra.org/sites/default/files/imagecache/default_col_6/field_blog_visual/TNS.jpg" alt="" title="" width="460" height="459" class="imagecache imagecache-default_col_6"/></a>    </div>

  </div><!-- /content-visu -->
  

      <div class="content-text">

    <div class="field field-type-text field-field-blog-description">
      <p><em>(Please scroll down for English version)</em></p>
<p>Le projet le plus passionnant reste encore celui à venir !</p>
<p>Je suis David Sallinen, responsable pour la WAN-IFRA de programmes de formations et de solutions d’accompagnement pour les medias qui veulent accélérer leurs stratégies sur le numérique, optimiser le print et introduire de nouvelles dynamiques éditoriales ou commerciales.</p>
<p>Ce blog, TheNextStep traitera de toutes les initiatives prises pour adapter les organisations de presse et de media aux nouveaux environnements concurrentiels et technologiques. En fait, nous vivons une phase de transition numérique inédite que chaque entreprise, organisation doit affronter avec son histoire, ses particularités et ses contraintes pour se réinventer.</p>
<p>Cette inévitable adaptation passe part le pilotage de multiples projets (nouveaux produits et services, nouveaux process, nouvelles compétences, nouvel état d’esprit…) que je vais partager avec vous.</p>
<p>Le plus passionnant étant toujours le projet à venir, je dédie ce blog aux professionnels engagés dans la transformation de leurs organisations qu’elles soient commerciales ou éditoriales, afin de partager les bonnes pratiques. Je me ferai également écho des « Innovation Day », événements réservés aux professionnels médias et aux entrepreneurs du numérique pour réimaginer les medias.</p>
<p>Ce blog est ouvert à vos remarques et suggestions.</p>
<p>N’hésitez pas à me joindre pour me soumettre vos suggestions ou faire appel à notre expertise.</p>
<hr />
<p><em>English:</em></p>
<p>The most exciting project is always the one you are about to start!</p>
<p>I am David Sallinen - in charge of WAN-IFRA's training and consultancy programmes for those media looking to accelerate their digital strategies, optimise the return from print, and introduce new editorial and sales dynamics.</p>
<p>This blog - TheNextStep - deals with all the initiatives we embark on for media as well as taking a look at the emerging landscapes in technology and markets.</p>
<p>We are living in a time of unprecedented transition in which each organisation has to adapt within the confines of its own abilities, legacy and limitations. In some cases it is proving necessary to completely reinvent ourselves.</p>
<p>That process begins with multiple pilot project (new products and services, new processes, new skills, new attitudes...) which is what I intend to share with you via the blog.</p>
<p>The most exciting project is always the one yet to begin, and this blog is dedicated to professionals engaged in transforming their media organisations whether editorially or commercially so as to share notes and compare best practice. I will also be mentioning the "Innovation Day" events we organise for media professionals and entrepreneurs who are busy rethinking the shape of media.</p>
<p>I welcome your remarks and suggestions and don't hesitate to contact me with them or to call on our expertise.</p>
    </div>
  </div><!-- /content-text -->
  

</div><!-- /teaser -->
  </div><!-- /node-body -->

  
  
    
    
    
  

  
</div><!-- /node -->
  </div>
  <div class="views-row views-row-16 views-row-even">
    
<div id="node-13663" class="node node-type-blog">

  <div class="node-head">
          <h3><a href="/blogs/wan-ifra-india-blog" title="WAN-IFRA India Blog">WAN-IFRA India Blog</a></h3>
      </div><!-- /node-head -->

  <div class="node-body">
<div class="teaser">


      <div class="content-visu">

    <div class="field field-type-img field-field-blog-visual">
      <a href="/blogs/wan-ifra-india-blog"><img src="http://blog.wan-ifra.org/sites/default/files/imagecache/default_col_6/field_blog_visual/indiablog.jpg" alt="" title="" width="460" height="322" class="imagecache imagecache-default_col_6"/></a>    </div>

  </div><!-- /content-visu -->
  

      <div class="content-text">

    <div class="field field-type-text field-field-blog-description">
      <p>WAN-IFRA India 2015, the 23rd Annual Conference, will be held along with Fifth edition of the biennial WAN-IFRA India Expo at Bombay Convention &amp; Exhibition Centre at Mumbai from September 2 to 4. This is the event blog.</p>
<p><a href="http://www.wan-ifra.org/node/119263" target="_blank">Full information about the event can be found here</a>.</p>
    </div>
  </div><!-- /content-text -->
  

</div><!-- /teaser -->
  </div><!-- /node-body -->

  
  
    
    
    
  

  
</div><!-- /node -->
  </div>
  <div class="views-row views-row-17 views-row-odd">
    
<div id="node-16983" class="node node-type-blog">

  <div class="node-head">
          <h3><a href="/blogs/wan-ifra-latam" title="WAN-IFRA LATAM">WAN-IFRA LATAM</a></h3>
      </div><!-- /node-head -->

  <div class="node-body">
<div class="teaser">


    

      <div class="content-text">

    <div class="field field-type-text field-field-blog-description">
      <p><strong>Este el blog de WAN-IFRA LATAM, la filial latinoamericana de WAN-IFRA. </strong></p>
<p>Aquí encontrarás nuestras últimos artículos, entrevistas, resúmenes y coberturas de nuestros eventos.&nbsp;</p>
<p>Para más información sobre WAN-IFRA LATAM, síganos en&nbsp;<a href="https://twitter.com/WANIFRA_AmLat">Twitter</a>,&nbsp;<a href="https://www.facebook.com/WILATAM/">Facebook</a>&nbsp;e&nbsp;<a href="https://www.instagram.com/wanifra_latam/">Instagram</a>&nbsp;o&nbsp;visite <a href="http://www.wan-ifra.org/LATAM">www.wan-ifra.org/LATAM</a>.&nbsp;</p>
<hr />
<p><strong>Este é o blog da WAN-IFRA LATAM, a subsidiária da WAN-IFRA na América Latina.</strong> </p>
<p>Aqui você vai encontrar os nossos mais recentes artigos, entrevistas, relatórios, resumos e cobertura dos nossos eventos. </p>
<p>Para mais informações sobre WAN-IFRA LATAM, visitar <a href="http://www.wan-ifra.org/LATAM ou" title="www.wan-ifra.org/LATAM ou">www.wan-ifra.org/LATAM ou</a> siga-nos no <a href="https://twitter.com/WANIFRA_AmLat">Twitter</a>, <a href="https://www.facebook.com/WILATAM/">Facebook</a> e <a href="https://www.instagram.com/wanifra_latam/">Instagram</a>.</p>
<hr />
<p><strong>This is the blog of WAN-IFRA LATAM, WAN-IFRA's subsidiary in Latin America.</strong></p>
<p>Here you'll find our latest articles, interviews, reports, summaries and coverage of our events.</p>
<p>For more information about WAN-IFRA LATAM visit <a href="http://www.wan-ifra.org/LATAM">www.wan-ifra.org/LATAM</a>, or follow us on <a href="https://twitter.com/WANIFRA_AmLat">Twitter</a>, <a href="https://www.facebook.com/WILATAM/">Facebook</a> and <a href="https://www.instagram.com/wanifra_latam/">Instagram</a>.</p>
<p></p>
    </div>
  </div><!-- /content-text -->
  

</div><!-- /teaser -->
  </div><!-- /node-body -->

  
  
    
    
    
  

  
</div><!-- /node -->
  </div>
  <div class="views-row views-row-18 views-row-even">
    
<div id="node-12688" class="node node-type-blog">

  <div class="node-head">
          <h3><a href="/blogs/world-news-media-congress-blog" title="World News Media Congress Blog">World News Media Congress Blog</a></h3>
      </div><!-- /node-head -->

  <div class="node-body">
<div class="teaser">


      <div class="content-visu">

    <div class="field field-type-img field-field-blog-visual">
      <a href="/blogs/world-news-media-congress-blog"><img src="http://blog.wan-ifra.org/sites/default/files/imagecache/default_col_6/field_blog_visual/cartagena_e-mailheader.jpg" alt="" title="" width="460" height="167" class="imagecache imagecache-default_col_6"/></a>    </div>

  </div><!-- /content-visu -->
  

      <div class="content-text">

    <div class="field field-type-text field-field-blog-description">
      <p><strong>Cartagena de Indias in Colombia hosted the <a href="http://events.wan-ifra.org/events/world-news-media-congress" target="_blank">68th World News Media Congress</a>, the 23nd World Editors Forum, and the 26th World Advertising Forum in 2016, 12-14 June.</strong></p>
<p>In this blog, WAN-IFRA provides previews, interviews, summaries of the presentations and other useful information.</p>
<p>Participate in the coverage by following the Twitter hashtags: #wnc16 (Congress), #editors16 (Editors Forum), and #waf16 (Advertising Forum).</p>
    </div>
  </div><!-- /content-text -->
  

</div><!-- /teaser -->
  </div><!-- /node-body -->

  
  
    
    
    
  

  
</div><!-- /node -->
  </div>
  <div class="views-row views-row-19 views-row-odd">
    
<div id="node-6870" class="node node-type-blog">

  <div class="node-head">
          <h3><a href="/blogs/world-newspaper-week-blog" title="World Newspaper Week Blog">World Newspaper Week Blog</a></h3>
      </div><!-- /node-head -->

  <div class="node-body">
<div class="teaser">


      <div class="content-visu">

    <div class="field field-type-img field-field-blog-visual">
      <a href="/blogs/world-newspaper-week-blog"><img src="http://blog.wan-ifra.org/sites/default/files/imagecache/default_col_6/field_blog_visual/110408_word-newspaper-week_2011_keyvisual_940x615_web.jpg" alt="" title="" width="460" height="301" class="imagecache imagecache-default_col_6"/></a>    </div>

  </div><!-- /content-visu -->
  

      <div class="content-text">

    <div class="field field-type-text field-field-blog-description">
      <p>In 2011 the newspaper world gathered in Vienna, Austria for IFRA Expo 2011, 63rd World Newspaper Congress and 18th World Editors Forum.</p>
<p>This is the event's live blog.</p>
    </div>
  </div><!-- /content-text -->
  

</div><!-- /teaser -->
  </div><!-- /node-body -->

  
  
    
    
    
  

  
</div><!-- /node -->
  </div>
  <div class="views-row views-row-20 views-row-even views-row-last">
    
<div id="node-13495" class="node node-type-blog">

  <div class="node-head">
          <h3><a href="/expo" title="World Publishing Expo Blog">World Publishing Expo Blog</a></h3>
      </div><!-- /node-head -->

  <div class="node-body">
<div class="teaser">


      <div class="content-visu">

    <div class="field field-type-img field-field-blog-visual">
      <a href="/expo"><img src="http://blog.wan-ifra.org/sites/default/files/imagecache/default_col_6/field_blog_visual/WPE2016_350x240px.jpg" alt="" title="" width="460" height="315" class="imagecache imagecache-default_col_6"/></a>    </div>

  </div><!-- /content-visu -->
  

      <div class="content-text">

    <div class="field field-type-text field-field-blog-description">
      <h3><strong>World Publishing Expo 2016 will take place at Reed Messe Vienna, from 10 to 12 October 2016.</strong></h3>
<p>The leading exhibition for technology to publish news on mobile, in print and online, featuring the two free Conferences DIGITAL MEDIA WORLD &amp; PRINT WORLD – plus expert Guided Tours.</p>
<p><a href="http://www.worldpublishingexpo.com" target="_blank">www.worldpublishingexpo.com<br /></a></p>
    </div>
  </div><!-- /content-text -->
  

</div><!-- /teaser -->
  </div><!-- /node-body -->

  
  
    
    
    
  

  
</div><!-- /node -->
  </div>
    </div>
  
  
  
  
  
  
</div>           </div><!-- /mainbar -->



            </div><!-- /paper -->

          </div><!-- /mainbar -->



        </div><!-- /content-body -->


      </div><!-- /page-body-container -->
      </div><!-- /page-body -->


      <hr class="page-separator" />


    </div><!-- /page-container -->


      <div class="page-foot">
      <div class="page-foot-container">


        <div class="panel panel-foot">
    <div id="block-global_block_client-block-2" class="block block-global_block_client">
<div class="block-container">


  <div class="block-body">
<p>© 2017 WAN-IFRA - World Association of Newspapers and News Publishers</p>  </div>

</div><!-- /block-container -->
</div><!-- /block-global_block_client-block-2 -->
  <div id="block-global_block_client-menu-menu-navi-foot-en-0" class="block block-global_block_client">
<div class="block-container">

  <div class="block-head">
    <h2>Footer Navigation</h2>
  </div>

  <div class="block-body">
<ul class="menu"><li class="leaf first"><a href="http://www.wan-ifra.org/" title="Home" class=""><span>Home</span></a></li>
<li class="leaf"><a href="http://www.wan-ifra.org/imprint" class=""><span>Imprint</span></a></li>
<li class="leaf"><a href="http://www.wan-ifra.org/privacy-policy" class=""><span>Privacy Policy</span></a></li>
<li class="leaf last"><a href="http://www.wan-ifra.org/user" title="Login" class=""><span>Login</span></a></li>
</ul>  </div>

</div><!-- /block-container -->
</div><!-- /block-global_block_client-menu-menu-navi-foot-en-0 -->
        </div>

      </div><!-- /page-foot-container -->
      </div><!-- /page-foot -->


    </div><!-- /page -->


    <div class="cage">
    <div class="cage-container">

        <div class="panel panel-ad panel-ad-1">
      <div id="block-ad-6" class="block block-ad">
<div class="block-container">


  <div class="block-body">

<div class="advertisement group-tids-6" id="group-id-tids-6"><script type='text/javascript' src='http://blog.wan-ifra.org/sites/all/modules/contrib/ad/serve.php?q=10&amp;t=6&amp;u=blogs%2Feditorialrss.xml&amp;l=blogs%2Feditorialrss.xml'></script></div>
  </div>

</div><!-- /block-container -->
</div><!-- /block-ad-6 -->
  <div id="block-ad-7" class="block block-ad">
<div class="block-container">


  <div class="block-body">

<div class="advertisement group-tids-7" id="group-id-tids-7"><script type='text/javascript' src='http://blog.wan-ifra.org/sites/all/modules/contrib/ad/serve.php?q=10&amp;t=7&amp;u=blogs%2Feditorialrss.xml&amp;l=blogs%2Feditorialrss.xml'></script></div>
  </div>

</div><!-- /block-container -->
</div><!-- /block-ad-7 -->
  <div id="block-ad-8" class="block block-ad">
<div class="block-container">


  <div class="block-body">

<div class="advertisement group-tids-8" id="group-id-tids-8"><script type='text/javascript' src='http://blog.wan-ifra.org/sites/all/modules/contrib/ad/serve.php?q=10&amp;t=8&amp;u=blogs%2Feditorialrss.xml&amp;l=blogs%2Feditorialrss.xml'></script></div>
  </div>

</div><!-- /block-container -->
</div><!-- /block-ad-8 -->
  <div id="block-ad-9" class="block block-ad">
<div class="block-container">


  <div class="block-body">

<div class="advertisement group-tids-9" id="group-id-tids-9"><script type='text/javascript' src='http://blog.wan-ifra.org/sites/all/modules/contrib/ad/serve.php?q=10&amp;t=9&amp;u=blogs%2Feditorialrss.xml&amp;l=blogs%2Feditorialrss.xml'></script></div>
  </div>

</div><!-- /block-container -->
</div><!-- /block-ad-9 -->
  <div id="block-ad-10" class="block block-ad">
<div class="block-container">


  <div class="block-body">

<div class="advertisement group-tids-10" id="group-id-tids-10"><script type='text/javascript' src='http://blog.wan-ifra.org/sites/all/modules/contrib/ad/serve.php?q=10&amp;t=10&amp;u=blogs%2Feditorialrss.xml&amp;l=blogs%2Feditorialrss.xml'></script></div>
  </div>

</div><!-- /block-container -->
</div><!-- /block-ad-10 -->
  <div id="block-ad-11" class="block block-ad">
<div class="block-container">


  <div class="block-body">

<div class="advertisement group-tids-11" id="group-id-tids-11"><script type='text/javascript' src='http://blog.wan-ifra.org/sites/all/modules/contrib/ad/serve.php?q=10&amp;t=11&amp;u=blogs%2Feditorialrss.xml&amp;l=blogs%2Feditorialrss.xml'></script></div>
  </div>

</div><!-- /block-container -->
</div><!-- /block-ad-11 -->
      </div>
  
    </div><!-- /cage-container -->
    </div><!-- /cage -->


<script type="text/javascript">
<!--//--><![CDATA[//><!--
if (typeof addthis != "undefined") {addthis.init();}
//--><!]]>
</script>


    <script type="text/javascript" src="http://platform.twitter.com/widgets.js"></script>


  </body>


</html>
