<?xml version="1.0" encoding="UTF-8"?>
<rss xmlns:atom="http://www.w3.org/2005/Atom" xmlns:media="http://search.yahoo.com/mrss/" version="2.0">
 <channel>
  <atom:link rel="self" href="http://www.pravdareport.com//world/export.xml" type="application/rss+xml"/>
  <title>PravdaReport - World</title>
  <link>http://www.pravdareport.com/</link>
  <description>PravdaReport</description>
  <image>
   <url>http://www.pravdareport.com/pix/logo.gif</url>
   <title>PravdaReport - World</title>
   <link>http://www.pravdareport.com/</link>
  </image>
  <item>
   <title>Donald Trump's inauguration to trigger civil war in USA?</title>
   <link>http://www.pravdareport.com/world/americas/13-01-2017/136618-donald_trump_inauguration-0/</link>
   <guid isPermaLink="false"></guid>
   <description>Several US activist groups, including such organizations as DisruptJ20 and Black Lives Matter, intend to disrupt the inauguration of US President-elect Donald Trump. They are going to block the work of 12 checkpoints that will be installed around Capitol Hill and along the parade route on Pennsylvania Avenue, not to let other people pass</description>
   <pubDate>Fri, 13 Jan 2017 18:18:00 +0300</pubDate>
   <enclosure url="http://pravda-team.ru/eng/image/preview/article/6/1/8/136618_b.jpeg" length="14412" type="image/jpeg"/>
   <media:thumbnail url="http://pravda-team.ru/eng/image/preview/article/6/1/8/136618_b.jpeg"/>
   <enclosure url="http://www.pravdareport.com/world/americas/13-01-2017/136618-donald_trump_inauguration-0/" length="10485760" type="video/x-flv"/>
  </item>
  <item>
   <title>France's future president spotted in Trump Tower</title>
   <link>http://www.pravdareport.com/news/world/europe/13-01-2017/136617-france_le_pen-0/</link>
   <guid isPermaLink="false"></guid>
   <description>The leader of France's National Front and presidential candidate Marine Le Pen paid a visit to the Trump Tower, where she was to have a meeting with Donald Trump</description>
   <pubDate>Fri, 13 Jan 2017 14:18:00 +0300</pubDate>
   <enclosure url="http://pravda-team.ru/eng/image/preview/article/6/1/7/136617_b.jpeg" length="10393" type="image/jpeg"/>
   <media:thumbnail url="http://pravda-team.ru/eng/image/preview/article/6/1/7/136617_b.jpeg"/>
   <enclosure url="http://www.pravdareport.com/news/world/europe/13-01-2017/136617-france_le_pen-0/" length="10485760" type="video/x-flv"/>
  </item>
  <item>
   <title>Japanese customers gobble up Putin's sake</title>
   <link>http://www.pravdareport.com/news/world/asia/13-01-2017/136616-japan_putin_sake-0/</link>
   <guid isPermaLink="false"></guid>
   <description>Sake &quot;Oriental Beauty&quot;, which Russian President Putin praised during his final press conference in Japan, has disappeared from stores a few days after his visit to the country</description>
   <pubDate>Fri, 13 Jan 2017 13:47:00 +0300</pubDate>
   <enclosure url="http://pravda-team.ru/eng/image/preview/article/6/1/6/136616_b.jpeg" length="8192" type="image/jpeg"/>
   <media:thumbnail url="http://pravda-team.ru/eng/image/preview/article/6/1/6/136616_b.jpeg"/>
   <enclosure url="http://www.pravdareport.com/news/world/asia/13-01-2017/136616-japan_putin_sake-0/" length="10485760" type="video/x-flv"/>
  </item>
  <item>
   <title>Who wants to crush Venezuela?</title>
   <link>http://www.pravdareport.com/world/americas/12-01-2017/136613-venezuela-0/</link>
   <guid isPermaLink="false"></guid>
   <description>The Parliament of Venezuela has deprived President Nicolas Maduro of presidential powers illegally, similarly to the Ukrainian scenario. Not that long ago, outgoing US President Barack Obama declared Venezuela &quot;an unusual and extraordinary threat to the national security and foreign policy of the United States&quot;</description>
   <pubDate>Thu, 12 Jan 2017 18:55:00 +0300</pubDate>
   <enclosure url="http://pravda-team.ru/eng/image/preview/article/6/1/3/136613_b.jpeg" length="8723" type="image/jpeg"/>
   <media:thumbnail url="http://pravda-team.ru/eng/image/preview/article/6/1/3/136613_b.jpeg"/>
   <enclosure url="http://www.pravdareport.com/world/americas/12-01-2017/136613-venezuela-0/" length="10485760" type="video/x-flv"/>
  </item>
  <item>
   <title>The adventures of Donald Trump at Moscow's Ritz Hotel</title>
   <link>http://www.pravdareport.com/world/americas/11-01-2017/136602-donald_trump_compromising_information-0/</link>
   <guid isPermaLink="false"></guid>
   <description>The story about the compromising information that the Kremlin has allegedly collected about Donald Trump looks increasingly absurd. The FBI announced that it had evidence to prove that the new US President was Putin's agent. The body of evidence on the subject is based on a video footage that shows Donald Trump in a company of prostitutes</description>
   <pubDate>Wed, 11 Jan 2017 17:46:00 +0300</pubDate>
   <enclosure url="http://pravda-team.ru/eng/image/preview/article/6/0/2/136602_b.jpeg" length="8574" type="image/jpeg"/>
   <media:thumbnail url="http://pravda-team.ru/eng/image/preview/article/6/0/2/136602_b.jpeg"/>
  </item>
  <item>
   <title>North Korea warns of nuclear war</title>
   <link>http://www.pravdareport.com/news/world/asia/11-01-2017/136600-north_korea_nuclear_war-0/</link>
   <guid isPermaLink="false"></guid>
   <description>Deputy Permanent Representative of the DPRK to the UN John Kim Ryong stated at the meeting of the UN Security Council that a nuclear war on the Korean Peninsula may begin any moment</description>
   <pubDate>Wed, 11 Jan 2017 14:45:00 +0300</pubDate>
   <enclosure url="http://pravda-team.ru/eng/image/preview/article/6/0/0/136600_b.jpeg" length="10891" type="image/jpeg"/>
   <media:thumbnail url="http://pravda-team.ru/eng/image/preview/article/6/0/0/136600_b.jpeg"/>
   <enclosure url="http://www.pravdareport.com/news/world/asia/11-01-2017/136600-north_korea_nuclear_war-0/" length="10485760" type="video/x-flv"/>
  </item>
  <item>
   <title>Chechen President Kadyrov curses Stalin</title>
   <link>http://www.pravdareport.com/news/world/ussr/11-01-2017/136598-chechnya_stalin_kadyro-0/</link>
   <guid isPermaLink="false"></guid>
   <description>The head of the Chechen Republic, Ramzan Kadyrov, stated that Stalin's deportation of Chechen people to Kazakhstan and Central Asia was one of the most tragic pages in the history of the Chechen nation</description>
   <pubDate>Wed, 11 Jan 2017 11:17:00 +0300</pubDate>
   <enclosure url="http://pravda-team.ru/eng/image/preview/article/5/9/8/136598_b.jpeg" length="8929" type="image/jpeg"/>
   <media:thumbnail url="http://pravda-team.ru/eng/image/preview/article/5/9/8/136598_b.jpeg"/>
   <enclosure url="http://www.pravdareport.com/news/world/ussr/11-01-2017/136598-chechnya_stalin_kadyro-0/" length="10485760" type="video/x-flv"/>
  </item>
  <item>
   <title>The tombstone of Barack Obama's presidency</title>
   <link>http://www.pravdareport.com/world/americas/10-01-2017/136593-obama_presidency-0/</link>
   <guid isPermaLink="false"></guid>
   <description>The Americans, who voted for their first black President Barack Obama eight years ago, were following their illusions throughout eight years of his presidency. It appears that those people reelected Obama to delay the moment of self-insight for a few more years. Obama messed up both his 2009 and 2013 Oath of Office. Was it a sign?</description>
   <pubDate>Tue, 10 Jan 2017 18:36:00 +0300</pubDate>
   <enclosure url="http://pravda-team.ru/eng/image/preview/article/5/9/3/136593_b.jpeg" length="7064" type="image/jpeg"/>
   <media:thumbnail url="http://pravda-team.ru/eng/image/preview/article/5/9/3/136593_b.jpeg"/>
   <enclosure url="http://www.pravdareport.com/world/americas/10-01-2017/136593-obama_presidency-0/" length="10485760" type="video/x-flv"/>
  </item>
  <item>
   <title>US Senators threaten to isolate Russia like North Korea</title>
   <link>http://www.pravdareport.com/news/world/americas/10-01-2017/136590-usa_russia_sanctions-0/</link>
   <guid isPermaLink="false"></guid>
   <description>A group of US senators led by John McCain work on a draft document about new sanctions against Russia</description>
   <pubDate>Tue, 10 Jan 2017 14:49:00 +0300</pubDate>
   <enclosure url="http://pravda-team.ru/eng/image/preview/article/5/9/0/136590_b.jpeg" length="12543" type="image/jpeg"/>
   <media:thumbnail url="http://pravda-team.ru/eng/image/preview/article/5/9/0/136590_b.jpeg"/>
   <enclosure url="http://www.pravdareport.com/news/world/americas/10-01-2017/136590-usa_russia_sanctions-0/" length="10485760" type="video/x-flv"/>
  </item>
  <item>
   <title>Official: Russia has one of five world's most powerful cyber armies</title>
   <link>http://www.pravdareport.com/news/world/americas/10-01-2017/136587-russia_cyber_troops-0/</link>
   <guid isPermaLink="false"></guid>
   <description>Russia was included on the top five countries with most advanced specialized cyber security units for military or intelligence purposes</description>
   <pubDate>Tue, 10 Jan 2017 14:05:00 +0300</pubDate>
   <enclosure url="http://pravda-team.ru/eng/image/preview/article/5/8/7/136587_b.jpeg" length="11723" type="image/jpeg"/>
   <media:thumbnail url="http://pravda-team.ru/eng/image/preview/article/5/8/7/136587_b.jpeg"/>
   <enclosure url="http://www.pravdareport.com/news/world/americas/10-01-2017/136587-russia_cyber_troops-0/" length="10485760" type="video/x-flv"/>
  </item>
  <item>
   <title>Trump plays Battleship to become master of all oceans</title>
   <link>http://www.pravdareport.com/world/americas/09-01-2017/136582-trump_navy-0/</link>
   <guid isPermaLink="false"></guid>
   <description>Donald Trump has promised to bring to life the most ambitious shipbuilding program that the United States has seen since the times of Ronald Reagan. The new American president, unlike his predecessor Barack Obama, who cut naval costs, intends to build as many as 70 new warships, including nuclear submarines</description>
   <pubDate>Mon, 09 Jan 2017 16:18:00 +0300</pubDate>
   <enclosure url="http://pravda-team.ru/eng/image/preview/article/5/8/2/136582_b.jpeg" length="13389" type="image/jpeg"/>
   <media:thumbnail url="http://pravda-team.ru/eng/image/preview/article/5/8/2/136582_b.jpeg"/>
   <enclosure url="http://www.pravdareport.com/world/americas/09-01-2017/136582-trump_navy-0/" length="10485760" type="video/x-flv"/>
  </item>
  <item>
   <title>Mário Soares dies: Portugal announces three days of mourning</title>
   <link>http://www.pravdareport.com/world/europe/08-01-2017/136577-mario_soares-0/</link>
   <guid isPermaLink="false"></guid>
   <description>Mário Soares, ex-Prime Minister and President of Portugal, a major figure in the fight for transition from the Estado Novo, or New State, regime to full parliamentary democracy, has died in Lisbon aged ninety-two. He had been on a life-support machine since mid-December.</description>
   <pubDate>Sun, 08 Jan 2017 00:31:00 +0300</pubDate>
   <enclosure url="http://pravda-team.ru/eng/image/preview/article/5/7/7/136577_b.jpeg" length="14829" type="image/jpeg"/>
   <media:thumbnail url="http://pravda-team.ru/eng/image/preview/article/5/7/7/136577_b.jpeg"/>
   <enclosure url="http://www.pravdareport.com/world/europe/08-01-2017/136577-mario_soares-0/" length="10485760" type="video/x-flv"/>
  </item>
  <item>
   <title>Portugal: Mário Soares dies</title>
   <link>http://www.pravdareport.com/news/world/08-01-2017/136576-mario_soares-0/</link>
   <guid isPermaLink="false"></guid>
   <description>Mário Soares, ex-Prime Minister and President of Portugal, a major figure in the fight for transition from the Estado Novo, or New State, regime to full parliamentary democracy, has died in Lisbon aged ninety-two. He had been on a life-support machine since mid-December.</description>
   <pubDate>Sun, 08 Jan 2017 00:20:00 +0300</pubDate>
   <enclosure url="http://pravda-team.ru/eng/image/preview/article/5/7/6/136576_b.jpeg" length="8335" type="image/jpeg"/>
   <media:thumbnail url="http://pravda-team.ru/eng/image/preview/article/5/7/6/136576_b.jpeg"/>
   <enclosure url="http://www.pravdareport.com/news/world/08-01-2017/136576-mario_soares-0/" length="10485760" type="video/x-flv"/>
  </item>
  <item>
   <title>Christmas tale from CIA, NSA and FBI: Elusive 'Russian hacker' is Putin</title>
   <link>http://www.pravdareport.com/world/americas/07-01-2017/136574-russian_cyber_attacks-0/</link>
   <guid isPermaLink="false"></guid>
   <description>The CIA, the NSA and the FBI published a joint report on Russia's intervention in the recent presidential election in the USA. It is assumed that the authors of the report answered a question about the degree of Russia's influence on public opinion in the USA. A significant part of the report is devoted to the activities of Russian mass media outlets</description>
   <pubDate>Sat, 07 Jan 2017 16:55:00 +0300</pubDate>
   <enclosure url="http://pravda-team.ru/eng/image/preview/article/5/7/4/136574_b.jpeg" length="15712" type="image/jpeg"/>
   <media:thumbnail url="http://pravda-team.ru/eng/image/preview/article/5/7/4/136574_b.jpeg"/>
  </item>
  <item>
   <title>US 'boasts' of secret operations against Russia in response to cyber attacks</title>
   <link>http://www.pravdareport.com/news/world/americas/06-01-2017/136569-usa_russia_hackers-0/</link>
   <guid isPermaLink="false"></guid>
   <description>US Vice President Joe Biden said that covert operations of US intelligence against Russia came as a response to the cyber attacks that Russia had allegedly conducted against the United States</description>
   <pubDate>Fri, 06 Jan 2017 14:22:00 +0300</pubDate>
   <enclosure url="http://pravda-team.ru/eng/image/preview/article/5/6/9/136569_b.jpeg" length="10031" type="image/jpeg"/>
   <media:thumbnail url="http://pravda-team.ru/eng/image/preview/article/5/6/9/136569_b.jpeg"/>
   <enclosure url="http://www.pravdareport.com/news/world/americas/06-01-2017/136569-usa_russia_hackers-0/" length="10485760" type="video/x-flv"/>
  </item>
  <item>
   <title>President Duterte of the Philippines for dummies</title>
   <link>http://www.pravdareport.com/world/asia/02-01-2017/136562-president_duterte-0/</link>
   <guid isPermaLink="false"></guid>
   <description>Now President Rodrigo Duterte of the Philippines is demonized and 'mistrusted', ridiculed and dismissed as a demagogue, condemned as a rough element, mocked as a buffoon. In his own country he is enjoying the highest popularity rating of any president in its history: at least well over 70 percent, but often even over 80 percent.</description>
   <pubDate>Mon, 02 Jan 2017 20:50:00 +0300</pubDate>
   <enclosure url="http://pravda-team.ru/eng/image/preview/article/5/6/2/136562_b.jpeg" length="13330" type="image/jpeg"/>
   <media:thumbnail url="http://pravda-team.ru/eng/image/preview/article/5/6/2/136562_b.jpeg"/>
   <enclosure url="http://www.pravdareport.com/world/asia/02-01-2017/136562-president_duterte-0/" length="10485760" type="video/x-flv"/>
  </item>
  <item>
   <title>Argentina and Brazil: Degradation continues because USA wants to</title>
   <link>http://www.pravdareport.com/world/americas/30-12-2016/136560-argentina_brazil-0/</link>
   <guid isPermaLink="false"></guid>
   <description>The people of Brazil and Argentina begin to realize that their new governments have not justified their hopes. Living standards in the two countries continue worsening, and there is no bright future ahead. In 2017, Argentina will hold parliamentary elections, while the people of Brazil will go to the polls to elect their new president in 2018</description>
   <pubDate>Fri, 30 Dec 2016 17:55:00 +0300</pubDate>
   <enclosure url="http://pravda-team.ru/eng/image/preview/article/5/6/0/136560_b.jpeg" length="10779" type="image/jpeg"/>
   <media:thumbnail url="http://pravda-team.ru/eng/image/preview/article/5/6/0/136560_b.jpeg"/>
  </item>
  <item>
   <title>Head of Moldova meets with Russian, Turkish and Azerbaijani Ambassadors</title>
   <link>http://www.pravdareport.com/news/world/asia/30-12-2016/136550-Moldova-0/</link>
   <guid isPermaLink="false"></guid>
   <description>Igor Dodon, the President of Moldova, has carried out a range of meetings with representatives of Russia, Turkey, and Azerbaijan in a week after his inauguration on 23 December.</description>
   <pubDate>Fri, 30 Dec 2016 12:28:00 +0300</pubDate>
   <enclosure url="http://pravda-team.ru/eng/image/preview/article/5/5/0/136550_b.jpeg" length="11127" type="image/jpeg"/>
   <media:thumbnail url="http://pravda-team.ru/eng/image/preview/article/5/5/0/136550_b.jpeg"/>
  </item>
  <item>
   <title>Head of Moldova meets with Russian, Turkish and Azerbaijani Ambassadors</title>
   <link>http://www.pravdareport.com/news/world/asia/30-12-2016/136550-Moldova-0/</link>
   <guid isPermaLink="false"></guid>
   <description>Igor Dodon, the President of Moldova, has carried out a range of meetings with representatives of Russia, Turkey, and Azerbaijan in a week after his inauguration on 23 December.</description>
   <pubDate>Fri, 30 Dec 2016 12:28:00 +0300</pubDate>
   <enclosure url="http://pravda-team.ru/eng/image/preview/article/5/5/0/136550_b.jpeg" length="11127" type="image/jpeg"/>
   <media:thumbnail url="http://pravda-team.ru/eng/image/preview/article/5/5/0/136550_b.jpeg"/>
  </item>
  <item>
   <title>Trump's strategy is to set Russia against China</title>
   <link>http://www.pravdareport.com/world/americas/29-12-2016/136548-russia_china_usa-0/</link>
   <guid isPermaLink="false"></guid>
   <description>To curb China's development, the USA will need to make Russia and China enemies. They have done this with Ukraine, and now they want to do the same with China. They need today's Russia with its strong arms and everything. The only change the Americans need is a new leader in the Kremlin.  They want to plant &quot;their own&quot; president in Russia</description>
   <pubDate>Thu, 29 Dec 2016 19:34:00 +0300</pubDate>
   <enclosure url="http://pravda-team.ru/eng/image/preview/article/5/4/8/136548_b.jpeg" length="4971" type="image/jpeg"/>
   <media:thumbnail url="http://pravda-team.ru/eng/image/preview/article/5/4/8/136548_b.jpeg"/>
  </item>
 </channel>
</rss>
