<?xml version="1.0" encoding="UTF-8"?>
<rss xmlns:itunes="http://www.itunes.com/dtds/podcast-1.0.dtd" version="2.0" xmlns:atom="http://www.w3.org/2005/Atom">
<channel>
    <title>Our Latest Sermons</title>
    <link>http://cityofrefuge.org/feed.xml</link>
    <description><![CDATA[These are the latest sermons on our podcast.]]></description>
    <language>en</language>
    <itunes:image href="http://cityofrefuge.org/Podcast-Logo2.jpg"/>
    <itunes:category text="Religion &amp; Spirituality">
            <itunes:category text="Christianity"/>
    </itunes:category>
    <itunes:owner>
        <itunes:name>City of Refuge Evangelical Presbyterian Church</itunes:name>
        <itunes:email>bfremion@cityofrefuge.org</itunes:email>
    </itunes:owner>
    <itunes:explicit>no</itunes:explicit>
    <copyright>City of Refuge Evangelical Presbyterian Church</copyright>
    <ttl>120</ttl>
    <atom:link href="http://cityofrefuge.org/feed.xml" rel="self" type="application/rss+xml" />

<item>
  <title>The Promise</title>
  <link>http://cityofrefuge.org/assets/audio-files/11.27.16FINAL.mp3</link>
  <description>
    <![CDATA[John 14:16-26 NASB
Role of the Spirit
16 I will ask the Father, and He will give you another Helper, that He may be with you forever; 17 that is the Spirit of truth, whom the world cannot receive, because it does not see Him or know Him, but you know Him because He abides with you and will be in you.
18 “I will not leave you as orphans; I will come to you. 19 After a little while the world will no longer see Me, but you will see Me; because I live, you will live also. 20 In that day you will know that I am in My Father, and you in Me, and I in you. 21 He who has My commandments and keeps them is the one who loves Me; and he who loves Me will be loved by My Father, and I will love him and will disclose Myself to him.” 22 Judas (not Iscariot) *said to Him, “Lord, what then has happened that You are going to disclose Yourself to us and not to the world?” 23 Jesus answered and said to him, “If anyone loves Me, he will keep My word; and My Father will love him, and We will come to him and make Our abode with him. 24 He who does not love Me does not keep My words; and the word which you hear is not Mine, but the Father’s who sent Me.
25 “These things I have spoken to you while abiding with you. 26 But the Helper, the Holy Spirit, whom the Father will send in My name, He will teach you all things, and bring to your remembrance all that I said to you.]]>
  </description>
  <pubDate>Sun, 27 Nov 2016 09:00:00 -0700</pubDate>
  <guid isPermaLink="false">http://cityofrefuge.org/assets/audio-files/11.27.16FINAL.mp3</guid>
  <enclosure url="http://cityofrefuge.org/assets/audio-files/11.27.16FINAL.mp3" length="11779397" type="audio/mp3"/>
    <itunes:category text="Religion &amp; Spirituality">
            <itunes:category text="Christianity"/>
    </itunes:category>
    <itunes:explicit>no</itunes:explicit>
    <itunes:duration></itunes:duration>
</item>

<item>
  <title>What Should We Do About Divisions in the Church?</title>
  <link>http://cityofrefuge.org/assets/audio-files/1.8.17FINAL.mp3</link>
  <description>
    <![CDATA[1 Corinthians 1:10-17 NASB

10 Now I exhort you, brethren, by the name of our Lord Jesus Christ, that you all agree and that there be no divisions among you, but that you be made complete in the same mind and in the same judgment. 11 For I have been informed concerning you, my brethren, by Chloe’s people, that there are quarrels among you. 12 Now I mean this, that each one of you is saying, “I am of Paul,” and “I of Apollos,” and “I of Cephas,” and “I of Christ.” 13 Has Christ been divided? Paul was not crucified for you, was he? Or were you baptized in the name of Paul? 14 I thank God that I baptized none of you except Crispus and Gaius, 15 so that no one would say you were baptized in my name. 16 Now I did baptize also the household of Stephanas; beyond that, I do not know whether I baptized any other. 17 For Christ did not send me to baptize, but to preach the gospel, not in cleverness of speech, so that the cross of Christ would not be made void.]]>
  </description>
  <pubDate>Sun, 01 Jan 2017 10:30:00 -0700</pubDate>
  <guid isPermaLink="false">http://cityofrefuge.org/assets/audio-files/1.8.17FINAL.mp3</guid>
  <enclosure url="http://cityofrefuge.org/assets/audio-files/1.8.17FINAL.mp3" length="11779397" type="audio/mp3"/>
    <itunes:category text="Religion &amp; Spirituality">
            <itunes:category text="Christianity"/>
    </itunes:category>
    <itunes:explicit>no</itunes:explicit>
    <itunes:duration></itunes:duration>
</item>

<item>
  <title>Fruit Not Fruits</title>
  <link>http://cityofrefuge.org/assets/audio-files/12.18.16FINAL.mp3</link>
  <description>
    <![CDATA[Galatians 5:22-26 NASB
22 But the fruit of the Spirit is love, joy, peace, patience, kindness, goodness, faithfulness, 23 gentleness, self-control; against such things there is no law. 24 Now those who belong to Christ Jesus have crucified the flesh with its passions and desires.

25 If we live by the Spirit, let us also walk by the Spirit. 26 Let us not become boastful, challenging one another, envying one another.]]>
  </description>
  <pubDate>Sun, 18 Dec 2016 10:30:00 -0700</pubDate>
  <guid isPermaLink="false">http://cityofrefuge.org/assets/audio-files/12.18.16FINAL.mp3</guid>
  <enclosure url="http://cityofrefuge.org/assets/audio-files/12.18.16FINAL.mp3" length="11779397" type="audio/mp3"/>
    <itunes:category text="Religion &amp; Spirituality">
            <itunes:category text="Christianity"/>
    </itunes:category>
    <itunes:explicit>no</itunes:explicit>
    <itunes:duration></itunes:duration>
</item>

<item>
  <title>Spiritual Gifts</title>
  <link>http://cityofrefuge.org/assets/audio-files/12.11.16FINAL.mp3</link>
  <description>
    <![CDATA[Romans 12:3-8 NASB
3 For through the grace given to me I say to everyone among you not to think more highly of himself than he ought to think; but to think so as to have sound judgment, as God has allotted to each a measure of faith. 4 For just as we have many members in one body and all the members do not have the same function, 5 so we, who are many, are one body in Christ, and individually members one of another. 6 Since we have gifts that differ according to the grace given to us, each of us is to exercise them accordingly: if prophecy, according to the proportion of his faith; 7 if service, in his serving; or he who teaches, in his teaching; 8 or he who exhorts, in his exhortation; he who gives, with liberality; he who leads, with diligence; he who shows mercy, with cheerfulness.]]>
  </description>
  <pubDate>Sun, 11 Dec 2016 10:30:00 -0700</pubDate>
  <guid isPermaLink="false">http://cityofrefuge.org/assets/audio-files/12.11.16FINAL.mp3</guid>
  <enclosure url="http://cityofrefuge.org/assets/audio-files/12.11.16FINAL.mp3" length="11779397" type="audio/mp3"/>
    <itunes:category text="Religion &amp; Spirituality">
            <itunes:category text="Christianity"/>
    </itunes:category>
    <itunes:explicit>no</itunes:explicit>
    <itunes:duration></itunes:duration>
</item>

<item>
  <title>What Have We Been Called To?</title>
  <link>http://cityofrefuge.org/assets/audio-files/1.1.17FINAL.mp3</link>
  <description>
    <![CDATA[1 Corinthians 1:1-9
1 Paul, called as an apostle of Jesus Christ by the will of God, and Sosthenes our brother,

2 To the church of God which is at Corinth, to those who have been sanctified in Christ Jesus, saints by calling, with all who in every place call on the name of our Lord Jesus Christ, their Lord and ours:

3 Grace to you and peace from God our Father and the Lord Jesus Christ.

4 I thank my God always concerning you for the grace of God which was given you in Christ Jesus, 5 that in everything you were enriched in Him, in all speech and all knowledge, 6 even as the testimony concerning Christ was confirmed in you, 7 so that you are not lacking in any gift, awaiting eagerly the revelation of our Lord Jesus Christ, 8 who will also confirm you to the end, blameless in the day of our Lord Jesus Christ. 9 God is faithful, through whom you were called into fellowship with His Son, Jesus Christ our Lord.]]>
  </description>
  <pubDate>Sun, 01 Jan 2017 10:30:00 -0700</pubDate>
  <guid isPermaLink="false">http://cityofrefuge.org/assets/audio-files/1.1.17FINAL.mp3</guid>
  <enclosure url="http://cityofrefuge.org/assets/audio-files/1.1.17FINAL.mp3" length="11779397" type="audio/mp3"/>
    <itunes:category text="Religion &amp; Spirituality">
            <itunes:category text="Christianity"/>
    </itunes:category>
    <itunes:explicit>no</itunes:explicit>
    <itunes:duration></itunes:duration>
</item>

<item>
  <title>What Happened to the Paradigm?</title>
  <link>http://cityofrefuge.org/9.4.16FINAL.mp3</link>
  <description>
    <![CDATA[Isaiah 64:6 MSG
We're all sin-infected, sin-contaminated. Our best efforts are grease-stained rags. We dry up like autumn leaves - sin-dried, we're blown off by the wind.]]>
  </description>
  <pubDate>Sun, 04 Sep 2016 10:30:00 -0600</pubDate>
  <guid isPermaLink="false">http://cityofrefuge.org/9.4.16FINAL.mp3</guid>
  <enclosure url="http://cityofrefuge.org/9.4.16FINAL.mp3" length="11779397" type="audio/mp3"/>
    <itunes:category text="Religion &amp; Spirituality">
            <itunes:category text="Christianity"/>
    </itunes:category>
    <itunes:explicit>no</itunes:explicit>
    <itunes:duration></itunes:duration>
</item>

<item>
  <title>What is Love?</title>
  <link>http://cityofrefuge.org/assets/audio-files/9.11.16FINAL.mp3</link>
  <description>
    <![CDATA[1 John 4:7-12 NASB
7 Beloved, let us love one another, for love is from God; and everyone who loves is born of God and knows God. 8 The one who does not love does not know God, for God is love. 9 By this the love of God was manifested in us, that God has sent His only begotten Son into the world so that we might live through Him. 10 In this is love, not that we loved God, but that He loved us and sent His Son to be the propitiation for our sins. 11 Beloved, if God so loved us, we also ought to love one another. 12 No one has seen God at any time; if we love one another, God abides in us, and His love is perfected in us.]]>
  </description>
  <pubDate>Sun, 11 Sep 2016 10:30:00 -0600</pubDate>
  <guid isPermaLink="false">http://cityofrefuge.org/assets/audio-files/9.11.16FINAL.mp3</guid>
  <enclosure url="http://cityofrefuge.org/assets/audio-files/9.11.16FINAL.mp3" length="11779397" type="audio/mp3"/>
    <itunes:category text="Religion &amp; Spirituality">
            <itunes:category text="Christianity"/>
    </itunes:category>
    <itunes:explicit>no</itunes:explicit>
    <itunes:duration></itunes:duration>
</item>

<item>
  <title>Do You Feel Like the Loneliest Tree in the World?</title>
  <link>http://cityofrefuge.org/assets/audio-files/9.18.16FINAL.mp3</link>
  <description>
    <![CDATA[1 Corinthians 7:32-35 NASB
32 But I want you to be free from concern. One who is unmarried is concerned about the things of the Lord, how he may please the Lord; 33 but one who is married is concerned about the things of the world, how he may please his wife, 34 and his interests are divided. The woman who is unmarried, and the virgin, is concerned about the things of the Lord, that she may be holy both in body and spirit; but one who is married is concerned about the things of the world, how she may please her husband. 35 This I say for your own benefit; not to put a restraint upon you, but to promote what is appropriate and to secure undistracted devotion to the Lord.]]>
  </description>
  <pubDate>Sun, 18 Sep 2016 10:30:00 -0600</pubDate>
  <guid isPermaLink="false">http://cityofrefuge.org/assets/audio-files/9.18.16FINAL.mp3</guid>
  <enclosure url="http://cityofrefuge.org/assets/audio-files/9.18.16FINAL.mp3" length="11779397" type="audio/mp3"/>
    <itunes:category text="Religion &amp; Spirituality">
            <itunes:category text="Christianity"/>
    </itunes:category>
    <itunes:explicit>no</itunes:explicit>
    <itunes:duration></itunes:duration>
</item>

<item>
  <title>How Will I Know?</title>
  <link>http://cityofrefuge.org/assets/audio-files/9.25.16FINAL.mp3</link>
  <description>
    <![CDATA[2 Corinthians 6:14-18 NASB
14 Do not be bound together with unbelievers; for what partnership have righteousness and lawlessness, or what fellowship has light with darkness? 15 Or what harmony has Christ with Belial, or what has a believer in common with an unbeliever? 16 Or what agreement has the temple of God with idols? For we are the temple of the living God; just as God said,

“I will dwell in them and walk among them;
And I will be their God, and they shall be My people.
17 “Therefore, come out from their midst and be separate,” says the Lord.
“And do not touch what is unclean;
And I will welcome you.
18 “And I will be a father to you,
And you shall be sons and daughters to Me,”
Says the Lord Almighty.]]>
  </description>
  <pubDate>Sun, 25 Sep 2016 09:00:00 -0600</pubDate>
  <guid isPermaLink="false">http://cityofrefuge.org/assets/audio-files/9.25.16FINAL.mp3</guid>
  <enclosure url="http://cityofrefuge.org/assets/audio-files/9.25.16FINAL.mp3" length="11779397" type="audio/mp3"/>
    <itunes:category text="Religion &amp; Spirituality">
            <itunes:category text="Christianity"/>
    </itunes:category>
    <itunes:explicit>no</itunes:explicit>
    <itunes:duration></itunes:duration>
</item>

<item>
  <title>Put on  Your Work Boots and Grab Your Lunch Pail</title>
  <link>http://cityofrefuge.org/assets/audio-files/10.2.16FINAL.mp3</link>
  <description>
    <![CDATA[Ephesians 5:22-33 NASB
22 Wives, be subject to your own husbands, as to the Lord. 23 For the husband is the head of the wife, as Christ also is the head of the church, He Himself being the Savior of the body. 24 But as the church is subject to Christ, so also the wives ought to be to their husbands in everything.

25 Husbands, love your wives, just as Christ also loved the church and gave Himself up for her, 26 so that He might sanctify her, having cleansed her by the washing of water with the word, 27 that He might present to Himself the church in all her glory, having no spot or wrinkle or any such thing; but that she would be holy and blameless. 28 So husbands ought also to love their own wives as their own bodies. He who loves his own wife loves himself; 29 for no one ever hated his own flesh, but nourishes and cherishes it, just as Christ also does the church, 30 because we are members of His body. 31 For this reason a man shall leave his father and mother and shall be joined to his wife, and the two shall become one flesh. 32 This mystery is great; but I am speaking with reference to Christ and the church. 33 Nevertheless, each individual among you also is to love his own wife even as himself, and the wife must see to it that she respects her husband.]]>
  </description>
  <pubDate>Sun, 02 Oct 2016 09:00:00 -0600</pubDate>
  <guid isPermaLink="false">http://cityofrefuge.org/assets/audio-files/10.2.16FINAL.mp3</guid>
  <enclosure url="http://cityofrefuge.org/assets/audio-files/10.2.16FINAL.mp3" length="11779397" type="audio/mp3"/>
    <itunes:category text="Religion &amp; Spirituality">
            <itunes:category text="Christianity"/>
    </itunes:category>
    <itunes:explicit>no</itunes:explicit>
    <itunes:duration></itunes:duration>
</item>
</channel>
</rss>