
<!DOCTYPE html PUBLIC "-//W3C//DTD XHTML 1.0 Strict//EN"
	"http://www.w3.org/TR/xhtml1/DTD/xhtml1-strict.dtd">

<html xmlns="http://www.w3.org/1999/xhtml" class="">
<head>

	<script type="text/javascript">var NREUMQ=NREUMQ||[];NREUMQ.push(["mark","firstbyte",new Date().getTime()]);</script><title>Message Archive | The Rock Church &amp; World Outreach Center | San Bernardino, Ca</title>

	<!-- Meta Tags -->
	<meta http-equiv="content-type" content="application/xhtml+xml; charset=utf-8" />
	<meta http-equiv="X-UA-Compatible" content="IE=edge,chrome=1">
	<meta name="google-site-verification" content="khOCm-wPeqFQdRvyxt7CCQJQNPR_rSRK3RGZez8XFCA" />
	<meta name="y_key" content="3cab8785b862da65">
	<meta name="robots" content="index, follow" />
	<meta name="description" content="The Rock Church and World Outreach Center is a Christian church located in San Bernardino, CA with Senior Pastors Jim Cobrae and Deborah Cobrae. We believe that the Inland Empire shall be saved through loving people to life, giving powerful altar calls, and feeding people both spiritually and physically." />
	<meta name="keywords" content="Jim Cobrae, Pastor Jim Cobrae, Deborah Cobrae, Pastor Deborah Cobrae, jim cobrae, pastor jim cobrae, deborah cobrae, pastor deborah cobrae, san bernardino churches, inland empire churches, christianity, praise and worship, childrens ministry, youth, special needs, food distribution, preaching and teaching" />
	<meta name="copyright" content="copyright (c) 2017 The Rock Church and World Outreach Center" />
	<meta name="revisit-after" content="2 days" />
	<meta name="author" content="The Rock Church" />
  <!-- <meta name="viewport" content="width=device-width"> -->
  <meta name="viewport" content="width=device-width, initial-scale=1.0, minimal-ui">

	
	<!-- Favicon -->
	<link rel="shortcut icon" href="/assets/images/layout/favicon.ico" />

	<!-- CSS -->
	<link rel="stylesheet" href="/tiny/g=css?42" media="screen" type="text/css" />


	<style type="text/css">
		body {background: #000 url(/assets/images/layout/church_mt_bg.jpg) top center fixed no-repeat;}
	</style>

	<!-- Javascript -->
  <script type="text/javascript" src="http://ajax.googleapis.com/ajax/libs/jquery/1.4.2/jquery.min.js"></script>
  <script type="text/javascript" src="/assets/js/jquery.fitvids.js"></script>
	<script type="text/javascript" src="/tiny/g=js?29"></script>
  <!-- <script type="text/javascript" src="/assets/js/snow.js"></script>
  <script>
    snowStorm.flakesMaxActive = 64;
    snowStorm.freezeOnBlur = true;
    snowStorm.followMouse = false;
  </script> -->

		<!--[if lt IE 8]>
		 	<script src="http://ie7-js.googlecode.com/svn/version/2.0(beta3)/IE8.js" type="text/javascript"></script>
		<![endif]-->
		<!--[if IE]>
			<script type="text/javascript">
				$(function(){
					$('.f1').removeClass('cboxElement').attr('target', '_blank');
				});
			</script>
			<link rel="stylesheet" href="/assets/styles/ie.css" media="screen" type="text/css" />
		<![endif]-->

	<!-- Countdown Javascript -->
	<script type="text/javascript">
		$(function(){
      $('.menu-btn a.menu-link').click(function(){
        $('.mobile-nav').slideToggle();
        return false;
      });

			var myTime = 258550;
			$('.service_countdown').countdown({
				until: myTime,
				format: 'DHMS',
				onExpiry: wereLive,
				labels: ['Years', 'Months', 'Weeks', 'Days', 'Hours', 'Minutes', 'Seconds'],
    			labels1: ['Year', 'Month', 'Week', 'Day', 'Hours', 'Minutes', 'Seconds'],
				layout: '<h3>Next <a href="/live/">live</a> service in:</h3><ul id="countdown">{d<}<li class="first">{dn} <span>{dl}</span></li>{d>}{h<}<li>{hnn} <span>{hl}</span></li>{h>}' +
    					'{m<}<li>{mnn} <span>{ml}</span></li>{m>}{s<}<li class="last">{snn} <span>{sl}</span></li>{s>}</ul>'
    	});

    		function wereLive() {
    			$('.service_countdown').replaceWith('<div class="service_streaming live"><h3><a href="/live/">Service is streaming live!</a> &nbsp; &nbsp; <a class="live_button" href="/live/">Join Online &raquo;</a></h3</div>');
    		}
    		
    		
    	});
    </script>
	

<body>


	<div id="wrapper">
		<!-- <div id="notification">
	<p>We built the new rockchurch.com website with the latest in <a href="http://en.wikipedia.org/wiki/Web_browser">browser</a> technologies. It looks like your browser is doesn&rsquo;t support some of these technologies. We suggest you upgrade your browser to one the following <strong>free</strong> browsers: <a href="http://www.getfirefox.com">Firefox</a>, <a href="http://www.google.com/chrome">Chrome</a> or <a href="http://www.apple.com/safari/download/">Safari</a>.</p>
	<p id="close_notification"><a href="#">close</a></p>
</div> --><!-- close: #browser_check -->
		<div class="service_countdown home live"></div>
<div class="service_streaming live"><h3><a href="/live/">Service is streaming live!</a> &nbsp; &nbsp; <a class="live_button" href="/live/">Watch Now &raquo;</a></h3></div>
<!-- <div class="giyg_banner" title="Buy Great Is Your Grace Online Now!"></div> -->


<div class="mobile-nav-wrapper">
<p class="menu-btn"><a class="logo-name" href="/">The Rock Church</a> <span class="live-stream-mobile live"><a class="livestream-link" href="/live">Live Stream</a></span> <a class="menu-link" href="#">Menu <span>&#9776;</span></a></p>
<ul id="nav" class="mobile-nav">
  <li><a  href="/">Home</a></li>
  <li><a  href="http://www.rockchurch.com/about">About Us</a></li>
  <li><a  href="http://www.rockchurch.com/ministries">Ministries</a></li>
  <li><a  href="http://www.rockchurch.com/outreach">Outreach</a></li>
  <li><a class="selected" href="http://www.rockchurch.com/messages">Message Archive</a></li>
  <li><a  href="http://www.rockchurch.com/calendar">Calendar</a></li>
  <li><a href="http://www.rockchurch.com/giving">Online Giving</a></li>
  <li><a  href="http://www.rockchurch.com/education">Education</a></li>  <li><a  href="http://www.rockchurch.com/contact">Contact</a></li>
  <li class="quick_links">Quick Links</li>
  <li><a href="http://www.rockchurch.com/about/core/services">Service Times</a></li>
  <li><a href="http://www.google.com/maps?f=q&source=s_q&hl=en&geocode=&q=2345+s+waterman+ave+san+bernardino+ca&sll=37.0625,-95.677068&sspn=38.690438,67.5&ie=UTF8&t=h&hq=&hnear=2345+S+Waterman+Ave,+San+Bernardino,+California+92408&ll=34.060535,-117.275491&spn=0.01063,0.019097&z=16&iwloc=lyrftr:h,8523284014046834431,34.059077,-117.277744" class="ext">Driving Directions</a></li>
  <li><a href="http://www.rockchurch.com/ministries/bus_ministry"><span><img src="/assets/images/busrides_icon.png" alt="Need a ride?" /></span> Need a ride?</a></li>
  <li><a href="/live">Live Stream</a></li>  <li><a href="http://freedomforourfuture.com">Freedom For Our Future</a></li>
  <li><a href="/es/index.php/messages/">En Espa&ntilde;ol</a></li>
</ul><!-- close: #nav -->
</div>


<h1 id="logo" title="Go to Rockchurch.com"><a href="http://www.rockchurch.com">Welcome to The Rock Church &amp; World Outreach Center</a></h1>

<hr/>



<ul id="nav_utilities">
	    <li><a href="/es/index.php/messages/" class="first_nav">En Espa&ntilde;ol</a></li>
    <li><a href="http://www.rockchurch.com/giving">Online Giving</a></li>
    <li><a href="http://www.rockchurch.com/includes/services" title="Service Times" class="light_box">Service Times</a></li>
    <li><a href="http://www.google.com/maps?f=q&source=s_q&hl=en&geocode=&q=2345+s+waterman+ave+san+bernardino+ca&sll=37.0625,-95.677068&sspn=38.690438,67.5&ie=UTF8&t=h&hq=&hnear=2345+S+Waterman+Ave,+San+Bernardino,+California+92408&ll=34.060535,-117.275491&spn=0.01063,0.019097&z=16&iwloc=lyrftr:h,8523284014046834431,34.059077,-117.277744" class="ext">Driving Directions</a></li>
    <li><a href="http://www.rockchurch.com/ministries/bus_ministry" class="last_nav"><span><img src="/assets/images/busrides_icon.png" alt="Need a ride?" /></span> Need a ride?</a></li>
</ul><!-- close: #nav_utilities -->


<hr class="clearHack"/>



<ul id="nav">
	<li><a  href="/">Home</a></li>
	<li><a  href="http://www.rockchurch.com/about">About Us</a></li>
	<li><a  href="http://www.rockchurch.com/ministries">Ministries</a></li>
	<li><a  href="http://www.rockchurch.com/outreach"><!-- Community -->Outreach</a></li>
	<li><a class="selected" href="http://www.rockchurch.com/messages">Message Archive</a></li>
	<li><a  href="http://www.rockchurch.com/calendar">Calendar</a></li>
	<li><a  href="http://www.rockchurch.com/education">Education</a></li>
	<!-- <li><a href="http://rockchurch.bigcartel.com/">Bookstore</a></li> -->
	<li><a  href="http://www.rockchurch.com/contact">Contact</a></li>
	<li><a class="giyg_li" style="background-color: #E86A25;" href="http://freedomforourfuture.com">Freedom For Our Future</a></li>
</ul><!-- close: #nav -->

<hr class="clearHack"/>
<!-- <h3 class="special_announcement"><a href="/special/easter"><span>&raquo;</span> View our Easter Schedule <span>&nbsp;&laquo;</span> </a></h3> -->


		<div id="highlight">

			<p class="meta toggle"><a href="#">hide / show</a></p>

			<h1>Free Messages <span class="podcast">Podcasts</span></h1>

			<div class="content_item alt_bg top_border mobile-hide">
				<div id="section_description">
										<p>The Rock Church has a dynamic teaching ministry based on the Word of God. For all of our Podcasts use the links to the right or view the individual ministry teaching archives below. <em>For more help with podcasts please visit our <a href="http://www.rockchurch.com/resources/detailspodcasting">podcast help page</a>.</em></p>				</div><!-- close: #section_description -->

				                                <ul class="ministries">
					<li>
						<a href="https://itunes.apple.com/us/podcast/sunday-services-rock-church/id1068322349">Sunday Services</a>
					</li>
					<li>
						<a href="https://itunes.apple.com/us/podcast/wednesday-services-rock-church/id1068335140">Wednesday Services</a>
					</li>
					<li>
						<a href="https://itunes.apple.com/us/podcast/video-podcast-rock-church/id1068327932">Video Podcast</a>
					</li>
				</ul>
				<ul class="ministries">
					<li>
						<a href="https://itunes.apple.com/us/podcast/womenrock-bible-study-rock/id1070353308">Women&rsquo;s Bible Study</a>
					</li>
					<li>
						<a href="https://itunes.apple.com/us/podcast/shift-young-adults-rock-church/id1068324549">Shift Young Adults</a>
					</li>
					<li>
						<a href="https://itunes.apple.com/us/podcast/rock-youth-rock-church-world/id1070380759">The Rock Youth</a>
					</li>

				</ul>
				<ul class="ministries">
					<li>
						<a href="https://itunes.apple.com/us/podcast/iglesia-la-roca-rock-church/id1068329327">Iglesia Roca</a>
					</li>
					<li>
						<a href="https://itunes.apple.com/us/podcast/deaf-interpretation-rock-church/id1068329277">Deaf Ministry</a>
					</li>

				</ul>

				<div class="clearHack"></div>
			</div><!-- close: #news -->

			<hr/>

			<br style="clear: both"/>
		</div><!-- close: #highlight -->

		<hr class="clearHack"/>

		<div id="content_wrapper">

			<div id="content">
				<h2>Message Archive</h2>

				
				

				<div class="content_item message">
					<ul class="message_actions">
												<li><a class="listen" title="You're listening to: You Can Be Who You Are " href="http://www.rockchurch.com/messages/listen/you_can_be_who_you_are" onClick="_gaq.push(['_trackPageview', '/messages/listen/you_can_be_who_you_are']);">Listen</a></li>
						<li><a class="download" title="Click to download You Can Be Who You Are" href="https://s3.amazonaws.com/media.rockchurch.com/audio/messages/MK_1_15_17_SUN_AM_2nd.mp3" onClick="_gaq.push(['_trackPageview', '/messages/download/you_can_be_who_you_are']);">Download</a></li>						
					</ul>

					<h3><a href="http://www.rockchurch.com/messages/you_can_be_who_you_are">You Can Be Who You Are</a> </h3>
					<ul>
						<li>Rev. Mike Keyes</li>
						<li class="meta">Sun, January 15, 2017 at 11:15 am</li>
					</ul>
					<div class="clearHack_left"></div>
				</div><!-- close: #content_item -->

				
				

				<div class="content_item message alt_bg">
					<ul class="message_actions">
						<li><a class="video Pastor Luke Cobrae" title="You're watching: Unfulfilled Potential " href="http://www.rockchurch.com/messages/unfulfilled_potential" onClick="_gaq.push(['_trackPageview', '/messages/watch/unfulfilled_potential']);">Watch</a></li>						<li><a class="listen" title="You're listening to: Unfulfilled Potential " href="http://www.rockchurch.com/messages/listen/unfulfilled_potential" onClick="_gaq.push(['_trackPageview', '/messages/listen/unfulfilled_potential']);">Listen</a></li>
						<li><a class="download" title="Click to download Unfulfilled Potential" href="https://s3.amazonaws.com/media.rockchurch.com/audio/messages/LC _1_11_17_WED.mp3" onClick="_gaq.push(['_trackPageview', '/messages/download/unfulfilled_potential']);">Download</a></li>						
					</ul>

					<h3><a href="http://www.rockchurch.com/messages/unfulfilled_potential">Unfulfilled Potential</a> </h3>
					<ul>
						<li>Pastor Luke Cobrae</li>
						<li class="meta">Wed, January 11, 2017 at 7:00 pm</li>
					</ul>
					<div class="clearHack_left"></div>
				</div><!-- close: #content_item -->

				
				

				<div class="content_item message">
					<ul class="message_actions">
						<li><a class="video Pastor Deborah Cobrae" title="You're watching: The Power of Selfless Faith " href="http://www.rockchurch.com/messages/the_power_of_selfless_faith" onClick="_gaq.push(['_trackPageview', '/messages/watch/the_power_of_selfless_faith']);">Watch</a></li>						<li><a class="listen" title="You're listening to: The Power of Selfless Faith " href="http://www.rockchurch.com/messages/listen/the_power_of_selfless_faith" onClick="_gaq.push(['_trackPageview', '/messages/listen/the_power_of_selfless_faith']);">Listen</a></li>
						<li><a class="download" title="Click to download The Power of Selfless Faith" href="https://s3.amazonaws.com/media.rockchurch.com/audio/messages/DC_1_8_17_SunPM.mp3" onClick="_gaq.push(['_trackPageview', '/messages/download/the_power_of_selfless_faith']);">Download</a></li>						
					</ul>

					<h3><a href="http://www.rockchurch.com/messages/the_power_of_selfless_faith">The Power of Selfless Faith</a> </h3>
					<ul>
						<li>Pastor Deborah Cobrae</li>
						<li class="meta">Sun, January 8, 2017 at 6:00 pm</li>
					</ul>
					<div class="clearHack_left"></div>
				</div><!-- close: #content_item -->

				
				

				<div class="content_item message alt_bg deaf_int">
					<ul class="message_actions">
						<li><a class="video Pastor Dan Roth" title="You're watching: Vision Weekend 2017 " href="http://www.rockchurch.com/messages/vision_weekend" onClick="_gaq.push(['_trackPageview', '/messages/watch/vision_weekend']);">Watch</a></li>						<li><a class="listen" title="You're listening to: Vision Weekend 2017 " href="http://www.rockchurch.com/messages/listen/vision_weekend" onClick="_gaq.push(['_trackPageview', '/messages/listen/vision_weekend']);">Listen</a></li>
						<li><a class="download" title="Click to download Vision Weekend 2017" href="https://s3.amazonaws.com/media.rockchurch.com/audio/messages/DR_01_08_17_SUN2nd.mp3" onClick="_gaq.push(['_trackPageview', '/messages/download/vision_weekend']);">Download</a></li>						
					</ul>

					<h3><a href="http://www.rockchurch.com/messages/vision_weekend">Vision Weekend 2017</a> </h3>
					<ul>
						<li>Pastor Dan Roth</li>
						<li class="meta">Sun, January 8, 2017 at 11:15 am</li>
					</ul>
					<div class="clearHack_left"></div>
				</div><!-- close: #content_item -->

				
				

				<div class="content_item message">
					<ul class="message_actions">
						<li><a class="video Pastor Dan Roth" title="You're watching: Up-Words: Joy " href="http://www.rockchurch.com/messages/up_words_joy" onClick="_gaq.push(['_trackPageview', '/messages/watch/up_words_joy']);">Watch</a></li>						<li><a class="listen" title="You're listening to: Up-Words: Joy " href="http://www.rockchurch.com/messages/listen/up_words_joy" onClick="_gaq.push(['_trackPageview', '/messages/listen/up_words_joy']);">Listen</a></li>
						<li><a class="download" title="Click to download Up-Words: Joy" href="https://s3.amazonaws.com/media.rockchurch.com/audio/messages/DR_1_4_17_WED.mp3" onClick="_gaq.push(['_trackPageview', '/messages/download/up_words_joy']);">Download</a></li>						
					</ul>

					<h3><a href="http://www.rockchurch.com/messages/up_words_joy">Up-Words: Joy</a> </h3>
					<ul>
						<li>Pastor Dan Roth</li>
						<li class="meta">Wed, January 4, 2017 at 7:00 pm</li>
					</ul>
					<div class="clearHack_left"></div>
				</div><!-- close: #content_item -->

				
				

				<div class="content_item message alt_bg">
					<ul class="message_actions">
						<li><a class="video Pastor Luke Cobrae" title="You're watching: Above Eye Level " href="http://www.rockchurch.com/messages/above_eye_level" onClick="_gaq.push(['_trackPageview', '/messages/watch/above_eye_level']);">Watch</a></li>						<li><a class="listen" title="You're listening to: Above Eye Level " href="http://www.rockchurch.com/messages/listen/above_eye_level" onClick="_gaq.push(['_trackPageview', '/messages/listen/above_eye_level']);">Listen</a></li>
						<li><a class="download" title="Click to download Above Eye Level" href="https://s3.amazonaws.com/media.rockchurch.com/audio/messages/LC_1_1_17_Sat.2ndmp3.mp3" onClick="_gaq.push(['_trackPageview', '/messages/download/above_eye_level']);">Download</a></li>						
					</ul>

					<h3><a href="http://www.rockchurch.com/messages/above_eye_level">Above Eye Level</a> </h3>
					<ul>
						<li>Pastor Luke Cobrae</li>
						<li class="meta">Sun, January 1, 2017 at 11:15 am</li>
					</ul>
					<div class="clearHack_left"></div>
				</div><!-- close: #content_item -->

				
				

				<div class="content_item message">
					<ul class="message_actions">
						<li><a class="video Pastor Jim Cobrae" title="You're watching: Profound Words of Jesus Part 10" href="http://www.rockchurch.com/messages/profound_words_of_jesus_10" onClick="_gaq.push(['_trackPageview', '/messages/watch/profound_words_of_jesus_10']);">Watch</a></li>						<li><a class="listen" title="You're listening to: Profound Words of Jesus Part 10" href="http://www.rockchurch.com/messages/listen/profound_words_of_jesus_10" onClick="_gaq.push(['_trackPageview', '/messages/listen/profound_words_of_jesus_10']);">Listen</a></li>
						<li><a class="download" title="Click to download Profound Words of Jesus" href="https://s3.amazonaws.com/media.rockchurch.com/audio/messages/JC_12_28_16_Wed.mp3" onClick="_gaq.push(['_trackPageview', '/messages/download/profound_words_of_jesus_10']);">Download</a></li>						
					</ul>

					<h3><a href="http://www.rockchurch.com/messages/profound_words_of_jesus_10">Profound Words of Jesus</a> <span>Part 10</span></h3>
					<ul>
						<li>Pastor Jim Cobrae</li>
						<li class="meta">Wed, December 28, 2016 at 7:00 pm</li>
					</ul>
					<div class="clearHack_left"></div>
				</div><!-- close: #content_item -->

				
				
				<p class="meta pagination"> <a href="http://www.rockchurch.com/messages/P7">Next Page <span>&raquo;</span></a></p>
				

							</div><!-- close: #content -->

      <div id="aside">

        <ul id="alt_nav_related">
          <li>Archive Categories</li>
          
          <li><a href="http://www.rockchurch.com/messages/category/weekend">Weekend Messages</a></li>
          
          <li><a href="http://www.rockchurch.com/messages/category/midweek">Midweek Messages</a></li>
          
          <li><a href="http://www.rockchurch.com/messages/category/womenrock">Women Rock</a></li>
          
          <li><a href="http://www.rockchurch.com/messages/category/iglesia_roca">Iglesia La Roca</a></li>
          
          <li><a href="http://www.rockchurch.com/messages/category/rock_youth">Rock Youth</a></li>
          
          <li><a href="http://www.rockchurch.com/messages/category/shift">Shift - Young Adults</a></li>
          
        </ul><!-- close: #alt_nav_related -->

        <hr/>
        <ul id="alt_inner_nav">
          <li id="campus_maps"><a class="open_campus_maps" href="#"><span>Campus Map</span></a></li>

              <li><a href="/know_god">How To Know God</a></li>
	<li><a href="/ministries/small_group_ministry">Small Groups</a></li>
	<li><a href="/about/missions">Missions</a></li>
	<li><a href="http://www.rockbiblecollege.com" class="ext">The Rock Bible College</a></li>
	<li><a href="/resources">Resources</a></li>
  <li><a href="/blog">The Rock Blog</a></li>
  
        </ul><!-- close: #alt_nav -->
      </div><!-- close: #aside -->

		</div><!-- close: #content_wrapper -->

		<hr class="clearHack"/>

<div id="footer">
	<div id="latest_message_wrapper">
	<h3>Latest Message</h3>
	<div id="latest_message">
				
		<h4><a href="http://www.rockchurch.com/messages/you_can_be_who_you_are">You Can Be Who You Are</a></h4>
		<p>Rev. Mike Keyes</p>
		<p><span>Sun, January 15, 2017 at 11:15 am</span></p>
			</div><!-- close: #latest_message -->
</div><!-- close: #latest_message_wrapper -->

<hr/>

<ul class="column">
	<li><a href="/about">Our Church</a></li>
	<li><a href="/about">About Us <span>&raquo;</span></a></li>
	<li><a href="/welcome">New/First Time <span>&raquo;</span></a></li>
	<li><a href="/includes/statement_of_faith" title="Statement of Faith - What We Believe" class="light_box">Statement of Faith <span>&raquo;</span></a></li>
	<li><a href="/includes/mission_statement" title="Mission Statement" class="light_box">Mission Statement <span>&raquo;</span></a></li>
	<li><a href="/membership">Growing Healthy Members <span>&raquo;</span></a></li>
	<li><a href="/about/missions">Missions <span>&raquo;</span></a></li>
	<li><a href="/contact">Contact Us <span>&raquo;</span></a></li>
</ul>
<ul class="column">
	<li><a href="/ministries">Ministries</a></li>
	<li><a href="http://www.planetrockchildrensministry.com" class="ext">Children&rsquo;s Ministry<span>&raquo;</span></a></li>
	<li><a href="/ministries/mens_ministry">Men&rsquo;s Ministry <span>&raquo;</span></a></li>
	<li><a href="/ministries/restoration_ministry">Restoration Ministry <span>&raquo;</span></a></li>
	<li><a href="/ministries/small_group_ministry">Small Groups Ministry <span>&raquo;</span></a></li>
	<li><a href="http://www.iglesiaroca.com">Spanish Ministry <span>&raquo;</span></a></li>
	<li><a href="/ministries/spt_ministry">Spiritual Personal Trainers <span>&raquo;</span></a></li>
	<li><a href="http://www.rockbiblecollege.org">The Rock Bible College <span>&raquo;</span></a></li>
	<li><a href="/ministries/womens_ministry/">Women&rsquo;s Ministry <span>&raquo;</span></a></li>
	<li><a href="http://www.therockyouth.org" class="ext">Youth Ministry <span>&raquo;</span></a></li>
	<li><a href="http://www.shifthappensfriday.com" class="ext">Young Adult&rsquo;s Ministry <span>&raquo;</span></a></li>
</ul>
<ul class="column">
	<li><a href="/resources">Resources</a></li>
	<li><a href="/messages">Message Archive <span>&raquo;</span></a></li>
	<li><a href="http://rockchurch.bigcartel.com/">Love Rock Bookstore <span>&raquo;</span></a></li>
	<li><a href="/job_bank">The Rock Job Bank <span>&raquo;</span></a></li>
	<li><a href="/resources/details/rev._tony_cooke_interview">Tony Cooke Interview <span>&raquo;</span></a></li>
	<li><a href="https://accounts.google.com/" class="ext">Staff Login <span>&raquo;</span></a></li>
</ul>
<div class="clearHack"></div>
</div><!-- close: #footer -->

		<hr/>

		<p id="contact_info">Phone: <a href="tel:+1-909-825-8887">909-825-8887</a> <br />Email: <span data-eeEncEmail_yhIOXagISs='1'>.(JavaScript must be enabled to view this email address)</span><script type="text/javascript">/*<![CDATA[*/var out = '',el = document.getElementsByTagName('span'),l = ['>','a','/','<',' 109',' 111',' 99',' 46',' 104',' 99',' 114',' 117',' 104',' 99',' 107',' 99',' 111',' 114',' 64',' 108',' 105',' 97',' 109',' 101','>','\"',' 109',' 111',' 99',' 46',' 104',' 99',' 114',' 117',' 104',' 99',' 107',' 99',' 111',' 114',' 64',' 108',' 105',' 97',' 109',' 101',':','o','t','l','i','a','m','\"','=','f','e','r','h','a ','<'],i = l.length,j = el.length;while (--i >= 0)out += unescape(l[i].replace(/^\s\s*/, '&#'));while (--j >= 0)if (el[j].getAttribute('data-eeEncEmail_yhIOXagISs'))el[j].innerHTML = out;/*]]>*/</script></p>
<p id="legal">&copy;&ndash;2017 The Rock Church &amp; World Outreach Center <br/><a href="http://www.google.com/maps?f=q&source=s_q&hl=en&geocode=&q=2345+s+waterman+ave+san+bernardino+ca&sll=37.0625,-95.677068&sspn=38.690438,67.5&ie=UTF8&ll=34.060535,-117.275491&spn=0.009902,0.016479&t=h&z=16&iwloc=r0" class="ext">2345 S. Waterman Ave, San Bernardino, Ca 92408</a></p>
<div class="clearHack"></div>

<div class="hidden">
	<div id="campus_map"></div>
</div><!-- close: #hidden -->

</div><!-- close: #wrapper -->

	<!-- Google Analytics -->
	<script>
	var _gaq = [['_setAccount', 'UA-328927-1'], ['_trackPageview']];
	(function(d, t) {
	 var g = d.createElement(t),
	     s = d.getElementsByTagName(t)[0];
	 g.async = true;
	 g.src = '//www.google-analytics.com/ga.js';
	 s.parentNode.insertBefore(g, s);
	})(document, 'script');
	</script> 

<script type="text/javascript">if(!NREUMQ.f){NREUMQ.f=function(){NREUMQ.push(["load",new Date().getTime()]);var e=document.createElement("script");e.type="text/javascript";e.src=(("http:"===document.location.protocol)?"http:":"https:")+"//"+"js-agent.newrelic.com/nr-100.js";document.body.appendChild(e);if(NREUMQ.a)NREUMQ.a();};NREUMQ.a=window.onload;window.onload=NREUMQ.f;};NREUMQ.push(["nrfj","bam.nr-data.net","220bf0f403","3859636","bl1TZRMDDBdRURVbWVcXckQSFg0JH18EQUVYX1RCQU9CMFhXQWBZWlMRcgkXEAdY",0,488,new Date().getTime(),"","","","",""]);</script></body>
</html>


