<html><head><link rel='stylesheet' href='/cios/style.css' /><title>Basic Perl</title><script><!--
    function toggle(elemid) {
      elem = document.getElementById(elemid);
      if(elem == null) {
        window.alert('elem '+elemid+' not found');
      } else {
        c = elem.style.color;
        if(c == "white") {
          elem.style.color = "black";
        } else {
          elem.style.color = "white";
        }
      }
    }
    --></script></head><body><table><tr><td class='left-menu'><ol><li><a href='index.xml'>Basic Perl</a></li>
</ol></td><td class='lesson-text'><center><h1>Basic Perl</h1></center>


    <p>Quotes from Larry Wall (the creator of Perl): <a href='http://en.wikiquote.org/wiki/Larry_Wall'>http://en.wikiquote.org/wiki/Larry_Wall</a></p>
    <p>
<em>(It's sorta like sed, but not. It's sorta like awk, but not. etc.)
Guilty as charged. Perl is happily ugly, and happily derivative. -- Larry Wall</em></p>
<p> Documentation: <a href='http://perldoc.perl.org/'>
        http://perldoc.perl.org/</a></p>
<p>Eveyone needs to know how to do this in a language.  The
square box represents the contents of a file, let's pretend it's
called myprog.pl.</p>
<center><div style='padding: 5px;'><table cellpadding=5 cellspacing=0 border=0>
<tr><td colspan=2 class='title'><a href='/cios/work//hello1.pl'>hello1.pl</a></td></tr>
<tr><td class='line-top'>1</td><td class='code-top'>print&nbsp;&quot;Hello,&nbsp;world\n&quot;;</td></tr>
<tr><td colspan=2 class='success-run'><pre>$ perl ./hello1.pl
Hello,&nbsp;world
</pre></td></tr></table></div></center>
All the examples should be assumed to work this same way unless
you are told otherwise.
<center><div style='padding: 5px;'><table cellpadding=5 cellspacing=0 border=0>
<tr><td colspan=2 class='title'><a href='/cios/work//hello2.pl'>hello2.pl</a></td></tr>
<tr><td class='line-top'>1</td><td class='code-top'>print&nbsp;&quot;Hello&quot;&nbsp;.&nbsp;&quot;world&quot;&nbsp;.&nbsp;&quot;\n&quot;;</td></tr>
<tr><td colspan=2 class='success-run'><pre>$ perl ./hello2.pl
Helloworld
</pre></td></tr></table></div></center>
<p>In perl we use the "." to concatenate strings.  We use ".="
to concatenate in place.  It's like +=, or *= in C.  Oh, and
perl also supports +=, *=, etc.</p>

<center><div style='padding: 5px;'><table cellpadding=5 cellspacing=0 border=0>
<tr><td colspan=2 class='title'><a href='/cios/work//hello3.pl'>hello3.pl</a></td></tr>
<tr><td class='line-top'>1</td><td class='code-top'>print&nbsp;'Hello,&nbsp;world\n';</td></tr>
<tr><td colspan=2 class='success-run'><pre>$ perl ./hello3.pl
Hello,&nbsp;world\n</pre></td></tr></table></div></center>
<p>Use the single quote if you want a literal string.  Probably
you didn't want it in this case because now you see the \n literally
and get no new line.</p>

<p><b>10 x Hello, world</b></p>
<p>So here's a little more elaboration.  Notice that we
have implicitly created variables, and that variable
names begin with $.  We also have a basic for loop.</p>
<center><div style='padding: 5px;'><table cellpadding=5 cellspacing=0 border=0>
<tr><td colspan=2 class='title'><a href='/cios/work//hello4.pl'>hello4.pl</a></td></tr>
<tr><td class='line-top'>1</td><td class='code-top'>for($i=0;$i&lt;5;$i++)&nbsp;{</td></tr>
<tr><td class='line'>2</td><td class='code'>&nbsp;&nbsp;print&nbsp;&quot;$i)&nbsp;Hello,&nbsp;world\n&quot;;</td></tr>
<tr><td class='line-bot'>3</td><td class='code-bot'>}</td></tr>
<tr><td colspan=2 class='success-run'><pre>$ perl ./hello4.pl
0)&nbsp;Hello,&nbsp;world
1)&nbsp;Hello,&nbsp;world
2)&nbsp;Hello,&nbsp;world
3)&nbsp;Hello,&nbsp;world
4)&nbsp;Hello,&nbsp;world
</pre></td></tr></table></div></center>
<p>Unlike other languages, the curly braces are required here.
Notice that the variable $i is expanded even though it's 
inside the string.</p>

<center><div style='padding: 5px;'><table cellpadding=5 cellspacing=0 border=0>
<tr><td colspan=2 class='title'><a href='/cios/work//hello5.pl'>hello5.pl</a></td></tr>
<tr><td class='line-top'>1</td><td class='code-top'>use&nbsp;strict;</td></tr>
<tr><td class='line'>2</td><td class='code'>&nbsp;</td></tr>
<tr><td class='line'>3</td><td class='code'>for(my&nbsp;$i=0;$i&lt;5;$i++)&nbsp;{</td></tr>
<tr><td class='line'>4</td><td class='code'>&nbsp;&nbsp;print&nbsp;$i,&quot;)&nbsp;Hello,&nbsp;world\n&quot;;</td></tr>
<tr><td class='line-bot'>5</td><td class='code-bot'>}</td></tr>
<tr><td colspan=2 class='success-run'><pre>$ perl ./hello5.pl
0)&nbsp;Hello,&nbsp;world
1)&nbsp;Hello,&nbsp;world
2)&nbsp;Hello,&nbsp;world
3)&nbsp;Hello,&nbsp;world
4)&nbsp;Hello,&nbsp;world
</pre></td></tr></table></div></center>
<p>In this variation we turn off implicit variable declaration
by means of "use strict".  We also use a comma delimited list
of args for print.  We don't have to expand inside a string.</p>
<center><div style='padding: 5px;'><table cellpadding=5 cellspacing=0 border=0>
<tr><td colspan=2 class='title'><a href='/cios/work//hello6.pl'>hello6.pl</a></td></tr>
<tr><td class='line-top'>1</td><td class='code-top'>for&nbsp;$i&nbsp;(0..5)&nbsp;{</td></tr>
<tr><td class='line'>2</td><td class='code'>&nbsp;&nbsp;print&nbsp;$i,&quot;)&nbsp;Hello,&nbsp;world\n&quot;;</td></tr>
<tr><td class='line-bot'>3</td><td class='code-bot'>}</td></tr>
<tr><td colspan=2 class='success-run'><pre>$ perl ./hello6.pl
0)&nbsp;Hello,&nbsp;world
1)&nbsp;Hello,&nbsp;world
2)&nbsp;Hello,&nbsp;world
3)&nbsp;Hello,&nbsp;world
4)&nbsp;Hello,&nbsp;world
5)&nbsp;Hello,&nbsp;world
</pre></td></tr></table></div></center>
<p>The 0..5 creates an array. More on that in bit.</p>

<p><b>Hello, world with Arrays</b></p>
<center><div style='padding: 5px;'><table cellpadding=5 cellspacing=0 border=0>
<tr><td colspan=2 class='title'><a href='/cios/work//hello7.pl'>hello7.pl</a></td></tr>
<tr><td class='line-top'>1</td><td class='code-top'>for($i=0;$i&lt;5;$i++)&nbsp;{</td></tr>
<tr><td class='line'>2</td><td class='code'>&nbsp;&nbsp;&nbsp;&nbsp;$i[$i]&nbsp;=&nbsp;&quot;($i)&nbsp;Hello,&nbsp;world&quot;;</td></tr>
<tr><td class='line'>3</td><td class='code'>}</td></tr>
<tr><td class='line-bot'>4</td><td class='code-bot'>print&nbsp;join(&quot;\n&quot;,@i),&quot;\n&quot;;</td></tr>
<tr><td colspan=2 class='success-run'><pre>$ perl ./hello7.pl
(0)&nbsp;Hello,&nbsp;world
(1)&nbsp;Hello,&nbsp;world
(2)&nbsp;Hello,&nbsp;world
(3)&nbsp;Hello,&nbsp;world
(4)&nbsp;Hello,&nbsp;world
</pre></td></tr></table></div></center>
<p>Array variables in perl are prefixed with @ rather than $.
Individual elements of @i can be accessesd using $i[ ... ].</p>

<p><b>Hello, world with Arrays, v2</b></p>
<center><div style='padding: 5px;'><table cellpadding=5 cellspacing=0 border=0>
<tr><td colspan=2 class='title'><a href='/cios/work//hello8.pl'>hello8.pl</a></td></tr>
<tr><td class='line-top'>1</td><td class='code-top'>use&nbsp;strict;</td></tr>
<tr><td class='line'>2</td><td class='code'>my&nbsp;@i;</td></tr>
<tr><td class='line'>3</td><td class='code'>for(my&nbsp;$i=0;$i&lt;5;$i++)&nbsp;{</td></tr>
<tr><td class='line'>4</td><td class='code'>&nbsp;&nbsp;&nbsp;&nbsp;$i[$i]&nbsp;=&nbsp;&quot;($i)&nbsp;Hello,&nbsp;world&quot;&nbsp;if($i&nbsp;%&nbsp;2&nbsp;==&nbsp;0);</td></tr>
<tr><td class='line'>5</td><td class='code'>}</td></tr>
<tr><td class='line-bot'>6</td><td class='code-bot'>print&nbsp;join(&quot;\n&quot;,@i),&quot;\n&quot;;</td></tr>
<tr><td colspan=2 class='success-run'><pre>$ perl ./hello8.pl
(0)&nbsp;Hello,&nbsp;world

(2)&nbsp;Hello,&nbsp;world

(4)&nbsp;Hello,&nbsp;world
</pre></td></tr></table></div></center>
<p>So this only assigns to the even elements of the array.  When
you print this out, you have blank lines between each element
as $i[1] == "".</p>
<p>Notice that the "if" statement goes at the end of the line.</p>

<p><b>Hello, world with arrays, v3</b></p>
<center><div style='padding: 5px;'><table cellpadding=5 cellspacing=0 border=0>
<tr><td colspan=2 class='title'><a href='/cios/work//hello9.pl'>hello9.pl</a></td></tr>
<tr><td class='line-top'>1</td><td class='code-top'>use&nbsp;strict;</td></tr>
<tr><td class='line'>2</td><td class='code'>my&nbsp;@i;</td></tr>
<tr><td class='line'>3</td><td class='code'>for(my&nbsp;$i=0;$i&lt;10;$i++)&nbsp;{</td></tr>
<tr><td class='line'>4</td><td class='code'>&nbsp;&nbsp;&nbsp;&nbsp;$i[$#i+1]&nbsp;=&nbsp;&quot;($i)&nbsp;Hello,&nbsp;world&quot;&nbsp;if($i&nbsp;%&nbsp;2&nbsp;==&nbsp;0);</td></tr>
<tr><td class='line'>5</td><td class='code'>}</td></tr>
<tr><td class='line-bot'>6</td><td class='code-bot'>print&nbsp;join(&quot;\n&quot;,@i),&quot;\n&quot;;</td></tr>
<tr><td colspan=2 class='success-run'><pre>$ perl ./hello9.pl
(0)&nbsp;Hello,&nbsp;world
(2)&nbsp;Hello,&nbsp;world
(4)&nbsp;Hello,&nbsp;world
(6)&nbsp;Hello,&nbsp;world
(8)&nbsp;Hello,&nbsp;world
</pre></td></tr></table></div></center>
<p>This version gets rid of the blank lines in the output.  Instead
of using $i as the index of the array when assigning, we use
$#i+1.  In perl, $#i is a magic variable which evaluates to the
last index of array i that has an element.  Thus, assigning to
$#i+1 appends to the array.  Before you assign anything to an
array $#i has a value of negative 1.</p>
<p><b>Hello, world with arrays, v4</b></p>
<center><div style='padding: 5px;'><table cellpadding=5 cellspacing=0 border=0>
<tr><td colspan=2 class='title'><a href='/cios/work//hello9_1.pl'>hello9_1.pl</a></td></tr>
<tr><td class='line-top'>1</td><td class='code-top'>use&nbsp;strict;</td></tr>
<tr><td class='line'>2</td><td class='code'>my&nbsp;@i;</td></tr>
<tr><td class='line'>3</td><td class='code'>for(my&nbsp;$i=0;$i&lt;10;$i++)&nbsp;{</td></tr>
<tr><td class='line'>4</td><td class='code'>&nbsp;&nbsp;&nbsp;&nbsp;if($i&nbsp;%&nbsp;2&nbsp;==&nbsp;0)&nbsp;{</td></tr>
<tr><td class='line'>5</td><td class='code'>&nbsp;&nbsp;&nbsp;&nbsp;&nbsp;&nbsp;&nbsp;$i[$#i+1]&nbsp;=&nbsp;&quot;($i)&nbsp;Hello,&nbsp;world&quot;;</td></tr>
<tr><td class='line'>6</td><td class='code'>&nbsp;&nbsp;&nbsp;&nbsp;}</td></tr>
<tr><td class='line'>7</td><td class='code'>}</td></tr>
<tr><td class='line'>8</td><td class='code'>foreach&nbsp;my&nbsp;$i&nbsp;(@i)&nbsp;{</td></tr>
<tr><td class='line'>9</td><td class='code'>&nbsp;&nbsp;&nbsp;&nbsp;print&nbsp;$i,&quot;\n&quot;;</td></tr>
<tr><td class='line-bot'>10</td><td class='code-bot'>}</td></tr>
<tr><td colspan=2 class='success-run'><pre>$ perl ./hello9_1.pl
(0)&nbsp;Hello,&nbsp;world
(2)&nbsp;Hello,&nbsp;world
(4)&nbsp;Hello,&nbsp;world
(6)&nbsp;Hello,&nbsp;world
(8)&nbsp;Hello,&nbsp;world
</pre></td></tr></table></div></center>
<p>This produces exactly the same output as the last example,
except that join is not used.  Instead we introduce a new flow
control, the "foreach." </p>
<p>Notice also we've changed the way the "if" works.  If you want
to use curly brackets with your "if", then the "if" goes first
and not last.</p>
<center><div style='padding: 5px;'><table cellpadding=5 cellspacing=0 border=0>
<tr><td colspan=2 class='title'><a href='/cios/work//numarr.pl'>numarr.pl</a></td></tr>
<tr><td class='line-top'>1</td><td class='code-top'>print&nbsp;join(&quot;,&nbsp;&quot;,0..5),&quot;\n&quot;;</td></tr>
<tr><td colspan=2 class='success-run'><pre>$ perl ./numarr.pl
0,&nbsp;1,&nbsp;2,&nbsp;3,&nbsp;4,&nbsp;5
</pre></td></tr></table></div></center>
<p>Remember the 0..5 trick and how I said it created an array? Here
    we print out the array using join.</p>
<p><b>Hello, world with arrays, v5</b></p>
<center><div style='padding: 5px;'><table cellpadding=5 cellspacing=0 border=0>
<tr><td colspan=2 class='title'><a href='/cios/work//hello9_2.pl'>hello9_2.pl</a></td></tr>
<tr><td class='line-top'>1</td><td class='code-top'>use&nbsp;strict;</td></tr>
<tr><td class='line'>2</td><td class='code'>my&nbsp;@i;</td></tr>
<tr><td class='line'>3</td><td class='code'>for(my&nbsp;$i=0;$i&lt;10;$i++)&nbsp;{</td></tr>
<tr><td class='line'>4</td><td class='code'>&nbsp;&nbsp;&nbsp;&nbsp;if($i&nbsp;%&nbsp;2&nbsp;==&nbsp;0)&nbsp;{</td></tr>
<tr><td class='line'>5</td><td class='code'>&nbsp;&nbsp;&nbsp;&nbsp;&nbsp;&nbsp;&nbsp;$i[$#i+1]&nbsp;=&nbsp;&quot;($i)&nbsp;Hello,&nbsp;world&quot;;</td></tr>
<tr><td class='line'>6</td><td class='code'>&nbsp;&nbsp;&nbsp;&nbsp;}&nbsp;elsif($i&nbsp;&gt;&nbsp;5)&nbsp;{</td></tr>
<tr><td class='line'>7</td><td class='code'>&nbsp;&nbsp;&nbsp;&nbsp;&nbsp;&nbsp;&nbsp;$i[$#i+1]&nbsp;=&nbsp;&quot;[$i]&nbsp;Hello,&nbsp;world&quot;;</td></tr>
<tr><td class='line'>8</td><td class='code'>&nbsp;&nbsp;&nbsp;&nbsp;}&nbsp;else&nbsp;{</td></tr>
<tr><td class='line'>9</td><td class='code'>&nbsp;&nbsp;&nbsp;&nbsp;&nbsp;&nbsp;&nbsp;;&nbsp;#&nbsp;do&nbsp;nothing</td></tr>
<tr><td class='line'>10</td><td class='code'>&nbsp;&nbsp;&nbsp;&nbsp;}</td></tr>
<tr><td class='line'>11</td><td class='code'>}</td></tr>
<tr><td class='line'>12</td><td class='code'>foreach&nbsp;my&nbsp;$i&nbsp;(@i)&nbsp;{</td></tr>
<tr><td class='line'>13</td><td class='code'>&nbsp;&nbsp;&nbsp;&nbsp;print&nbsp;$i,&quot;\n&quot;;</td></tr>
<tr><td class='line-bot'>14</td><td class='code-bot'>}</td></tr>
<tr><td colspan=2 class='success-run'><pre>$ perl ./hello9_2.pl
(0)&nbsp;Hello,&nbsp;world
(2)&nbsp;Hello,&nbsp;world
(4)&nbsp;Hello,&nbsp;world
(6)&nbsp;Hello,&nbsp;world
[7]&nbsp;Hello,&nbsp;world
(8)&nbsp;Hello,&nbsp;world
[9]&nbsp;Hello,&nbsp;world
</pre></td></tr></table></div></center>
<p>Here we've introduced the "elsif" control flow element.  It
works just like you'd expect.</p>
<p>We've also introduced an "else" control flow element.  It's
block contains nothing but a comment.</p>

<p><b>Other Flow Control</b></p>
    <center><div style='padding: 5px;'><table cellpadding=5 cellspacing=0 border=0>
<tr><td colspan=2 class='title'><a href='/cios/work//control.pl'>control.pl</a></td></tr>
<tr><td class='line-top'>1</td><td class='code-top'>$j=0;</td></tr>
<tr><td class='line'>2</td><td class='code'>for($i=0;$i&lt;10;$i++)&nbsp;{</td></tr>
<tr><td class='line'>3</td><td class='code'>&nbsp;&nbsp;&nbsp;&nbsp;if($i&nbsp;==&nbsp;3)&nbsp;{</td></tr>
<tr><td class='line'>4</td><td class='code'>&nbsp;&nbsp;&nbsp;&nbsp;&nbsp;&nbsp;&nbsp;&nbsp;next;&nbsp;#&nbsp;next&nbsp;is&nbsp;like&nbsp;C's&nbsp;continue</td></tr>
<tr><td class='line'>5</td><td class='code'>&nbsp;&nbsp;&nbsp;&nbsp;}</td></tr>
<tr><td class='line'>6</td><td class='code'>&nbsp;&nbsp;&nbsp;&nbsp;if($i&nbsp;==&nbsp;6)&nbsp;{</td></tr>
<tr><td class='line'>7</td><td class='code'>&nbsp;&nbsp;&nbsp;&nbsp;&nbsp;&nbsp;&nbsp;&nbsp;last;&nbsp;#&nbsp;last&nbsp;is&nbsp;like&nbsp;C's&nbsp;break</td></tr>
<tr><td class='line'>8</td><td class='code'>&nbsp;&nbsp;&nbsp;&nbsp;}</td></tr>
<tr><td class='line'>9</td><td class='code'>&nbsp;&nbsp;&nbsp;&nbsp;if($j&nbsp;&lt;&nbsp;$i)&nbsp;{</td></tr>
<tr><td class='line'>10</td><td class='code'>&nbsp;&nbsp;&nbsp;&nbsp;&nbsp;&nbsp;&nbsp;&nbsp;$j++;</td></tr>
<tr><td class='line'>11</td><td class='code'>&nbsp;&nbsp;&nbsp;&nbsp;&nbsp;&nbsp;&nbsp;&nbsp;redo;&nbsp;#&nbsp;redoes&nbsp;this&nbsp;iteration&nbsp;of&nbsp;the&nbsp;loop!</td></tr>
<tr><td class='line'>12</td><td class='code'>&nbsp;&nbsp;&nbsp;&nbsp;}</td></tr>
<tr><td class='line'>13</td><td class='code'>&nbsp;&nbsp;&nbsp;&nbsp;print&nbsp;&quot;$i,&nbsp;$j\n&quot;;</td></tr>
<tr><td class='line-bot'>14</td><td class='code-bot'>}</td></tr>
<tr><td colspan=2 class='success-run'><pre>$ perl ./control.pl
0,&nbsp;0
1,&nbsp;1
2,&nbsp;2
4,&nbsp;4
5,&nbsp;5
</pre></td></tr></table></div></center>
    <p>Here we introduce the three basic loop control mechanisms.</p>
    <ol>
        <li>We use "last" to break out of a loop. It means, make this
            the last iteration.</li>
        <li>We use "next" to skip to the next iteration of a loop.</li>
        <li>We can use "redo" to do this iteration over.</li>
    </ol>
    <p>Oh, yeah, and comments are started by # and go to the end of
        the line. This should be familiar to shell programmers.</p>
    <center><div style='padding: 5px;'><table cellpadding=5 cellspacing=0 border=0>
<tr><td colspan=2 class='title'><a href='/cios/work//control2.pl'>control2.pl</a></td></tr>
<tr><td class='line-top'>1</td><td class='code-top'>my&nbsp;$j=0;</td></tr>
<tr><td class='line'>2</td><td class='code'>for(my&nbsp;$i=0;$i&lt;10;$i++)&nbsp;{</td></tr>
<tr><td class='line'>3</td><td class='code'>&nbsp;&nbsp;&nbsp;&nbsp;next&nbsp;if($i&nbsp;==&nbsp;3);</td></tr>
<tr><td class='line'>4</td><td class='code'>&nbsp;&nbsp;&nbsp;&nbsp;last&nbsp;if($i&nbsp;==&nbsp;6);</td></tr>
<tr><td class='line'>5</td><td class='code'>&nbsp;&nbsp;&nbsp;&nbsp;if($j&nbsp;&lt;&nbsp;$i)&nbsp;{</td></tr>
<tr><td class='line'>6</td><td class='code'>&nbsp;&nbsp;&nbsp;&nbsp;&nbsp;&nbsp;&nbsp;&nbsp;$j++;</td></tr>
<tr><td class='line'>7</td><td class='code'>&nbsp;&nbsp;&nbsp;&nbsp;&nbsp;&nbsp;&nbsp;&nbsp;redo;&nbsp;#&nbsp;redoes&nbsp;this&nbsp;iteration&nbsp;of&nbsp;the&nbsp;loop!</td></tr>
<tr><td class='line'>8</td><td class='code'>&nbsp;&nbsp;&nbsp;&nbsp;}</td></tr>
<tr><td class='line'>9</td><td class='code'>&nbsp;&nbsp;&nbsp;&nbsp;print&nbsp;&quot;$i,&nbsp;$j\n&quot;;</td></tr>
<tr><td class='line-bot'>10</td><td class='code-bot'>}</td></tr>
<tr><td colspan=2 class='success-run'><pre>$ perl ./control2.pl
0,&nbsp;0
1,&nbsp;1
2,&nbsp;2
4,&nbsp;4
5,&nbsp;5
</pre></td></tr></table></div></center>
    <p>Up until now, our if statements have always used curly braces.
        You can leave the curly braces off if you want to, but then
        the order of things gets reversed. This is supposed to make
        more sense for an English major, e.g. "Go to the next line
        if $i is equal to 3."</p>
    <center><div style='padding: 5px;'><table cellpadding=5 cellspacing=0 border=0>
<tr><td colspan=2 class='title'><a href='/cios/work//while.pl'>while.pl</a></td></tr>
<tr><td class='line-top'>1</td><td class='code-top'>my&nbsp;$i=0;</td></tr>
<tr><td class='line'>2</td><td class='code'>while($i&nbsp;&lt;&nbsp;3)&nbsp;{</td></tr>
<tr><td class='line'>3</td><td class='code'>&nbsp;&nbsp;&nbsp;&nbsp;print&nbsp;$i,&quot;\n&quot;&nbsp;unless($i&nbsp;==&nbsp;2);</td></tr>
<tr><td class='line'>4</td><td class='code'>&nbsp;&nbsp;&nbsp;&nbsp;$i++;</td></tr>
<tr><td class='line'>5</td><td class='code'>}</td></tr>
<tr><td class='line'>6</td><td class='code'>until($i&nbsp;==&nbsp;0)&nbsp;{</td></tr>
<tr><td class='line'>7</td><td class='code'>&nbsp;&nbsp;&nbsp;&nbsp;print&nbsp;$i,&quot;\n&quot;;</td></tr>
<tr><td class='line'>8</td><td class='code'>&nbsp;&nbsp;&nbsp;&nbsp;$i--;</td></tr>
<tr><td class='line-bot'>9</td><td class='code-bot'>}</td></tr>
<tr><td colspan=2 class='success-run'><pre>$ perl ./while.pl
0
1
3
2
1
</pre></td></tr></table></div></center>
<p><b>Parsing text</b></p>
<center><div style='padding: 5px;'><table cellpadding=5 cellspacing=0 border=0>
<tr><td colspan=2 class='title'><a href='/cios/work//parse1.pl'>parse1.pl</a></td></tr>
<tr><td class='line-top'>1</td><td class='code-top'>$txt&nbsp;=&nbsp;&quot;Hello,&nbsp;world\n&quot;;</td></tr>
<tr><td class='line'>2</td><td class='code'>if($txt&nbsp;=~&nbsp;/Hello/)&nbsp;{</td></tr>
<tr><td class='line'>3</td><td class='code'>&nbsp;&nbsp;&nbsp;&nbsp;print&nbsp;$&,"\n";</td></tr>
<tr><td class='line-bot'>4</td><td class='code-bot'>}</td></tr>
<tr><td colspan=2 class='success-run'><pre>$ perl ./parse1.pl
Hello
</pre></td></tr></table></div></center>
<p>So here is the basics of pattern matching.  We want to find
out if the string "Hello" occurs in our pattern of text.  So
we use the matching operator "=~".  If it works, then the
if block executes and $& is filled in with the part of the
string that matched.</p>
<p>The pattern is enclosed between the /'s, and it is called a
regular expression.</p>
<p>There is a lot to learn about pattern matching, but the first
thing is that unescaped letters and numbers are literal, as
are escaped special characters.  "ABC\*\(" is  a literal pattern.</p>

<p><b>Parsing text, v2</b></p>
<center><div style='padding: 5px;'><table cellpadding=5 cellspacing=0 border=0>
<tr><td colspan=2 class='title'><a href='/cios/work//parse2.pl'>parse2.pl</a></td></tr>
<tr><td class='line-top'>1</td><td class='code-top'>$_&nbsp;=&nbsp;&quot;Hello,&nbsp;world\n&quot;;</td></tr>
<tr><td class='line'>2</td><td class='code'>if(/hello/i)&nbsp;{</td></tr>
<tr><td class='line'>3</td><td class='code'>&nbsp;&nbsp;&nbsp;&nbsp;print&nbsp;$&,"\n";</td></tr>
<tr><td class='line-bot'>4</td><td class='code-bot'>}</td></tr>
<tr><td colspan=2 class='success-run'><pre>$ perl ./parse2.pl
Hello
</pre></td></tr></table></div></center>
<p>I've changed a bunch of things on you here.  I used the "default
variable" ($_) to hold the text string rather than $txt.  If we
do this, then use of "=~" is not required.  If we don't specify,
perl knows we are using the default.</p>
<p>I also introduced the ignore case flag on the pattern match (notice
the lower case "i" after the pattern).  I also changed my pattern
from "Hello" to "hello" just to let the ignore case flag do something.
</p>
<p><b>Parsing text, v3</b></p>
<center><div style='padding: 5px;'><table cellpadding=5 cellspacing=0 border=0>
<tr><td colspan=2 class='title'><a href='/cios/work//parse3.pl'>parse3.pl</a></td></tr>
<tr><td class='line-top'>1</td><td class='code-top'>$_&nbsp;=&nbsp;&quot;Hello,&nbsp;world\n&quot;;</td></tr>
<tr><td class='line'>2</td><td class='code'>while(/[a-ow]/ig)&nbsp;{</td></tr>
<tr><td class='line'>3</td><td class='code'>&nbsp;&nbsp;&nbsp;&nbsp;print&nbsp;$&amp;;</td></tr>
<tr><td class='line'>4</td><td class='code'>}</td></tr>
<tr><td class='line-bot'>5</td><td class='code-bot'>print&nbsp;&quot;\n&quot;;</td></tr>
<tr><td colspan=2 class='success-run'><pre>$ perl ./parse3.pl
Hellowold
</pre></td></tr></table></div></center>
<p>The new stuff is coming really fast now....</p>
<ul>
The first change is that I used the pattern "[a-ow]".  This
matches any characters in the range a-o, as well as the letter w.
I've introduced the while loop.  Nothing too exciting there.
I also put the match inside a while loop, and applied the g flag
to the pattern.  Without the g flag, this loop would be endless.
We would just repeatedly match on the first letter of the pattern.
The g flag causes us to search the whole string for patterns.
</ul>
<p>In case you hadn't figured out what this code does, it prints: "Hellowold"</p>

<p><b>Parsing text, v4</b></p>
<center><div style='padding: 5px;'><table cellpadding=5 cellspacing=0 border=0>
<tr><td colspan=2 class='title'><a href='/cios/work//parse4.pl'>parse4.pl</a></td></tr>
<tr><td class='line-top'>1</td><td class='code-top'>$_&nbsp;=&nbsp;&quot;Hello,&nbsp;world\n&quot;;</td></tr>
<tr><td class='line'>2</td><td class='code'>while(/[a-ow]+/ig)&nbsp;{</td></tr>
<tr><td class='line'>3</td><td class='code'>&nbsp;&nbsp;&nbsp;&nbsp;print&nbsp;&quot;+&quot;,$&amp;;</td></tr>
<tr><td class='line'>4</td><td class='code'>}</td></tr>
<tr><td class='line-bot'>5</td><td class='code-bot'>print&nbsp;&quot;\n&quot;;</td></tr>
<tr><td colspan=2 class='success-run'><pre>$ perl ./parse4.pl
+Hello+wo+ld
</pre></td></tr></table></div></center>
<p>The only real thing I changed was adding the "+" pattern.  The
"+" pattern means, match 1 or more of the preceeding pattern.
There are a couple of other similar patterns that can be used
to describe a number of times the preceeding element needs to
match.</p>
<table style='text-align: center' border='1' cellpadding='5' cellspacing='0'>
<tr><th>pattern</th><th>min</th><th>max</th></tr>
<tr><td>*</td><td>0</td><td>infinity</td></tr>
<tr><td>+</td><td>1</td><td>infinity</td></tr>
<tr><td>?</td><td>0</td><td>1</td></tr>
<tr><td>{3,6}</td><td>3</td><td>6</td></tr>
<tr><td>{2,}</td><td>2</td><td>infinity</td></tr>
</table>

<p><b>Parsing text, v5</b></p>
<center><div style='padding: 5px;'><table cellpadding=5 cellspacing=0 border=0>
<tr><td colspan=2 class='title'><a href='/cios/work//parse5.pl'>parse5.pl</a></td></tr>
<tr><td class='line-top'>1</td><td class='code-top'>$_&nbsp;=&nbsp;&quot;Hello,&nbsp;world\n&quot;;</td></tr>
<tr><td class='line'>2</td><td class='code'>while(/[a-ow]*/ig)&nbsp;{</td></tr>
<tr><td class='line'>3</td><td class='code'>&nbsp;&nbsp;&nbsp;&nbsp;print&nbsp;&quot;+&quot;,$&amp;;</td></tr>
<tr><td class='line'>4</td><td class='code'>}</td></tr>
<tr><td class='line-bot'>5</td><td class='code-bot'>print&nbsp;&quot;\n&quot;;</td></tr>
<tr><td colspan=2 class='success-run'><pre>$ perl ./parse5.pl
+Hello+++wo++ld++
</pre></td></tr></table></div></center>
<p>The star pattern matches 0 or more. There are quite a few cases
    above where it matches zero times.</p>

<p><b>Parsing text, v6</b></p>
<center><div style='padding: 5px;'><table cellpadding=5 cellspacing=0 border=0>
<tr><td colspan=2 class='title'><a href='/cios/work//parse6.pl'>parse6.pl</a></td></tr>
<tr><td class='line-top'>1</td><td class='code-top'>$_&nbsp;=&nbsp;&quot;Hello,&nbsp;world\n&quot;;</td></tr>
<tr><td class='line'>2</td><td class='code'>while(/([a-ow]+)([a-z]+)/ig)&nbsp;{</td></tr>
<tr><td class='line'>3</td><td class='code'>&nbsp;&nbsp;&nbsp;&nbsp;print&nbsp;&quot;&nbsp;[&quot;,$1,&quot;,&quot;,$2,&quot;]&quot;;</td></tr>
<tr><td class='line'>4</td><td class='code'>}</td></tr>
<tr><td class='line-bot'>5</td><td class='code-bot'>print&nbsp;&quot;\n&quot;;</td></tr>
<tr><td colspan=2 class='success-run'><pre>$ perl ./parse6.pl
&nbsp;[Hell,o]&nbsp;[wo,rld]
</pre></td></tr></table></div></center>
<p>When this code runs it produces the output " [Hell,o] [wo,rld]".
This means we found two matches.</p>
<p>You should notice that I have added ()'s to the patterns.
These create what are called "capture groups" or "backreferences."
These are logical subsets of patterns which can be retrieved separately
after a successful pattern match.  The variables $1, and $2 in the
above example accomplish this.</p>
<p>Another thing that you should notice is the way in which the
match happened.  Why did we find $1 = "Hell" and $2 = "o"?  Why
didn't we find $1 = "H" and $2 = "ello"?
The answer is that the "+"
expression are greedy (as our its cousins in the above table).
Each "+" operator grabs as many of its
pattern elements as it can, and they grab them in order.
Thus, $1 takes
as many as it can and then $2 takes whatever it can of what's left
over.</p>

<p><b>Parsing text, v7</b></p>
<center><div style='padding: 5px;'><table cellpadding=5 cellspacing=0 border=0>
<tr><td colspan=2 class='title'><a href='/cios/work//parse7.pl'>parse7.pl</a></td></tr>
<tr><td class='line-top'>1</td><td class='code-top'>$_&nbsp;=&nbsp;&quot;Hello,&nbsp;world\n&quot;;</td></tr>
<tr><td class='line'>2</td><td class='code'>while(/([a-z]+)([^a-z]+)/ig)&nbsp;{</td></tr>
<tr><td class='line'>3</td><td class='code'>&nbsp;&nbsp;&nbsp;&nbsp;print&nbsp;&quot;&nbsp;[&quot;,$1,&quot;,&quot;,$2,&quot;]&quot;;</td></tr>
<tr><td class='line'>4</td><td class='code'>}</td></tr>
<tr><td class='line-bot'>5</td><td class='code-bot'>print&nbsp;&quot;\n&quot;;</td></tr>
<tr><td colspan=2 class='success-run'><pre>$ perl ./parse7.pl
&nbsp;[Hello,,&nbsp;]&nbsp;[world,
]
</pre></td></tr></table></div></center>

<p>This pattern results in the following output: " [Hello,, ] [world,
    bad name: [br]<br />
]</p>
<p>The "^" at the start of the interior of the square bracket
negates it.  Thus, the pattern "[^a-z]" matches any character that
is not a letter.  This includes punctuation and whitespace.</p>
<p><b>Parsing text, v8</b></p>
<center><div style='padding: 5px;'><table cellpadding=5 cellspacing=0 border=0>
<tr><td colspan=2 class='title'><a href='/cios/work//parse8.pl'>parse8.pl</a></td></tr>
<tr><td class='line-top'>1</td><td class='code-top'>$_&nbsp;=&nbsp;&quot;Hello,&nbsp;world\n&quot;;</td></tr>
<tr><td class='line'>2</td><td class='code'>while(/(\w+)(\W+)/ig)&nbsp;{</td></tr>
<tr><td class='line'>3</td><td class='code'>&nbsp;&nbsp;&nbsp;&nbsp;print&nbsp;&quot;&nbsp;[&quot;,$1,&quot;,&quot;,$2,&quot;]&quot;;</td></tr>
<tr><td class='line'>4</td><td class='code'>}</td></tr>
<tr><td class='line-bot'>5</td><td class='code-bot'>print&nbsp;&quot;\n&quot;;</td></tr>
<tr><td colspan=2 class='success-run'><pre>$ perl ./parse8.pl
&nbsp;[Hello,,&nbsp;]&nbsp;[world,
]
</pre></td></tr></table></div></center>
<p>The above code produces the output "[Hell,o] [worl,d]"</p>
<p>The only thing I've changed is that I've used "\w", which
is a shorthand for "[a-zA-Z0-9_]".</p>
<p>Other shorthands...</p>
<table style='text-align: center' cellpadding='5' cellspacing='0' border='1'>
<tr><th>Pattern</th><th>Synonym</th></tr>
<tr><td>\w</td><td>[a-zA-Z0-9_]</td></tr>
<tr><td>\W</td><td>[^a-zA-Z0-9_]</td></tr>
<tr><td>\d</td><td>[0-9]</td></tr>
<tr><td>\D</td><td>[^0-9]</td></tr>
<tr><td>\s</td><td>[ \t\b\r\n]</td></tr>
<tr><td>\S</td><td>[^ \t\b\r\n]</td></tr>
</table>
<p>You can actually mix and match these "[\d\s]" matches
any number or whitespace, "[\da-f]" matches a hex digit.</p>

<p><b>Parsing text, v9</b></p>
<center><div style='padding: 5px;'><table cellpadding=5 cellspacing=0 border=0>
<tr><td colspan=2 class='title'><a href='/cios/work//parse9.pl'>parse9.pl</a></td></tr>
<tr><td class='line-top'>1</td><td class='code-top'>$_&nbsp;=&nbsp;&quot;Hello,&nbsp;world\n&quot;;</td></tr>
<tr><td class='line'>2</td><td class='code'>while(/(\w+(\W+))+/ig)&nbsp;{</td></tr>
<tr><td class='line'>3</td><td class='code'>&nbsp;&nbsp;print&nbsp;&quot;&nbsp;&=($&)\n1=($1)\n2=($2)\n";</td></tr>
<tr><td class='line'>4</td><td class='code'>}</td></tr>
<tr><td class='line-bot'>5</td><td class='code-bot'>print&nbsp;&quot;\n&quot;;</td></tr>
<tr><td colspan=2 class='success-run'><pre>$ perl ./parse9.pl
&nbsp;&amp;=(Hello,&nbsp;world
)
1=(world
)
2=(
)

</pre></td></tr></table></div></center>
<p>Really, there's nothing new here -- except that I've nested
the backreferences.  I wanted you to see what happened.</p>

<p><b>Parsing text, v10</b></p>
<center><div style='padding: 5px;'><table cellpadding=5 cellspacing=0 border=0>
<tr><td colspan=2 class='title'><a href='/cios/work//parse10.pl'>parse10.pl</a></td></tr>
<tr><td class='line-top'>1</td><td class='code-top'>$_&nbsp;=&nbsp;&quot;Hello,&nbsp;world\n&quot;;</td></tr>
<tr><td class='line'>2</td><td class='code'>while(/(\w+?)(\w+?)/ig)&nbsp;{</td></tr>
<tr><td class='line'>3</td><td class='code'>&nbsp;&nbsp;&nbsp;&nbsp;print&nbsp;&quot;1=$1,&nbsp;2=$2\n&quot;;</td></tr>
<tr><td class='line-bot'>4</td><td class='code-bot'>}</td></tr>
<tr><td colspan=2 class='success-run'><pre>$ perl ./parse10.pl
1=H,&nbsp;2=e
1=l,&nbsp;2=l
1=w,&nbsp;2=o
1=r,&nbsp;2=l
</pre></td></tr></table></div></center>
<p>Notice the ? after the +.  This turns off the greediness.</p>

<p><b>Parsing text, v11</b></p>
<center><div style='padding: 5px;'><table cellpadding=5 cellspacing=0 border=0>
<tr><td colspan=2 class='title'><a href='/cios/work//parse11.pl'>parse11.pl</a></td></tr>
<tr><td class='line-top'>1</td><td class='code-top'>$_&nbsp;=&nbsp;&quot;Hello,&nbsp;world\n&quot;;</td></tr>
<tr><td class='line'>2</td><td class='code'>/\w\w\b/;</td></tr>
<tr><td class='line'>3</td><td class='code'>print&nbsp;$&,"\n";</td></tr>
<tr><td class='line'>4</td><td class='code'>/\b\w\w/;</td></tr>
<tr><td class='line-bot'>5</td><td class='code-bot'>print&nbsp;$&,"\n";</td></tr>
<tr><td colspan=2 class='success-run'><pre>$ perl ./parse11.pl
lo
He
</pre></td></tr></table></div></center>
<p>The \b matches on a word boundary.  </p>

<p><b>Parsing text, v12</b></p>
<center><div style='padding: 5px;'><table cellpadding=5 cellspacing=0 border=0>
<tr><td colspan=2 class='title'><a href='/cios/work//parse12.pl'>parse12.pl</a></td></tr>
<tr><td class='line-top'>1</td><td class='code-top'>$x&nbsp;=&nbsp;&quot;a&nbsp;line\nanother&nbsp;line\n&quot;;</td></tr>
<tr><td class='line'>2</td><td class='code'>$x&nbsp;=~&nbsp;/.*/;</td></tr>
<tr><td class='line'>3</td><td class='code'>print&nbsp;$&,"\n";</td></tr>
<tr><td class='line'>4</td><td class='code'>$x&nbsp;=~&nbsp;/.*/s;</td></tr>
<tr><td class='line-bot'>5</td><td class='code-bot'>print&nbsp;$&amp;;</td></tr>
<tr><td colspan=2 class='success-run'><pre>$ perl ./parse12.pl
a&nbsp;line
a&nbsp;line
another&nbsp;line
</pre></td></tr></table></div></center>
<p>The . matches anything but the \n character -- unless you turn
on the s flag.  Then it matches anything.</p>

<p><b>Parsing text, v13</b></p>
<center><div style='padding: 5px;'><table cellpadding=5 cellspacing=0 border=0>
<tr><td colspan=2 class='title'><a href='/cios/work//parse13.pl'>parse13.pl</a></td></tr>
<tr><td class='line-top'>1</td><td class='code-top'>$x&nbsp;=&nbsp;&quot;a&nbsp;line\nanother&nbsp;line\n&quot;;</td></tr>
<tr><td class='line'>2</td><td class='code'>$x&nbsp;=~&nbsp;/.*$/;</td></tr>
<tr><td class='line'>3</td><td class='code'>print&nbsp;$&,"\n";</td></tr>
<tr><td class='line'>4</td><td class='code'>$x&nbsp;=~&nbsp;/.*$/m;</td></tr>
<tr><td class='line-bot'>5</td><td class='code-bot'>print&nbsp;$&amp;;</td></tr>
<tr><td colspan=2 class='success-run'><pre>$ perl ./parse13.pl
another&nbsp;line
a&nbsp;line</pre></td></tr></table></div></center>
<p>The $ matches the end of a string.  However, if you turn on
the m flag then it can also match on the end of a line.</p>

<p><b>Parsing text, v14</b></p>
<center><div style='padding: 5px;'><table cellpadding=5 cellspacing=0 border=0>
<tr><td colspan=2 class='title'><a href='/cios/work//parse14.pl'>parse14.pl</a></td></tr>
<tr><td class='line-top'>1</td><td class='code-top'>$x&nbsp;=&nbsp;&quot;a&nbsp;line\nanother&nbsp;line\n&quot;;</td></tr>
<tr><td class='line'>2</td><td class='code'>print&nbsp;&quot;not&nbsp;found\n&quot;&nbsp;unless($x&nbsp;=~&nbsp;/^an.*/);</td></tr>
<tr><td class='line'>3</td><td class='code'>$x&nbsp;=~&nbsp;/^an.*/m;</td></tr>
<tr><td class='line-bot'>4</td><td class='code-bot'>print&nbsp;$&amp;;</td></tr>
<tr><td colspan=2 class='success-run'><pre>$ perl ./parse14.pl
not&nbsp;found
another&nbsp;line</pre></td></tr></table></div></center>
<p>The ^ matches the start of a string.  However, if you turn on
the m flag then it can also match on the start of a line.</p>

<p><b>Other Regex's</b></p>
<table style='text-align: center' border='1' cellpadding='5' cellspacing='0'>
<tr><td>(?: ... )</td><td>Like ( ... ), but does not fill in $1, etc.</td></tr>
<tr><td>(?= ... )</td><td>Zero-width lookahead assertion</td></tr>
<tr><td>(?! ... )</td><td>Negated ero-width lookahead assertion</td></tr>
</table>
<p>Zero-width what?  How about an example?  OK.</p>
<center><div style='padding: 5px;'><table cellpadding=5 cellspacing=0 border=0>
<tr><td colspan=2 class='title'><a href='/cios/work//parse15.pl'>parse15.pl</a></td></tr>
<tr><td class='line-top'>1</td><td class='code-top'>$x&nbsp;=&nbsp;&quot;foobar&quot;;</td></tr>
<tr><td class='line'>2</td><td class='code'>print&nbsp;&quot;found&nbsp;0:&nbsp;$1\n&quot;&nbsp;if($x&nbsp;=~&nbsp;/(?:f)(o)/);</td></tr>
<tr><td class='line'>3</td><td class='code'>print&nbsp;&quot;found&nbsp;1:&nbsp;$&\n" if($x =~ /foo/);</td></tr>
<tr><td class='line'>4</td><td class='code'>print&nbsp;&quot;found&nbsp;2:&nbsp;$&\n" if($x =~ /foo(?=bar)/);</td></tr>
<tr><td class='line'>5</td><td class='code'>print&nbsp;&quot;found&nbsp;3:&nbsp;$&\n" if($x =~ /foo(?!bar)/);</td></tr>
<tr><td class='line'>6</td><td class='code'>print&nbsp;&quot;found&nbsp;4:&nbsp;$&\n" if($x =~ /foo(?=baz)/);</td></tr>
<tr><td class='line-bot'>7</td><td class='code-bot'>print&nbsp;&quot;found&nbsp;5:&nbsp;$&\n" if($x =~ /foo(?!baz)/);</td></tr>
<tr><td colspan=2 class='success-run'><pre>$ perl ./parse15.pl
found&nbsp;0:&nbsp;o
found&nbsp;1:&nbsp;foo
found&nbsp;2:&nbsp;foo
found&nbsp;5:&nbsp;foo
</pre></td></tr></table></div></center>
<p><b>Hashes</b></p>
<center><div style='padding: 5px;'><table cellpadding=5 cellspacing=0 border=0>
<tr><td colspan=2 class='title'><a href='/cios/work//hash1.pl'>hash1.pl</a></td></tr>
<tr><td class='line-top'>1</td><td class='code-top'>use&nbsp;strict;</td></tr>
<tr><td class='line'>2</td><td class='code'>my&nbsp;%h;</td></tr>
<tr><td class='line'>3</td><td class='code'>$_&nbsp;=&nbsp;&quot;height=5,&nbsp;girth=27,&nbsp;mass=1946,&nbsp;age=88&quot;;</td></tr>
<tr><td class='line'>4</td><td class='code'>while(/(\w+)=(\d+)/ig)&nbsp;{</td></tr>
<tr><td class='line'>5</td><td class='code'>&nbsp;&nbsp;&nbsp;&nbsp;$h{$1}=$2;</td></tr>
<tr><td class='line'>6</td><td class='code'>}</td></tr>
<tr><td class='line'>7</td><td class='code'>foreach&nbsp;my&nbsp;$k&nbsp;(keys&nbsp;%h)&nbsp;{</td></tr>
<tr><td class='line'>8</td><td class='code'>&nbsp;&nbsp;&nbsp;&nbsp;print&nbsp;&quot;$k&nbsp;-&gt;&nbsp;$h{$k}\n&quot;;</td></tr>
<tr><td class='line-bot'>9</td><td class='code-bot'>}</td></tr>
<tr><td colspan=2 class='success-run'><pre>$ perl ./hash1.pl
mass&nbsp;-&gt;&nbsp;1946
girth&nbsp;-&gt;&nbsp;27
age&nbsp;-&gt;&nbsp;88
height&nbsp;-&gt;&nbsp;5
</pre></td></tr></table></div></center>
<p>We've put several things together.  We parse out name equal value pairs
using backreferences.  We take these name value pairs and store them in
what is called a hash.  This object is like an array, except that it is
indexed by strings rather than numbers.</p>
<p>The builtin function "keys" returns an array containing the keys to
the hash.  The notation $h{...} can be used for accessing an element of
a hash, and it will expand inside a double-quoted string, just like
scalar variables or members of an array.</p>

<p><b>More Hashes</b></p>
<center><div style='padding: 5px;'><table cellpadding=5 cellspacing=0 border=0>
<tr><td colspan=2 class='title'><a href='/cios/work//hash2.pl'>hash2.pl</a></td></tr>
<tr><td class='line-top'>1</td><td class='code-top'>my&nbsp;%x&nbsp;=&nbsp;(a&nbsp;=&gt;&nbsp;&quot;b&quot;,&nbsp;c&nbsp;=&gt;&nbsp;&quot;d&quot;,&nbsp;e&nbsp;=&gt;&nbsp;&quot;f&quot;&nbsp;);</td></tr>
<tr><td class='line'>2</td><td class='code'>while(($k,$v)&nbsp;=&nbsp;each&nbsp;%x)&nbsp;{</td></tr>
<tr><td class='line'>3</td><td class='code'>&nbsp;&nbsp;&nbsp;&nbsp;&nbsp;&nbsp;&nbsp;&nbsp;print&nbsp;$k,&quot;=&quot;,$v,&quot;\n&quot;;</td></tr>
<tr><td class='line-bot'>4</td><td class='code-bot'>}</td></tr>
<tr><td colspan=2 class='success-run'><pre>$ perl ./hash2.pl
e=f
c=d
a=b
</pre></td></tr></table></div></center>
<p>Here we've introduced the each to show you how you can
extract name/value pairs from a hash in a nifty way.</p>
<p>This shows you how you can initialize a hash.  Actually, the
thing in parens is really a list, and this would actually
work just the same if we put the keys in quotes and replaced the
=>'s with ,'s.</p>

<p><b>More Hashes, v2</b></p>
<center><div style='padding: 5px;'><table cellpadding=5 cellspacing=0 border=0>
<tr><td colspan=2 class='title'><a href='/cios/work//hash3.pl'>hash3.pl</a></td></tr>
<tr><td class='line-top'>1</td><td class='code-top'>my&nbsp;%x&nbsp;=&nbsp;(&quot;a&quot;,&nbsp;&quot;b&quot;,&nbsp;&quot;c&quot;,&nbsp;&quot;d&quot;,&nbsp;&quot;e&quot;,&nbsp;&quot;f&quot;&nbsp;);</td></tr>
<tr><td class='line'>2</td><td class='code'>while(($k,$v)&nbsp;=&nbsp;each&nbsp;%x)&nbsp;{</td></tr>
<tr><td class='line'>3</td><td class='code'>&nbsp;&nbsp;&nbsp;&nbsp;&nbsp;&nbsp;&nbsp;&nbsp;print&nbsp;$k,&quot;=&quot;,$v,&quot;\n&quot;;</td></tr>
<tr><td class='line-bot'>4</td><td class='code-bot'>}</td></tr>
<tr><td colspan=2 class='success-run'><pre>$ perl ./hash3.pl
e=f
c=d
a=b
</pre></td></tr></table></div></center>
<p>See what I mean?</p>

<p><b>More Lists</b></p>
<center><div style='padding: 5px;'><table cellpadding=5 cellspacing=0 border=0>
<tr><td colspan=2 class='title'><a href='/cios/work//list1.pl'>list1.pl</a></td></tr>
<tr><td class='line-top'>1</td><td class='code-top'>my&nbsp;@x&nbsp;=&nbsp;(&quot;a&quot;,&quot;b&quot;,&quot;c&quot;,&quot;d&quot;,e&nbsp;=&gt;&nbsp;&quot;f&quot;);</td></tr>
<tr><td class='line'>2</td><td class='code'>foreach&nbsp;$x&nbsp;(@x)&nbsp;{</td></tr>
<tr><td class='line'>3</td><td class='code'>&nbsp;&nbsp;&nbsp;&nbsp;&nbsp;&nbsp;&nbsp;&nbsp;print&nbsp;$x,&quot;\n&quot;;</td></tr>
<tr><td class='line-bot'>4</td><td class='code-bot'>}</td></tr>
<tr><td colspan=2 class='success-run'><pre>$ perl ./list1.pl
a
b
c
d
e
f
</pre></td></tr></table></div></center>
<p>Since I showed you how to initialize a hash, I thought you'd
want to see how to initialize a list</p>

<p><b>Testing and deleting from hashes</b></p>
<center><div style='padding: 5px;'><table cellpadding=5 cellspacing=0 border=0>
<tr><td colspan=2 class='title'><a href='/cios/work//delhash.pl'>delhash.pl</a></td></tr>
<tr><td class='line-top'>1</td><td class='code-top'>$h{a}++;&nbsp;#&nbsp;this&nbsp;is&nbsp;the&nbsp;same&nbsp;as&nbsp;$h{&quot;a&quot;}++</td></tr>
<tr><td class='line'>2</td><td class='code'>print&nbsp;&quot;found\n&quot;&nbsp;if(defined($h{a}));</td></tr>
<tr><td class='line'>3</td><td class='code'>delete($h{a});</td></tr>
<tr><td class='line-bot'>4</td><td class='code-bot'>print&nbsp;&quot;not&nbsp;found\n&quot;&nbsp;unless(defined($h{a}));</td></tr>
<tr><td colspan=2 class='success-run'><pre>$ perl ./delhash.pl
found
not&nbsp;found
</pre></td></tr></table></div></center>

<p><b>Subroutines</b></p>
<center><div style='padding: 5px;'><table cellpadding=5 cellspacing=0 border=0>
<tr><td colspan=2 class='title'><a href='/cios/work//sub.pl'>sub.pl</a></td></tr>
<tr><td class='line-top'>1</td><td class='code-top'>foo(&quot;a&quot;,1,3.2);</td></tr>
<tr><td class='line'>2</td><td class='code'>&nbsp;</td></tr>
<tr><td class='line'>3</td><td class='code'>sub&nbsp;foo&nbsp;{</td></tr>
<tr><td class='line'>4</td><td class='code'>&nbsp;&nbsp;&nbsp;&nbsp;my&nbsp;$a&nbsp;=&nbsp;shift;</td></tr>
<tr><td class='line'>5</td><td class='code'>&nbsp;&nbsp;&nbsp;&nbsp;my&nbsp;@b&nbsp;=&nbsp;@_;</td></tr>
<tr><td class='line'>6</td><td class='code'>&nbsp;&nbsp;&nbsp;&nbsp;printf(&quot;%s,&nbsp;%d,&nbsp;%f\n&quot;,$a,$b[0],$b[1]);</td></tr>
<tr><td class='line-bot'>7</td><td class='code-bot'>}</td></tr>
<tr><td colspan=2 class='success-run'><pre>$ perl ./sub.pl
a,&nbsp;1,&nbsp;3.200000
</pre></td></tr></table></div></center>
<p>Here I've demonstrated how to write a subroutine.  The
arguments to the subroutine come packaged up in the @_ array.
We can pop off the first arg by using the shift operator, but
we don't need to.</p>
<p>You may also notice that I've used the "printf" function
that is familiar from the C programming language.  Everyone
loves printf. Even Java has it now. :)</p>

<p><b>Reading files</b></p>
<center><div style='padding: 5px;'><table cellpadding=5 cellspacing=0 border=0>
<tr><td colspan=2 class='title'><a href='/cios/work//read.pl'>read.pl</a></td></tr>
<tr><td class='line-top'>1</td><td class='code-top'>open(fd,&quot;/etc/group&quot;);</td></tr>
<tr><td class='line'>2</td><td class='code'>while(&lt;fd&gt;)&nbsp;{</td></tr>
<tr><td class='line'>3</td><td class='code'>&nbsp;&nbsp;&nbsp;&nbsp;print;</td></tr>
<tr><td class='line'>4</td><td class='code'>&nbsp;&nbsp;&nbsp;&nbsp;last&nbsp;if($n++&nbsp;&gt;&nbsp;5);</td></tr>
<tr><td class='line'>5</td><td class='code'>}</td></tr>
<tr><td class='line-bot'>6</td><td class='code-bot'>close(fd);</td></tr>
<tr><td colspan=2 class='success-run'><pre>$ perl ./read.pl
root:x:0:root
bin:x:1:root,bin,daemon
daemon:x:2:root,bin,daemon
sys:x:3:root,bin,adm
adm:x:4:root,adm,daemon
tty:x:5:
disk:x:6:root
</pre></td></tr></table></div></center>
<p>That funny thing that looks like a variable but has no $, @, or
% in front of it is a filehandle.  It's kind of an ugly thing
because if you run the perl with the -w flag (print warnings), it
warns that any filehandle name you pick might conflict with a
future keyword.  Fortunately, there's an alternative.</p>

<p><b>Reading files, v2</b></p>
<center><div style='padding: 5px;'><table cellpadding=5 cellspacing=0 border=0>
<tr><td colspan=2 class='title'><a href='/cios/work//read2.pl'>read2.pl</a></td></tr>
<tr><td class='line-top'>1</td><td class='code-top'>use&nbsp;FileHandle;</td></tr>
<tr><td class='line'>2</td><td class='code'>my&nbsp;$fd&nbsp;=&nbsp;new&nbsp;FileHandle;</td></tr>
<tr><td class='line'>3</td><td class='code'>open($fd,&quot;/etc/group&quot;);</td></tr>
<tr><td class='line'>4</td><td class='code'>while(&lt;$fd&gt;)&nbsp;{</td></tr>
<tr><td class='line'>5</td><td class='code'>&nbsp;&nbsp;&nbsp;&nbsp;print;</td></tr>
<tr><td class='line'>6</td><td class='code'>&nbsp;&nbsp;&nbsp;&nbsp;last&nbsp;if($n++&nbsp;&gt;&nbsp;5);</td></tr>
<tr><td class='line'>7</td><td class='code'>}</td></tr>
<tr><td class='line-bot'>8</td><td class='code-bot'>close($fd);</td></tr>
<tr><td colspan=2 class='success-run'><pre>$ perl ./read2.pl
root:x:0:root
bin:x:1:root,bin,daemon
daemon:x:2:root,bin,daemon
sys:x:3:root,bin,adm
adm:x:4:root,adm,daemon
tty:x:5:
disk:x:6:root
</pre></td></tr></table></div></center>
<p>This makes perl -w happy :)</p>

<p><b>Reading files, v3</b></p>
<center><div style='padding: 5px;'><table cellpadding=5 cellspacing=0 border=0>
<tr><td colspan=2 class='title'><a href='/cios/work//read3.pl'>read3.pl</a></td></tr>
<tr><td class='line-top'>1</td><td class='code-top'>use&nbsp;FileHandle;</td></tr>
<tr><td class='line'>2</td><td class='code'>my&nbsp;$fd&nbsp;=&nbsp;new&nbsp;FileHandle(&quot;/etc/group&quot;,&quot;r&quot;);</td></tr>
<tr><td class='line'>3</td><td class='code'>while(&lt;$fd&gt;)&nbsp;{</td></tr>
<tr><td class='line'>4</td><td class='code'>&nbsp;&nbsp;&nbsp;&nbsp;print;</td></tr>
<tr><td class='line'>5</td><td class='code'>&nbsp;&nbsp;&nbsp;&nbsp;last&nbsp;if($n++&nbsp;&gt;&nbsp;5);</td></tr>
<tr><td class='line'>6</td><td class='code'>}</td></tr>
<tr><td class='line-bot'>7</td><td class='code-bot'>close($fd);</td></tr>
<tr><td colspan=2 class='success-run'><pre>$ perl ./read3.pl
root:x:0:root
bin:x:1:root,bin,daemon
daemon:x:2:root,bin,daemon
sys:x:3:root,bin,adm
adm:x:4:root,adm,daemon
tty:x:5:
disk:x:6:root
</pre></td></tr></table></div></center>
<p>The perl slogan is:
<em>There's more than one way to do it</em></p>

<p><b>Reading files, v4</b></p>
<center><div style='padding: 5px;'><table cellpadding=5 cellspacing=0 border=0>
<tr><td colspan=2 class='title'><a href='/cios/work//read4.pl'>read4.pl</a></td></tr>
<tr><td class='line-top'>1</td><td class='code-top'>use&nbsp;FileHandle;</td></tr>
<tr><td class='line'>2</td><td class='code'>my&nbsp;$fd&nbsp;=&nbsp;new&nbsp;FileHandle(&quot;/etc/group&quot;,&quot;r&quot;);</td></tr>
<tr><td class='line'>3</td><td class='code'>while(&lt;$fd&gt;)&nbsp;{</td></tr>
<tr><td class='line'>4</td><td class='code'>&nbsp;&nbsp;&nbsp;&nbsp;chomp;</td></tr>
<tr><td class='line'>5</td><td class='code'>&nbsp;&nbsp;&nbsp;&nbsp;print&nbsp;$_,&quot;\n&quot;;</td></tr>
<tr><td class='line'>6</td><td class='code'>&nbsp;&nbsp;&nbsp;&nbsp;last&nbsp;if($n++&nbsp;&gt;&nbsp;5);</td></tr>
<tr><td class='line'>7</td><td class='code'>}</td></tr>
<tr><td class='line-bot'>8</td><td class='code-bot'>close($fd);</td></tr>
<tr><td colspan=2 class='success-run'><pre>$ perl ./read4.pl
root:x:0:root
bin:x:1:root,bin,daemon
daemon:x:2:root,bin,daemon
sys:x:3:root,bin,adm
adm:x:4:root,adm,daemon
tty:x:5:
disk:x:6:root
</pre></td></tr></table></div></center>
<p>Chomp removes the carriage return, line feed, etc. from the
end of the line.  To get the same output, we have to supply it
explicitly.</p>

<p><b>Reading files, v5</b></p>
<center><div style='padding: 5px;'><table cellpadding=5 cellspacing=0 border=0>
<tr><td colspan=2 class='title'><a href='/cios/work//read5.pl'>read5.pl</a></td></tr>
<tr><td class='line-top'>1</td><td class='code-top'>use&nbsp;FileHandle;</td></tr>
<tr><td class='line'>2</td><td class='code'>my&nbsp;$fd&nbsp;=&nbsp;new&nbsp;FileHandle(&quot;/etc/group&quot;,&quot;r&quot;);</td></tr>
<tr><td class='line'>3</td><td class='code'>while(&lt;$fd&gt;)&nbsp;{</td></tr>
<tr><td class='line'>4</td><td class='code'>&nbsp;&nbsp;&nbsp;&nbsp;chomp;</td></tr>
<tr><td class='line'>5</td><td class='code'>&nbsp;&nbsp;&nbsp;&nbsp;my&nbsp;@a&nbsp;=&nbsp;split(/:/,$_);</td></tr>
<tr><td class='line'>6</td><td class='code'>&nbsp;&nbsp;&nbsp;&nbsp;print&nbsp;$a[0],&quot;\n&quot;;</td></tr>
<tr><td class='line'>7</td><td class='code'>&nbsp;&nbsp;&nbsp;&nbsp;last&nbsp;if($n++&nbsp;&gt;&nbsp;5);</td></tr>
<tr><td class='line'>8</td><td class='code'>}</td></tr>
<tr><td class='line-bot'>9</td><td class='code-bot'>close($fd);</td></tr>
<tr><td colspan=2 class='success-run'><pre>$ perl ./read5.pl
root
bin
daemon
sys
adm
tty
disk
</pre></td></tr></table></div></center>
<p>Now we just print the user names from /etc/group.  Split
creates an array from a string, and it takes a regular expression
as a delimiter.  Watch out for putting ()'s in your regex tho!</p>

<p><b>Slurp!</b></p>
<center><div style='padding: 5px;'><table cellpadding=5 cellspacing=0 border=0>
<tr><td colspan=2 class='title'><a href='/cios/work//read7.pl'>read7.pl</a></td></tr>
<tr><td class='line-top'>1</td><td class='code-top'>use&nbsp;FileHandle;</td></tr>
<tr><td class='line'>2</td><td class='code'>$/&nbsp;=&nbsp;undef;</td></tr>
<tr><td class='line'>3</td><td class='code'>my&nbsp;$fd&nbsp;=&nbsp;new&nbsp;FileHandle(&quot;/etc/group&quot;,&quot;r&quot;);</td></tr>
<tr><td class='line'>4</td><td class='code'>my&nbsp;$c&nbsp;=&nbsp;&lt;$fd&gt;;</td></tr>
<tr><td class='line-bot'>5</td><td class='code-bot'>print&nbsp;length($c),&quot;\n&quot;;</td></tr>
<tr><td colspan=2 class='success-run'><pre>$ perl ./read7.pl
868
</pre></td></tr></table></div></center>

<p><b>Context advantage</b></p>
<center><div style='padding: 5px;'><table cellpadding=5 cellspacing=0 border=0>
<tr><td colspan=2 class='title'><a href='/cios/work//read8.pl'>read8.pl</a></td></tr>
<tr><td class='line-top'>1</td><td class='code-top'>use&nbsp;FileHandle;</td></tr>
<tr><td class='line'>2</td><td class='code'>my&nbsp;$fd&nbsp;=&nbsp;new&nbsp;FileHandle(&quot;/etc/group&quot;,&quot;r&quot;);</td></tr>
<tr><td class='line'>3</td><td class='code'>my&nbsp;@c&nbsp;=&nbsp;&lt;$fd&gt;;&nbsp;#&nbsp;read&nbsp;all&nbsp;the&nbsp;lines&nbsp;in&nbsp;the&nbsp;file!</td></tr>
<tr><td class='line-bot'>4</td><td class='code-bot'>print&nbsp;$#c,&quot;\n&quot;;</td></tr>
<tr><td colspan=2 class='success-run'><pre>$ perl ./read8.pl
61
</pre></td></tr></table></div></center>
<p>The variable $/ is a magic variable that tells perl what the
line delimiter is for reading files.  If you set it to the undefined
value, then you slurp in the entire file at once.</p>

<p><b>Writing a file</b></p>
<center><div style='padding: 5px;'><table cellpadding=5 cellspacing=0 border=0>
<tr><td colspan=2 class='title'><a href='/cios/work//write.pl'>write.pl</a></td></tr>
<tr><td class='line-top'>1</td><td class='code-top'>use&nbsp;FileHandle;</td></tr>
<tr><td class='line'>2</td><td class='code'>my&nbsp;$fw&nbsp;=&nbsp;new&nbsp;FileHandle;</td></tr>
<tr><td class='line'>3</td><td class='code'>open($fw,&quot;&gt;/tmp/myfile.txt&quot;);</td></tr>
<tr><td class='line'>4</td><td class='code'>print&nbsp;$fw&nbsp;&quot;Hello,&nbsp;world\n&quot;;</td></tr>
<tr><td class='line-bot'>5</td><td class='code-bot'>close($fw);</td></tr>
<tr><td colspan=2 class='success-run'><pre>$ perl ./write.pl
</pre></td></tr></table></div></center>
<p>So you do something like a unix shell if you want to write.</p>

<p><b>Reading from a pipe</b></p>
<center><div style='padding: 5px;'><table cellpadding=5 cellspacing=0 border=0>
<tr><td colspan=2 class='title'><a href='/cios/work//pipe.pl'>pipe.pl</a></td></tr>
<tr><td class='line-top'>1</td><td class='code-top'>use&nbsp;FileHandle;</td></tr>
<tr><td class='line'>2</td><td class='code'>my&nbsp;$p&nbsp;=&nbsp;new&nbsp;FileHandle;</td></tr>
<tr><td class='line'>3</td><td class='code'>open($p,&quot;ps&nbsp;-e|&quot;);</td></tr>
<tr><td class='line'>4</td><td class='code'>while(&lt;$p&gt;)&nbsp;{</td></tr>
<tr><td class='line'>5</td><td class='code'>&nbsp;&nbsp;&nbsp;&nbsp;print;</td></tr>
<tr><td class='line'>6</td><td class='code'>&nbsp;&nbsp;&nbsp;&nbsp;last&nbsp;if($n++&nbsp;&gt;&nbsp;5);</td></tr>
<tr><td class='line'>7</td><td class='code'>}</td></tr>
<tr><td class='line-bot'>8</td><td class='code-bot'>close($p);</td></tr>
<tr><td colspan=2 class='success-run'><pre>$ perl ./pipe.pl
&nbsp;&nbsp;PID&nbsp;TTY&nbsp;&nbsp;&nbsp;&nbsp;&nbsp;&nbsp;&nbsp;&nbsp;&nbsp;&nbsp;TIME&nbsp;CMD
&nbsp;&nbsp;&nbsp;&nbsp;1&nbsp;?&nbsp;&nbsp;&nbsp;&nbsp;&nbsp;&nbsp;&nbsp;&nbsp;00:00:00&nbsp;init
&nbsp;&nbsp;&nbsp;&nbsp;2&nbsp;?&nbsp;&nbsp;&nbsp;&nbsp;&nbsp;&nbsp;&nbsp;&nbsp;00:00:00&nbsp;kthreadd
&nbsp;&nbsp;&nbsp;&nbsp;3&nbsp;?&nbsp;&nbsp;&nbsp;&nbsp;&nbsp;&nbsp;&nbsp;&nbsp;00:00:00&nbsp;migration/0
&nbsp;&nbsp;&nbsp;&nbsp;4&nbsp;?&nbsp;&nbsp;&nbsp;&nbsp;&nbsp;&nbsp;&nbsp;&nbsp;00:00:00&nbsp;ksoftirqd/0
&nbsp;&nbsp;&nbsp;&nbsp;5&nbsp;?&nbsp;&nbsp;&nbsp;&nbsp;&nbsp;&nbsp;&nbsp;&nbsp;00:00:00&nbsp;watchdog/0
&nbsp;&nbsp;&nbsp;&nbsp;6&nbsp;?&nbsp;&nbsp;&nbsp;&nbsp;&nbsp;&nbsp;&nbsp;&nbsp;00:00:00&nbsp;migration/1
</pre></td></tr></table></div></center>
<p>Just what you'd expect!</p>

<p><b>Reading a directory</b></p>
<center><div style='padding: 5px;'><table cellpadding=5 cellspacing=0 border=0>
<tr><td colspan=2 class='title'><a href='/cios/work//readdir.pl'>readdir.pl</a></td></tr>
<tr><td class='line-top'>1</td><td class='code-top'>use&nbsp;FileHandle;</td></tr>
<tr><td class='line'>2</td><td class='code'>my&nbsp;$fd&nbsp;=&nbsp;new&nbsp;FileHandle;</td></tr>
<tr><td class='line'>3</td><td class='code'>opendir($fd,&quot;/etc&quot;);</td></tr>
<tr><td class='line'>4</td><td class='code'>while($d&nbsp;=&nbsp;readdir($fd))&nbsp;{</td></tr>
<tr><td class='line'>5</td><td class='code'>&nbsp;&nbsp;&nbsp;&nbsp;print&nbsp;$d,&quot;\n&quot;;</td></tr>
<tr><td class='line'>6</td><td class='code'>&nbsp;&nbsp;&nbsp;&nbsp;last&nbsp;if($n++&nbsp;&gt;&nbsp;5);</td></tr>
<tr><td class='line'>7</td><td class='code'>}</td></tr>
<tr><td class='line-bot'>8</td><td class='code-bot'>closedir($fd);</td></tr>
<tr><td colspan=2 class='success-run'><pre>$ perl ./readdir.pl
.
..
dnsroots.global
statetab
logwatch
filesystems
texmf
</pre></td></tr></table></div></center>
<p>What could be easier?  I'll show you...</p>

<p><b>Reading a directory, v2</b></p>
<center><div style='padding: 5px;'><table cellpadding=5 cellspacing=0 border=0>
<tr><td colspan=2 class='title'><a href='/cios/work//readdir2.pl'>readdir2.pl</a></td></tr>
<tr><td class='line-top'>1</td><td class='code-top'>print&nbsp;join(&quot;\n&quot;,&lt;/etc/security/*&gt;),&quot;\n&quot;;</td></tr>
<tr><td colspan=2 class='success-run'><pre>$ perl ./readdir2.pl
/etc/security/access.conf
/etc/security/chroot.conf
/etc/security/console.apps
/etc/security/console.handlers
/etc/security/console.perms
/etc/security/console.perms.d
/etc/security/group.conf
/etc/security/limits.conf
/etc/security/limits.d
/etc/security/namespace.conf
/etc/security/namespace.d
/etc/security/namespace.init
/etc/security/opasswd
/etc/security/pam_env.conf
/etc/security/pam_winbind.conf
/etc/security/sepermit.conf
/etc/security/time.conf
</pre></td></tr></table></div></center>
<p>That does the same thing.  The part in the angle brackets is
called a glob, and that's a shell-like file-matching regular
expression.</p>
<p><b>Counting words</b></p>
<center><div style='padding: 5px;'><table cellpadding=5 cellspacing=0 border=0>
<tr><td colspan=2 class='title'><a href='/cios/work//WordCount.pl'>WordCount.pl</a></td></tr>
<tr><td class='line-top'>1</td><td class='code-top'>use&nbsp;strict;</td></tr>
<tr><td class='line'>2</td><td class='code'>my&nbsp;%h;</td></tr>
<tr><td class='line'>3</td><td class='code'>while(&lt;&gt;)&nbsp;{</td></tr>
<tr><td class='line'>4</td><td class='code'>&nbsp;&nbsp;while(/\w+/g)&nbsp;{</td></tr>
<tr><td class='line'>5</td><td class='code'>&nbsp;&nbsp;&nbsp;&nbsp;$h{&quot;\L$&"}++;</td></tr>
<tr><td class='line'>6</td><td class='code'>&nbsp;&nbsp;}</td></tr>
<tr><td class='line'>7</td><td class='code'>}</td></tr>
<tr><td class='line'>8</td><td class='code'>my&nbsp;@h&nbsp;=&nbsp;keys&nbsp;%h;</td></tr>
<tr><td class='line-bot'>9</td><td class='code-bot'>print&nbsp;&quot;Total&nbsp;word&nbsp;count:&nbsp;&quot;,$#h,&quot;\n&quot;;</td></tr>
<tr><td colspan=2 class='success-run'><pre>$ perl ./WordCount.pl /etc/group
Total&nbsp;word&nbsp;count:&nbsp;124
</pre></td></tr></table></div></center>
<p>Up until now we have not really talked much about the
command line.  It hasn't mattered.  In this example we
are going to need it, we are going to count the words in a
file.</p>
<p> Notice the <> operator inside the outer while loop.
This fetches a line of text from the files listed on the command
line, in sequence, and stores it in the default variable.</p>
<p> Notice the string "\L$&".  The "\L" is a special control
character that affects the evaluation of a double quote string,
turning everything that follows to lower case.  There are
a few other controls like this, "\U" for upper case, "\l" to
lowercase the next single character, "\u" to uppercase the
next single character, \E to end any automatic upper/lower casing.</p>
<p>The ++ operator will provide a value of "1" for the hash if
no prior value existed.  We could have just assigned one here,
but using ++ is convenient.</p>

<p><b>Counting words, v2</b></p>
<center><div style='padding: 5px;'><table cellpadding=5 cellspacing=0 border=0>
<tr><td colspan=2 class='title'><a href='/cios/work//WordCount2.pl'>WordCount2.pl</a></td></tr>
<tr><td class='line-top'>1</td><td class='code-top'>use&nbsp;strict;</td></tr>
<tr><td class='line'>2</td><td class='code'>my&nbsp;%h;</td></tr>
<tr><td class='line'>3</td><td class='code'>my&nbsp;$inp;</td></tr>
<tr><td class='line'>4</td><td class='code'>while($inp&nbsp;=&nbsp;&lt;STDIN&gt;)&nbsp;{</td></tr>
<tr><td class='line'>5</td><td class='code'>&nbsp;&nbsp;while($inp&nbsp;=~&nbsp;/\w+/g)&nbsp;{</td></tr>
<tr><td class='line'>6</td><td class='code'>&nbsp;&nbsp;&nbsp;&nbsp;$h{&quot;\L$&"}++;</td></tr>
<tr><td class='line'>7</td><td class='code'>&nbsp;&nbsp;}</td></tr>
<tr><td class='line'>8</td><td class='code'>}</td></tr>
<tr><td class='line'>9</td><td class='code'>my&nbsp;@h&nbsp;=&nbsp;keys&nbsp;%h;</td></tr>
<tr><td class='line-bot'>10</td><td class='code-bot'>print&nbsp;&quot;Total&nbsp;word&nbsp;count:&nbsp;&quot;,$#h,&quot;\n&quot;;</td></tr>
<tr><td colspan=2 class='success-run'><pre>$ perl ./WordCount2.pl < /etc/group
Total&nbsp;word&nbsp;count:&nbsp;124
</pre></td></tr></table></div></center>
<p>This example is almost identical to the previous one,
except that we are reading standard in, not from the files
supplied on the command line.  So we have to invoke it
a little differently.</p>

<p><b>Counting words, v3</b></p>
<center><div style='padding: 5px;'><table cellpadding=5 cellspacing=0 border=0>
<tr><td colspan=2 class='title'><a href='/cios/work//WordCount3.pl'>WordCount3.pl</a></td></tr>
<tr><td class='line-top'>1</td><td class='code-top'>use&nbsp;strict;</td></tr>
<tr><td class='line'>2</td><td class='code'>my&nbsp;%h;</td></tr>
<tr><td class='line'>3</td><td class='code'>my&nbsp;@inp&nbsp;=&nbsp;&lt;STDIN&gt;;</td></tr>
<tr><td class='line'>4</td><td class='code'>foreach&nbsp;my&nbsp;$inp&nbsp;(@inp)&nbsp;{</td></tr>
<tr><td class='line'>5</td><td class='code'>&nbsp;&nbsp;while($inp&nbsp;=~&nbsp;/\w+/g)&nbsp;{</td></tr>
<tr><td class='line'>6</td><td class='code'>&nbsp;&nbsp;&nbsp;&nbsp;$h{&quot;\L$&"}++;</td></tr>
<tr><td class='line'>7</td><td class='code'>&nbsp;&nbsp;}</td></tr>
<tr><td class='line'>8</td><td class='code'>}</td></tr>
<tr><td class='line'>9</td><td class='code'>my&nbsp;@h&nbsp;=&nbsp;keys&nbsp;%h;</td></tr>
<tr><td class='line-bot'>10</td><td class='code-bot'>print&nbsp;&quot;Total&nbsp;word&nbsp;count:&nbsp;&quot;,$#h,&quot;\n&quot;;</td></tr>
<tr><td colspan=2 class='success-run'><pre>$ perl ./WordCount3.pl < /etc/group
Total&nbsp;word&nbsp;count:&nbsp;124
</pre></td></tr></table></div></center>
<p>This example is almost identical to the previous one,
except that we slurp the whole file into an array before
parsing it.</p>
<p>Part of the magic of perl is that it does things based
on context.  Because "<STDIN>" is being assigned to
an array it behaves differently than if it is assigned to
a scalar.</p>

<p><b>Context trap</b></p>
<center><div style='padding: 5px;'><table cellpadding=5 cellspacing=0 border=0>
<tr><td colspan=2 class='title'><a href='/cios/work//CtxTrap.pl'>CtxTrap.pl</a></td></tr>
<tr><td class='line-top'>1</td><td class='code-top'>print&nbsp;(3+5)/2,&quot;\n&quot;;</td></tr>
<tr><td class='line'>2</td><td class='code'>print&nbsp;&quot;\n&quot;;</td></tr>
<tr><td class='line'>3</td><td class='code'>print&nbsp;1*(3+5)/2,&quot;\n&quot;;</td></tr>
<tr><td class='line'>4</td><td class='code'>print&nbsp;&quot;\n&quot;;</td></tr>
<tr><td class='line'>5</td><td class='code'>print&nbsp;((3+5)/2,&quot;\n&quot;);</td></tr>
<tr><td class='line-bot'>6</td><td class='code-bot'>print&nbsp;&quot;\n&quot;;</td></tr>
<tr><td colspan=2 class='success-run'><pre>$ perl ./CtxTrap.pl
8
4

4

</pre></td></tr></table></div></center>
<p>Perl figures out contexts, and it doesn't always require
parens for methods -- but as the above example shows this
can occaisionally cause confusion.  The first print statement
prints an 8 with no carriage return.</p>

<p><b>Counting words, v4</b></p>
<center><div style='padding: 5px;'><table cellpadding=5 cellspacing=0 border=0>
<tr><td colspan=2 class='title'><a href='/cios/work//WordCount4.pl'>WordCount4.pl</a></td></tr>
<tr><td class='line-top'>1</td><td class='code-top'>use&nbsp;strict;</td></tr>
<tr><td class='line'>2</td><td class='code'>my&nbsp;%h;</td></tr>
<tr><td class='line'>3</td><td class='code'>while(&lt;&gt;)&nbsp;{</td></tr>
<tr><td class='line'>4</td><td class='code'>&nbsp;&nbsp;while(/\w+/g)&nbsp;{</td></tr>
<tr><td class='line'>5</td><td class='code'>&nbsp;&nbsp;&nbsp;&nbsp;$h{&quot;\L$&"}++;</td></tr>
<tr><td class='line'>6</td><td class='code'>&nbsp;&nbsp;}</td></tr>
<tr><td class='line'>7</td><td class='code'>}</td></tr>
<tr><td class='line'>8</td><td class='code'>my&nbsp;@h&nbsp;=&nbsp;sort&nbsp;mysort&nbsp;keys&nbsp;%h;</td></tr>
<tr><td class='line'>9</td><td class='code'>print&nbsp;&quot;Total&nbsp;word&nbsp;count:&nbsp;&quot;,$#h,&quot;\n&quot;;</td></tr>
<tr><td class='line'>10</td><td class='code'>&nbsp;</td></tr>
<tr><td class='line'>11</td><td class='code'>print&nbsp;&quot;\nMost&nbsp;common&nbsp;words:\n&quot;;</td></tr>
<tr><td class='line'>12</td><td class='code'>for(my&nbsp;$i=0;$i&lt;5&nbsp;and&nbsp;$i&lt;=$#h;$i++)&nbsp;{</td></tr>
<tr><td class='line'>13</td><td class='code'>&nbsp;&nbsp;&nbsp;&nbsp;&nbsp;&nbsp;&nbsp;&nbsp;print&nbsp;$h[$i],&quot;:&nbsp;&quot;,$h{$h[$i]},&quot;\n&quot;;</td></tr>
<tr><td class='line'>14</td><td class='code'>}</td></tr>
<tr><td class='line'>15</td><td class='code'>&nbsp;</td></tr>
<tr><td class='line'>16</td><td class='code'>sub&nbsp;mysort&nbsp;{</td></tr>
<tr><td class='line'>17</td><td class='code'>&nbsp;&nbsp;&nbsp;&nbsp;&nbsp;&nbsp;&nbsp;&nbsp;return&nbsp;$h{$b}&nbsp;-&nbsp;$h{$a};</td></tr>
<tr><td class='line-bot'>18</td><td class='code-bot'>}</td></tr>
<tr><td colspan=2 class='success-run'><pre>$ perl ./WordCount4.pl /etc/group
Total&nbsp;word&nbsp;count:&nbsp;124

Most&nbsp;common&nbsp;words:
x:&nbsp;62
root:&nbsp;8
daemon:&nbsp;5
bin:&nbsp;4
pulse:&nbsp;3
</pre></td></tr></table></div></center>
<p>In this example we identify the most common words
in our input text.  The key step is that we need to
invoke the sort function supplying a sorting method
of our own creation.</p>
<p>When writing a sort, the variables "$a" and "$b" are
magical.  They are two values which we must compare.  Our
subroutine should return a positive integer if $b > $a,
a negative integer if $a > $b, and a zero if they are equal</p>
<p>We have also included the "and" operator inside our for
loop.</p>

<p><b>Counting words, v5</b></p>
<center><div style='padding: 5px;'><table cellpadding=5 cellspacing=0 border=0>
<tr><td colspan=2 class='title'><a href='/cios/work//WordCount5.pl'>WordCount5.pl</a></td></tr>
<tr><td class='line-top'>1</td><td class='code-top'>use&nbsp;strict;</td></tr>
<tr><td class='line'>2</td><td class='code'>use&nbsp;FileHandle;</td></tr>
<tr><td class='line'>3</td><td class='code'>my&nbsp;%h;</td></tr>
<tr><td class='line'>4</td><td class='code'>foreach&nbsp;my&nbsp;$file&nbsp;(@ARGV)&nbsp;{</td></tr>
<tr><td class='line'>5</td><td class='code'>&nbsp;&nbsp;&nbsp;&nbsp;&nbsp;&nbsp;&nbsp;&nbsp;if(-r&nbsp;$file)&nbsp;{</td></tr>
<tr><td class='line'>6</td><td class='code'>&nbsp;&nbsp;&nbsp;&nbsp;&nbsp;&nbsp;&nbsp;&nbsp;&nbsp;&nbsp;&nbsp;&nbsp;&nbsp;&nbsp;&nbsp;&nbsp;my&nbsp;$fd&nbsp;=&nbsp;new&nbsp;FileHandle($file,&quot;r&quot;);</td></tr>
<tr><td class='line'>7</td><td class='code'>&nbsp;&nbsp;&nbsp;&nbsp;&nbsp;&nbsp;&nbsp;&nbsp;&nbsp;&nbsp;&nbsp;&nbsp;&nbsp;&nbsp;&nbsp;&nbsp;while(&lt;$fd&gt;)&nbsp;{</td></tr>
<tr><td class='line'>8</td><td class='code'>&nbsp;&nbsp;&nbsp;&nbsp;&nbsp;&nbsp;&nbsp;&nbsp;&nbsp;&nbsp;&nbsp;&nbsp;&nbsp;&nbsp;&nbsp;&nbsp;&nbsp;&nbsp;&nbsp;&nbsp;&nbsp;&nbsp;&nbsp;&nbsp;while(/\w+/g)&nbsp;{</td></tr>
<tr><td class='line'>9</td><td class='code'>&nbsp;&nbsp;&nbsp;&nbsp;&nbsp;&nbsp;&nbsp;&nbsp;&nbsp;&nbsp;&nbsp;&nbsp;&nbsp;&nbsp;&nbsp;&nbsp;&nbsp;&nbsp;&nbsp;&nbsp;&nbsp;&nbsp;&nbsp;&nbsp;&nbsp;&nbsp;&nbsp;&nbsp;&nbsp;&nbsp;&nbsp;&nbsp;$h{&quot;\L$&"}++;</td></tr>
<tr><td class='line'>10</td><td class='code'>&nbsp;&nbsp;&nbsp;&nbsp;&nbsp;&nbsp;&nbsp;&nbsp;&nbsp;&nbsp;&nbsp;&nbsp;&nbsp;&nbsp;&nbsp;&nbsp;&nbsp;&nbsp;&nbsp;&nbsp;&nbsp;&nbsp;&nbsp;&nbsp;}</td></tr>
<tr><td class='line'>11</td><td class='code'>&nbsp;&nbsp;&nbsp;&nbsp;&nbsp;&nbsp;&nbsp;&nbsp;&nbsp;&nbsp;&nbsp;&nbsp;&nbsp;&nbsp;&nbsp;&nbsp;}</td></tr>
<tr><td class='line'>12</td><td class='code'>&nbsp;&nbsp;&nbsp;&nbsp;&nbsp;&nbsp;&nbsp;&nbsp;&nbsp;&nbsp;&nbsp;&nbsp;&nbsp;&nbsp;&nbsp;&nbsp;close($fd);</td></tr>
<tr><td class='line'>13</td><td class='code'>&nbsp;&nbsp;&nbsp;&nbsp;&nbsp;&nbsp;&nbsp;&nbsp;}</td></tr>
<tr><td class='line'>14</td><td class='code'>}</td></tr>
<tr><td class='line'>15</td><td class='code'>my&nbsp;@h&nbsp;=&nbsp;sort&nbsp;mysort&nbsp;keys&nbsp;%h;</td></tr>
<tr><td class='line'>16</td><td class='code'>print&nbsp;&quot;Total&nbsp;word&nbsp;count:&nbsp;&quot;,$#h,&quot;\n&quot;;</td></tr>
<tr><td class='line'>17</td><td class='code'>&nbsp;</td></tr>
<tr><td class='line'>18</td><td class='code'>print&nbsp;&quot;\nMost&nbsp;common&nbsp;words:\n&quot;;</td></tr>
<tr><td class='line'>19</td><td class='code'>for(my&nbsp;$i=0;$i&lt;5&nbsp;and&nbsp;$i&lt;=$#h;$i++)&nbsp;{</td></tr>
<tr><td class='line'>20</td><td class='code'>&nbsp;&nbsp;&nbsp;&nbsp;&nbsp;&nbsp;&nbsp;&nbsp;print&nbsp;$h[$i],&quot;:&nbsp;&quot;,$h{$h[$i]},&quot;\n&quot;;</td></tr>
<tr><td class='line'>21</td><td class='code'>}</td></tr>
<tr><td class='line'>22</td><td class='code'>&nbsp;</td></tr>
<tr><td class='line'>23</td><td class='code'>sub&nbsp;mysort&nbsp;{</td></tr>
<tr><td class='line'>24</td><td class='code'>&nbsp;&nbsp;&nbsp;&nbsp;&nbsp;&nbsp;&nbsp;&nbsp;return&nbsp;$h{$b}&nbsp;-&nbsp;$h{$a};</td></tr>
<tr><td class='line-bot'>25</td><td class='code-bot'>}</td></tr>
<tr><td colspan=2 class='success-run'><pre>$ perl ./WordCount5.pl /etc/group
Total&nbsp;word&nbsp;count:&nbsp;124

Most&nbsp;common&nbsp;words:
x:&nbsp;62
root:&nbsp;8
daemon:&nbsp;5
bin:&nbsp;4
pulse:&nbsp;3
</pre></td></tr></table></div></center>
<p>This example is exactly like the previous one, but we don't
allow perl to help us with all its magic.</p>
<p>
We use the special variable @ARGV to look at the command line
arguments.
We use the "-r" operator to test if a given argument corresponds
to a readable file. This operator is familiar to shell programmers,
and all the same variants exist.  You can use -w to test for a writable
file, -x to test for an executable file, -d to test for a directory,
and -e to test for existence. </p><p><em>
    In general, if you think something isn't in Perl, try it out, because it usually is. :-)  -- Larry Wall</em></p><p>
We use FileHandle to explicitly open, read, and close a file.
</p>

<p><b>Substituting text -- fixing capitalization</b></p>
<center><div style='padding: 5px;'><table cellpadding=5 cellspacing=0 border=0>
<tr><td colspan=2 class='title'><a href='/cios/work//Replace.pl'>Replace.pl</a></td></tr>
<tr><td class='line-top'>1</td><td class='code-top'>$txt&nbsp;=&nbsp;&quot;helLo,&nbsp;wORld.&quot;;</td></tr>
<tr><td class='line'>2</td><td class='code'>$txt&nbsp;=~&nbsp;s/\w+/\u\L$&/g;</td></tr>
<tr><td class='line-bot'>3</td><td class='code-bot'>print&nbsp;$txt,&quot;\n&quot;;</td></tr>
<tr><td colspan=2 class='success-run'><pre>$ perl ./Replace.pl
Hello,&nbsp;World.
</pre></td></tr></table></div></center>
<p>The only new thing here is the substitution operation on the
second line of the program.  It looks similar to the match operation
we have seen previously, except it starts with an "s" and has a 
second argument of sorts, the value to be subtituted.</p>
<p>The substituted value is essentially the same as the value
that is matched, except for capitalization.  We use \u and \L
to transform the substituted string to a word whose first letter
is a capital, and whose remaining letters are lower case.</p>


<p><b>Substituting text -- doing math</b></p>
<center><div style='padding: 5px;'><table cellpadding=5 cellspacing=0 border=0>
<tr><td colspan=2 class='title'><a href='/cios/work//Replace2.pl'>Replace2.pl</a></td></tr>
<tr><td class='line-top'>1</td><td class='code-top'>$txt&nbsp;=&nbsp;&quot;10&nbsp;*&nbsp;3&nbsp;+&nbsp;2&nbsp;-&nbsp;4&quot;;</td></tr>
<tr><td class='line'>2</td><td class='code'>while($txt&nbsp;=~&nbsp;s/(\d+)\s*[\+\-\*\/]\s*(\d+)/eval&nbsp;$&/e) {</td></tr>
<tr><td class='line'>3</td><td class='code'>    print "work: $txt\n";</td></tr>
<tr><td class='line'>4</td><td class='code'>}</td></tr>
<tr><td class='line-bot'>5</td><td class='code-bot'>print&nbsp;$txt,&quot;\n&quot;;</td></tr>
<tr><td colspan=2 class='success-run'><pre>$ perl ./Replace2.pl
work:&nbsp;30&nbsp;+&nbsp;2&nbsp;-&nbsp;4
work:&nbsp;32&nbsp;-&nbsp;4
work:&nbsp;28
28
</pre></td></tr></table></div></center>
<p>The "e" flag to the text substitution operation tells us that
the substituted value is not a string, but an actual code.</p>
<p>We could have just evaluated the whole string, but I wasn't really
showing you how to use the eval method.  I was showing you the
"e" flag :)</p>

<p><b>Just Plain Magical Weridness</b></p>
<center><div style='padding: 5px;'><table cellpadding=5 cellspacing=0 border=0>
<tr><td colspan=2 class='title'><a href='/cios/work//weird.pl'>weird.pl</a></td></tr>
<tr><td class='line-top'>1</td><td class='code-top'>$counter&nbsp;=&nbsp;&quot;p&quot;;</td></tr>
<tr><td class='line'>2</td><td class='code'>$counter++;</td></tr>
<tr><td class='line-bot'>3</td><td class='code-bot'>print&nbsp;$counter&nbsp;x&nbsp;5,&quot;\n&quot;;</td></tr>
<tr><td colspan=2 class='success-run'><pre>$ perl ./weird.pl
qqqqq
</pre></td></tr></table></div></center>
<p>So the ++ operator does something interesting when applied to
text: it gives you the next letter.  Isn't that fun?</p>
<p>Also, there's this neat string operator called "x" that allows
you to print something x times.  So in our example, ++ changes
the string "p" to "q" and then prints it 5 times on a line.</p>

<p><b>Evaluate just one line</b></p>
<pre class='cmdline'>
    perl -e 'print "Hello!\n";'
</pre>

<p><b>Transforming files in-place is as easy as pie</b></p>
<pre class='cmdline'>
    perl -p -i -e 's/foo/bar/g' *.c
</pre>
<p>This would replace foo with bar in all c source files.  It would not,
however, make a backup copy.  You need to do this to store a backup in
a file named .bak.</p>
<pre class='cmdline'>
    perl -p -i.bak -e 's/foo/bar/g' *.c
</pre>
<p>You can use perl like sed:</p>
<pre class='cmdline'>
    echo foo and foo | perl -p -e 's/foo/bar/g'
</pre>
</td><td class='right-menu'>&nbsp;</td></tr>
</table></body></html>
