<!DOCTYPE html PUBLIC "-//W3C//DTD XHTML 1.0 Transitional//EN" "http://www.w3.org/TR/xhtml1/DTD/xhtml1-transitional.dtd">
<html lang="en" xml:lang="en" xmlns="http://www.w3.org/1999/xhtml">
<head>
    <meta http-equiv="Content-Type" content="text/html; charset=UTF-8" />
    <meta name="Generator" content="XpressEngine 1.4.5.10" />
    <meta name="module" content="page" />
    <meta name="layout" content="HelloYounha Layout Ver 24.0 main (HY_layout_24.0_main)" />
        <meta name="layout_maker" content=" ()" />
        <meta http-equiv="imagetoolbar" content="no" />
    <title>.::Hello!Younha::. - YOUNHA FANSITE</title>
    <link rel="stylesheet" href="./common/css/default.css" type="text/css" charset="UTF-8" media="all" />
    <link rel="stylesheet" href="./common/css/button.css" type="text/css" charset="UTF-8" media="all" />
    <link rel="stylesheet" href="./common/js/plugins/ui/jquery-ui.css" type="text/css" charset="UTF-8" media="all" />
    <link rel="stylesheet" href="./layouts/HY_layout_24.0_main/css/style.css" type="text/css" charset="UTF-8" media="all" />
    <link rel="stylesheet" href="./layouts/HY_layout_24.0_main/css/homepage.css" type="text/css" charset="UTF-8" media="all" />
    <link rel="stylesheet" href="./layouts/HY_layout_24.0_main/css/coda-slider-2.0.css" type="text/css" charset="UTF-8" media="all" />
    <link rel="stylesheet" href="./layouts/HY_layout_24.0_main/css/carousel.css" type="text/css" charset="UTF-8" media="all" />
    <link rel="stylesheet" href="./modules/editor/styles/default/style.css" type="text/css" charset="UTF-8" media="all" />
    <link rel="stylesheet" href="./widgets/tag_list/skins/HY_tag_ver23.0/common.css" type="text/css" charset="UTF-8" media="all" />
    <link rel="stylesheet" href="./widgets/newest_document/skins/HY_post_ver23.0/css/normal.css" type="text/css" charset="UTF-8" media="all" />
    <link rel="stylesheet" href="./widgets/newest_comment/skins/HY_comment_ver23.0/css/normal.css" type="text/css" charset="UTF-8" media="all" />
    <link rel="stylesheet" href="./widgets/newest_document/skins/HY_notice_ver23.0/css/none.css" type="text/css" charset="UTF-8" media="all" />
    <link rel="stylesheet" href="./widgets/newest_document/skins/HY_list_ver23.0/css/default.css" type="text/css" charset="UTF-8" media="all" />
    <link rel="stylesheet" href="./widgets/newest_images/skins/HY_photo_ver23.0/css/normal.css" type="text/css" charset="UTF-8" media="all" />
    <link rel="stylesheet" href="./widgets/newest_images/skins/HY_video_ver23.0/css/normal.css" type="text/css" charset="UTF-8" media="all" />
    <script type="text/javascript" src="./common/js/jquery.js"></script>
    <script type="text/javascript" src="./common/js/x.js"></script>
    <script type="text/javascript" src="./common/js/common.js"></script>
    <script type="text/javascript" src="./common/js/js_app.js"></script>
    <script type="text/javascript" src="./common/js/xml_handler.js"></script>
    <script type="text/javascript" src="./common/js/xml_js_filter.js"></script>
    <script type="text/javascript" src="./addons/noalert/noalert.js"></script>
    <script type="text/javascript" src="./layouts/HY_layout_24.0_main/js/lang.js"></script>
    <script type="text/javascript" src="./layouts/HY_layout_24.0_main/js/jquery-1.3.2.min.js"></script>
    <script type="text/javascript" src="./layouts/HY_layout_24.0_main/js/jquery.coda-slider-2.0.js"></script>
    <script type="text/javascript" src="./layouts/HY_layout_24.0_main/js/jquery.easing.1.3.js"></script>
    <script type="text/javascript" src="./layouts/HY_layout_24.0_main/js/coda.js"></script>
    <script type="text/javascript" src="./layouts/HY_layout_24.0_main/js/ddsmoothmenu.js"></script>
    <script type="text/javascript" src="./layouts/HY_layout_24.0_main/js/js.js"></script>
    <script type="text/javascript" src="./widgets/newest_document/skins/HY_notice_ver23.0/js/news_ticker.js"></script>
    <link rel="alternate" type="application/rss+xml" title="Site RSS" href="http://helloyounha.com/xe/rss" />
    <link rel="alternate" type="application/atom+xml" title="Site Atom" href="http://helloyounha.com/xe/atom" />

    <script type="text/javascript">//<![CDATA[
        var current_url = "http://helloyounha.com/xe/";
        var request_uri = "http://helloyounha.com/xe/";
        var current_mid = "home";
        var waiting_message = "Requesting to the server, please wait";
        var ssl_actions = new Array();
        var default_url = "http://helloyounha.com/xe";
                        
    //]]></script>

    


<script type="text/javascript" src="addons/html5audio_flash/audio.min.js"></script>
<script type="text/javascript">
  audiojs.events.ready(function() {
    var as = audiojs.createAll();
  });
</script>
<script type="text/javascript">
window.onload = function(){
  tags = document.getElementsByTagName("audio");
  for (i=0; i<tags.length; i++) {
    tags[i].controls = "";
  }
}
</script>
<!--[if !IE]><!--> 
<style type="text/css">
audio[controls] {display:none;}
</style>
<![endif]-->
		
</head>
<body>
    
    ﻿
	<!--#Meta:./layouts/HY_layout_24.0_main/js/jquery-1.3.2.min.js-->	<!--#Meta:./layouts/HY_layout_24.0_main/js/jquery.coda-slider-2.0.js-->		


            <!--#Meta:./layouts/HY_layout_24.0_main/css/coda-slider-2.0.css-->     
  <div id="header_top">
  	<div class="con">
   <div class="select_lang">
        <p class="selected"><a href="#">English</a></p>
        <ul class="lang_list">
            <!-- class="" | class="open" -->
                                                            <li><a href="#" onclick="doChangeLangType('ko');return false;">한국어</a></li>
                                                <li><a href="#" onclick="doChangeLangType('zh-CN');return false;">中文(中国)</a></li>
                                                <li><a href="#" onclick="doChangeLangType('jp');return false;">日本語</a></li>
                                                <li><a href="#" onclick="doChangeLangType('es');return false;">Español</a></li>
                                                <li><a href="#" onclick="doChangeLangType('fr');return false;">Français</a></li>
                                                <li><a href="#" onclick="doChangeLangType('zh-TW');return false;">中文(臺灣)</a></li>
                                                <li><a href="#" onclick="doChangeLangType('vi');return false;">Tiếng Việt</a></li>
                                </ul>
    </div>
	
		<ul class="top_nav">
									<li><a class="login" href="http://helloyounha.com/xe/index.php?mid=home&amp;act=dispMemberLoginForm">Login</a> </li>
			<li><a href="http://helloyounha.com/xe/index.php?mid=home&amp;act=dispMemberSignUpForm">Sign Up</a></li>
					</ul>
		<form action="http://helloyounha.com/xe/" method="post" id="search">
			<input type="hidden" name="mid" value="home" />
			<input type="hidden" name="act" value="IS" />
			<input type="hidden" name="search_target" value="title_content" />
			<input name="is_keyword" type="text" class="text" title="keyword" />
			<input type="image" src="/xe/layouts/HY_layout_24.0_main/layouts/HY_layout_21.0/images/bg_search_right.png" alt="Search" class="submit" />
		</form>
		</div>
</div>
<div id="wrap">
 
 <a class="menu01" href="http://helloyounha.com/xe">&nbsp;&nbsp;&nbsp;&nbsp;&nbsp;&nbsp;&nbsp;&nbsp;&nbsp;&nbsp;&nbsp;&nbsp;&nbsp;&nbsp;&nbsp;&nbsp;<br />&nbsp;&nbsp;&nbsp;&nbsp;&nbsp;&nbsp;&nbsp;&nbsp;&nbsp;&nbsp;&nbsp;&nbsp;&nbsp;&nbsp;&nbsp;&nbsp;<br />&nbsp;&nbsp;&nbsp;&nbsp;&nbsp;&nbsp;&nbsp;&nbsp;&nbsp;&nbsp;&nbsp;&nbsp;&nbsp;&nbsp;&nbsp;&nbsp;
</a>
  <a class="menu02" href="http://helloyounha.com/xe/biochn">&nbsp;&nbsp;&nbsp;&nbsp;&nbsp;&nbsp;&nbsp;&nbsp;&nbsp;&nbsp;&nbsp;&nbsp;&nbsp;&nbsp;&nbsp;&nbsp;<br />&nbsp;&nbsp;&nbsp;&nbsp;&nbsp;&nbsp;&nbsp;&nbsp;&nbsp;&nbsp;&nbsp;&nbsp;&nbsp;&nbsp;&nbsp;&nbsp;<br />&nbsp;&nbsp;&nbsp;&nbsp;&nbsp;&nbsp;&nbsp;&nbsp;&nbsp;&nbsp;&nbsp;&nbsp;&nbsp;&nbsp;&nbsp;&nbsp;</a>
   <a class="menu03" href="http://helloyounha.com/xe/disc">&nbsp;&nbsp;&nbsp;&nbsp;&nbsp;&nbsp;&nbsp;&nbsp;&nbsp;&nbsp;&nbsp;&nbsp;&nbsp;&nbsp;&nbsp;&nbsp;<br />&nbsp;&nbsp;&nbsp;&nbsp;&nbsp;&nbsp;&nbsp;&nbsp;&nbsp;&nbsp;&nbsp;&nbsp;&nbsp;&nbsp;&nbsp;&nbsp;<br />&nbsp;&nbsp;&nbsp;&nbsp;&nbsp;&nbsp;&nbsp;&nbsp;&nbsp;&nbsp;&nbsp;&nbsp;&nbsp;&nbsp;&nbsp;&nbsp;</a>
    <a class="menu04" href="http://helloyounha.com/xe/news2013">&nbsp;&nbsp;&nbsp;&nbsp;&nbsp;&nbsp;&nbsp;&nbsp;&nbsp;&nbsp;&nbsp;&nbsp;&nbsp;&nbsp;&nbsp;&nbsp;<br />&nbsp;&nbsp;&nbsp;&nbsp;&nbsp;&nbsp;&nbsp;&nbsp;&nbsp;&nbsp;&nbsp;&nbsp;&nbsp;&nbsp;&nbsp;&nbsp;<br />&nbsp;&nbsp;&nbsp;&nbsp;&nbsp;&nbsp;&nbsp;&nbsp;&nbsp;&nbsp;&nbsp;&nbsp;&nbsp;&nbsp;&nbsp;&nbsp;</a>
	 <a class="menu05" href="http://helloyounha.com/xe/diary2013">&nbsp;&nbsp;&nbsp;&nbsp;&nbsp;&nbsp;&nbsp;&nbsp;&nbsp;&nbsp;&nbsp;&nbsp;&nbsp;&nbsp;&nbsp;&nbsp;<br />&nbsp;&nbsp;&nbsp;&nbsp;&nbsp;&nbsp;&nbsp;&nbsp;&nbsp;&nbsp;&nbsp;&nbsp;&nbsp;&nbsp;&nbsp;&nbsp;<br />&nbsp;&nbsp;&nbsp;&nbsp;&nbsp;&nbsp;&nbsp;&nbsp;&nbsp;&nbsp;&nbsp;&nbsp;&nbsp;&nbsp;&nbsp;&nbsp;</a>
	  <a class="menu06" href="http://helloyounha.com/xe/photo2013">&nbsp;&nbsp;&nbsp;&nbsp;&nbsp;&nbsp;&nbsp;&nbsp;&nbsp;&nbsp;&nbsp;&nbsp;&nbsp;&nbsp;&nbsp;&nbsp;<br />&nbsp;&nbsp;&nbsp;&nbsp;&nbsp;&nbsp;&nbsp;&nbsp;&nbsp;&nbsp;&nbsp;&nbsp;&nbsp;&nbsp;&nbsp;&nbsp;<br />&nbsp;&nbsp;&nbsp;&nbsp;&nbsp;&nbsp;&nbsp;&nbsp;&nbsp;&nbsp;&nbsp;&nbsp;&nbsp;&nbsp;&nbsp;&nbsp;</a>
	   <a class="menu07" href="http://helloyounha.com/xe/subworks">&nbsp;&nbsp;&nbsp;&nbsp;&nbsp;&nbsp;&nbsp;&nbsp;&nbsp;&nbsp;&nbsp;&nbsp;&nbsp;&nbsp;&nbsp;&nbsp;<br />&nbsp;&nbsp;&nbsp;&nbsp;&nbsp;&nbsp;&nbsp;&nbsp;&nbsp;&nbsp;&nbsp;&nbsp;&nbsp;&nbsp;&nbsp;&nbsp;<br />&nbsp;&nbsp;&nbsp;&nbsp;&nbsp;&nbsp;&nbsp;&nbsp;&nbsp;&nbsp;&nbsp;&nbsp;&nbsp;&nbsp;&nbsp;&nbsp;</a>
	    <a class="menu08" href="http://helloyounha.com/xe/hello">&nbsp;&nbsp;&nbsp;&nbsp;&nbsp;&nbsp;&nbsp;&nbsp;&nbsp;&nbsp;&nbsp;&nbsp;&nbsp;&nbsp;&nbsp;&nbsp;<br />&nbsp;&nbsp;&nbsp;&nbsp;&nbsp;&nbsp;&nbsp;&nbsp;&nbsp;&nbsp;&nbsp;&nbsp;&nbsp;&nbsp;&nbsp;&nbsp;<br />&nbsp;&nbsp;&nbsp;&nbsp;&nbsp;&nbsp;&nbsp;&nbsp;&nbsp;&nbsp;&nbsp;&nbsp;&nbsp;&nbsp;&nbsp;&nbsp;</a>
		 <a class="menu09" href="http://helloyounha.com/xe/notice">&nbsp;&nbsp;&nbsp;&nbsp;&nbsp;&nbsp;&nbsp;&nbsp;&nbsp;&nbsp;&nbsp;&nbsp;&nbsp;&nbsp;&nbsp;&nbsp;<br />&nbsp;&nbsp;&nbsp;&nbsp;&nbsp;&nbsp;&nbsp;&nbsp;&nbsp;&nbsp;&nbsp;&nbsp;&nbsp;&nbsp;&nbsp;&nbsp;<br />&nbsp;&nbsp;&nbsp;&nbsp;&nbsp;&nbsp;&nbsp;&nbsp;&nbsp;&nbsp;&nbsp;&nbsp;&nbsp;&nbsp;&nbsp;&nbsp;</a>
	<div id="top_visual">
			<div class="social_icon">
				<ul>
					<li class="weibo">
						<a href="http://weibo.com/helloyounha" target="_blank"><span></span></a>
					</li>
					<li class="twitter">
						<a href="http://twitter.com/HelloYounha" target="_blank"><span></span></a>
					</li>
				</ul>
			</div>
	</div>
	
<div id="header">
    
	
	<ul class="gnb">
					</ul>
</div>
</div>


<div id="content">
	<div class="columnLeftLeft">
     <br/><br/><br/><br/><br/><br/><br/><br/><br/><br/><br/><br/><br/><br/><br/><br/><br/>
     <br/>
      <p><img src="/xe/layouts/HY_layout_24.0_main/images/newtag.png"></p>
       <div style="overflow:hidden;"><div style="*zoom:1;padding:0px 0px 0px 0px !important; padding:none !important;">

    
<div class="blog_widget_">
  <div class="tag_list">
    <div class="items">
                    <span class="type4">
                                    <a href="http://helloyounha.com/xe/index.php?mid=lyrics&amp;search_target=tag&amp;search_keyword=Roma+Lyrics">Roma Lyrics</a>
                            </span>
                    <span class="type1">
                                    <a href="http://helloyounha.com/xe/index.php?mid=lyrics&amp;search_target=tag&amp;search_keyword=%E4%B8%AD%E8%AD%AF%E6%AD%8C%E8%A9%9E">中譯歌詞</a>
                            </span>
                    <span class="type4">
                                    <a href="http://helloyounha.com/xe/index.php?mid=lyrics&amp;search_target=tag&amp;search_keyword=%E4%B8%AD%E9%9F%93LRC">中韓LRC</a>
                            </span>
                    <span class="type1">
                                    <a href="http://helloyounha.com/xe/index.php?mid=lyrics&amp;search_target=tag&amp;search_keyword=English+Lyrics">English Lyrics</a>
                            </span>
            </div>
  </div>
</div>
</div></div>
       <div style="overflow:hidden;"><div style="*zoom:1;padding:0px 0px 0px 0px !important; padding:none !important;">

    
<div class="blog_widget_">
  <div class="tag_list">
    <div class="items">
                    <span class="type4">
                                    <a href="http://helloyounha.com/xe/index.php?mid=subworks&amp;search_target=tag&amp;search_keyword=English+Subbed">English Subbed</a>
                            </span>
                    <span class="type1">
                                    <a href="http://helloyounha.com/xe/index.php?mid=subworks&amp;search_target=tag&amp;search_keyword=%E4%B8%AD%E5%AD%97%E8%A6%96%E9%A0%BB">中字視頻</a>
                            </span>
            </div>
  </div>
</div>
</div></div>
       <div style="overflow:hidden;"><div style="*zoom:1;padding:0px 0px 0px 0px !important; padding:none !important;">

    
<div class="blog_widget_">
  <div class="tag_list">
    <div class="items">
                    <span class="type1">
                                                            <a href="http://helloyounha.com/xe/index.php?mid=home&amp;act=IS&amp;where=document&amp;search_target=tag&amp;is_keyword=%E4%B8%AD%E8%AD%AF%E6%97%A5%E8%A8%98">中譯日記</a>
                                                </span>
                    <span class="type4">
                                                            <a href="http://helloyounha.com/xe/index.php?mid=home&amp;act=IS&amp;where=document&amp;search_target=tag&amp;is_keyword=English+Diaries">English Diaries</a>
                                                </span>
            </div>
  </div>
</div>
</div></div>
       <br/>
        <p><img src="/xe/layouts/HY_layout_24.0_main/images/newpost.png"></p>
         <div style="overflow:hidden;"><div style="*zoom:1;padding:0px 0px 0px 0px !important; padding:none !important;">

<div class="documentWrap ">

	<ul class="items">

      
	   

      <li> 
	  
	  
	  <a href="http://helloyounha.com/xe/121353#0"># 아침이 밝아올 때...</a>
	  
		
		<!---->

	  </li>

      
	   

      <li> 
	  
	  
	  <a href="http://helloyounha.com/xe/121351#0"># 기도</a>
	  
		
		<!---->

	  </li>

      
	   

      <li> 
	  
	  
	  <a href="http://helloyounha.com/xe/121349#0"># 뜨겁게 나를</a>
	  
		
		<!---->

	  </li>

      
	   

      <li> 
	  
	  
	  <a href="http://helloyounha.com/xe/121347#0">01 내 마음이 뭐가 ...</a>
	  
		
		<!---->

	  </li>

      
	 

    </ul>


</div>
</div></div>
    
    </div>
	<div class="columnLeft">
		        <br/><br/><br/><br/><br/><br/><br/><br/><br/><br/><br/><br/><br/><br/><br/><br/><br/><br/><br/><br/><p><a href="http://helloyounha.com/xe/music" target="_blank"><img src="/xe/layouts/HY_layout_24.0_main/images/newrelease.png"></a></p>
        <p><a href="http://helloyounha.com/xe/music/55099" target="_blank"><img src="/xe/layouts/HY_layout_24.0_main/images/newcd.png"></a></p>
            <p><img src="/xe/layouts/HY_layout_24.0_main/images/newreply.png"></p>
             <div style="overflow:hidden;"><div style="*zoom:1;padding:0px 0px 0px 0px !important; padding:none !important;">

<div class="commentWrap ">

<ul class="items">

	
		<li>

					
			<a href="http://helloyounha.com/xe/121313#comment_121386">
			
				Hi, you can just ...			
			</a>
		
		</li>

	
		<li>

					
			<a href="http://helloyounha.com/xe/121313#comment_121378">
			
				一张			
			</a>
		
		</li>

	
		<li>

					
			<a href="http://helloyounha.com/xe/121313#comment_121374">
			
				两张			
			</a>
		
		</li>

	
		<li>

					
			<a href="http://helloyounha.com/xe/121313#comment_121369">
			
				一张~			
			</a>
		
		</li>

	
</ul>

</div>

</div></div>     
             <br/>
             

                      
		
			</div>

	<div class="columnRight">

					<div><div style="overflow:hidden;float: left; width: 110px; height: 45px; border-width: 0px; border-style: solid; border-color: rgb(255, 255, 255); margin: 10px 0px 0px 12px; background-color: transparent; background-image: none; background-repeat: repeat; background-position: 0px 0px;"><div style="padding:0px 0px 0px 0px !important; padding:none !important;"><p>&nbsp;<a href="notice"><img src="http://helloyounha.com/xe/layouts/HY_layout_24.0_main/images/notice.png" alt="notice.png" title="notice.png" class="iePngFix" width="97" height="34" style="" /></a>

<br />
</p></div></div><div style="overflow:hidden;float: left; width: 549px; border-width: 0px; border-style: dotted solid; border-color: rgb(255, 248, 44) rgb(255, 255, 255) rgb(235, 150, 131); margin: 5px 0px 0px 1px; background-color: transparent; background-image: none; background-repeat: repeat; background-position: 0px 0px; height: 30px;"><div style="*zoom:1;padding:0px 0px 0px 0px !important; padding:none !important;">   
<div class="news_ticker_none">
    <table cellspacing="0">
    <tr>
        <td>
            <div class="tickerBox" id="news_ticker_1484535189">
         <ul>
                                       
                    <li>
                      <span class="date">15/08/20</span>
                      <span class="title">
                        <a href="http://helloyounha.com/xe/121313#12"><span style="font-weight:bold;;color:#2266EE">※ 予定團購 ※ Jp Album「View」 *9/1截止*</span></a>
                                                  <span class="comment"> + <a href="http://helloyounha.com/xe/121313#comment">12</a></span>
                        
                                              </span>
                    </li>
                                       
                    <li>
                      <span class="date">14/12/25</span>
                      <span class="title">
                        <a href="http://helloyounha.com/xe/121259#4">※ 限量團購 ※ Younha 2014  年末个唱 官方周边 *12/26截止*</a>
                                                  <span class="comment"> + <a href="http://helloyounha.com/xe/121259#comment">4</a></span>
                        
                                              </span>
                    </li>
                                       
                    <li>
                      <span class="date">14/09/10</span>
                      <span class="title">
                        <a href="http://helloyounha.com/xe/118925#1">※ 予定團購 ※ Jp Album「People」 *9/11截止*</a>
                                                  <span class="comment"> + <a href="http://helloyounha.com/xe/118925#comment">1</a></span>
                        
                                              </span>
                    </li>
                                    </ul>
            </div>
        </td>
    </tr>
    </table>
</div>

<script type="text/javascript">
    xAddEventListener(window, 'load', function() { doStartScroll("news_ticker_1484535189", 25, 100); });
</script>
</div></div><div style="overflow:hidden;float: left; width: 110px; height: 45px; border-width: 0px; border-style: solid; border-color: rgb(255, 255, 255); margin: 18px 0px 0px 12px; background-color: transparent; background-image: none; background-repeat: repeat; background-position: 0px 0px;"><div style="padding:0px 0px 0px 0px !important; padding:none !important;"><p>&nbsp;<a href="news2013"><img src="http://helloyounha.com/xe/layouts/HY_layout_24.0_main/images/info.png" alt="info.png" title="info.png" class="iePngFix" width="97" height="34" style="" /></a>
<br />
</p></div></div><div style="overflow:hidden;float: right; width: 100%; border-width: 0px; border-style: dotted solid; border-color: rgb(255, 255, 255); margin: 0px; background-color: transparent; background-image: none; background-repeat: repeat; background-position: 0px 0px;"><div style="*zoom:1;padding:0px 0px 0px 0px !important; padding:none !important;"><div class="latest_none_wrap">



		<div class="latest_none_body">
		<div class="bodyl">
				
											<div class="items">

						
												
						

						<a href="http://helloyounha.com/xe/56407#1"><span style="color:#EE2222">Younha Concert [The Secrect Garden] 5/30~6/1 &amp; 6/6~6/8 in Seoul</span></a>
												
												<span class="comment"><a href="http://helloyounha.com/xe/56407#comment"> + 1</a></span>
						
												
						</div>				
											<div class="items">

						
												
						

						<a href="http://helloyounha.com/xe/55084#0">130425 EA網游 應援曲「MVP」*Free Download*</a>
												
						
												
						</div>				
											<div class="items">

						
												
						

						<a href="http://helloyounha.com/xe/54805#3"><span style="color:#22AAEE">131023 萬張限量專輯「Subsonic」將於12/6發行 '괜찮다’11/26 先行公佈</span></a>
												
												<span class="comment"><a href="http://helloyounha.com/xe/54805#comment"> + 3</a></span>
						
												
						</div>				
											<div class="items">

						
												
						

						<a href="http://helloyounha.com/xe/54718#0"><span style="color:#22AAEE">131012 Younha Concert [26 and...] 12/27 &amp; 12/28 in Seoul</span></a>
												
						
												
						</div>				
									
		</div>
		</div>


</div></div></div><div style="overflow:hidden;float: left; width: 110px; height: 45px; border-width: 0px; border-style: solid; border-color: rgb(255, 255, 255); margin: 10px 0px 0px 12px; background-color: transparent; background-image: none; background-repeat: repeat; background-position: 0px 0px;"><div style="padding:0px 0px 0px 0px !important; padding:none !important;"><p><a href="photo2013"><img src="http://helloyounha.com/xe/layouts/HY_layout_24.0_main/images/photo.png" alt="photo.png" title="photo.png" class="iePngFix" width="97" height="34" style="" /></a>
&nbsp;<br />
</p></div></div><div style="overflow:hidden;float: left; width: 550px; height: 120px; border-width: 0px; border-style: solid; border-color: rgb(255, 255, 255); margin: 0px; background-color: transparent; background-image: none; background-repeat: repeat; background-position: 0px 0px;"><div style="*zoom:1;padding:0px 0px 0px 0px !important; padding:none !important;"><!-- 설정된 컬러셋의 종류에 따라서 css파일을 import 합니다 -->




    



<div class="freesize_imgbox">

  	<div class="bottom_mid">

    <div class="box_mid_left">

        <div class="box_mid_right">

  			<div class="bottom_left">

  			  	<div class="bottom_right">

  			  	  	<div class="top_left">

						<div class="top_right">


    

    


    <div>

        <table class="thumbnail_box">

        
        
        <tr valign="top">

            
                
            <td >

                
                <div class="thumbnail"><a href="http://helloyounha.com/xe/54143"><img src="http://helloyounha.com/xe/files/cache/thumbnails/143/054/100x100.crop.jpg" border="0" alt="" class="thumbnail" /></a></div>




                


                


                
                


            </td>

            
                
            <td >

                
                <div class="thumbnail"><a href="http://helloyounha.com/xe/53244"><img src="http://helloyounha.com/xe/files/cache/thumbnails/244/053/100x100.crop.jpg" border="0" alt="" class="thumbnail" /></a></div>




                


                


                
                


            </td>

            
                
            <td >

                
                <div class="thumbnail"><a href="http://helloyounha.com/xe/53239"><img src="http://helloyounha.com/xe/files/cache/thumbnails/239/053/100x100.crop.jpg" border="0" alt="" class="thumbnail" /></a></div>




                


                


                
                


            </td>

            
                
            <td >

                
                <div class="thumbnail"><a href="http://helloyounha.com/xe/53236"><img src="http://helloyounha.com/xe/files/cache/thumbnails/236/053/100x100.crop.jpg" border="0" alt="" class="thumbnail" /></a></div>




                


                


                
                


            </td>

            
                
            <td >

                
                <div class="thumbnail"><a href="http://helloyounha.com/xe/52196"><img src="http://helloyounha.com/xe/files/cache/thumbnails/196/052/100x100.crop.jpg" border="0" alt="" class="thumbnail" /></a></div>




                


                


                
                


            </td>

            
            
        </tr>

        
        </table>

    


    </div>

    

    </div>

	</div>

	</div>

	</div>

	</div>

    </div>    

    </div>






</div></div></div><div style="overflow:hidden;float: left; width: 110px; height: 45px; border-width: 0px; border-style: solid; border-color: rgb(255, 255, 255); margin: 10px 0px 0px 12px; background-color: transparent; background-image: none; background-repeat: repeat; background-position: 0px 0px;"><div style="padding:0px 0px 0px 0px !important; padding:none !important;"><p><a href="subworks"><img src="http://helloyounha.com/xe/layouts/HY_layout_24.0_main/images/video.png" alt="video.png" title="video.png" class="iePngFix" width="97" height="34" style="" /></a>
</p></div></div><div style="overflow:hidden;float: left; width: 550px; height: 120px; border-width: 0px; border-style: solid; border-color: rgb(255, 255, 255); margin: 0px 0px 20px; background-color: transparent; background-image: none; background-repeat: repeat; background-position: 0px 0px;"><div style="*zoom:1;padding:0px 0px 0px 0px !important; padding:none !important;"><!-- 설정된 컬러셋의 종류에 따라서 css파일을 import 합니다 -->




    



<div class="freesize_imgbox">

  	<div class="bottom_mid">

    <div class="box_mid_left">

        <div class="box_mid_right">

  			<div class="bottom_left">

  			  	<div class="bottom_right">

  			  	  	<div class="top_left">

						<div class="top_right">



    

    


    <div>

        <table class="thumbnail_box">

        
        
        <tr valign="top">

            
                
            <td >

                
                <div class="thumbnail"><a href="http://helloyounha.com/xe/55623"><img src="http://helloyounha.com/xe/files/cache/thumbnails/623/055/131x85.crop.jpg" border="0" alt="" class="thumbnail" /></a></div>



                <div class="title">

                    <a href="http://helloyounha.com/xe/55623#4">131206 MV '없...</a>

                    <strong> + 4</strong>
                </div>

                


                


                
                


            </td>

            
                
            <td >

                
                <div class="thumbnail"><a href="http://helloyounha.com/xe/55598"><img src="http://helloyounha.com/xe/files/cache/thumbnails/598/055/131x85.crop.jpg" border="0" alt="" class="thumbnail" /></a></div>



                <div class="title">

                    <a href="http://helloyounha.com/xe/55598#0">131205 MV '시...</a>

                    
                </div>

                


                


                
                


            </td>

            
                
            <td >

                
                <div class="thumbnail"><a href="http://helloyounha.com/xe/55594"><img src="http://helloyounha.com/xe/files/cache/thumbnails/594/055/131x85.crop.jpg" border="0" alt="" class="thumbnail" /></a></div>



                <div class="title">

                    <a href="http://helloyounha.com/xe/55594#3">131203 MV 'H...</a>

                    <strong> + 3</strong>
                </div>

                


                


                
                


            </td>

            
                
            <td >

                
                <div class="thumbnail"><a href="http://helloyounha.com/xe/55592"><img src="http://helloyounha.com/xe/files/cache/thumbnails/592/055/131x85.crop.jpg" border="0" alt="" class="thumbnail" /></a></div>



                <div class="title">

                    <a href="http://helloyounha.com/xe/55592#0">131126 MV '괜...</a>

                    
                </div>

                


                


                
                


            </td>

            
            
        </tr>

        
        </table>

    


    </div>

    

    </div>

	</div>

	</div>

	</div>

	</div>

    </div>    

    </div>






</div></div></div></div>

				<div class="bclear"></div>

	</div>
</div>
<div class="bclear"></div>

<div id="footer">
	<div class="logo-links">
		<div class="logo">
			<h1><a href=""><img src="/xe/layouts/HY_layout_24.0_main/images/bottomLogo.png" class="iePngFix" alt="Logo" /></a></h1> 
		</div>
       


			


		<ul class="bnb">
			            
			<li><a href="http://gallery.helloyounha.com" onclick="window.open(this.href);return false;"><img src="/xe/files/attach/menu_button/41079/41082.menu_normal_btn.png" onmouseout="this.src='/xe/files/attach/menu_button/41079/41082.menu_normal_btn.png'" alt="gallery" onmouseover="this.src='/xe/files/attach/menu_button/41079/41082.menu_hover_btn.png'" onmousedown="this.src='/xe/files/attach/menu_button/41079/41082.menu_active_btn.png'" class="iePngFix" /></a></li>
			            
			<li><a href="https://twitter.com/HelloYounha" onclick="window.open(this.href);return false;"><img src="/xe/files/attach/menu_button/41079/41083.menu_normal_btn.png" onmouseout="this.src='/xe/files/attach/menu_button/41079/41083.menu_normal_btn.png'" alt="twitter" onmouseover="this.src='/xe/files/attach/menu_button/41079/41083.menu_hover_btn.png'" onmousedown="this.src='/xe/files/attach/menu_button/41079/41083.menu_active_btn.png'" class="iePngFix" /></a></li>
			            
			<li><a href="http://weibo.com/helloyounha" onclick="window.open(this.href);return false;"><img src="/xe/files/attach/menu_button/41079/41086.menu_normal_btn.png" onmouseout="this.src='/xe/files/attach/menu_button/41079/41086.menu_normal_btn.png'" alt="weibo" onmouseover="this.src='/xe/files/attach/menu_button/41079/41086.menu_hover_btn.png'" onmousedown="this.src='/xe/files/attach/menu_button/41079/41086.menu_active_btn.png'" class="iePngFix" /></a></li>
			            
			<li><a href="http://www.youtube.com/HelloYounhaSubworks" onclick="window.open(this.href);return false;"><img src="/xe/files/attach/menu_button/41079/41088.menu_normal_btn.png" onmouseout="this.src='/xe/files/attach/menu_button/41079/41088.menu_normal_btn.png'" alt="youtube" onmouseover="this.src='/xe/files/attach/menu_button/41079/41088.menu_hover_btn.png'" onmousedown="this.src='/xe/files/attach/menu_button/41079/41088.menu_active_btn.png'" class="iePngFix" /></a></li>
			            
			<li><a href="http://u.youku.com/helloyounha" onclick="window.open(this.href);return false;"><img src="/xe/files/attach/menu_button/41079/41094.menu_normal_btn.png" onmouseout="this.src='/xe/files/attach/menu_button/41079/41094.menu_normal_btn.png'" alt="youku" onmouseover="this.src='/xe/files/attach/menu_button/41079/41094.menu_hover_btn.png'" onmousedown="this.src='/xe/files/attach/menu_button/41079/41094.menu_active_btn.png'" class="iePngFix" /></a></li>
			            
			<li><a href="http://www.tudou.com/home/HelloYounha/" onclick="window.open(this.href);return false;"><img src="/xe/files/attach/menu_button/41079/41093.menu_normal_btn.png" onmouseout="this.src='/xe/files/attach/menu_button/41079/41093.menu_normal_btn.png'" alt="tudou" onmouseover="this.src='/xe/files/attach/menu_button/41079/41093.menu_hover_btn.png'" onmousedown="this.src='/xe/files/attach/menu_button/41079/41093.menu_active_btn.png'" class="iePngFix" /></a></li>
			            <script>

/*  ================================================================================
TOC
====================================================================================
Set Up Object
Get Attribute
Page Scroller
Setup Attribute
================================================================================  */


/*  ================================================================================
Set Up Object
================================================================================  */
	
bAgent = navigator.userAgent;
bName = navigator.appName;
bPlugins = navigator.plugins;

w = window;
s = w.screen;
d = document;

usrUrl = location.href;

function sniffer(){
/* OS */
	this.Win = bAgent.indexOf("Win",0) != -1 ? 1 : 0;
	this.WinVista = bAgent.indexOf("Windows NT 6.0",0) != -1 ? 1 : 0;
	this.Mac = bAgent.indexOf("Mac",0) != -1 ? 1 : 0;
	this.MacOSX = ((bAgent.indexOf("Mozilla") != -1) && (bAgent.indexOf("Mac OS X") != -1)) ? 1 : 0;
	if(bPlugins){for(i = 0 ;i < bPlugins.length;i++){if(this.Mac && (bPlugins[i].filename.indexOf("QuickTime Plugin.plugin") != -1)){this.MacOSX = true;}}}

/* Browser */
	this.IE        = ((bAgent.indexOf("MSIE") != -1) && (bAgent.indexOf("Opera") == -1)) ? 1 : 0;
	this.NS        = ((bName == "Netscape") && (bAgent.indexOf("Opera") == -1)) ? 1 : 0;
	this.NC        = ((bName == "Netscape") && (bAgent.indexOf("Gecko") == -1) && (bAgent.indexOf("Opera") == -1)) ? 1 : 0;
	this.Gecko     = (bAgent.indexOf("Gecko") != -1) ? 1 : 0;
	this.Moz       = ((bAgent.indexOf("Gecko") != -1) && (bAgent.indexOf("Safari",0) == -1)) ? 1 : 0;
	this.OPERA     = bAgent.indexOf("Opera",0) != -1 ? 1 : 0;
	this.Firefox   = (bAgent.indexOf("Firefox") != -1) ? 1 : 0;
	this.SAFARI    = bAgent.indexOf("Safari",0) != -1 ? 1 : 0;
	this.ICAB      = bAgent.indexOf("iCab",0) != -1 ? 1 : 0;

/* Object */
/* SAFARI,Firefox,NS6+,OPERA6=4, IE5+,OPERA5,7+=3, IE4=2, NS4=1, others=0 */
	this.checkObj      = d.all ? (d.getElementById ? 3 : 2) : (d.getElementById ? 4 : (d.layers ? 1 : 0));
	this.checkObj4     = (d.getElementById && !d.all) ? 1 : 0;
	this.checkObj3     = (d.getElementById && d.all) ? 1 : 0;
	this.checkObj2     = (d.all && !d.getElementById) ? 1 : 0;
	this.checkObj1     = d.layers ? 1 : 0;
	this.allObj        = ((this.checkObj == 3) || (this.checkObj == 4));

/* Compat Mode */
	this.modeStandard  = d.compatMode == "CSS1Compat" ? 1 : 0;
	this.modeQuirks    = d.compatMode == "BackCompat" ? 1 : 0;

/* Each Browser */
	this.IE5           = (this.Win && this.IE && (bAgent.indexOf('MSIE 5.',0) != -1));
	this.IE55          = (this.Win && this.IE && (bAgent.indexOf('MSIE 5.5.',0) != -1));
	this.IE55later     = (this.Win && this.IE && (w.createPopup != -1));
	this.IE6           = (this.Win && this.IE && (bAgent.indexOf('MSIE 6.',0) != -1));
	this.IE6below      = (this.IE5 && this.IE55 && this.IE6);
	this.IE7           = (this.Win && this.IE && (bAgent.indexOf('MSIE 7.',0) != -1));

	this.WinIEs        = (this.Win && this.IE && this.modeStandard);
	this.WinIEq        = (this.Win && this.IE && this.modeQuirks);

	this.MacFirefox    = (this.Mac && this.Firefox);
	this.MacOPERA      = (this.Mac && this.OPERA);

	return this;
}
var usr = new sniffer;


/*  ================================================================================
Get Attribute
================================================================================  */
function setObj(idName){
	return d.getElementById ? d.getElementById(idName) : d.all(idName);
}

function getScreenSize(type){
	if(type == "width"){
		if(usr.allObj){
			return(window.screen.width);
		}
	}else if(type == "height"){
		if(usr.allObj){
			return(window.screen.height);
		}
	}
}

function getBrowseSize(type){
	if(type == "width"){
		if(w.innerWidth){
			return(w.innerWidth);
		}else if(usr.modeStandard && d.documentElement.clientWidth){
			return(d.documentElement.clientWidth);
		}else{
			return(d.body.clientWidth);
		}
	}else if(type == "height"){
		if(w.innerHeight){
			return(w.innerHeight);
		}else if(usr.modeStandard && d.documentElement.clientHeight){
			return(d.documentElement.clientHeight);
		}else{
			return(d.body.clientHeight);
		}
	}
}

function getBodySize(type){
	if(type == "width"){
		if(usr.allObj){
			return(d.body.scrollWidth);
		}
	}else if(type == "height"){
		if(usr.allObj){
			return(d.body.scrollHeight);
		}
	}
}

function getDocumentSize(type){
	if(type == "width"){
		if(usr.allObj){
			return(d.getElementById('container_site').offsetWidth);
		}
	}else if(type == "height"){
		if(usr.allObj){
			return(d.getElementById('container_site').offsetHeight);
		}
	}
}

function getWindowOffset(type){
	if(type == "x"){
		if(usr.SAFARI){
			return(window.pageXOffset);
		}else if((usr.checkObj == 3) && (!usr.WinIEs)){
			return(d.body.scrollLeft);
		}else if((usr.checkObj == 4) || (usr.WinIEs)){
			return(d.body.parentNode.scrollLeft);
		}
	}else if(type == "y"){
		if(usr.SAFARI){
			return(window.pageYOffset);
		}else if((usr.checkObj == 3) && (!usr.WinIEs)){
			return(d.body.scrollTop);
		}else if((usr.checkObj == 4) || (usr.WinIEs)){
			return(d.body.parentNode.scrollTop);
		}
	}
}

function getScrollRange(type){
	if(type == "x"){
		if(usr.allObj){
			return (getDocumentSize('width') - getBrowseSize('width'));
		}
	}else if(type == "y"){
		if(usr.allObj){
			return (getDocumentSize('height') - getBrowseSize('height'));
		}
	}
}

function getElementPosition(type,idName){
	var obj = setObj(idName);
	var tagCoords = new Object();
	if(type == "left"){
		if(usr.allObj){
			tagCoords.x = obj.offsetLeft;
			while((obj = obj.offsetParent) != null){
				tagCoords.x += obj.offsetLeft;
			}
		}if((tagCoords.x * 0) == 0){
			return(tagCoords.x);
		}else{
			return(idName);
		}
	}else if(type == "top"){
		if(usr.allObj){
			tagCoords.y = obj.offsetTop;
			while((obj = obj.offsetParent) != null){
				tagCoords.y += obj.offsetTop;
			}
		}if((tagCoords.y * 0) == 0){
			if(usr.Mac && usr.SAFARI){		// temp
				return(tagCoords.y + 0);
			}else{
				return(tagCoords.y);
			}
		}else{
			return(idName);
		}
	}
}

function getElementSize(type,idName){
	if(type == "width"){
		if(usr.allObj){
			return(d.getElementById(idName).clientWidth);
		}
	}else if(type == "height"){
		if(usr.allObj){
			return(d.getElementById(idName).clientHeight);
		}
	}
}


/*  ================================================================================
Page Scroller
================================================================================  */
var pageScrollTimer;
function pageScroll(toX,toY,frms,frX,frY){
	if(pageScrollTimer)clearTimeout(pageScrollTimer);
	var spd = usr.Mac?14:16;
	var actX = getWindowOffset('x');
	var actY = getWindowOffset('y');
	if(!toX || toX < 0)toX = 0;
	if(!toY || toY < 0)toY = 0;
	if(!frms)frms = (usr.Win&&usr.SAFARI)?6:(usr.Mac&&(usr.OPERA||usr.NS6))?3:usr.NS6?4:usr.NS?7:5;
	if(!frX)frX = 0 + actX;
	if(!frY)frY = 0 + actY;

	frX += (toX - actX) / frms;
	if(frX < 0)frX = 0;
	frY += (toY - actY) / frms;
	if(frY < 0)frY = 0;
	var posX = Math.ceil(frX);
	var posY = Math.ceil(frY);
	w.scrollTo(posX, posY);
	if((Math.floor(Math.abs(actX - toX)) < 1) && (Math.floor(Math.abs(actY-toY)) < 1)){
		clearTimeout(pageScrollTimer);
		w.scroll(toX,toY);
	}else if((posX != toX) || (posY != toY)){
		pageScrollTimer = setTimeout("pageScroll("+toX+","+toY+","+frms+","+frX+","+frY+")",spd);
	}else{
		clearTimeout(pageScrollTimer);
	}
}

function toAnchor(idName,longitudinalAdj,traverser){
	if(usr.allObj){
		if(!!idName){
			var anchorX = traverser ? getElementPosition('left',idName) : 0;
			var anchorY = longitudinalAdj ? getElementPosition('top',idName) - longitudinalAdj : getElementPosition('top',idName) - 0;
			var dMaxX = getScrollRange('x');
			var dMaxY = getScrollRange('y');
			if(((anchorX*0) == 0) || ((anchorY*0) == 0)){
				var setX = (anchorX < 1) ? 0 : (anchorX > dMaxX) ? dMaxX : anchorX;
				var setY = (anchorY < 1) ? 0 : (anchorY > dMaxY) ? dMaxY : anchorY;
				pageScroll(setX,setY);
			}else{
				location.hash = idName;
			}
		}else{
			pageScroll(0,0);
		}
	}else{
		!!idName ? location.hash = idName : location.hash = "top";
	}
}

var checkAnchor = usrUrl.indexOf("#",0);
var checkPageScroller = usrUrl.match("pSc");
function initializePage(){
	if(!!checkPageScroller){
		anchorId = usrUrl.substring(usrUrl.lastIndexOf("?pSc")+4,usrUrl.length);
		timerID=setTimeout("toAnchor(anchorId,13)",400);
	}
	if(!checkAnchor){
		window.scroll(0,0);
	}else return true;
}


/*  ================================================================================
Setup Attribute
================================================================================  */
function initializeScript(){
	screenSizeWidth     = getScreenSize('width');
	screenSizeHeight    = getScreenSize('height');
	browseSizeWidth     = getBrowseSize('width');
	browseSizeHeight    = getBrowseSize('height');
	bodySizeWidth       = getBodySize('width');
	bodySizeHeight      = getBodySize('height');
	documentSizeWidth   = getDocumentSize('width');
	documentSizeHeight  = getDocumentSize('height');
	windowOffsetX       = getWindowOffset('x');
	windowOffsetY       = getWindowOffset('y');
	scrollRangeX        = getScrollRange('x');
	scrollRangeY        = getScrollRange('y');
}

window.onload = function(e){
	if(usr.allObj)initializeScript();
}
window.onresize = function(e){
	if(usr.allObj)initializeScript();
}
</script>
		</ul>        
         <a class="scroll_up" href="#top" onclick="toAnchor(); return false;"><div id="footertotop"></div></a>
        
        <div id="footertotopPreload"></div>
  
		</div>			
	</div> 

		<div class="bclear"></div>
	</div>
	<div class="copyright"><strong></strong></div>
</div>

    
    <div id="waitingforserverresponse"></div>

    <script type="text/javascript" src="./addons/autolink/autolink.js"></script>
    <script type="text/javascript" src="./common/js/plugins/ui/jquery-ui.packed.js"></script>
    <script type="text/javascript" src="./common/js/plugins/ui/jquery.ui.datepicker-ko.js"></script>
    <script type="text/javascript" src="./addons/resize_image/js/resize_image.min.js"></script>
</body>
</html>
