<?xml version="1.0" encoding="UTF-8"?>
<work blockpublishmode="false" wordmode="false" showdeleted="false" syncserverpath="http://synch.vpg.com/vpagesync/" toolpath="http://carson.vpg.com/webapps/VoiceIntegrator/">
	<audio path="" duration="141767">
		<clip url="http://carson.vpg.com/datastore/cup_ebook/interchange/test//audio/Interchange4thEd_L0_video_Unit01.mp3" id="0" guid="97e5f4eb-5b4f-4336-9ec0-293edbd686b5" status="4" message="Audio Spectrogram Creation Completed Successfully" duration="141767" spectrocount="1">
			<block start="0" match="84" id="0" end="141767" deleted="false">
				<word start="0" match="6" id="0" end="3075">It</word>
				<word start="3075" match="7" id="1" end="6150">is</word>
				<word start="6150" match="11" id="2" end="7060">a</word>
				<word start="7060" match="-1" id="3" end="7670">high</word>
				<word start="7670" match="-1" id="4" end="8610">and</word>
				<word start="8610" match="12" id="5" end="8980">long</word>
				<word start="8980" match="13" id="6" end="9670">but</word>
				<word start="9670" match="14" id="7" end="9810">you</word>
				<word start="9810" match="15" id="8" end="10320">need.</word>
				<word start="10320" match="18" id="9" end="10630">I</word>
				<word start="10630" match="24" id="10" end="10960">hear</word>
				<word start="10960" match="25" id="11" end="11340">my</word>
				<word start="11340" match="26" id="12" end="11640">friends</word>
				<word start="11640" match="27" id="13" end="11950">calling</word>
				<word start="11950" match="-1" id="14" end="12855">key</word>
				<word start="12855" match="-1" id="15" end="13140">I</word>
				<word start="13140" match="-1" id="16" end="13460">think.</word>
				<word start="13460" match="-1" id="17" end="13630">I</word>
				<word start="13630" match="28" id="18" end="13850">mean</word>
				<word start="13850" match="30" id="19" end="14660">not</word>
				<word start="14660" match="31" id="20" end="14890">in</word>
				<word start="14890" match="33" id="21" end="16160">it</word>
				<word start="16160" match="-1" id="22" end="17150">and</word>
				<word start="17150" match="34" id="23" end="17550">night</word>
				<word start="17550" match="35" id="24" end="17670">and</word>
				<word start="17670" match="36" id="25" end="17990">eat</word>
				<word start="17990" match="38" id="26" end="18180">it.</word>
				<word start="18180" match="39" id="27" end="18670">It&apos;s</word>
				<word start="18670" match="40" id="28" end="18940">nice</word>
				<word start="18940" match="41" id="29" end="18980">to</word>
				<word start="18980" match="42" id="30" end="19320">me</word>
				<word start="19320" match="44" id="31" end="19460">to</word>
				<word start="19460" match="45" id="32" end="20810">use</word>
				<word start="20810" match="48" id="33" end="21150">it</word>
				<word start="21150" match="50" id="34" end="21340">here</word>
				<word start="21340" match="52" id="35" end="22140">yes</word>
				<word start="22140" match="54" id="36" end="22540">and</word>
				<word start="22540" match="55" id="37" end="23060">my</word>
				<word start="23060" match="56" id="38" end="23510">classes</word>
				<word start="23510" match="58" id="39" end="23620">at</word>
				<word start="23620" match="59" id="40" end="23820">nine</word>
				<word start="23820" match="60" id="41" end="24420">o&apos;clock</word>
				<word start="24420" match="61" id="42" end="24660">with</word>
				<word start="24660" match="62" id="43" end="26290">newness</word>
				<word start="26290" match="63" id="44" end="27140">healer</word>
				<word start="27140" match="64" id="45" end="27540">and</word>
				<word start="27540" match="66" id="46" end="27960">can&apos;t</word>
				<word start="27960" match="67" id="47" end="28880">see</word>
				<word start="28880" match="68" id="48" end="29140">my</word>
				<word start="29140" match="69" id="49" end="29350">key</word>
				<word start="29350" match="-1" id="50" end="29510">is</word>
				<word start="29510" match="70" id="51" end="30670">you&apos;re</word>
				<word start="30670" match="71" id="52" end="30800">right</word>
				<word start="30800" match="74" id="53" end="31800">it</word>
				<word start="31800" match="75" id="54" end="32220">created</word>
				<word start="32220" match="76" id="55" end="33090">when</word>
				<word start="33090" match="77" id="56" end="33430">there</word>
				<word start="33430" match="78" id="57" end="33620">is</word>
				<word start="33620" match="79" id="58" end="33820">i&apos;m</word>
				<word start="33820" match="80" id="59" end="34150">glad</word>
				<word start="34150" match="82" id="60" end="35260">it&apos;s</word>
				<word start="35260" match="83" id="61" end="35580">over</word>
				<word start="35580" match="84" id="62" end="36250">there.</word>
				<word start="36250" match="86" id="63" end="59005">i&apos;m</word>
				<word start="59005" match="87" id="64" end="61000">peter</word>
				<word start="61000" match="88" id="65" end="61770">peter</word>
				<word start="61770" match="90" id="66" end="62050">crime</word>
				<word start="62050" match="92" id="67" end="62510">I</word>
				<word start="62510" match="93" id="68" end="62650">mean</word>
				<word start="62650" match="94" id="69" end="62780">your</word>
				<word start="62780" match="95" id="70" end="63240">class</word>
				<word start="63240" match="96" id="71" end="63680">high</word>
				<word start="63680" match="98" id="72" end="63960">heat</word>
				<word start="63960" match="99" id="73" end="64150">and</word>
				<word start="64150" match="100" id="74" end="64550">nice</word>
				<word start="64550" match="101" id="75" end="64630">to</word>
				<word start="64630" match="102" id="76" end="64840">meet</word>
				<word start="64840" match="103" id="77" end="64980">you</word>
				<word start="64980" match="104" id="78" end="66300">and</word>
				<word start="66300" match="105" id="79" end="66530">what&apos;s</word>
				<word start="66530" match="107" id="80" end="67000">happening</word>
				<word start="67000" match="109" id="81" end="67650">i&apos;m</word>
				<word start="67650" match="110" id="82" end="68220">molly</word>
				<word start="68220" match="111" id="83" end="68484">and</word>
				<word start="68484" match="112" id="84" end="68660">in</word>
				<word start="68660" match="113" id="85" end="68730">a</word>
				<word start="68730" match="114" id="86" end="69140">class</word>
				<word start="69140" match="115" id="87" end="69520">ticket</word>
				<word start="69520" match="116" id="88" end="70180">and</word>
				<word start="70180" match="117" id="89" end="70400">a</word>
				<word start="70400" match="119" id="90" end="70920">highly</word>
				<word start="70920" match="120" id="91" end="71840">tom</word>
				<word start="71840" match="122" id="92" end="72410">is</word>
				<word start="72410" match="123" id="93" end="72710">that</word>
				<word start="72710" match="-1" id="94" end="73200">each</word>
				<word start="73200" match="124" id="95" end="73790">school</word>
				<word start="73790" match="-1" id="96" end="74630">and</word>
				<word start="74630" match="125" id="97" end="74975">why</word>
				<word start="74975" match="126" id="98" end="75400">now</word>
				<word start="75400" match="127" id="99" end="75510">in</word>
				<word start="75510" match="128" id="100" end="76220">bali</word>
				<word start="76220" match="129" id="101" end="78000">and</word>
				<word start="78000" match="130" id="102" end="78840">why</word>
				<word start="78840" match="131" id="103" end="79460">and</word>
				<word start="79460" match="132" id="104" end="79950">local</word>
				<word start="79950" match="-1" id="105" end="81000">and</word>
				<word start="81000" match="-1" id="106" end="81030">a</word>
				<word start="81030" match="133" id="107" end="81680">motley</word>
				<word start="81680" match="134" id="108" end="82290">and.</word>
				<word start="82290" match="135" id="109" end="84510">It&apos;s</word>
				<word start="84510" match="136" id="110" end="84610">your</word>
				<word start="84610" match="137" id="111" end="84920">last</word>
				<word start="84920" match="138" id="112" end="85270">name</word>
				<word start="85270" match="139" id="113" end="85530">me</word>
				<word start="85530" match="140" id="114" end="86210">me</word>
				<word start="86210" match="142" id="115" end="86860">al</word>
				<word start="86860" match="144" id="116" end="87320">I.</word>
				<word start="87320" match="-1" id="117" end="91090">You</word>
				<word start="91090" match="145" id="118" end="91380">derek</word>
				<word start="91380" match="146" id="119" end="91880">brown</word>
				<word start="91880" match="147" id="120" end="92240">and</word>
				<word start="92240" match="148" id="121" end="92630">not</word>
				<word start="92630" match="150" id="122" end="93060">me</word>
				<word start="93060" match="-1" id="123" end="94505">man.</word>
				<word start="94505" match="151" id="124" end="95070">I&apos;ll</word>
				<word start="95070" match="153" id="125" end="95480">wait</word>
				<word start="95480" match="154" id="126" end="96100">a</word>
				<word start="96100" match="155" id="127" end="97020">excuse</word>
				<word start="97020" match="156" id="128" end="97240">me</word>
				<word start="97240" match="157" id="129" end="97760">or</word>
				<word start="97760" match="158" id="130" end="97980">you</word>
				<word start="97980" match="160" id="131" end="98240">miss</word>
				<word start="98240" match="161" id="132" end="98780">taylor.</word>
				<word start="98780" match="163" id="133" end="100500">Capone</word>
				<word start="100500" match="164" id="134" end="100990">no</word>
				<word start="100990" match="165" id="135" end="101210">i&apos;m</word>
				<word start="101210" match="166" id="136" end="101590">not.</word>
				<word start="101590" match="168" id="137" end="103120">And</word>
				<word start="103120" match="169" id="138" end="103730">businessmen</word>
				<word start="103730" match="170" id="139" end="104820">if</word>
				<word start="104820" match="171" id="140" end="105250">terror</word>
				<word start="105250" match="172" id="141" end="105500">isn&apos;t</word>
				<word start="105500" match="174" id="142" end="105780">room</word>
				<word start="105780" match="178" id="143" end="106180">to</word>
				<word start="106180" match="179" id="144" end="106420">oh</word>
				<word start="106420" match="180" id="145" end="106910">three</word>
				<word start="106910" match="181" id="146" end="107290">oh</word>
				<word start="107290" match="182" id="147" end="107430">with</word>
				<word start="107430" match="184" id="148" end="107650">a</word>
				<word start="107650" match="186" id="149" end="108530">ho</word>
				<word start="108530" match="187" id="150" end="109300">thinks</word>
				<word start="109300" match="188" id="151" end="109810">it</word>
				<word start="109810" match="191" id="152" end="110130">happened</word>
				<word start="110130" match="192" id="153" end="110825">and</word>
				<word start="110825" match="193" id="154" end="111070">the</word>
				<word start="111070" match="-1" id="155" end="111380">black</word>
				<word start="111380" match="-1" id="156" end="112160">I.</word>
				<word start="112160" match="194" id="157" end="116320">The</word>
				<word start="116320" match="195" id="158" end="118400">And</word>
				<word start="118400" match="197" id="159" end="119140">kayla</word>
				<word start="119140" match="198" id="160" end="119750">and</word>
				<word start="119750" match="200" id="161" end="120150">i&apos;m</word>
				<word start="120150" match="201" id="162" end="120540">volume</word>
				<word start="120540" match="202" id="163" end="121550">and</word>
				<word start="121550" match="207" id="164" end="121820">nice</word>
				<word start="121820" match="208" id="165" end="121930">to</word>
				<word start="121930" match="209" id="166" end="122100">meet</word>
				<word start="122100" match="210" id="167" end="122530">ian</word>
				<word start="122530" match="212" id="168" end="124130">you</word>
				<word start="124130" match="213" id="169" end="124270">are</word>
				<word start="124270" match="214" id="170" end="124820">what</word>
				<word start="124820" match="215" id="171" end="124900">the</word>
				<word start="124900" match="216" id="172" end="125280">molly</word>
				<word start="125280" match="217" id="173" end="125860">and</word>
				<word start="125860" match="218" id="174" end="126420">I</word>
				<word start="126420" match="221" id="175" end="126760">i&apos;m</word>
				<word start="126760" match="222" id="176" end="127090">peter</word>
				<word start="127090" match="223" id="177" end="127700">peter</word>
				<word start="127700" match="229" id="178" end="128890">crew</word>
				<word start="128890" match="230" id="179" end="130960">there</word>
				<word start="130960" match="232" id="180" end="131800">are</word>
				<word start="131800" match="233" id="181" end="132210">competing</word>
				<word start="132210" match="234" id="182" end="132310">at</word>
				<word start="132310" match="235" id="183" end="133370">ok</word>
				<word start="133370" match="236" id="184" end="134080">let&apos;s</word>
				<word start="134080" match="237" id="185" end="134350">begin</word>
				<word start="134350" match="238" id="186" end="134680">but.</word>
				<word start="134680" match="-1" id="187" end="141767">It</word>
			</block>
		</clip>
	</audio>
	<text>
		<flow yMin="97.55" xMin="79.9" id="0">
			<block match="0" id="84" start="5175" end="141767" deleted="false">
				<word yMin="97.3" yMax="111.3" xMin="99.7" xMax="165.7" end="5379" start="5175" match="-1" id="0">&lt;b&gt;Molly:&lt;/b&gt;</word>
				<word yMin="97.3" yMax="111.3" xMin="168.2" xMax="198.5" end="5957" start="5379" match="-1" id="1">Excuse</word>
				<word yMin="97.3" yMax="111.3" xMin="201" xMax="218" end="6220.75" start="5957" match="-1" id="2" endofsentence="true">me.&amp;hellip;</word>
				<word yMin="97.3" yMax="111.3" xMin="236.2" xMax="254.9" end="6530" start="6296" match="-1" id="4">Um,</word>
				<word yMin="97.3" yMax="111.3" xMin="257.3" xMax="282.2" end="7355" start="6530" match="-1" id="5" endofsentence="true">hello.</word>
				<word yMin="122.7" yMax="136.7" xMin="99.7" xMax="164.6" end="7430" start="7355" match="0" id="6">&lt;b&gt;Peter:&lt;/b&gt;</word>
				<word yMin="122.7" yMax="136.7" xMin="167.1" xMax="180.1" end="7904" start="7430" match="1" id="7" endofsentence="true">Hi!</word>
				<word yMin="148.1" yMax="162.2" xMin="99.7" xMax="165.7" end="8120" start="7904" match="-1" id="8">&lt;b&gt;Molly:&lt;/b&gt;</word>
				<word yMin="148.1" yMax="162.2" xMin="168.1" xMax="182.6" end="8196" start="8120" match="-1" id="9">My</word>
				<word yMin="148.1" yMax="162.2" xMin="185.1" xMax="210.3" end="8271" start="8196" match="-1" id="10">name</word>
				<word yMin="148.1" yMax="162.2" xMin="212.8" xMax="219.7" end="8515" start="8271" match="2" id="11">is</word>
				<word yMin="148.1" yMax="162.2" xMin="222.1" xMax="250.2" end="9430" start="8515" match="5" id="12" endofsentence="true">Molly.</word>
				<word yMin="148.1" yMax="162.2" xMin="252.7" xMax="284" end="9670" start="9430" match="6" id="13">What&apos;s</word>
				<word yMin="148.1" yMax="162.2" xMin="286.4" xMax="306.8" end="9810" start="9670" match="7" id="14">your</word>
				<word yMin="148.1" yMax="162.2" xMin="309.3" xMax="339.6" end="10274" start="9810" match="8" id="15" endofsentence="true">name?</word>
				<word yMin="173.6" yMax="187.6" xMin="99.7" xMax="164.6" end="10349" start="10274" match="-1" id="16">&lt;b&gt;Peter:&lt;/b&gt;</word>
				<word yMin="173.6" yMax="187.6" xMin="167.1" xMax="181" end="10673" start="10349" match="-1" id="17">I&apos;m</word>
				<word yMin="173.6" yMax="187.6" xMin="183.6" xMax="210.5" end="11133" start="10673" match="9" id="18" endofsentence="true">Peter.</word>
				<word yMin="173.6" yMax="187.6" xMin="213" xMax="227.3" end="11208" start="11133" match="-1" id="19">My</word>
				<word yMin="173.6" yMax="187.6" xMin="229.9" xMax="260.9" end="11284" start="11208" match="-1" id="20">friends</word>
				<word yMin="173.6" yMax="187.6" xMin="263.3" xMax="278.3" end="11359" start="11284" match="-1" id="21">call</word>
				<word yMin="173.6" yMax="187.6" xMin="280.7" xMax="295.1" end="11945" start="11359" match="-1" id="22">me</word>
				<word yMin="173.6" yMax="187.6" xMin="297.5" xMax="320.7" end="12816" start="11945" match="-1" id="23" endofsentence="true">Pete.</word>
				<word yMin="199" yMax="213.1" xMin="99.7" xMax="165.7" end="13119" start="12816" match="10" id="24">&lt;b&gt;Molly:&lt;/b&gt;</word>
				<word yMin="199" yMax="213.1" xMin="168.1" xMax="182.6" end="13194" start="13119" match="11" id="25">My</word>
				<word yMin="199" yMax="213.1" xMin="185" xMax="216.1" end="13270" start="13194" match="12" id="26">friends</word>
				<word yMin="199" yMax="213.1" xMin="218.5" xMax="233.5" end="13630" start="13270" match="13" id="27">call</word>
				<word yMin="199" yMax="213.1" xMin="236" xMax="250.2" end="16394" start="13630" match="18" id="28">me&amp;hellip;Molly.</word>
				<word yMin="199" yMax="213.1" xMin="299.1" xMax="311.2" end="16744" start="16394" match="20" id="31">Hi,</word>
				<word yMin="199" yMax="213.1" xMin="313.6" xMax="336.8" end="17080" start="16744" match="-1" id="32" endofsentence="true">Pete.</word>
				<word yMin="199" yMax="213.1" xMin="339.2" xMax="352.4" end="17155" start="17080" match="21" id="33">It&apos;s</word>
				<word yMin="199" yMax="213.1" xMin="354.9" xMax="373.3" end="17550" start="17155" match="23" id="34">nice</word>
				<word yMin="199" yMax="213.1" xMin="375.9" xMax="385.3" end="17670" start="17550" match="24" id="35">to</word>
				<word yMin="199" yMax="213.1" xMin="387.7" xMax="411.2" end="17840" start="17670" match="25" id="36">meet</word>
				<word yMin="199" yMax="213.1" xMin="413.7" xMax="433" end="18370" start="17840" match="-1" id="37" endofsentence="true">you.</word>
				<word yMin="224.5" yMax="238.5" xMin="99.7" xMax="164.6" end="18594" start="18370" match="26" id="38">&lt;b&gt;Peter:&lt;/b&gt;</word>
				<word yMin="224.5" yMax="238.5" xMin="167.1" xMax="180.3" end="18670" start="18594" match="27" id="39">It&apos;s</word>
				<word yMin="224.5" yMax="238.5" xMin="182.7" xMax="201.2" end="18940" start="18670" match="28" id="40">nice</word>
				<word yMin="224.5" yMax="238.5" xMin="203.7" xMax="213.1" end="18980" start="18940" match="29" id="41">to</word>
				<word yMin="224.5" yMax="238.5" xMin="215.6" xMax="239.1" end="19140" start="18980" match="30" id="42">meet</word>
				<word yMin="224.5" yMax="238.5" xMin="241.5" xMax="261" end="19300" start="19140" match="-1" id="43">you,</word>
				<word yMin="224.5" yMax="238.5" xMin="263.4" xMax="281.5" end="20153" start="19300" match="31" id="44" endofsentence="true">too.</word>
				<word yMin="249.9" yMax="263.9" xMin="99.7" xMax="165.7" end="20228" start="20153" match="32" id="45">&lt;b&gt;Molly:&lt;/b&gt;</word>
				<word yMin="249.9" yMax="263.9" xMin="168.2" xMax="183.9" end="20304" start="20228" match="-1" id="46">Are</word>
				<word yMin="249.9" yMax="263.9" xMin="186.3" xMax="202.9" end="20726" start="20304" match="-1" id="47">you</word>
				<word yMin="249.9" yMax="263.9" xMin="205.4" xMax="210.7" end="20930" start="20726" match="33" id="48">a</word>
				<word yMin="249.9" yMax="263.9" xMin="213.1" xMax="247.5" end="21134" start="20930" match="-1" id="49">student</word>
				<word yMin="249.9" yMax="263.9" xMin="250" xMax="275.7" end="21728" start="21134" match="34" id="50" endofsentence="true">here?</word>
				<word yMin="275.3" yMax="289.4" xMin="99.7" xMax="164.6" end="21804" start="21728" match="-1" id="51">&lt;b&gt;Peter:&lt;/b&gt;</word>
				<word yMin="275.3" yMax="289.4" xMin="167.1" xMax="185" end="22049" start="21804" match="35" id="52">Yes,</word>
				<word yMin="275.3" yMax="289.4" xMin="187.5" xMax="190.3" end="22294" start="22049" match="-1" id="53">I</word>
				<word yMin="275.3" yMax="289.4" xMin="192.7" xMax="209.6" end="22805" start="22294" match="36" id="54" endofsentence="true">am.</word>
				<word yMin="275.3" yMax="289.4" xMin="212" xMax="226.3" end="23060" start="22805" match="37" id="55">My</word>
				<word yMin="275.3" yMax="289.4" xMin="228.9" xMax="250" end="23246" start="23060" match="38" id="56">class</word>
				<word yMin="275.3" yMax="289.4" xMin="252.4" xMax="259.2" end="23432" start="23246" match="-1" id="57">is</word>
				<word yMin="275.3" yMax="289.4" xMin="261.8" xMax="270.7" end="23620" start="23432" match="39" id="58">at</word>
				<word yMin="275.3" yMax="289.4" xMin="273.1" xMax="292.7" end="23820" start="23620" match="40" id="59">nine</word>
				<word yMin="275.3" yMax="289.4" xMin="295.1" xMax="326" end="24420" start="23820" match="41" id="60">o&apos;clock</word>
				<word yMin="275.3" yMax="289.4" xMin="328.5" xMax="348.3" end="24660" start="24420" match="42" id="61">with</word>
				<word yMin="275.3" yMax="289.4" xMin="350.8" xMax="371.4" end="26290" start="24660" match="43" id="62">Miss</word>
				<word yMin="275.3" yMax="289.4" xMin="373.8" xMax="404.4" end="27275" start="26290" match="44" id="63" endofsentence="true">Taylor.</word>
				<word yMin="300.8" yMax="314.8" xMin="99.7" xMax="165.7" end="27413" start="27275" match="45" id="64">&lt;b&gt;Molly:&lt;/b&gt;</word>
				<word yMin="300.8" yMax="314.8" xMin="168.1" xMax="188.7" end="27686" start="27413" match="-1" id="65">Miss</word>
				<word yMin="300.8" yMax="314.8" xMin="191.1" xMax="223.9" end="28540" start="27686" match="46" id="66" endofsentence="true">Taylor?</word>
				<word yMin="300.8" yMax="314.8" xMin="226.5" xMax="249.5" end="28880" start="28540" match="47" id="67">She&apos;s</word>
				<word yMin="300.8" yMax="314.8" xMin="251.9" xMax="265.8" end="29140" start="28880" match="48" id="68">my</word>
				<word yMin="300.8" yMax="314.8" xMin="268.2" xMax="305.2" end="30270" start="29140" match="49" id="69" endofsentence="true">teacher.</word>
				<word yMin="300.8" yMax="314.8" xMin="307.7" xMax="336.4" end="30670" start="30270" match="51" id="70">You&apos;re</word>
				<word yMin="300.8" yMax="314.8" xMin="338.9" xMax="347.1" end="30767" start="30670" match="52" id="71">in</word>
				<word yMin="300.8" yMax="314.8" xMin="349.6" xMax="363.5" end="30857.25" start="30767" match="-1" id="72">my</word>
				<word yMin="300.8" yMax="314.8" xMin="365.9" xMax="389.8" end="31725" start="30857.25" match="-1" id="73" endofsentence="true">class.</word>
				<word yMin="326.2" yMax="340.2" xMin="99.7" xMax="164.6" end="31800" start="31725" match="53" id="74">&lt;b&gt;Peter:&lt;/b&gt;</word>
				<word yMin="326.2" yMax="340.2" xMin="167.1" xMax="195.9" end="32815" start="31800" match="54" id="75" endofsentence="true">Great!</word>
				<word yMin="351.6" yMax="365.7" xMin="99.7" xMax="165.7" end="33090" start="32815" match="55" id="76">&lt;b&gt;Molly:&lt;/b&gt;</word>
				<word yMin="351.6" yMax="365.7" xMin="168.1" xMax="198.5" end="33430" start="33090" match="56" id="77">Where</word>
				<word yMin="351.6" yMax="365.7" xMin="201.1" xMax="207.8" end="33620" start="33430" match="57" id="78">is</word>
				<word yMin="351.6" yMax="365.7" xMin="210.3" xMax="225.7" end="33820" start="33620" match="58" id="79">our</word>
				<word yMin="351.6" yMax="365.7" xMin="228.2" xMax="254.4" end="34660" start="33820" match="59" id="80" endofsentence="true">class?</word>
				<word yMin="377.1" yMax="391.1" xMin="99.7" xMax="164.6" end="34780" start="34660" match="-1" id="81">&lt;b&gt;Peter:&lt;/b&gt;</word>
				<word yMin="377.1" yMax="391.1" xMin="167.1" xMax="180.3" end="35260" start="34780" match="60" id="82">It&apos;s</word>
				<word yMin="377.1" yMax="391.1" xMin="182.7" xMax="202.9" end="35580" start="35260" match="61" id="83">over</word>
				<word yMin="377.1" yMax="391.1" xMin="205.3" xMax="232.3" end="59263" start="35580" match="62" id="84" endofsentence="true">there.&lt;br /&gt;</word>
				<word yMin="402.5" yMax="416.5" xMin="99.7" xMax="164.6" end="59924" start="59263" match="-1" id="85">&lt;b&gt;Peter:&lt;/b&gt;</word>
				<word yMin="402.5" yMax="416.5" xMin="167.1" xMax="179.3" end="60245" start="59924" match="63" id="86" endofsentence="true">Hi.</word>
				<word yMin="402.5" yMax="416.5" xMin="181.8" xMax="196" end="61000" start="60245" match="64" id="87">I’m</word>
				<word yMin="402.5" yMax="416.5" xMin="198.4" xMax="222.6" end="61395" start="61000" match="65" id="88">Peter</word>
				<word yMin="402.1" yMax="415.18042" xMin="221.3" xMax="233.89783" end="61520" start="61395" match="-1" id="89">-</word>
				<word yMin="402.5" yMax="416.5" xMin="233" xMax="257.3" end="61795" start="61520" match="66" id="90">Peter</word>
				<word yMin="402.5" yMax="416.5" xMin="259.8" xMax="286.7" end="62295" start="61795" match="-1" id="91" endofsentence="true">Krum.</word>
				<word yMin="402.5" yMax="416.5" xMin="289.2" xMax="303.4" end="62510" start="62295" match="67" id="92">I’m</word>
				<word yMin="402.5" yMax="416.5" xMin="306" xMax="314.3" end="62650" start="62510" match="68" id="93">in</word>
				<word yMin="402.5" yMax="416.5" xMin="316.6" xMax="337.2" end="62840" start="62650" match="69" id="94">your</word>
				<word yMin="402.5" yMax="416.5" xMin="339.4" xMax="363.3" end="63240" start="62840" match="70" id="95" endofsentence="true">class.</word>
				<word yMin="427.9" yMax="442" xMin="99.7" xMax="136.9" end="63480" start="63240" match="71" id="96" endofsentence="false">&lt;b&gt;Mrs.</word>
				<word yMin="427.9" yMax="442" xMin="139.4" xMax="189.1" end="63720" start="63480" match="-1" id="97">Smith:&lt;/b&gt;</word>
				<word yMin="427.9" yMax="442" xMin="191.6" xMax="203.7" end="63795.25" start="63720" match="72" id="98">Hi,</word>
				<word yMin="427.9" yMax="442" xMin="206.1" xMax="233" end="64225" start="63795.25" match="73" id="99" endofsentence="true">Peter.</word>
				<word yMin="427.9" yMax="442" xMin="235.5" xMax="255.3" end="64550" start="64225" match="74" id="100">Nice</word>
				<word yMin="427.9" yMax="442" xMin="257.7" xMax="267.2" end="64630" start="64550" match="75" id="101">to</word>
				<word yMin="427.9" yMax="442" xMin="269.7" xMax="293.2" end="64840" start="64630" match="76" id="102">meet</word>
				<word yMin="427.9" yMax="442" xMin="295.6" xMax="315" end="65785" start="64840" match="77" id="103" endofsentence="true">you.</word>
				<word yMin="427.9" yMax="442" xMin="317.5" xMax="343.4" end="66300" start="65785" match="78" id="104" endofsentence="true">Hello.</word>
				<word yMin="427.9" yMax="442" xMin="345.9" xMax="377.2" end="66533" start="66300" match="79" id="105">What&apos;s</word>
				<word yMin="427.9" yMax="442" xMin="379.6" xMax="400.1" end="66766" start="66533" match="-1" id="106">your</word>
				<word yMin="427.9" yMax="442" xMin="402.7" xMax="433" end="67279" start="66766" match="80" id="107" endofsentence="true">name?</word>
				<word yMin="453.4" yMax="467.4" xMin="99.7" xMax="165.7" end="67354" start="67279" match="-1" id="108">&lt;b&gt;Molly:&lt;/b&gt;</word>
				<word yMin="453.4" yMax="467.4" xMin="168.2" xMax="182.1" end="67650" start="67354" match="81" id="109">I&apos;m</word>
				<word yMin="453.4" yMax="467.4" xMin="184.6" xMax="212.6" end="68345" start="67650" match="82" id="110" endofsentence="true">Molly.</word>
				<word yMin="453.4" yMax="467.4" xMin="215.1" xMax="229.1" end="68484" start="68345" match="83" id="111">I&apos;m</word>
				<word yMin="453.4" yMax="467.4" xMin="231.7" xMax="240" end="68660" start="68484" match="84" id="112">in</word>
				<word yMin="453.4" yMax="467.4" xMin="242.3" xMax="262.9" end="68730" start="68660" match="85" id="113">your</word>
				<word yMin="453.4" yMax="467.4" xMin="265.3" xMax="289.1" end="69140" start="68730" match="86" id="114">class,</word>
				<word yMin="453.4" yMax="467.4" xMin="291.5" xMax="309.7" end="69995" start="69140" match="87" id="115" endofsentence="true">too.</word>
				<word yMin="478.8" yMax="492.9" xMin="99.7" xMax="136.9" end="70180" start="69995" match="88" id="116" endofsentence="false">&lt;b&gt;Mrs.</word>
				<word yMin="478.8" yMax="492.9" xMin="139.4" xMax="189.1" end="70426" start="70180" match="89" id="117">Smith:&lt;/b&gt;</word>
				<word yMin="478.8" yMax="492.9" xMin="191.6" xMax="217.5" end="70672" start="70426" match="-1" id="118">Hello,</word>
				<word yMin="478.8" yMax="492.9" xMin="219.9" xMax="245.5" end="71220" start="70672" match="90" id="119" endofsentence="true">Holly.</word>
				<word yMin="478.8" yMax="492.9" xMin="248" xMax="263.8" end="72410" start="71220" match="91" id="120">Um&amp;hellip;is</word>
				<word yMin="478.8" yMax="492.9" xMin="291.4" xMax="309.8" end="72710" start="72410" match="93" id="123">that</word>
				<word yMin="478.8" yMax="492.9" xMin="312.3" xMax="359.7" end="74984.75" start="72710" match="95" id="124" endofsentence="true">H-O-L-L-Y?</word>
				<word yMin="504.3" yMax="518.3" xMin="99.7" xMax="165.7" end="75060" start="74984.75" match="97" id="125">&lt;b&gt;Molly:&lt;/b&gt;</word>
				<word yMin="504.3" yMax="518.3" xMin="168.2" xMax="183.8" end="75400" start="75060" match="98" id="126">No,</word>
				<word yMin="504.3" yMax="518.3" xMin="186.3" xMax="199.3" end="75690" start="75400" match="99" id="127">it&apos;s</word>
				<word yMin="504.3" yMax="518.3" xMin="201.7" xMax="229.8" end="76485" start="75690" match="100" id="128">Molly:</word>
				<word yMin="504.3" yMax="518.3" xMin="232.3" xMax="279.9" end="79020" start="76485" match="101" id="129" endofsentence="true">M-O-L-L-Y.</word>
				<word yMin="529.7" yMax="543.7" xMin="99.7" xMax="136.9" end="79190" start="79020" match="102" id="130" endofsentence="false">&lt;b&gt;Mrs.</word>
				<word yMin="529.7" yMax="543.7" xMin="139.4" xMax="189" end="79460" start="79190" match="103" id="131">Smith:&lt;/b&gt;</word>
				<word yMin="529.7" yMax="543.7" xMin="191.5" xMax="239.1" end="81105" start="79460" match="104" id="132" endofsentence="true">M-O-L-L-Y.</word>
				<word yMin="529.7" yMax="543.7" xMin="241.6" xMax="269.7" end="81985" start="81105" match="107" id="133" endofsentence="true">Molly.</word>
				<word yMin="529.7" yMax="543.7" xMin="272.1" xMax="299.3" end="84000" start="81985" match="108" id="134" endofsentence="true">Hmm.</word>
				<word yMin="529.7" yMax="543.7" xMin="301.7" xMax="333" end="84510" start="84000" match="109" id="135">What&apos;s</word>
				<word yMin="529.7" yMax="543.7" xMin="335.4" xMax="355.8" end="84610" start="84510" match="110" id="136">your</word>
				<word yMin="529.7" yMax="543.7" xMin="358.3" xMax="374.1" end="84920" start="84610" match="111" id="137">last</word>
				<word yMin="529.7" yMax="543.7" xMin="376.6" xMax="404.6" end="85270" start="84920" match="112" id="138">name,</word>
				<word yMin="529.7" yMax="543.7" xMin="407" xMax="437.5" end="85645" start="85270" match="113" id="139" endofsentence="true">Molly?</word>
				<word yMin="555.1" yMax="569.2" xMin="99.7" xMax="165.6" end="85720" start="85645" match="114" id="140">&lt;b&gt;Molly:&lt;/b&gt;</word>
				<word yMin="555.1" yMax="569.2" xMin="168.1" xMax="183.8" end="86416" start="85720" match="-1" id="141" endofsentence="true">Lin.</word>
				<word yMin="555.1" yMax="569.2" xMin="186.3" xMax="210.3" end="90539" start="86416" match="115" id="142" endofsentence="true">L-I-N.</word>
				<word yMin="580.6" yMax="594.6" xMin="99.6" xMax="136.9" end="90702" start="90539" match="-1" id="143" endofsentence="false">&lt;b&gt;Mrs.</word>
				<word yMin="580.6" yMax="594.6" xMin="139.4" xMax="189" end="91090" start="90702" match="116" id="144">Smith:&lt;/b&gt;</word>
				<word yMin="580.6" yMax="594.6" xMin="191.4" xMax="215.7" end="91380" start="91090" match="118" id="145">Peter</word>
				<word yMin="580.6" yMax="594.6" xMin="218.1" xMax="242.3" end="91880" start="91380" match="119" id="146">Krum</word>
				<word yMin="580.6" yMax="594.6" xMin="244.8" xMax="261.7" end="92240" start="91880" match="120" id="147">and</word>
				<word yMin="580.6" yMax="594.6" xMin="264" xMax="289.3" end="92995" start="92240" match="121" id="148">Molly</word>
				<word yMin="580.6" yMax="594.6" xMin="291.7" xMax="307.5" end="94429" start="92995" match="-1" id="149" endofsentence="true">Lin.</word>
				<word yMin="606" yMax="620" xMin="99.6" xMax="164.5" end="94505" start="94429" match="122" id="150">&lt;b&gt;Peter:&lt;/b&gt;</word>
				<word yMin="606" yMax="620" xMin="167.1" xMax="180" end="95880" start="94505" match="124" id="151" endofsentence="true">Uh&amp;hellip;wait.&amp;hellip;</word>
				<word yMin="606" yMax="620" xMin="238.6" xMax="268.9" end="97020" start="96395" match="127" id="155">Excuse</word>
				<word yMin="606" yMax="620" xMin="271.3" xMax="288.5" end="97475" start="97020" match="128" id="156" endofsentence="true">me.&amp;hellip;</word>
				<word yMin="606" yMax="620" xMin="306.7" xMax="322.4" end="97920" start="97760" match="130" id="158">Are</word>
				<word yMin="606" yMax="620" xMin="324.8" xMax="341.4" end="98080" start="97920" match="-1" id="159">you</word>
				<word yMin="606" yMax="620" xMin="343.9" xMax="364.5" end="98240" start="98080" match="131" id="160">Miss</word>
				<word yMin="606" yMax="620" xMin="366.9" xMax="399.8" end="99583" start="98240" match="132" id="161" endofsentence="true">Taylor?</word>
				<word yMin="631.4" yMax="645.5" xMin="99.6" xMax="136.9" end="99746" start="99583" match="-1" id="162" endofsentence="false">&lt;b&gt;Mrs.</word>
				<word yMin="631.4" yMax="645.5" xMin="139.4" xMax="189" end="100500" start="99746" match="133" id="163">Smith:&lt;/b&gt;</word>
				<word yMin="631.4" yMax="645.5" xMin="191.6" xMax="207.2" end="100990" start="100500" match="134" id="164">No,</word>
				<word yMin="631.4" yMax="645.5" xMin="209.7" xMax="223.5" end="101210" start="100990" match="135" id="165">I&apos;m</word>
				<word yMin="631.4" yMax="645.5" xMin="226.1" xMax="244.1" end="102696" start="101210" match="136" id="166" endofsentence="true">not.</word>
				<word yMin="631.4" yMax="645.5" xMin="246.6" xMax="260.9" end="102867" start="102696" match="-1" id="167">I’m</word>
				<word yMin="631.4" yMax="645.5" xMin="263.3" xMax="283.7" end="103390" start="102867" match="137" id="168" endofsentence="false">Mrs.</word>
				<word yMin="631.4" yMax="645.5" xMin="286.2" xMax="314.8" end="104330" start="103390" match="138" id="169" endofsentence="true">Smith.</word>
				<word yMin="631.4" yMax="645.5" xMin="317.3" xMax="337.7" end="104820" start="104330" match="139" id="170">Miss</word>
				<word yMin="631.4" yMax="645.5" xMin="340.2" xMax="368.1" end="105250" start="104820" match="140" id="171">Taylor</word>
				<word yMin="631.4" yMax="645.5" xMin="370.6" xMax="377.4" end="105426" start="105250" match="141" id="172">is</word>
				<word yMin="631.4" yMax="645.5" xMin="379.8" xMax="388.1" end="105652" start="105426" match="-1" id="173">in</word>
				<word yMin="631.4" yMax="645.5" xMin="390.6" xMax="417" end="105892" start="105652" match="142" id="174">Room</word>
				<word yMin="631.4" yMax="645.5" xMin="419.4" xMax="439" end="107022" start="105892" match="-1" id="175" endofsentence="true">203.</word>
				<word yMin="631.4" yMax="645.5" xMin="441.5" xMax="463" end="107427" start="107022" match="-1" id="176">Over</word>
				<word yMin="631.4" yMax="645.5" xMin="465.5" xMax="492.5" end="107944" start="107427" match="-1" id="177" endofsentence="true">there.</word>
				<word yMin="656.9" yMax="670.9" xMin="99.6" xMax="164.5" end="108019" start="107944" match="143" id="178">&lt;b&gt;Peter:&lt;/b&gt;</word>
				<word yMin="656.9" yMax="670.9" xMin="167.1" xMax="182.9" end="108824" start="108019" match="144" id="179">Oh,</word>
				<word yMin="656.9" yMax="670.9" xMin="185.3" xMax="218" end="109454" start="108824" match="145" id="180" endofsentence="true">thanks.</word>
				<word yMin="682.3" yMax="696.3" xMin="99.6" xMax="136.9" end="109560" start="109454" match="146" id="181" endofsentence="false">&lt;b&gt;Mrs.</word>
				<word yMin="682.3" yMax="696.3" xMin="139.4" xMax="189" end="109635" start="109560" match="147" id="182">Smith:&lt;/b&gt;</word>
				<word yMin="682.3" yMax="696.3" xMin="191.6" xMax="214.1" end="109780" start="109635" match="-1" id="183">Have</word>
				<word yMin="682.3" yMax="696.3" xMin="216.6" xMax="221.9" end="110245" start="109780" match="148" id="184">a</word>
				<word yMin="682.3" yMax="696.3" xMin="224.3" xMax="247" end="110321" start="110245" match="-1" id="185">good</word>
				<word yMin="682.3" yMax="696.3" xMin="249.4" xMax="269.1" end="110810" start="110321" match="149" id="186" endofsentence="true">day!</word>
				<word yMin="707.7" yMax="721.8" xMin="99.6" xMax="164.5" end="110885" start="110810" match="150" id="187">&lt;b&gt;Peter:&lt;/b&gt;</word>
				<word yMin="707.7" yMax="721.8" xMin="167.1" xMax="213.8" end="111589" start="110885" match="151" id="188" endofsentence="true">Good-bye.</word>
				<word yMin="733.2" yMax="747.2" xMin="99.6" xMax="136.9" end="111664" start="111589" match="-1" id="189" endofsentence="false">&lt;b&gt;Mrs.</word>
				<word yMin="733.2" yMax="747.2" xMin="139.3" xMax="189" end="111761" start="111664" match="-1" id="190">Smith:&lt;/b&gt;</word>
				<word yMin="733.2" yMax="747.2" xMin="191.5" xMax="210.8" end="117505" start="111761" match="152" id="191" endofsentence="true">Bye.</word>
				<word yMin="758.6" yMax="772.6" xMin="99.6" xMax="165.6" end="117935" start="117505" match="153" id="192">&lt;b&gt;Molly:&lt;/b&gt;</word>
				<word yMin="758.6" yMax="772.6" xMin="168.2" xMax="194.1" end="118580" start="117935" match="154" id="193">Hello,</word>
				<word yMin="758.6" yMax="772.6" xMin="196.5" xMax="217.1" end="118715" start="118580" match="157" id="194">Miss</word>
				<word yMin="758.6" yMax="772.6" xMin="219.5" xMax="252.4" end="119195" start="118715" match="158" id="195" endofsentence="true">Taylor?</word>
				<word yMin="784.1" yMax="798.1" xMin="99.6" xMax="137.1" end="119270" start="119195" match="-1" id="196">&lt;b&gt;Miss</word>
				<word yMin="784.1" yMax="798.1" xMin="139.5" xMax="191.1" end="119355" start="119270" match="159" id="197">Taylor:&lt;/b&gt;</word>
				<word yMin="784.1" yMax="798.1" xMin="193.7" xMax="211.6" end="119736" start="119355" match="160" id="198" endofsentence="true">Yes.</word>
				<word yMin="809.5" yMax="823.5" xMin="99.6" xMax="165.6" end="119812" start="119736" match="-1" id="199">&lt;b&gt;Molly:&lt;/b&gt;</word>
				<word yMin="809.5" yMax="823.5" xMin="168.2" xMax="182" end="120150" start="119812" match="161" id="200">I&apos;m</word>
				<word yMin="809.5" yMax="823.5" xMin="184.6" xMax="209.8" end="120540" start="120150" match="162" id="201">Molly</word>
				<word yMin="809.5" yMax="823.5" xMin="212.3" xMax="227.9" end="120980" start="120540" match="163" id="202" endofsentence="true">Lin.</word>
				<word yMin="834.9" yMax="849" xMin="99.6" xMax="137.1" end="121056" start="120980" match="-1" id="203">&lt;b&gt;Miss</word>
				<word yMin="834.9" yMax="849" xMin="139.5" xMax="191.2" end="121179" start="121056" match="-1" id="204">Taylor:&lt;/b&gt;</word>
				<word yMin="834.9" yMax="849" xMin="193.7" xMax="205.8" end="121392" start="121179" match="-1" id="205">Hi,</word>
				<word yMin="834.9" yMax="849" xMin="208.2" xMax="236.3" end="121730" start="121392" match="-1" id="206" endofsentence="true">Molly.</word>
				<word yMin="834.9" yMax="849" xMin="238.8" xMax="258.4" end="121820" start="121730" match="164" id="207">Nice</word>
				<word yMin="834.9" yMax="849" xMin="261" xMax="270.4" end="121930" start="121820" match="165" id="208">to</word>
				<word yMin="834.9" yMax="849" xMin="272.9" xMax="296.4" end="122100" start="121930" match="166" id="209">meet</word>
				<word yMin="834.9" yMax="849" xMin="298.8" xMax="318.3" end="123267" start="122100" match="167" id="210" endofsentence="true">you.</word>
				<word yMin="834.9" yMax="849" xMin="320.6" xMax="346.5" end="123452" start="123267" match="-1" id="211">There</word>
				<word yMin="834.9" yMax="849" xMin="349.1" xMax="365.7" end="124130" start="123452" match="168" id="212">you</word>
				<word yMin="834.9" yMax="849" xMin="368.2" xMax="385.6" end="124530" start="124130" match="169" id="213" endofsentence="true">are.</word>
				<word yMin="834.9" yMax="849" xMin="387.9" xMax="433.2" end="124900" start="124530" match="170" id="214">Welcome,</word>
				<word yMin="834.9" yMax="849" xMin="435.7" xMax="463.7" end="125279.75" start="124900" match="171" id="215" endofsentence="true">Molly.</word>
				<word yMin="860.4" yMax="874.4" xMin="99.6" xMax="165.6" end="125355" start="125279.75" match="172" id="216">&lt;b&gt;Molly:&lt;/b&gt;</word>
				<word yMin="860.4" yMax="874.4" xMin="168.2" xMax="195.4" end="125670" start="125355" match="173" id="217">Thank</word>
				<word yMin="860.4" yMax="874.4" xMin="197.8" xMax="217.2" end="126085" start="125670" match="174" id="218" endofsentence="true">you.</word>
				<word yMin="885.8" yMax="899.8" xMin="99.6" xMax="164.5" end="126160" start="126085" match="-1" id="219">&lt;b&gt;Peter:&lt;/b&gt;</word>
				<word yMin="885.8" yMax="899.8" xMin="167.1" xMax="179.2" end="126535" start="126160" match="-1" id="220">Hi,</word>
				<word yMin="885.8" yMax="899.8" xMin="181.7" xMax="195.6" end="126760" start="126535" match="175" id="221">I&apos;m</word>
				<word yMin="885.8" yMax="899.8" xMin="198" xMax="222.3" end="127235" start="126760" match="176" id="222">Peter</word>
				<word yMin="885.65" yMax="901.75" xMin="221.75" xMax="237.4" end="127347" start="127235" match="177" id="223">-</word>
				<word yMin="885.8" yMax="899.8" xMin="232.6" xMax="256.8" end="127684" start="127347" match="-1" id="224">Peter</word>
				<word yMin="885.8" yMax="899.8" xMin="259.4" xMax="286.3" end="128369" start="127684" match="-1" id="225" endofsentence="true">Krum.</word>
				<word yMin="911.4" yMax="925.4" xMin="99.6" xMax="137.1" end="128444" start="128369" match="-1" id="226">&lt;b&gt;Miss</word>
				<word yMin="911.4" yMax="925.4" xMin="139.5" xMax="191.1" end="128815" start="128444" match="-1" id="227">Taylor:&lt;/b&gt;</word>
				<word yMin="911.4" yMax="925.4" xMin="193.7" xMax="220.6" end="129722" start="128815" match="-1" id="228" endofsentence="true">Krum.</word>
				<word yMin="911.4" yMax="925.4" xMin="223" xMax="237.8" end="130549" start="129722" match="178" id="229">Ah,</word>
				<word yMin="911.4" yMax="925.4" xMin="240.4" xMax="261" end="130624.25" start="130549" match="179" id="230">here</word>
				<word yMin="911.4" yMax="925.4" xMin="263.4" xMax="280" end="130699.5" start="130624.25" match="-1" id="231">you</word>
				<word yMin="911.4" yMax="925.4" xMin="282.5" xMax="299.9" end="131555" start="130699.5" match="180" id="232" endofsentence="true">are.</word>
				<word yMin="911.4" yMax="925.4" xMin="302.3" xMax="347.5" end="131960" start="131555" match="181" id="233">Welcome,</word>
				<word yMin="911.4" yMax="925.4" xMin="350" xMax="376.9" end="132895" start="131960" match="182" id="234" endofsentence="true">Peter.</word>
				<word yMin="911.4" yMax="925.4" xMin="379.4" xMax="395.3" end="133575" start="132895" match="183" id="235">OK,</word>
				<word yMin="911.4" yMax="925.4" xMin="397.7" xMax="416.1" end="134080" start="133575" match="184" id="236">let&apos;s</word>
				<word yMin="911.4" yMax="925.4" xMin="418.5" xMax="443.3" end="134350" start="134080" match="185" id="237">begin</word>
				<word yMin="911.4" yMax="925.4" xMin="445.8" xMax="469.5" end="141767" start="134350" match="186" id="238" endofsentence="true">class.</word>
			</block>
		</flow>
	</text>
</work>