




<!DOCTYPE html PUBLIC "-//W3C//DTD XHTML 1.0 Strict//EN" "http://www.w3.org/TR/xhtml1/DTD/xhtml1-strict.dtd"> <html xmlns="http://www.w3.org/1999/xhtml" xml:lang="en-us" class="en-us">
<head xmlns:og="http://ogp.me/ns#" xmlns:fb="http://ogp.me/ns/fb#">
<meta http-equiv="imagetoolbar" content="false" />
<meta http-equiv="X-UA-Compatible" content="IE=edge,chrome=1" />
<title>Battle.net Account</title>
<link rel="shortcut icon" href="//bnetus-a.akamaihd.net/account/static/images/meta/favicon.2dy4z.ico" />
<link rel="search" type="application/opensearchdescription+xml" href="http://us.battle.net/en-us/data/opensearch" title="Battle.net Search" />
<link rel="stylesheet" type="text/css" media="all" href="//bnetus-a.akamaihd.net/account/static/local-common/css/common.3vCWT.css?v=58" />
<link rel="stylesheet" type="text/css" media="all" href="/account/static/css/nav-client/nav-client-desktop.css?v=58-28" />
<link rel="stylesheet" type="text/css" media="all" href="//bnetus-a.akamaihd.net/account/static/css/bnet.4E8py.css" />
<link rel="stylesheet" type="text/css" media="print" href="//bnetus-a.akamaihd.net/account/static/css/bnet-print.0dd98.css" />
<link rel="stylesheet" type="text/css" media="all" href="//bnetus-a.akamaihd.net/account/static/css/legal/ratings.2wHIl.css?v=58-28" />
<link rel="stylesheet" type="text/css" media="all" href="//bnetus-a.akamaihd.net/account/static/css/activation/landing.2hvKS.css" />
<!--[if IE 6]><link rel="stylesheet" type="text/css" media="all" href="//bnetus-a.akamaihd.net/account/static/css/activation/landing-ie6.12EId.css" /><![endif]-->
<!--[if IE]><link rel="stylesheet" type="text/css" media="all" href="//bnetus-a.akamaihd.net/account/static/css/bnet-ie.3MxTS.css" /><![endif]-->
<!--[if IE 6]><link rel="stylesheet" type="text/css" media="all" href="//bnetus-a.akamaihd.net/account/static/css/bnet-ie6.1Fca3.css" /><![endif]-->
<!--[if IE 7]><link rel="stylesheet" type="text/css" media="all" href="//bnetus-a.akamaihd.net/account/static/css/bnet-ie7.2iZCW.css" /><![endif]-->
<script type="text/javascript" src="//bnetus-a.akamaihd.net/account/static/local-common/js/third-party/jquery-1.7.1.min.0vCiz.js?v=58-28"></script>
<script type="text/javascript" src="//bnetus-a.akamaihd.net/account/static/local-common/js/common/bootstrap.3Pnh6.js?v=58-28"></script>
<script type="text/javascript" src="//bnetus-a.akamaihd.net/account/static/local-common/js/third-party/class-inheritance.4V7WX.js?v=58-28"></script>
<script type="text/javascript" src="//bnetus-a.akamaihd.net/account/static/local-common/js/third-party/swfobject-2.2.1.min.0INo9.js?v=58-28"></script>
<script type="text/javascript" src="//bnetus-a.akamaihd.net/account/static/local-common/js/common.16hIS.js?v=58-28"></script>
<script type="text/javascript" src="/account/static/js/nav-client/navbar-tk.min.js?v=28"></script>
<script type="text/javascript">
//<![CDATA[
window.nav.notifications.endpoint = "\/notification/list";
//]]>
</script>
<!--[if IE 6]> <script type="text/javascript">
//<![CDATA[
try { document.execCommand('BackgroundImageCache', false, true) } catch(e) {}
//]]>
</script>
<![endif]-->
<script type="text/javascript">
//<![CDATA[
var Core = Core || {},
Login = Login || {};
Core.staticUrl = '/account/static';
Core.sharedStaticUrl = '/account/static/local-common';
Core.baseUrl = '/account';
Core.projectUrl = '/account';
Core.cdnUrl = 'http://media.blizzard.com';
Core.supportUrl = 'http://us.battle.net/support/';
Core.secureSupportUrl = 'https://us.battle.net/support/';
Core.project = 'bam';
Core.locale = 'en-us';
Core.language = 'en';
Core.region = 'us';
Core.shortDateFormat = 'MM/dd/yyyy';
Core.dateTimeFormat = 'MM/dd/yyyy hh:mm a';
Core.loggedIn = false;
Core.userAgent = 'web';
Login.embeddedUrl = 'https://us.battle.net/login/login.frag';
var Flash = Flash || {};
Flash.videoPlayer = 'http://media.blizzard.com/global-video-player/themes/bam/video-player.swf';
Flash.videoBase = 'http://media.blizzard.com/bam/media/videos';
Flash.ratingImage = 'http://media.blizzard.com/global-video-player/ratings/bam/en-us.jpg';
Flash.expressInstall = 'http://media.blizzard.com/global-video-player/expressInstall.swf';
var _gaq = _gaq || [];
//]]>
</script>
</head>
<body class="en-us wowc">
<script>
//<![CDATA[
var dataLayer = [{
"analyticsViewName": "\/activation/landing" , "analyticsRequestUri": "\/account/activation/landing.html" , "userAgent": "web" , "authenticated": "0" }];
(function(w,d,s,l,i){w[l]=w[l]||[];w[l].push({"gtm.start":new Date().getTime(),event:"gtm.js"});var f=d.getElementsByTagName(s)[0], j=d.createElement(s),dl=l!="dataLayer"?"&amp;l="+l:"";j.async=true;j.src=
"//www.googletagmanager.com/gtm.js?id="+i+dl;f.parentNode.insertBefore(j,f);})
(window,document,"script","dataLayer","GTM-589KTQ");
//]]>
</script> <div class="wrapper landing">
<div id="header">
<h1 id="logo"><a href="http://us.battle.net/">Battle.net</a></h1>
</div>
<div class="welcome">
<h2>Log in with a Battle.net account to add, upgrade, or play <strong>World of Warcraft</strong>.</h2>
<h3>Do you have a Battle.net account?</h3>
<div>
<a class="ui-button button1" href="/account/management/claim-code.html"
><span class="button-left"><span class="button-right">Yes – login</span></span></a>
<a class="ui-button button1" href="/account/creation/wow/signup/"
><span class="button-left"><span class="button-right">No – Create a New Account</span></span></a>
</div>
<p class="explain">Note: If you only have a Classic Battle.net ID (used for Diablo II), you need to create a new Battle.net account.</p>
</div>
</div>
<div class="wrapper">
<div id="footer">
<div id="sitemap">
<div class="column">
<h3 class="bnet">
<a href="http://us.battle.net/" tabindex="100" data-action="Battle.net Home - Battle.net Home">Battle.net Home</a>
</h3>
<ul>
<li><a href="http://us.battle.net/what-is/" data-action="Battle.net Home - What is Battle.net®?">What is Battle.net®?</a></li>
<li><a href="https://us.battle.net/shop/" data-action="Battle.net Home - Shop">Shop</a></li>
<li><a href="https://us.battle.net/account/management/" data-action="Battle.net Home - Account">Account</a></li>
<li><a href="http://us.battle.net/support/" data-action="Battle.net Home - Support">Support</a></li>
<li><a href="http://us.battle.net/realid/" data-action="Battle.net Home - Real ID">Real ID</a></li>
<li><a href="http://us.battle.net/battletag/" data-action="Battle.net Home - BattleTag®">BattleTag®</a></li>
</ul>
</div>
<div class="column">
<h3 class="games">
<a href="http://us.battle.net/" tabindex="100" data-action="Games - Games">Games</a>
</h3>
<ul>
<li><a href="http://us.battle.net/sc2/" data-action="Games - StarCraft® II">StarCraft® II</a></li>
<li><a href="http://us.battle.net/wow/" data-action="Games - World of Warcraft®">World of Warcraft®</a></li>
<li><a href="http://us.battle.net/d3/" data-action="Games - Diablo® III">Diablo® III</a></li>
<li><a href="http://us.battle.net/hearthstone/" data-action="Games - Hearthstone®">Hearthstone®</a></li>
<li><a href="http://us.battle.net/games/classic" data-action="Games - Classic Games">Classic Games</a></li>
<li><a href="https://us.battle.net/account/download/" data-action="Games - Game Client Downloads">Game Client Downloads</a></li>
</ul>
</div>
<div class="column">
<h3 class="account">
<a href="https://us.battle.net/account/management/" tabindex="100">Account</a>
</h3>
<ul>
<li><a href="https://us.battle.net/account/support/login-support.html" data-action="Account - Can’t log in?">Can’t log in?</a></li>
<li><a href="https://us.battle.net/account/creation/tos.html" data-action="Account - Create Account">Create Account</a></li>
<li><a href="https://us.battle.net/account/management/" data-action="Account - Account Summary">Account Summary</a></li>
<li><a href="http://us.battle.net/security" data-action="Account - Account Security">Account Security</a></li>
<li><a href="https://us.battle.net/account/management/claim-code.html" data-action="Account - Redeem Codes">Redeem Codes</a></li>
</ul>
</div>
<div class="column">
<h3 class="support">
<a href="http://us.battle.net/support/" tabindex="100" data-action="Support - Support">Support</a>
</h3>
<ul>
<li><a href="http://us.battle.net/support/" data-action="Support - Support Articles">Support Articles</a></li>
<li><a href="https://us.battle.net/account/parental-controls/index.html" data-action="Support - Parental Controls">Parental Controls</a></li>
<li><a href="http://us.battle.net/security/" data-action="Support - Protect Your Account">Protect Your Account</a></li>
<li><a href="http://us.battle.net/security/help" data-action="Support - Help! I got hacked!">Help! I got hacked!</a></li>
</ul>
</div>
<div class="column">
<h3 class="jobs">
<a href="http://jobs.blizzard.com/?utm_campaign=Blizzard_Jobs&amp;utm_source=Battle_net&amp;utm_medium=Footer">Work At Blizzard</a>
</h3>
<ul>
<li><a href="http://blizzard.com/company/careers/directory.html" data-action="Jobs - Search for Jobs">Search for Jobs</a></li>
<li><a href="http://blizzard.com/company/careers/university.html" data-action="Jobs - University Relations">University Relations</a></li>
<li><a href="http://blizzard.com/company/careers/form/support.html" data-action="Jobs - Job Site Support">Job Site Support</a></li>
<li><a href="http://blizzard.com/company/careers/faq.html" data-action="Jobs - Jobs FAQ">Jobs FAQ</a></li>
</ul>
</div>
<span class="clear"><!-- --></span>
</div>
<div class="lower-footer-wrapper">
<div class="lower-footer">
<div id="copyright">
<a href="javascript:;" tabindex="100" id="change-language">
<span>Americas - English (US)</span>
</a>
<span>©2017 Blizzard Entertainment, Inc. All rights reserved</span>
<a onclick="return Core.open(this);" href="http://us.blizzard.com/company/about/termsofuse.html" tabindex="100" data-action="Footer - Terms of Use">Battle.net EULA</a>
<a onclick="return Core.open(this);" href="http://us.blizzard.com/company/legal/" tabindex="100" data-action="Footer - Legal">Legal</a>
<a onclick="return Core.open(this);" href="http://us.blizzard.com/company/about/privacy.html" tabindex="100" data-action="Footer - Privacy Policy">Privacy Policy</a>
<a onclick="return Core.open(this);" href="http://us.blizzard.com/company/about/infringementnotice.html" tabindex="100" data-action="Footer - Copyright Infringement">Copyright Infringement</a>
</div>
<div id="international"></div>
<div id="legal">
<div id="legal-ratings" class="png-fix">
<a class="truste-link" href="//privacy.truste.com/privacy-seal/Blizzard-Entertainment,-Inc-/validation?rid=08913c4b-117c-4f4c-9063-e68a2b929dc5" target="_blank" rel="nofollow">
<img class="legal-image" src="//bnetus-a.akamaihd.net/account/static/images/legal/privacy-seal-truste.1gaOR.png" alt="Validate TRUSTe privacy certification"/>
</a>
<a rel="nofollow" target="_blank" href="http://www.esrb.org/ratings/ratings_guide.jsp">
<img class="legal-image" alt="" src="//bnetus-a.akamaihd.net/account/static/local-common/images/legal/us/esrb-teen-wow.1LVjG.png" />
</a>
</div>
<div id="blizzard" class="png-fix">
<a href="http://us.blizzard.com/" tabindex="100"><img src="//bnetus-a.akamaihd.net/account/static/images/logos/blizzard.4HCca.png" alt="" /></a>
</div>
<script type="text/javascript">
//<![CDATA[
Feedback.showForm = false;
if (window.location.protocol === 'http:') {
Feedback.showForm = true;
}
//]]>
</script>
<div class="common-feedback-buttons" style="display: none;">
<a id="open-feedback-form" href="javascript:void(0);" class="feedback feedback-suggestion-open"><span class="feedback-icon"></span>Send Website Feedback</a>
<a id="open-error-form" href="javascript:void(0);" class="error feedback-error-open"><span class="feedback-icon"></span>Report Website Error</a>
</div>
<script type="text/javascript">
//<![CDATA[
if (Feedback.showForm) {
$('.common-feedback-buttons').css('display', 'block');
Feedback.initialize();
Feedback.titleWebsiteSuggestion = 'Send Website Feedback';
Feedback.titleWebsiteFeedback = 'Report Website Error';
Feedback.pageReferring = 'https://us.battle.net/account/activation/landing.html?key&product=WOWC';
if (Feedback.pageReferring === '') {
Feedback.pageReferring = window.location.href;
}
Feedback.feedbackError = 'Error';
Feedback.introError = 'Found a problem with our sites? Let us know!';
Feedback.introFeedback = 'Send your website suggestions and ideas directly to Battle.net!';
}
//]]>
</script>
<span class="clear"><!-- --></span>
</div>
</div>
<div id="marketing-trackers">
<div class="marketing-cover"></div>
</div>
</div>
<script type="text/javascript">
//<![CDATA[
$(function() {
var category = Core.project + ' - Footer Navigation';
Core.bindTrackEvent('#sitemap a', category);
Core.bindTrackEvent('#copyright a[data-action]', category);
});
//]]>
</script>
</div>
</div>
<script>
//<![CDATA[
var xsToken = '';
var supportToken = '';
var jsonSearchHandlerUrl = '\//us.battle.net';
var Msg = Msg || {};
Msg.support = {
ticketNew: 'Ticket {0} was created.',
ticketStatus: 'Ticket {0}’s status changed to {1}.',
ticketOpen: 'Open',
ticketAnswered: 'Answered',
ticketResolved: 'Resolved',
ticketCanceled: 'Canceled',
ticketArchived: 'Archived',
ticketInfo: 'Need Info',
ticketAll: 'View All Tickets'
};
Msg.cms = {
requestError: 'Your request cannot be completed.',
ignoreNot: 'Not ignoring this user',
ignoreAlready: 'Already ignoring this user',
stickyRequested: 'Sticky requested',
stickyHasBeenRequested: 'You have already sent a sticky request for this topic.',
postAdded: 'Post added to tracker',
postRemoved: 'Post removed from tracker',
userAdded: 'User added to tracker',
userRemoved: 'User removed from tracker',
validationError: 'A required field is incomplete',
characterExceed: 'The post body exceeds XXXXXX characters.',
searchFor: "Search for",
searchTags: "Articles tagged:",
characterAjaxError: "You may have become logged out. Please refresh the page and try again.",
ilvl: "Level {0}",
shortQuery: "Search requests must be at least three characters long.",
editSuccess: "Success. Reload?",
postDelete: "Are you sure you want to delete this post?",
throttleError: "You must wait before you can post again."
};
Msg.bml= {
bold: 'Bold',
italics: 'Italics',
underline: 'Underline',
list: 'Unordered List',
listItem: 'List Item',
quote: 'Quote',
quoteBy: 'Posted by {0}',
unformat: 'Remove Formating',
cleanup: 'Fix Linebreaks',
code: 'Code Blocks',
item: 'WoW Item',
itemPrompt: 'Item ID:',
url: 'URL',
urlPrompt: 'URL Address:'
};
Msg.ui= {
submit: 'Submit',
cancel: 'Cancel',
reset: 'Reset',
viewInGallery: 'View in gallery',
loading: 'Loading…',
unexpectedError: 'An error has occurred',
fansiteFind: 'Find this on…',
fansiteFindType: 'Find {0} on…',
fansiteNone: 'No fansites available.',
flashErrorHeader: 'Adobe Flash Player must be installed to see this content.',
flashErrorText: 'Download Adobe Flash Player',
flashErrorUrl: 'http://get.adobe.com/flashplayer/',
save: 'Save'
};
Msg.grammar= {
colon: '{0}:',
first: 'First',
last: 'Last',
ellipsis: '…'
};
Msg.fansite= {
achievement: 'achievement',
character: 'character',
faction: 'faction',
'class': 'class',
object: 'object',
talentcalc: 'talents',
skill: 'profession',
quest: 'quest',
spell: 'spell',
event: 'event',
title: 'title',
arena: 'arena team',
guild: 'guild',
zone: 'zone',
item: 'item',
race: 'race',
npc: 'NPC',
pet: 'pet'
};
Msg.search= {
noResults: 'There are no results to display.',
kb: 'Support',
post: 'Forums',
article: 'Blog Articles',
static: 'General Content',
wowcharacter: 'Characters',
wowitem: 'Items',
wowguild: 'Guilds',
wowarenateam: 'Arena Teams',
url: 'Suggested Links',
friend: 'Friends',
product: 'Marketplace Products',
other: 'Other'
};
//]]>
</script>
<script type="text/javascript" src="//bnetus-a.akamaihd.net/account/static/js/bam.31UcC.js?v=58-28"></script>
<script type="text/javascript" src="//bnetus-a.akamaihd.net/account/static/local-common/js/common/menu.2LSka.js?v=58-28"></script>
<script type="text/javascript" src="//bnetus-a.akamaihd.net/account/static/local-common/js/third-party/jquery-ui-1.8.6.custom.min.38dNE.js?v=58-28"></script>
<script type="text/javascript">
//<![CDATA[
$(function() {
Locale.dataPath = 'data/i18n.frag.xml';
});
//]]>
</script>
<!--[if lt IE 8]>
<script type="text/javascript" src="//bnetus-a.akamaihd.net/account/static/local-common/js/third-party/jquery.pngFix.pack.2WitJ.js?v=58-28"></script>
<script type="text/javascript">
//<![CDATA[
$('.png-fix').pngFix();
//]]>
</script>
<![endif]-->
</body>
</html>
