<?xml version="1.0" encoding="UTF-8"?>
<rss version="2.0" xmlns:atom="http://www.w3.org/2005/Atom" xmlns:itunes="http://www.itunes.com/dtds/podcast-1.0.dtd">
  <channel>
    <atom:link href="http://podcasts.c-spanvideo.org/lecturesInHistory.xml" rel="self" type="application/rss+xml"/>
    <itunes:new-feed-url>http://podcasts.c-spanvideo.org/lecturesInHistory.xml</itunes:new-feed-url>
    <title>Lectures in History</title>
    <description>Join students in college classrooms to hear lectures on topics ranging from the American Revolution to 9-11.</description>
    <link>http://podcasts.c-spanvideo.org/lecturesInHistory.xml</link>
    <language>en-us</language>
    <copyright>Copyright 2017</copyright>
    <lastBuildDate>Sun, 15 Jan 2017 22:02:36 -0500</lastBuildDate>
    <pubDate>Sun, 15 Jan 2017 22:02:36 -0500</pubDate>
    <webMaster>online@c-span.org (C-SPAN)</webMaster>
    <image>
      <url>http://static.c-span.org/assets/images/podcasts/lecturesInHistory1400.jpg</url>
      <title>Lectures in History</title>
      <link>http://podcasts.c-spanvideo.org/lecturesInHistory.xml</link>
    </image>
    <itunes:author>C-SPAN</itunes:author>
    <itunes:subtitle>Join students in college classrooms to hear lectures on topics ranging from the American Revolution to 9-11.</itunes:subtitle>
    <itunes:summary>Join students in college classrooms to hear lectures on topics ranging from the American Revolution to 9-11.</itunes:summary>
    <itunes:owner>
      <itunes:name>C-SPAN</itunes:name>
      <itunes:email>online@c-span.org</itunes:email>
    </itunes:owner>
    <itunes:explicit>No</itunes:explicit>
    <itunes:image href="http://static.c-span.org/assets/images/podcasts/lecturesInHistory1400.jpg"/>
    <itunes:category text="News &amp; Politics"/>
    <item>
      <title>Presidency of Andrew Jackson</title>
      <link>http://podcasts.c-spanvideo.org/trimmed/program/046/465527/program.465527.MP3-STD.mp3</link>
      <guid isPermaLink="false">trimmed/program/046/465527/program.465527.MP3-STD.mp3</guid>
      <description>Arizona State University professor Jonathan Barth teaches a class about the rise of Andrew Jackson and his presidency, with a focus on the "bank wars" of the 1830s.</description>
      <enclosure url="http://podcasts.c-spanvideo.org/trimmed/program/046/465527/program.465527.MP3-STD.mp3" length="26016621" type="audio/mpeg"/>
      <category>Podcasts</category>
      <pubDate>Sat, 14 Jan 2017 20:00:25 -0500</pubDate>
      <itunes:author>C-SPAN</itunes:author>
      <itunes:explicit>No</itunes:explicit>
      <itunes:subtitle>Presidency of Andrew Jackson</itunes:subtitle>
      <itunes:summary>Arizona State University professor Jonathan Barth teaches a class about the rise of Andrew Jackson and his presidency, with a focus on the "bank wars" of the 1830s.</itunes:summary>
      <itunes:duration>00:54:12</itunes:duration>
      <itunes:image href="http://static.c-span.org/assets/images/podcasts/lecturesInHistory1400.jpg"/>
      <itunes:keywords>C-SPAN, Lectures in History</itunes:keywords>
    </item>
    <item>
      <title>Women Journalists at the Turn of the 20th Century</title>
      <link>http://podcasts.c-spanvideo.org/trimmed/program/046/464877/program.464877.MP3-STD.mp3</link>
      <guid isPermaLink="false">trimmed/program/046/464877/program.464877.MP3-STD.mp3</guid>
      <description>Iowa State University professor Tracy Lucht teaches a class about women journalists in the late-19th and early 20th centuries.</description>
      <enclosure url="http://podcasts.c-spanvideo.org/trimmed/program/046/464877/program.464877.MP3-STD.mp3" length="30335085" type="audio/mpeg"/>
      <category>Podcasts</category>
      <pubDate>Sat, 07 Jan 2017 20:00:10 -0500</pubDate>
      <itunes:author>C-SPAN</itunes:author>
      <itunes:explicit>No</itunes:explicit>
      <itunes:subtitle>Women Journalists at the Turn of the 20th Century</itunes:subtitle>
      <itunes:summary>Iowa State University professor Tracy Lucht teaches a class about women journalists in the late-19th and early 20th centuries.</itunes:summary>
      <itunes:duration>01:03:12</itunes:duration>
      <itunes:image href="http://static.c-span.org/assets/images/podcasts/lecturesInHistory1400.jpg"/>
      <itunes:keywords>C-SPAN, Journalism, Gender Issues, Lectures in History</itunes:keywords>
    </item>
    <item>
      <title>1870s Moonshine Wars in Appalachia</title>
      <link>http://podcasts.c-spanvideo.org/trimmed/program/046/464546/program.464546.MP3-STD.mp3</link>
      <guid isPermaLink="false">trimmed/program/046/464546/program.464546.MP3-STD.mp3</guid>
      <description>Appalachian State University Professor Bruce Stewart teaches a class on the so-called "Moonshine Wars" in Appalachia in the 1870s.</description>
      <enclosure url="http://podcasts.c-spanvideo.org/trimmed/program/046/464546/program.464546.MP3-STD.mp3" length="31293741" type="audio/mpeg"/>
      <category>Podcasts</category>
      <pubDate>Sat, 31 Dec 2016 20:00:13 -0500</pubDate>
      <itunes:author>C-SPAN</itunes:author>
      <itunes:explicit>No</itunes:explicit>
      <itunes:subtitle>1870s Moonshine Wars in Appalachia</itunes:subtitle>
      <itunes:summary>Appalachian State University Professor Bruce Stewart teaches a class on the so-called "Moonshine Wars" in Appalachia in the 1870s.</itunes:summary>
      <itunes:duration>01:05:12</itunes:duration>
      <itunes:image href="http://static.c-span.org/assets/images/podcasts/lecturesInHistory1400.jpg"/>
      <itunes:keywords>C-SPAN, Tax Policy, Lectures in History</itunes:keywords>
    </item>
    <item>
      <title>Colonial America, Race, and the Origins of Country Music</title>
      <link>http://podcasts.c-spanvideo.org/trimmed/program/045/456744/program.456744.MP3-STD.mp3</link>
      <guid isPermaLink="false">trimmed/program/045/456744/program.456744.MP3-STD.mp3</guid>
      <description>Dickinson College professor Cotten Seiler teaches a class about the emerging definitions of whiteness and blackness in Colonial America and how it impacted the origins of country music.</description>
      <enclosure url="http://podcasts.c-spanvideo.org/trimmed/program/045/456744/program.456744.MP3-STD.mp3" length="32494701" type="audio/mpeg"/>
      <category>Podcasts</category>
      <pubDate>Sat, 24 Dec 2016 20:00:40 -0500</pubDate>
      <itunes:author>C-SPAN</itunes:author>
      <itunes:explicit>No</itunes:explicit>
      <itunes:subtitle>Colonial America, Race, and the Origins of Country Music</itunes:subtitle>
      <itunes:summary>Dickinson College professor Cotten Seiler teaches a class about the emerging definitions of whiteness and blackness in Colonial America and how it impacted the origins of country music.</itunes:summary>
      <itunes:duration>01:07:42</itunes:duration>
      <itunes:image href="http://static.c-span.org/assets/images/podcasts/lecturesInHistory1400.jpg"/>
      <itunes:keywords>C-SPAN, Lectures in History</itunes:keywords>
    </item>
    <item>
      <title>Emergence of Modern Advertising</title>
      <link>http://podcasts.c-spanvideo.org/trimmed/program/046/462889/program.462889.MP3-STD.mp3</link>
      <guid isPermaLink="false">trimmed/program/046/462889/program.462889.MP3-STD.mp3</guid>
      <description>Katarina Keane of the University of Maryland teaches a class about how modern advertising, with professional executives, brand slogans, and product packaging, emerged in the early 20th century.</description>
      <enclosure url="http://podcasts.c-spanvideo.org/trimmed/program/046/462889/program.462889.MP3-STD.mp3" length="25920621" type="audio/mpeg"/>
      <category>Podcasts</category>
      <pubDate>Sat, 17 Dec 2016 19:59:45 -0500</pubDate>
      <itunes:author>C-SPAN</itunes:author>
      <itunes:explicit>No</itunes:explicit>
      <itunes:subtitle>Emergence of Modern Advertising</itunes:subtitle>
      <itunes:summary>Katarina Keane of the University of Maryland teaches a class about how modern advertising, with professional executives, brand slogans, and product packaging, emerged in the early 20th century.</itunes:summary>
      <itunes:duration>00:54:00</itunes:duration>
      <itunes:image href="http://static.c-span.org/assets/images/podcasts/lecturesInHistory1400.jpg"/>
      <itunes:keywords>C-SPAN, Advertising, Lectures in History</itunes:keywords>
    </item>
    <item>
      <title>California Gold Rush</title>
      <link>http://podcasts.c-spanvideo.org/trimmed/program/045/454557/program.454557.MP3-STD.mp3</link>
      <guid isPermaLink="false">trimmed/program/045/454557/program.454557.MP3-STD.mp3</guid>
      <description>Emory University professor Patrick Allitt teaches a class about the California Gold Rush of the mid-1800s. He describes how people got there, the physical geography of the area, and the evolving technology used to mine gold.</description>
      <enclosure url="http://podcasts.c-spanvideo.org/trimmed/program/045/454557/program.454557.MP3-STD.mp3" length="24336621" type="audio/mpeg"/>
      <category>Podcasts</category>
      <pubDate>Sat, 03 Dec 2016 20:00:16 -0500</pubDate>
      <itunes:author>C-SPAN</itunes:author>
      <itunes:explicit>No</itunes:explicit>
      <itunes:subtitle>California Gold Rush</itunes:subtitle>
      <itunes:summary>Emory University professor Patrick Allitt teaches a class about the California Gold Rush of the mid-1800s. He describes how people got there, the physical geography of the area, and the evolving technology used to mine gold.</itunes:summary>
      <itunes:duration>00:50:42</itunes:duration>
      <itunes:image href="http://static.c-span.org/assets/images/podcasts/lecturesInHistory1400.jpg"/>
      <itunes:keywords>C-SPAN, U.S. History, California, Lectures in History</itunes:keywords>
    </item>
    <item>
      <title>American Founding and Crisis of the House Divided</title>
      <link>http://podcasts.c-spanvideo.org/trimmed/program/046/460756/program.460756.MP3-STD.mp3</link>
      <guid isPermaLink="false">trimmed/program/046/460756/program.460756.MP3-STD.mp3</guid>
      <description>Amherst College professor Hadley Arkes teaches a class on the intellectual origins of the American system of laws and government.</description>
      <enclosure url="http://podcasts.c-spanvideo.org/trimmed/program/046/460756/program.460756.MP3-STD.mp3" length="40848621" type="audio/mpeg"/>
      <category>Podcasts</category>
      <pubDate>Sat, 26 Nov 2016 19:59:59 -0500</pubDate>
      <itunes:author>C-SPAN</itunes:author>
      <itunes:explicit>No</itunes:explicit>
      <itunes:subtitle>American Founding and Crisis of the House Divided</itunes:subtitle>
      <itunes:summary>Amherst College professor Hadley Arkes teaches a class on the intellectual origins of the American system of laws and government.</itunes:summary>
      <itunes:duration>01:25:06</itunes:duration>
      <itunes:image href="http://static.c-span.org/assets/images/podcasts/lecturesInHistory1400.jpg"/>
      <itunes:keywords>C-SPAN, Early American History (1600-1850), U.S. History, Lectures in History</itunes:keywords>
    </item>
    <item>
      <title>World War II and Civil Rights</title>
      <link>http://podcasts.c-spanvideo.org/trimmed/program/045/454061/program.454061.MP3-STD.mp3</link>
      <guid isPermaLink="false">trimmed/program/045/454061/program.454061.MP3-STD.mp3</guid>
      <description>Gettysburg College professor Jill Ogline Titus teaches a class on World War II and its impact on civil rights. She talks about racial conflicts over housing, voting rights, and integrating work places and the military.</description>
      <enclosure url="http://podcasts.c-spanvideo.org/trimmed/program/045/454061/program.454061.MP3-STD.mp3" length="36669165" type="audio/mpeg"/>
      <category>Podcasts</category>
      <pubDate>Sat, 19 Nov 2016 20:00:15 -0500</pubDate>
      <itunes:author>C-SPAN</itunes:author>
      <itunes:explicit>No</itunes:explicit>
      <itunes:subtitle>World War II and Civil Rights</itunes:subtitle>
      <itunes:summary>Gettysburg College professor Jill Ogline Titus teaches a class on World War II and its impact on civil rights. She talks about racial conflicts over housing, voting rights, and integrating work places and the military.</itunes:summary>
      <itunes:duration>01:16:24</itunes:duration>
      <itunes:image href="http://static.c-span.org/assets/images/podcasts/lecturesInHistory1400.jpg"/>
      <itunes:keywords>C-SPAN, World War II, Civil Rights, Lectures in History</itunes:keywords>
    </item>
    <item>
      <title>People, Germs, and Food in the Colonial Americas</title>
      <link>http://podcasts.c-spanvideo.org/trimmed/program/045/455845/program.455845.MP3-STD.mp3</link>
      <guid isPermaLink="false">trimmed/program/045/455845/program.455845.MP3-STD.mp3</guid>
      <description>Yale University professor emeritus John Demos leads a seminar for high school teachers on the Americas in the Colonial era. This class is hosted by the Gilder Lehrman Institute of American History.</description>
      <enclosure url="http://podcasts.c-spanvideo.org/trimmed/program/045/455845/program.455845.MP3-STD.mp3" length="38300397" type="audio/mpeg"/>
      <category>Podcasts</category>
      <pubDate>Sat, 08 Oct 2016 20:00:22 -0400</pubDate>
      <itunes:author>C-SPAN</itunes:author>
      <itunes:explicit>No</itunes:explicit>
      <itunes:subtitle>People, Germs, and Food in the Colonial Americas</itunes:subtitle>
      <itunes:summary>Yale University professor emeritus John Demos leads a seminar for high school teachers on the Americas in the Colonial era. This class is hosted by the Gilder Lehrman Institute of American History.</itunes:summary>
      <itunes:duration>01:19:54</itunes:duration>
      <itunes:image href="http://static.c-span.org/assets/images/podcasts/lecturesInHistory1400.jpg"/>
      <itunes:keywords>C-SPAN, Early American History (1600-1850), Lectures in History</itunes:keywords>
    </item>
    <item>
      <title>Twentieth-Century White Supremacist Groups</title>
      <link>http://podcasts.c-spanvideo.org/trimmed/program/045/455236/program.455236.MP3-STD.mp3</link>
      <guid isPermaLink="false">trimmed/program/045/455236/program.455236.MP3-STD.mp3</guid>
      <description>Westfield State University criminal justice professor George Michael teaches a class on white supremacist groups in the mid to late-20th century.</description>
      <enclosure url="http://podcasts.c-spanvideo.org/trimmed/program/045/455236/program.455236.MP3-STD.mp3" length="23616621" type="audio/mpeg"/>
      <category>Podcasts</category>
      <pubDate>Sat, 01 Oct 2016 19:59:57 -0400</pubDate>
      <itunes:author>C-SPAN</itunes:author>
      <itunes:explicit>No</itunes:explicit>
      <itunes:subtitle>Twentieth-Century White Supremacist Groups</itunes:subtitle>
      <itunes:summary>Westfield State University criminal justice professor George Michael teaches a class on white supremacist groups in the mid to late-20th century.</itunes:summary>
      <itunes:duration>00:49:12</itunes:duration>
      <itunes:image href="http://static.c-span.org/assets/images/podcasts/lecturesInHistory1400.jpg"/>
      <itunes:keywords>C-SPAN, U.S. History, Race Relations, Lectures in History</itunes:keywords>
    </item>
    <item>
      <title>African-American Women Doctors in the Early 20th Century</title>
      <link>http://podcasts.c-spanvideo.org/trimmed/program/045/453702/program.453702.MP3-STD.mp3</link>
      <guid isPermaLink="false">trimmed/program/045/453702/program.453702.MP3-STD.mp3</guid>
      <description>Florida A&amp;M professor Ameenah Shakir teaches a class on African American women doctors in the early 20th century.</description>
      <enclosure url="http://podcasts.c-spanvideo.org/trimmed/program/045/453702/program.453702.MP3-STD.mp3" length="25296621" type="audio/mpeg"/>
      <category>Podcasts</category>
      <pubDate>Sat, 17 Sep 2016 20:00:13 -0400</pubDate>
      <itunes:author>C-SPAN</itunes:author>
      <itunes:explicit>No</itunes:explicit>
      <itunes:subtitle>African-American Women Doctors in the Early 20th Century</itunes:subtitle>
      <itunes:summary>Florida A&amp;M professor Ameenah Shakir teaches a class on African American women doctors in the early 20th century.</itunes:summary>
      <itunes:duration>00:52:42</itunes:duration>
      <itunes:image href="http://static.c-span.org/assets/images/podcasts/lecturesInHistory1400.jpg"/>
      <itunes:keywords>C-SPAN, African American History, Health &amp; Welfare, Lectures in History</itunes:keywords>
    </item>
    <item>
      <title>Cold War Jazz Diplomacy in Africa</title>
      <link>http://podcasts.c-spanvideo.org/trimmed/program/045/452970/program.452970.MP3-STD.mp3</link>
      <guid isPermaLink="false">trimmed/program/045/452970/program.452970.MP3-STD.mp3</guid>
      <description>U.S. Air Force Academy instructor Capt. Jeffrey Copeland teaches a class on the use of American Jazz musicians as State Department-sponsored "ambassadors" in Africa during the Cold War.</description>
      <enclosure url="http://podcasts.c-spanvideo.org/trimmed/program/045/452970/program.452970.MP3-STD.mp3" length="25728621" type="audio/mpeg"/>
      <category>Podcasts</category>
      <pubDate>Sat, 10 Sep 2016 19:59:58 -0400</pubDate>
      <itunes:author>C-SPAN</itunes:author>
      <itunes:explicit>No</itunes:explicit>
      <itunes:subtitle>Cold War Jazz Diplomacy in Africa</itunes:subtitle>
      <itunes:summary>U.S. Air Force Academy instructor Capt. Jeffrey Copeland teaches a class on the use of American Jazz musicians as State Department-sponsored "ambassadors" in Africa during the Cold War.</itunes:summary>
      <itunes:duration>00:53:36</itunes:duration>
      <itunes:image href="http://static.c-span.org/assets/images/podcasts/lecturesInHistory1400.jpg"/>
      <itunes:keywords>C-SPAN, Cold War, Music, Africa, Lectures in History</itunes:keywords>
    </item>
    <item>
      <title>Latinos and the Civil Rights Movement</title>
      <link>http://podcasts.c-spanvideo.org/trimmed/program/043/438438/program.438438.MP3-STD.mp3</link>
      <guid isPermaLink="false">trimmed/program/043/438438/program.438438.MP3-STD.mp3</guid>
      <description>Bakersfield College professor Oliver Rosales teaches a class on Latinos, the Delano grape strike of the mid-1960s, and their place in the larger Civil Rights movement of the period.</description>
      <enclosure url="http://podcasts.c-spanvideo.org/trimmed/program/043/438438/program.438438.MP3-STD.mp3" length="40753005" type="audio/mpeg"/>
      <category>Podcasts</category>
      <pubDate>Sat, 03 Sep 2016 20:00:03 -0400</pubDate>
      <itunes:author>C-SPAN</itunes:author>
      <itunes:explicit>No</itunes:explicit>
      <itunes:subtitle>Latinos and the Civil Rights Movement</itunes:subtitle>
      <itunes:summary>Bakersfield College professor Oliver Rosales teaches a class on Latinos, the Delano grape strike of the mid-1960s, and their place in the larger Civil Rights movement of the period.</itunes:summary>
      <itunes:duration>01:24:54</itunes:duration>
      <itunes:image href="http://static.c-span.org/assets/images/podcasts/lecturesInHistory1400.jpg"/>
      <itunes:keywords>C-SPAN, Civil Rights, Hispanics, Lectures in History</itunes:keywords>
    </item>
    <item>
      <title>Sea Power During World War I</title>
      <link>http://podcasts.c-spanvideo.org/trimmed/program/044/449998/program.449998.MP3-STD.mp3</link>
      <guid isPermaLink="false">trimmed/program/044/449998/program.449998.MP3-STD.mp3</guid>
      <description>U.S. Air Force Academy professor Chuck Steele teaches a class on the role of sea power during World War I.</description>
      <enclosure url="http://podcasts.c-spanvideo.org/trimmed/program/044/449998/program.449998.MP3-STD.mp3" length="25200621" type="audio/mpeg"/>
      <category>Podcasts</category>
      <pubDate>Thu, 01 Sep 2016 07:59:46 -0400</pubDate>
      <itunes:author>C-SPAN</itunes:author>
      <itunes:explicit>No</itunes:explicit>
      <itunes:subtitle>Sea Power During World War I</itunes:subtitle>
      <itunes:summary>U.S. Air Force Academy professor Chuck Steele teaches a class on the role of sea power during World War I.</itunes:summary>
      <itunes:duration>00:52:30</itunes:duration>
      <itunes:image href="http://static.c-span.org/assets/images/podcasts/lecturesInHistory1400.jpg"/>
      <itunes:keywords>C-SPAN, World War I, Lectures in History</itunes:keywords>
    </item>
    <item>
      <title>Native American History</title>
      <link>http://podcasts.c-spanvideo.org/trimmed/program/044/448304/program.448304.MP3-STD.mp3</link>
      <guid isPermaLink="false">trimmed/program/044/448304/program.448304.MP3-STD.mp3</guid>
      <description>Dartmouth College professor Colin Calloway leads a seminar for high school teachers on Native American history from the Colonial era through westward expansion.</description>
      <enclosure url="http://podcasts.c-spanvideo.org/trimmed/program/044/448304/program.448304.MP3-STD.mp3" length="36573933" type="audio/mpeg"/>
      <category>Podcasts</category>
      <pubDate>Wed, 31 Aug 2016 07:59:54 -0400</pubDate>
      <itunes:author>C-SPAN</itunes:author>
      <itunes:explicit>No</itunes:explicit>
      <itunes:subtitle>Native American History</itunes:subtitle>
      <itunes:summary>Dartmouth College professor Colin Calloway leads a seminar for high school teachers on Native American history from the Colonial era through westward expansion.</itunes:summary>
      <itunes:duration>01:16:12</itunes:duration>
      <itunes:image href="http://static.c-span.org/assets/images/podcasts/lecturesInHistory1400.jpg"/>
      <itunes:keywords>C-SPAN, Native Americans, Lectures in History</itunes:keywords>
    </item>
    <item>
      <title>Origins of the Gay Rights Movement</title>
      <link>http://podcasts.c-spanvideo.org/trimmed/program/044/449952/program.449952.MP3-STD.mp3</link>
      <guid isPermaLink="false">trimmed/program/044/449952/program.449952.MP3-STD.mp3</guid>
      <description>George Washington University professor Chad Heap teaches a class about the origins of the gay rights movement.</description>
      <enclosure url="http://podcasts.c-spanvideo.org/trimmed/program/044/449952/program.449952.MP3-STD.mp3" length="25487853" type="audio/mpeg"/>
      <category>Podcasts</category>
      <pubDate>Tue, 30 Aug 2016 08:00:36 -0400</pubDate>
      <itunes:author>C-SPAN</itunes:author>
      <itunes:explicit>No</itunes:explicit>
      <itunes:subtitle>Origins of the Gay Rights Movement</itunes:subtitle>
      <itunes:summary>George Washington University professor Chad Heap teaches a class about the origins of the gay rights movement.</itunes:summary>
      <itunes:duration>00:53:06</itunes:duration>
      <itunes:image href="http://static.c-span.org/assets/images/podcasts/lecturesInHistory1400.jpg"/>
      <itunes:keywords>C-SPAN, LGBTQ, Lectures in History</itunes:keywords>
    </item>
    <item>
      <title>America's Cold War Refugee Policy</title>
      <link>http://podcasts.c-spanvideo.org/trimmed/program/043/435465/program.435465.MP3-STD.mp3</link>
      <guid isPermaLink="false">trimmed/program/043/435465/program.435465.MP3-STD.mp3</guid>
      <description>Duke University professor Gunther Peck teaches a class on America's immigration policy toward refugees during the Cold War.</description>
      <enclosure url="http://podcasts.c-spanvideo.org/trimmed/program/043/435465/program.435465.MP3-STD.mp3" length="34415277" type="audio/mpeg"/>
      <category>Podcasts</category>
      <pubDate>Mon, 29 Aug 2016 08:03:19 -0400</pubDate>
      <itunes:author>C-SPAN</itunes:author>
      <itunes:explicit>No</itunes:explicit>
      <itunes:subtitle>America's Cold War Refugee Policy</itunes:subtitle>
      <itunes:summary>Duke University professor Gunther Peck teaches a class on America's immigration policy toward refugees during the Cold War.</itunes:summary>
      <itunes:duration>01:11:42</itunes:duration>
      <itunes:image href="http://static.c-span.org/assets/images/podcasts/lecturesInHistory1400.jpg"/>
      <itunes:keywords>C-SPAN, Cold War, Refugees, Lectures in History</itunes:keywords>
    </item>
    <item>
      <title>Cold War Educational Film</title>
      <link>http://podcasts.c-spanvideo.org/trimmed/program/043/436398/program.436398.MP3-STD.mp3</link>
      <guid isPermaLink="false">trimmed/program/043/436398/program.436398.MP3-STD.mp3</guid>
      <description>Virginia Commonwealth University professor Karen Rader teaches a class on mid-20th century educational films used teach students about nuclear warfare and science.</description>
      <enclosure url="http://podcasts.c-spanvideo.org/trimmed/program/043/436398/program.436398.MP3-STD.mp3" length="22080621" type="audio/mpeg"/>
      <category>Podcasts</category>
      <pubDate>Sat, 30 Jul 2016 20:00:06 -0400</pubDate>
      <itunes:author>C-SPAN</itunes:author>
      <itunes:explicit>No</itunes:explicit>
      <itunes:subtitle>Cold War Educational Film</itunes:subtitle>
      <itunes:summary>Virginia Commonwealth University professor Karen Rader teaches a class on mid-20th century educational films used teach students about nuclear warfare and science.</itunes:summary>
      <itunes:duration>00:46:00</itunes:duration>
      <itunes:image href="http://static.c-span.org/assets/images/podcasts/lecturesInHistory1400.jpg"/>
      <itunes:keywords>C-SPAN, Cold War, Lectures in History</itunes:keywords>
    </item>
    <item>
      <title>Henry Wirz and Andersonville Prison</title>
      <link>http://podcasts.c-spanvideo.org/trimmed/program/043/438589/program.438589.MP3-STD.mp3</link>
      <guid isPermaLink="false">trimmed/program/043/438589/program.438589.MP3-STD.mp3</guid>
      <description>State University of New York at Buffalo professor Carole Emberton teaches a class about Andersonville Prison, the Confederate Civil War military prison where 13,000 Union soldiers died, and the trial of its commander, Henry Wirz.</description>
      <enclosure url="http://podcasts.c-spanvideo.org/trimmed/program/043/438589/program.438589.MP3-STD.mp3" length="28128621" type="audio/mpeg"/>
      <category>Podcasts</category>
      <pubDate>Sat, 23 Jul 2016 20:00:25 -0400</pubDate>
      <itunes:author>C-SPAN</itunes:author>
      <itunes:explicit>No</itunes:explicit>
      <itunes:subtitle>Henry Wirz and Andersonville Prison</itunes:subtitle>
      <itunes:summary>State University of New York at Buffalo professor Carole Emberton teaches a class about Andersonville Prison, the Confederate Civil War military prison where 13,000 Union soldiers died, and the trial of its commander, Henry Wirz.</itunes:summary>
      <itunes:duration>00:58:36</itunes:duration>
      <itunes:image href="http://static.c-span.org/assets/images/podcasts/lecturesInHistory1400.jpg"/>
      <itunes:keywords>C-SPAN, Civil War, Lectures in History</itunes:keywords>
    </item>
    <item>
      <title>Atomic Bomb Use in World War II</title>
      <link>http://podcasts.c-spanvideo.org/trimmed/program/044/447947/program.447947.MP3-STD.mp3</link>
      <guid isPermaLink="false">trimmed/program/044/447947/program.447947.MP3-STD.mp3</guid>
      <description>American University history professor Peter Kuznick teaches a class on the development and use of the atomic bomb during World War II.</description>
      <enclosure url="http://podcasts.c-spanvideo.org/trimmed/program/044/447947/program.447947.MP3-STD.mp3" length="35950893" type="audio/mpeg"/>
      <category>Podcasts</category>
      <pubDate>Sat, 16 Jul 2016 20:00:04 -0400</pubDate>
      <itunes:author>C-SPAN</itunes:author>
      <itunes:explicit>No</itunes:explicit>
      <itunes:subtitle>Atomic Bomb Use in World War II</itunes:subtitle>
      <itunes:summary>American University history professor Peter Kuznick teaches a class on the development and use of the atomic bomb during World War II.</itunes:summary>
      <itunes:duration>01:14:54</itunes:duration>
      <itunes:image href="http://static.c-span.org/assets/images/podcasts/lecturesInHistory1400.jpg"/>
      <itunes:keywords>C-SPAN, Nuclear, Lectures in History</itunes:keywords>
    </item>
    <item>
      <title>Culture During the Great Depression</title>
      <link>http://podcasts.c-spanvideo.org/trimmed/program/044/446948/program.446948.MP3-STD.mp3</link>
      <guid isPermaLink="false">trimmed/program/044/446948/program.446948.MP3-STD.mp3</guid>
      <description>Bob Jones University professor Carl Abrams teaches a class on American culture during the Great Depression era. He describes changes to family life, the role of religion, and the rise of Hollywood film.</description>
      <enclosure url="http://podcasts.c-spanvideo.org/trimmed/program/044/446948/program.446948.MP3-STD.mp3" length="24720621" type="audio/mpeg"/>
      <category>Podcasts</category>
      <pubDate>Sat, 09 Jul 2016 19:59:58 -0400</pubDate>
      <itunes:author>C-SPAN</itunes:author>
      <itunes:explicit>No</itunes:explicit>
      <itunes:subtitle>Culture During the Great Depression</itunes:subtitle>
      <itunes:summary>Bob Jones University professor Carl Abrams teaches a class on American culture during the Great Depression era. He describes changes to family life, the role of religion, and the rise of Hollywood film.</itunes:summary>
      <itunes:duration>00:51:30</itunes:duration>
      <itunes:image href="http://static.c-span.org/assets/images/podcasts/lecturesInHistory1400.jpg"/>
      <itunes:keywords>C-SPAN, U.S. History, U.S. Economy, Lectures in History</itunes:keywords>
    </item>
  </channel>
</rss>
