<!DOCTYPE html PUBLIC "-//W3C//DTD XHTML 1.0 Transitional//EN"
    "http://www.w3.org/TR/xhtml1/DTD/xhtml1-transitional.dtd">
<html xmlns="http://www.w3.org/1999/xhtml">
    <head>
          <title>IBC - Lilies conquer the world</title>
          <!--
            __________________________________________________________________________________
            *
            * www.bulbsonline.org
            * Technische realisatie: Hippo (http://www.hippo.nl)
            * Content Management System: Hippo CMS (http://www.hippocms.org)
            * build date 2012-03-23 10:12:01
            * site version 1.03.55
            *_________________________________________________________________________________
          -->
          <meta http-equiv="Content-type" content="text/html; charset=utf-8" />
          <meta http-equiv="Content-Script-Type" content="text/javascript" />
          <meta http-equiv="Content-Style-Type" content="text/css" />
          <meta http-equiv="Content-Language" content="none" />
          <meta name="robots" content="index,follow" />
          <meta name="description" content="[korte beschrijving van de site]" />
          <meta name="keywords" content="[trefwoorden (optioneel)]" />
          <meta name="author" content="Hippo &#124; Martijn Blom" />
          <meta name="type" content="education"/>
<link rel="icon" href="/ibc-jsp/static/img/favicon.ico" type="image/x-icon" />
          <link rel="shortcut icon" href="/ibc-jsp/static/img/favicon.ico" type="image/x-icon" />
          <link href="/ibc-jsp/static/css/screen.css" rel="stylesheet" type="text/css" media="screen" />
          <link href="/ibc-jsp/static/css/alter_large.css" rel="alternate stylesheet" type="text/css" media="screen" title="A+" />
          <link href="/ibc-jsp/static/css/alter_larger.css" rel="alternate stylesheet" type="text/css" media="screen" title="A++" />
          <link href="/ibc-jsp/static/css/alter_largest.css" rel="alternate stylesheet" type="text/css" media="screen" title="A+++" />
          <link href="/ibc-jsp/static/css/print.css" rel="stylesheet" type="text/css" media="print" />
          <!--[if IE 7]>
            <link href="/ibc-jsp/static/css/ie7.css" rel="stylesheet" type="text/css" media="screen" />
            <![endif]-->
            <!--[if lte IE 6]>
            <link href="/ibc-jsp/static/css/ie6.css" rel="stylesheet" type="text/css" media="screen" />
            <![endif]-->
          <script type="text/javascript">
            var baseimgpath = "/ibc-jsp/static/img/";
          </script>
          <script type="text/javascript" src="/ibc-jsp/static/js/utilities.js"></script>
          <script type="text/javascript" src="/ibc-jsp/static/js/carousel.js"></script>
          <script type="text/javascript" src="/ibc-jsp/static/js/messages.js"></script>
         <script type="text/javascript" src="/ibc-jsp/static/js/en/messages.js"></script>
        <script type="text/javascript" src="/ibc-jsp/static/js/functions.js"></script>
        <script type="text/javascript" src="/ibc-jsp/static/js/jquery.js"></script>
        <script type="text/javascript" src="/ibc-jsp/static/js/jtip.js"></script>
        <script type="text/javascript" src="/ibc-jsp/static/js/container_core-min.js"></script>
        <script type="text/javascript" src="/ibc-jsp/static/js/thickbox.js"></script>
        <script type="text/javascript" src="/ibc-jsp/static/js/events.js"></script>

        </head><body class="education">
	<div id="backgroundImage"><img id="background" src="/ibc-jsp/static/img/background-educatie.jpg" alt="background" /> <!-- Wrapper -->
		<div id="wrapper"><!-- acces navigation -->
			<ul class="accesNav">
				<li><a href="#mainNav" title="Ga naar de hoofdnavigatie.">Ga naar hoofdnavigatie.</a></li>
				<li><a href="#main" title="Ga direct naar de content.">Ga naar content.</a></li>
			</ul>
			<!--// acces navigation -->
			<hr class="hidden" />
			<!-- Top navigation -->
			<!---->
<div id="topNav">
    <div id="innerTopNav">
    <ul>
        <li >&#124;<a href="/ibc/en/publiek/index.jsf">public</a></li>
        <!---->
		
		<li  class="active">&#124;<a href="/ibc-jsp/en/education">education</a></li>
		</ul>
    <!-- language navigation -->
      <ul id="dmenu" class="languageNav">
          <li>
           <a href="/ibc-jsp/en/education/Home1.xml">Location & language:&nbsp;UK - English</a>
            <ul>
            	<li class="dotted"><a class="internLink1" href="http://www.bloembollencentrum.nl">Nederland - Nederlands</a></li>
				<li class="dotted"><a class="internLink1" href="http://www.flowerbulbs.co.uk">UK - English</a></li>
				<li class="dotted"><a class="internLink1" href="http://www.blumenzwiebeln.de">Deutschland - Deutsch</a></li>
				
				<!--              -->
<!--			  <li class="dotted"><a class="internLink1" href="/ibc-jsp/nl/education">Nederland - Nederlands</a></li>-->
<!--			  -->
<!--              <li><a class="internLink1" href="/ibc-jsp/en/education">UK - English</a></li>-->
<!--              -->
<!--              <li><a class="internLink1" href="/ibc-jsp/de/education">Deutschland - Deutsch</a></li>-->
<!--              -->
<!--              <li><a class="internLink1" href="/ibc-jsp/fr/education">France - France</a></li>-->
<!--              -->
<!--              <li><a class="internLink1" href="/ibc-jsp/es/education">España - Español</a></li>-->
<!--              -->
<!--              <li><a class="internLink1" href="/ibc-jsp/it/education">Italia - Italiano</a></li>-->
<!--              -->
<!--              <li><a class="internLink1" href="/ibc-jsp/pl/education">Polska - Polski</a></li>-->
<!--              -->
<!--              <li><a class="internLink1" href="/ibc-jsp/se/education">Sverige - Svenska</a></li>-->
<!--              -->
<!--              <li><a class="internLink1" href="/ibc-jsp/dk/education">Danmark - Dansk</a></li>-->
<!--              -->
<!--              <li><a class="internLink1" href="/ibc-jsp/us_en/education">USA - English</a></li>-->
<!--              -->
<!--              <li><a class="internLink1" href="/ibc-jsp/jp/education">Japan - 日本語</a></li>-->
<!--              -->
<!--              <li><a class="internLink1" href="/ibc-jsp/cn/education">China - 汉语</a></li>-->
<!--               -->
<!--              <li><a class="internLink1" href="/ibc-jsp/fi/education">Finland - Suomi</a></li>-->
<!--               -->
<!--              <li><a class="internLink1" href="/ibc-jsp/ru/education">Rusland - Русско</a></li>-->
            </ul>
          </li>
        </ul>
      <!--// language navigation --></div>
    </div>
    <!--// Top navigation -->
    <div class="clear">&#160; <!-- // pre shorttag --></div>
    <hr class="hidden" />
    <!-- logo -->
    <div class="logo"><img src="/ibc-jsp/static/img/logo.gif" alt="logo" width="143" height="42" /></div>
    <!--// logo -->
    <!-- Header -->
    <div id="header"><!-- corporate navigation -->
   <ul class="corporateNav">
    <li><a href="/ibc-jsp/ru/education"></a>&#124;</li>
	<li><a href="/ibc-jsp/en/education/contact.xml">Contact</a>&#124;</li>
	<li><a href="/ibc-jsp/en/education/sitemap.xml">Sitemap</a>&#124;</li>
	<li class="textBigger">Enlarge text:<a class="textBigger">A&#43;</a></li>
        <li class="textSmaller"><a class="textSmaller">A&#8211;</a></li>
     </ul>
    <!--// corporate navigation -->
    <div class="clear">&#160; <!-- // pre shorttag --></div>
    <!-- Main navigation -->
    <ul class="mainNav">

    <li class="homepage">
			<a title="[omschrijving van de informatie op deze pagina]" href="/ibc-jsp/en/education/Home1.xml">International<br />Flower Bulb<br />Centre</a>
		</li>
    <li class="dotted"> </li>
        			<li class="beroepsonderwijs education">
                    <a title="[omschrijving van de informatie op deze pagina]" href="/ibc-jsp/en/education/beroepsonderwijs">Secundary school</a>
                </li>
                <li class="dotted"> </li>
        			<li class="actBasisonderwijs education">
                    <a title="[omschrijving van de informatie op deze pagina]" href="/ibc-jsp/en/education/basisonderwijs">Primary school</a>
                </li></ul>
    <!--// Main navigation --> <!-- Searchbox -->
    <div id="searchBox">
    
    <!--
    	FOLLOWING IF STATEMENTS ARE FIX FOR STOPPING USER PERFORMING 
    	SEARCH IN PERS & EXTRANET WITHOUT LOGGING IN
    	ISSUE : 9886
     -->
    <form id="searchForm" name="searchForm" method="post" action="/ibc-jsp/en/search" enctype="application/x-www-form-urlencoded" onkeypress="if (event.keyCode == 13) {javascript:submitForm(); return false;}; return true;" class="search">
        <fieldset>
        <input id="searchForm:query" name="searchForm:query" type="text" value="" class="searchtext" />
        <input id="searchForm:search" name="searchForm:search" type="submit" value="search" onclick="if(typeof window.clearFormHiddenParams_searchForm=='function'){clearFormHiddenParams_searchForm('searchForm');}if(typeof window.getScrolling!='undefined'){oamSetHiddenInput('searchForm','autoScroll',getScrolling());}" class="searchbutton" />
		<input type="hidden" name="autoScroll" />

          <script>
			function submitForm(){
			 if (event.keyCode == 13){
	          document.getElementById('searchForm:search').click();
		      return false;
			 }
			 return true;
	        }
			</script>
        </fieldset>
      </form>
    </div>
      <!--// Searchbox -->
    <div class="clear">&#160; <!-- // pre shorttag --></div>
    </div>
    <!--// Header --><div id="main">
			<div id="content" class="">
    <h1 class="hidden">education</h1>
    <div id="leftColumn">
        <!-- boxitem -->
        <!-- Sub navigation -->
<ul class="subNav">
<!--	<div>-->
<!--	<ul class="subNav">-->
		<!--	</ul>-->
<!--	</div>-->
<!--	<div>-->
<!--	<ul class="subNav">-->
		<!--	</ul>-->
<!--	</div>-->
<!--	<div>-->
<!--	<ul class="subNav">-->
		<li class="main"><a href="/ibc-jsp/en/education/basisonderwijs/bloembollen-ditjes-en-datjes"
				class="">This and that about flower bulbs</a>
				</li>
		<!--	</ul>-->
<!--	</div>-->
<!--	<div>-->
<!--	<ul class="subNav">-->
		<li class="main"><a href="/ibc-jsp/en/education/basisonderwijs/blloembollen-onderweg"
				class="">Transporting flower bulbs</a>
				</li>
		<!--	</ul>-->
<!--	</div>-->
<!--	<div>-->
<!--	<ul class="subNav">-->
		<li class="main"><a href="/ibc-jsp/en/education/basisonderwijs/geschiedenis-van-de-bol"
				class="selected previousItem">The history of the bulb</a>
				<ul>
					<li class="sub"><a href="/ibc-jsp/en/education/basisonderwijs/geschiedenis-van-de-bol/Tulpen-uit-Turkye.xml"
								class="">Tulips from Turkey</a>
							</li>
						<li class="sub"><a href="/ibc-jsp/en/education/basisonderwijs/geschiedenis-van-de-bol/Een-duur-product.xml"
								class="">A precious little present</a>
							</li>
						<li class="sub"><a href="/ibc-jsp/en/education/basisonderwijs/geschiedenis-van-de-bol/Bollenhandel.xml"
								class="">The bulb trade</a>
							</li>
						<li class="sub"><a href="/ibc-jsp/en/education/basisonderwijs/geschiedenis-van-de-bol/De-windhandel-in-tulpenbollen.xml"
								class="">The wild speculation in tulip bulbs</a>
							</li>
						<li class="sub"><a href="/ibc-jsp/en/education/basisonderwijs/geschiedenis-van-de-bol/Duur-en-apart.xml"
								class="">Expensive and unique</a>
							</li>
						<li class="sub"><a href="/ibc-jsp/en/education/basisonderwijs/geschiedenis-van-de-bol/Lelies-veroveren-de-wereld.xml"
								class="selected">Lilies conquer the world</a>
							</li>
						</ul>
			</li>
		<!--	</ul>-->
<!--	</div>-->
<!--	<div>-->
<!--	<ul class="subNav">-->
		<li class="main"><a href="/ibc-jsp/en/education/basisonderwijs/groei-en-bloei"
				class="">Growth and Flowering</a>
				</li>
		<!--	</ul>-->
<!--	</div>-->
<!--	<div>-->
<!--	<ul class="subNav">-->
		<li class="main"><a href="/ibc-jsp/en/education/basisonderwijs/lessuggesties"
				class="">Flower bulb project</a>
				</li>
		<!--	</ul>-->
<!--	</div>-->
<!--	<div>-->
<!--	<ul class="subNav">-->
		<li class="main"><a href="/ibc-jsp/en/education/basisonderwijs/leuke-bollen-dingen"
				class="">Fun with bulbs</a>
				</li>
		<!--	</ul>-->
<!--	</div>-->
<!--	<div>-->
<!--	<ul class="subNav">-->
		<li class="main"><a href="/ibc-jsp/en/education/basisonderwijs/pimp-je-klas-en-huis"
				class="">Classroom/house decorating</a>
				</li>
		<!--	</ul>-->
<!--	</div>-->
<!--	<div>-->
<!--	<ul class="subNav">-->
		<li class="main"><a href="/ibc-jsp/en/education/basisonderwijs/pimp-je-schoolplein--tuin--terras-of-balkon"
				class="">Decorate your playground</a>
				</li>
		<!--	</ul>-->
<!--	</div>-->
</ul>

<hr class="hidden" />
<!--// Sub navigation -->
<h2 class="sector"></h2></div>
    <div id="middleColumn"><!-- Breadcrumbs -->
        <div id="breadcrumbs">
          <div id="innerBreadcrumbs">
            <ul><span id="breadcrumbItems">
            	<li>
            		<a class="active" href="/ibc-jsp/en/education/Home1.xml">Education</a>
            	</li>
            <li>&#187;&#160;
            		<a class="active" href="/ibc-jsp/en/education/basisonderwijs">Primary school</a>
            			</li>
            	<li>&#187;&#160;
            		<a class="active" href="/ibc-jsp/en/education/basisonderwijs/geschiedenis-van-de-bol">The history of the bulb</a>
            			</li>
            	<li>&#187;&#160;
            		<a class="active" href="/ibc-jsp/en/education/basisonderwijs/geschiedenis-van-de-bol/Lelies-veroveren-de-wereld.xml">Lilies conquer the world</a>
            			</li>
            	</span>
            </ul>
            <div class="clear">&#160; <!-- // pre shorttag --></div>
          </div>
        </div>
        <!--// Breadcrumbs -->
<!--	-->
	<h1>Lilies conquer the world</h1>
	    	<!-- visual -->
<!-- image -->
		<!--// visual -->
<!--	-->
<!--		<h1>Lilies conquer the world</h1>-->
		<div class="hrDotted">&#160;</div>
<!--	-->
    <p>For a long time, tulips, daffodils and hyacinths were the most important flower bulbs. Many people think that this is still the case. And even though much has changed, the tulip is still the most popular flower bulb of all.</p>
      <div class="hrDotted">&#160;</div>

<p>
<img border="0" height="329" hspace="0" src="/ibc-jsp/binaries/images/l/lilium-candidum/large.jpg" width="449"/>
</p>

<p>Almost half of all the bulb fields are planted with tulips. Lilies take
second place, followed by daffodils, hyacinths and gladioli.</p>

<div class="hrDotted">&#160;</div></div>
    <div id="rightColumn">
        <h2 class="sector"></h2></div>
</div><div id="footer">
    <div class="innerFooter">
    	<!-- <img src="/ibc-jsp/static/img/Discover.jpg" alt="Discover the world of flower bulbs" /> -->
        <span>Discover the world of flower bulbs</span>
        <br />
    </div>
    <script type="text/javascript">
  var _gaq = _gaq || [];
  _gaq.push(['_setAccount', 'UA-7680865-1']);
  _gaq.push(['_setDomainName', 'none']);
  _gaq.push(['_setAllowLinker', true]);
  _gaq.push(['_trackPageview']);

  (function() {
    var ga = document.createElement('script'); ga.type = 'text/javascript'; ga.async = true;
    ga.src = ('https:' == document.location.protocol ? 'https://ssl' : 'http://www') + '.google-analytics.com/ga.js';
    var s = document.getElementsByTagName('script')[0]; s.parentNode.insertBefore(ga, s);
  })();

</script></div>

</div>
		</div>
	</div>
	</body>
</html>
