<?xml version="1.0" encoding="utf-8"?>
<xml>
	<settings>
		<width>960</width>
		<height>378</height>
		<startingID>0</startingID>
		<streamViewerPath>/flash/stream_viewer.swf</streamViewerPath>
		<scrollSpeed>0.5</scrollSpeed>
		<autoScroll>false</autoScroll>
		<splashPath>/graphics/livedemo/LiveDemo_preloader.jpg</splashPath>
		<splashDelay>1</splashDelay>
		<random></random>
		<type></type>
		<transition></transition>
		<easing></easing>
		<scaleMode>zoom</scaleMode>
		<autoPlay>true</autoPlay>
		<showPreloader>false</showPreloader>
	</settings>
	<elements>
<!--		<element>
			<id>9</id>
			<title>Minnesota Vikings Stadium</title>
			<src>rtmp://video2.earthcam.com/fecnetwork/7649.flv</src>
			<buffer>5</buffer>
			<type>live</type>
			<link>/technology/</link>		
			<description></description>
			<duration>30</duration>
		</element>-->
		
		<element>
			<id>7</id>
			<title>Gerald Desmond Bridge</title>
			<src>rtmp://video2.earthcam.com/fecnetwork/5460.flv</src>
			<buffer>5</buffer>
			<type>live</type>
			<link>/technology/</link>		
			<description>Hello 1</description>
			<duration>30</duration>
		</element>
		
		<!--<element>
			<id>10</id>
			<title>Atlanta Falcons</title>
			<src>rtmp://video2.earthcam.com/fecnetwork/6349.flv</src>
			<buffer>5</buffer>
			<type>live</type>
			<link>/technology/</link>		
			<description>Hello 1</description>
			<duration>30</duration>
		</element>-->
		
		
		
		<element>
			<id>3</id>
			<title>Abbey Road</title>
			<src>rtmp://video2.earthcam.com/fecnetwork/AbbeyRoadHD1.flv</src>
			<buffer>5</buffer>
			<type>live</type>
			<link>/technology/</link>		
			<description>Hello 1</description>
			<duration>30</duration>
		</element>
		
		<element>
			<id>11</id>
			<title>New York Wheel</title>
			<src>rtmp://video2.earthcam.com/fecnetwork/8556.flv</src>
			<buffer>5</buffer>
			<type>live</type>
			<link>/technology/</link>		
			<description>Hello 1</description>
			<duration>30</duration>
		</element>
		
		<element>
			<id>12</id>
			<title>University of Vermont</title>
			<src>rtmp://video2.earthcam.com/fecnetwork/8078.flv</src>
			<buffer>5</buffer>
			<type>live</type>
			<link>/technology/</link>		
			<description>Hello 1</description>
			<duration>30</duration>
		</element>
		
		<element>
			<id>13</id>
			<title>George Bush Airport</title>
			<src>rtmp://video2.earthcam.com/fecnetwork/8343.flv</src>
			<buffer>5</buffer>
			<type>live</type>
			<link>/technology/</link>		
			<description>Hello 1</description>
			<duration>30</duration>
		</element>
		
		<!--<element>
			<id>2</id>
			<title>Stanford</title>
			<src>rtmp://video2.earthcam.com/fecnetwork/4189.flv</src>
			<buffer>2</buffer>
			<type>live</type>
			<link>/technology/</link>		
			<description>Hello 1</description>
			<duration>30</duration>
		</element>-->
		
		
		<!--<element>
			<id>1</id>
			<title>New Imaging Services</title>
			<src>http://www.earthcam.net/cams1/data/videos/flash/banner/BayBridge_Satellite_HD.mp4</src>
			<buffer>5</buffer>
			<type>archive</type>
			<link>/imaging/</link>
			<description></description>
		</element>-->
		
		<!--<element>
			<id>4</id>
			<title>Cooper Cancer Institute</title>
			<src>rtmp://video2.earthcam.com/fecnetwork/4447.flv</src>
			<buffer>5</buffer>
			<type>live</type>
			<link>/technology/</link>		
			<description>Hello 1</description>
			<duration>30</duration>
		</element>-->
		<!--<element>
			<id>5</id>
			<title>The Granary</title>
			<src>rtmp://video2.earthcam.com/fecnetwork/4434.flv</src>
			<buffer>5</buffer>
			<type>live</type>
			<link>/technology/</link>		
			<description>Hello 1</description>
			<duration>30</duration>
		</element>-->
		<!--<element>
			<id>5</id>
			<title>Niagara Falls</title>
			<src>rtmp://video2.earthcam.com/fecnetwork/4559.flv</src>
			<buffer>5</buffer>
			<type>live</type>
			<link>/technology/</link>		
			<description>Hello 1</description>
			<duration>30</duration>
		</element>	-->	
		<!--<element>
			<id>6</id>
			<title>Ft. Lauderdale</title>
			<src>rtmp://video2.earthcam.com/fecnetwork/windjammerHD.flv</src>
			<buffer>5</buffer>
			<type>live</type>
			<link>/technology/</link>		
			<description>Hello 1</description>
			<duration>30</duration>
		</element>-->
		
		
		<!--<element>
			<id>8</id>
			<title>Denver International Airport</title>
			<src>rtmp://video2.earthcam.com/fecnetwork/4315.flv</src>
			<buffer>5</buffer>
			<type>live</type>
			<link>/technology/</link>		
			<description></description>
			<duration>30</duration>
		</element>-->
		
		
<!--		
		<element>
			<id>10</id>
			<title>Porsche Cars NA</title>
			<src>rtmp://video2.earthcam.com/fecnetwork/5500.flv</src>
			<buffer>5</buffer>
			<type>live</type>
			<link>/technology/</link>		
			<description></description>
			<duration>30</duration>
		</element>
-->

	</elements>
</xml>
