<!DOCTYPE html PUBLIC "-//W3C//DTD XHTML 1.0 Transitional//EN" "http://www.w3.org/TR/xhtml1/DTD/xhtml1-transitional.dtd">




<!-- Language version: en -->


<!-- virtual server encyklopedie -->
<!-- leftmenu: leftmenu_encyklopedie.xml -->
<!-- menu name leftmenu_encyklopedie.xml |1| leftmenu_encyklopedie.xml -->
<!-- active menupath set to |1| -->














<html xml:lang="en" xmlns="http://www.w3.org/1999/xhtml" lang="en">

<head>
  <!-- XSP Title -->

<script type="text/javascript">

  var _gaq = _gaq || [];
  
  _gaq.push(['ois._setAccount', 'UA-17795652-1']);
  _gaq.push(['ois._setDomainName', 'none']);
  _gaq.push(['ois._setAllowLinker', true]);
  _gaq.push(['ois._trackPageview']);
  
  _gaq.push(['_setAccount', 'UA-2985757-1']);
  _gaq.push(['_setDomainName', 'none']);
  _gaq.push(['_setAllowLinker', true]);
  _gaq.push(['_trackPageview']);
 
  _gaq.push(['inall._setAccount', 'UA-17080857-1']);
  _gaq.push(['inall._setDomainName', 'none']);
  _gaq.push(['inall._setAllowLinker', true]);
  _gaq.push(['inall._trackPageview','/www/ckrumlov/cz']);


  (function() {
    var ga = document.createElement('script'); ga.type = 'text/javascript'; ga.async = true;
    ga.src = ('https:' == document.location.protocol ? 'https://ssl' : 'http://www') + '.google-analytics.com/ga.js';
    var s = document.getElementsByTagName('script')[0]; s.parentNode.insertBefore(ga, s);
  })();

</script>



  <title>
History of the town of Český Krumlov
</title>
  <!-- XSP Recode UTF-8 -->
  <meta http-equiv="content-type" content="text/html; charset=utf-8" />
  <meta name="keywords" lang="en" content="HistoryHistoricalRoutesRegionWitigonenPaintingSplitRosesTalesLegendsRosenbergsPeterI.St.VitusChurchJoštUlrichII.RosenbergHistoryMiningWilhelmWokRudolfVonHabsburgFerdinandEggenbergsJohannChristianSchwarzenbergsJosephAdam" />
  <meta name="description" lang="en" content="" />
  <meta name="verify-v1" content="FknIf2NaAk2Jndv8+zwyGl3YDp642fT7uCrCbSFOa1g=" />

  
  <link rel="stylesheet" href="/stylesheets/main.css" media="screen" type="text/css" />
  <link rel="stylesheet" href="/stylesheets/doc.css" media="screen" type="text/css" />
  <link rel="stylesheet" href="/stylesheets/kulkal.css" media="screen" type="text/css" />
  <link rel="stylesheet" href="/stylesheets/aktuality.css" media="screen" type="text/css" />
<!-- topmenu: turista ; selfurl: /docs/en/mesto_histor_himeck.xml -->
  <link rel="stylesheet" href="/stylesheets/turista.css" media="screen" type="text/css" />

  <link rel="stylesheet" href="/stylesheets/tags.css" media="screen" type="text/css" />  


<style type="text/css">
#turista #header {
  background: transparent url(/img/turista-motiv.jpg) no-repeat 212px 56px;
}
</style>


<!-- script type="text/javascript" src="/php/obcan/jquery-1.3.2.min.js"></script -->
<script src="/php/lib/jquery-current.min.js" type="text/javascript" charset="utf-8"></script>
<script src="/php/lib/jquery.cycle.all.min.js" type="text/javascript" charset="utf-8"></script>
<script type="text/javascript" src="/php/obcan/jquery.form.js"></script>
<script type="text/javascript" src="/php/obcan/jquery.qtip-1.0.0-rc3.min.js"></script>
<script src="http://maps.google.com/maps?file=api&amp;v=2&amp;key=ABQIAAAA0xLRvZHCdAJtvC1-wiTcrxSgn1NG6GouTisjWae-kLoXPa1vWhStrIxRwb1OQodmDUMLZOwjDAR-9A" type="text/javascript"></script>
<script type="text/javascript">
	function initializeStylesheet() {
		if(typeof initializeGSV == 'function') { 
			initializeGSV(); 
		}
		if(typeof initializeGSVmap == 'function' ) {
			initializeGSVmap();
		}
		if(typeof initializeGSVOnce == 'function' ) {
			initializeGSVOnce();
		}
	}
</script>

</head>

<body id="turista" onload="initializeStylesheet();">



<div id="page"><div id="page-2">
  <div id="header" title="image foto">
<a href="/" title=""><img id="logo" src="/img/en-turista-logo-ck.png" alt="History of the town of Český Krumlov" title="History of the town of Český Krumlov" width="207" height="131" /></a>

  </div>
<div class="doc">
  
  <!-- Doc Begin -->
    <div id="sekce-main">
    <div id="sekce-text">
      <!-- XSP Spider bar begin -->
<div id="sekce-pozice">
Encyclopedia <span class="separator">&gt;</span> Town Český Krumlov
<!-- breadcumb
Town Český Krumlov
příliš
Encyclopedia
Town Český Krumlov
-->
</div>

      <!-- XSP Spider bar End -->
      <!-- XSP Title -->


      <!-- XSP 3level menu bar, horizontal part begin -->


<!-- begin included menu3 http://localhost/php/adm/sysmenus/showmenu3.php?bovirtual=encyklopedie&lang=en&menupath=|1| ž -->

<!-- end of include menu3 http://localhost/php/adm/sysmenus/showmenu3.php?bovirtual=encyklopedie&lang=en&menupath=|1| -->


      <!-- XSP 3level menu bar, horizontal part End -->
      <!-- XSP Start Of BODY -->     
<!-- <p> -->
<h1 class="1001">History of the town of Česk&yacute;&nbsp;Krumlov</h1>
<p>According to legend, the name Krumlov is derived from the German "Krumme Aue", which may be translated as "crooked meadow". The name comes from the natural topography of the town, specifically from the tightly crooked meander of the Vltava river. The word "Česk&yacute;" simply means Czech, or Bohemian (actually one and the same), as opposed to Moravian or Silesian. In Latin documents it was called Crumlovia or Crumlovium. The town was first mentioned in documents from 1253, where Krumlov was called Chrumbonowe.</p>
<p class="1007" style="text-align: center;"><a href="/img.php?img=6530&amp;LANG=en"><img src="http://www.ckrumlov.info/img/6530.jpg" alt="" /></a>
</p>
<p>The flow of the Vltava River has long been a natural transportation entrance to this region. The area\'s oldest settlement goes back to the Older Stone Age (70,000 - 50,000 B.C.). Mass settlement was noted in the Bronze Age (1,500 B.C.), Celtic settlements in the Younger Iron Age (approx. 400 B.C.) and Slavonic settlement has been dated as from the 6th century A.D. The Slavs were represented by two tribes - Boletice and Doudleby. (<a href="http://www.encyklopedie.ckrumlov.cz/docs/en/region_histor_praosi.xml">Prehistorical settlements of the Česk&yacute; Krumlov region</a> )</p>
<p><img class="1005" style="float: right;" src="http://www.ckrumlov.info/img/260.gif" alt="" />
In the Early Middle Ages the routes along the Vltava river created the trade routes (see <a href="http://www.encyklopedie.ckrumlov.cz/docs/en/region_histor_histez.xml">Historical Routes in the Česk&yacute; Krumlov Region</a>). In the 9th century the area was probably owned by the noble Czech family of Slavn&iacute;kovci, who were slaughtered by the rival family of Přemyslovci in 995. This area then became their property. In accordance with the principles of internal colonization and bestowing of sovereign domains in fief to members of a sovereign dynasty, this domain was thus given by the ruling family of Přemyslovci to one of their own lines - <a href="http://www.encyklopedie.ckrumlov.cz/docs/en/mesto_histor_vitkov.xml">The Witigonen</a> in Czech known as the V&iacute;tkovci.</p>
<p>According to the legend, the family of Witigonen has its origins in Ancient Rome. The family was related to the Roman Ursini family, who is said to have resided on the mountain "Mons Rosarum" near the city of Rome. After Rome was plundered by the hordes of the Visigoth leader Totila in 546, the family left Rome and one of its members named V&iacute;tek (in German, Witigon) travelled together with his wife and child up to the north, passed the Donau river and settled in Southern Bohemia. He started a new family there and gradually acquired extensive domains, which he gave to his five sons before his death. Each son received a coat-of-arms with a five-petalled rose, the color of which symbolized each particular dominion.</p>
<p>So much for legend - historical reality offers us some slight variations. V&iacute;tek did not come to South Bohemia in the 6th but the 12th century, and he did not come from the Italian family of Ursini but from the family line of a Czech Princess of the Přemyslovci. In 1173 <a href="http://www.encyklopedie.ckrumlov.cz/docs/en/osobno_vitzpr.xml">V&iacute;tek of Prčice</a> was mentioned as an envoy to the Emperor Friedrich Barbarossa, and in 1179 he apparently settled in Southern Bohemia. The fact that his domains were not liable to the so-called law of escheat indicates his strong influence, as his property did not have to return to the hands of the family of Přemysl. V&iacute;tek could freely dispose of his properties and therefore gave it to his four sons - Jindřich of Hradec; V&iacute;tek II senior, predecessor of the Lords of Krumlov; V&iacute;tek III junior, founder of the family of Rosenberg; and V&iacute;tek IV. It is likely that the then newly founded residences Nov&eacute; Hrady (New Castles), Rožmberk (Rosenberg), Třeboň and Krumlov fell into the rank of domains of the V&iacute;tek family, while Krumlov would have been their fourth castle in the rank. This historically important moment is rendered in the painting "<a href="http://www.ckrumlov.info/docs/en/zamek_3nadvori_deleni.xml">Division of the Roses</a>", which can be viewed in the sightseeing tour at the Česk&yacute; Krumlov castle.</p>
<p class="1007" style="text-align: center;"><a href="/img.php?img=170&amp;LANG=en"><img src="http://www.ckrumlov.info/img/170.jpg" alt="" /></a>
</p>
<p>In 1251 the Bohemian King Přemysl Otakar II gained Austrian lands through marriage to Anna Maria of Bamberg. Přemysl Otakar II, with his well-thought out colonization policy, tried to populate the sporadically settled &Scaron;umava region in the Czech-Austrian borderland and this way integrate his domains in Bohemia with his newly gained territories in Austria. His efforts in this sphere, however, had its consequences in territories ruled by the sovereign family of V&iacute;tkovci, which resulted in particular centres of conflicts with the most powerful aristocratic family in the country. Conflicts had their origins for example in the foundation of the royal town Česk&eacute; Budějovice or the Cistercian Monastery Zlat&aacute; Koruna (Golden crown), both founded by King Přemysl Otakar II in 1263. Zlat&aacute; Koruna was supposed to restrain the influence of the Rosenberg monastery in Vy&scaron;&scaron;&iacute; Brod, founded by Peter Wok von Rosenberg in 1259. Frequent disagreements and armed clashes between Přemysl Otakar II and members of the particular branches of the V&iacute;tkovec family eventually weakened the power of the Bohemian King.</p>
<p>The town name was first mentioned in a letter of Duke Otokar &Scaron;t&yacute;rsk&yacute; in 1253. The town was established essentially in two stages. The first part was built spontaneously below the Krumlov castle, called Latr&aacute;n and settled mostly by people who had some administrative connection with the castle. The name and foundation of this part of town is shrouded in legend as well - the castle and town were allegedly built in a place where the V&iacute;tkovci overcame a nest of bandits that had been kidnapping and thieving. To the memory of the villain&acute;s hiding place it was called Latr&aacute;n (<a href="http://www.encyklopedie.ckrumlov.cz/docs/en/mesto_histor_povleg.xml">Tales and Legends of Česk&yacute; Krumlov</a>). The reality is, however, more prosaic - latus in latin means lateral, side part and residences below the castle were given this name.</p>
<p class="1007" style="text-align: center;"><a href="/img.php?img=1894&amp;LANG=en"><img src="http://www.ckrumlov.info/img/1894.jpg" alt="" /></a>
</p>
<p>The second part of the town was founded as a typical settlement on a "green meadow", i.e. in a place where no previous settlement had been. The town subsequently took shape as a typical colonisation ground plan with a quadratic square in the centre with streets from its corners leading to the town walls. This part of the town and its first Magistrate &Scaron;ipota were first mentioned in 1274. Since the very beginning of the town both Czech and German nationalities were represented, occasionally even Italian.</p>
<p>
<table class="1010" border="1">
<tbody>
<tr>
<td class="1061">&nbsp;</td>
<td>
<p><a href="/img.php?img=5112&amp;LANG=en"><img src="http://www.ckrumlov.info/img/5112.jpg" alt="" /></a>
</p>
</td>
</tr>
</tbody>
</table>
</p>
<p>In 1302 the Krumlovian branch of the V&iacute;tkovci died out, and according to the law of escheat their domains should have passed to the king. At that time the Krumlovian estates consisted of a relatively extensive network of castles and smaller subject towns which were sources of numerous incomes for aristocracy. A member of another powerful branch of the V&iacute;tkovec family, Jindřich von Rosenberg, asked the king V&aacute;clav II (Wenceslav II) to override the law of escheat and vest the Krumlovian estates to <a href="http://www.encyklopedie.ckrumlov.cz/docs/en/mesto_histor_rozmbe.xml">The Rosenbergs</a>. They later made Krumlov the main residence of their family.</p>
<p class="1007" style="text-align: center;"><img src="http://www.ckrumlov.info/img/165a.jpg" alt="" />
</p>
<p>During the rule of the Rosenberg family, the town as well as the castle flourished. Crafts and trade developed, elaborate homes were built, and the town was endowed with various privileges such as the right to mill, brew beer, hold markets, etc. Meat shops and breweries were built, and twice a year there was a fair. In 1376 there were 96 houses in the town.</p>
<p><a href="/img.php?img=1901&amp;LANG=en"><img class="1007" style="float: left;" src="http://www.ckrumlov.info/img/1901.jpg" alt="" /></a>
<a href="http://www.encyklopedie.ckrumlov.cz/docs/en/osobno_petizr.xml">Peter I von Rosenberg</a> was the sovereign responsible for giving the town its original 14th century appearance. He was brought up in the Cistercian Monastery in Vy&scaron;&scaron;&iacute; Brod, and this upbringing had a strong influence on his personality. Under his rule the Rosenberg estates flourished. Peter became first man of the politics of the day and at the same time the richest aristocrat in the country. He founded the <a href="http://www.encyklopedie.ckrumlov.cz/docs/en/mesto_histor_kosvit.xml">St. Vitus Church in Česk&yacute; Krumlov</a>, the hospital by the church of St. Jo&scaron;t (<a href="http://www.encyklopedie.ckrumlov.cz/docs/en/mesto_histor_kosjos.xml">St. Jo&scaron;t Church in Česk&yacute; Krumlov</a>) in Latr&aacute;n, he invited the orders of Claris and Franciscans and had the Chapel of St. George built in the castle. In 1334, on request from King Jan Lucembursk&yacute; he invited the Jews to the town. Jews were given a special street in the town and in the functions of chamberlains they were especially responsible for the administration of Rosenbergs&acute; finances. Peter tried to gain a glory equal to the royal court, even marrying the widow of King V&aacute;clav III (Wenceslas III), Viola Tě&scaron;&iacute;nsk&aacute;. Peter&acute;s sons were engaged in royal services; his oldest son Jindřich died in 1346 at the side of Jan Lucembursk&yacute; in the battle of the Hundred Years&acute; War at Kre&scaron;čak.</p>
<p>The town&acute;s later fifteenth century appearance was given especially by <a href="http://www.encyklopedie.ckrumlov.cz/docs/en/osobno_oliizr.xml">Ulrich II. von Rosenberg</a>. Under his rule, the territory was considerably enlarged, due especially to his clever policy during the Hussite Wars. At the beginning Ulrich supported the Hussite movement, especially in matters of the speculation of church properties. During this time he enriched himself with territories formerly owned by the Cistercian Monastery Zlat&aacute; Koruna or Milevsko. After the Hussite disturbances calmed down, he reverted back to the side of the Catholic church and his court in Krumlov became a refuge for Catholic intelligence and artists expelled from Prague. His court thus became a political centre and a bastion of support for the Pope&acute;s process of recatholisation, and at the same time he associated personalities which were gradually accepting ideas of Humanism and Renaissance in the Czech environment.</p>
<p>&nbsp;</p>
<p>
<table class="1010" border="1">
<tbody>
<tr>
<td class="1061">&nbsp;</td>
<td class="1007"><a href="/img.php?img=5118&amp;LANG=en"><img src="http://www.ckrumlov.info/img/5118.jpg" alt="" /></a>
</td>
<td class="1061">&nbsp;</td>
<td><a href="/img.php?img=4163&amp;LANG=en"><img src="http://www.ckrumlov.info/img/4163.jpg" alt="" /></a>
</td>
</tr>
</tbody>
</table>
</p>
<p>In 1420s the method of town administration was modified - the mayor was placed at the head of twelve town councillors who made up a town council. Each town councillor was a mayor for one month and then replaced by another. Besides the mayor and town councillors there was another important person, a town magistrate, who held executive (police) and judical power. Together with the town\'s "great" council board there was also so-called small board whose members were called aldermen. The community of Latr&aacute;n had its own magistrate and its own representatives in the town board. The town was administered only by the wealthy townspeople such as butchers, maltmasters and drapers. Poorer citizens usually did not have access to the town council board. Councillors had to be approved by the Rosenberg&acute;s lordship.</p>
<p>In the last third of the 15th century Česk&yacute; Krumlov was granted permission to hold weekly and annual markets. The markets were held regularly every Monday while the annual markets always began on the Sunday before St. Havel\'s Day and lasted 8 days. Gradually the town was allowed to hold four annual markets, plus a horse and cattle market. Krumlovians traded with Bohemian as well as Upper Austrian towns. Silver mining began to be supported by the lordship and council board, and Krumlov was considered a free upper town (see <a href="http://www.encyklopedie.ckrumlov.cz/docs/en/mesto_histor_dolova.xml">History of Mining in Česk&yacute; Krumlov</a>) for a certain period of time.</p>
<p style="text-align: center;"><img class="1005" src="http://www.ckrumlov.info/img/185a.jpg" alt="" />
</p>
<p>In the 16th century the town was ruled by the last Rosenbergs who considerably influenced the present appearance of the town and its surroundings. The Renaissance magnate <a href="http://www.encyklopedie.ckrumlov.cz/docs/en/osobno_vilzro.xml">Wilhelm von Rosenberg</a>, the most considerable aristocratic personality of the politics and culture of that time, especially initiated reconstructions of townhouses as well as the castle into Renaissance style. On 14th August 1555 Wilhelm joined the two parts of town which had been up to then seperate, Latr&aacute;n and the Old town, to prevent litigations concerning particular privileges. Before the town&acute;s unification, Latr&aacute;n had been an individual administrative unit and its dwellers often disputed with those living in the other parts, especially for the privilege to brew white wheat beer, which was very popular and thus a very profitable product. Further problems had been caused by support payments for parish, the church, bridges, the local shepherd and the messenger.</p>
<p><a href="http://www.encyklopedie.ckrumlov.cz/docs/en/osobno_pevoro.xml">Peter Wok von Rosenberg</a>, the last member of the family, was forced by debts to sell Krumlov to Emperor <a href="http://www.encyklopedie.ckrumlov.cz/docs/en/osobno_ruiiha.xml">Rudolf II of Habsburg</a> in 1601, who placed his illegitimate son Don Julius there for a short period of time. In 1611 the town faced the heavy assault of the Passau army, during the Thirty Years\' War it was occupied by the Emperor&acute;s army, and in 1648 it was invaded by the Swedish army. The Thirty Years&acute; War brought a new lordship to the town; the Emperor <a href="http://www.encyklopedie.ckrumlov.cz/docs/en/osobno_ferhab.xml">Ferdinand II of Habsburg</a> vested the town to the Styrian family of Eggenberg in 1622 in return for their financial suppor during the war. Afterwards three generations of the <a href="http://www.encyklopedie.ckrumlov.cz/docs/en/mesto_histor_egenbe.xml">Eggenbergs</a> held Česk&yacute; Krumlov. Only the third-generation personality <a href="http://www.encyklopedie.ckrumlov.cz/docs/en/osobno_jakzeg.xml">Johann Christian I. von Eggenberg</a> influenced the town and castle&acute;s appearance by grand construction works and rich cultural and social events.</p>
<p><a href="/img.php?img=2792&amp;LANG=en"><img class="1007" style="float: left;" src="http://www.ckrumlov.info/img/2792.jpg" alt="" /></a>
The family of Eggenbergs died out at the beginning of the 18th century and in 1719 their heirs <a href="http://www.encyklopedie.ckrumlov.cz/docs/en/mesto_histor_schwar.xml">the Schwarzenbergs</a> came to Krumlov. Under the rule of <a href="http://www.encyklopedie.ckrumlov.cz/docs/en/osobno_joadsc.xml">Joseph Adam zu Schwarzenberg</a>, Česk&yacute; Krumlov overcame the imaginary borders of parochialism for the third time, and with its high level of architecture and cultural and social events reached the level of the leading aristocratic residences in Central Europe. The aristocratic court and standard of living followed the example set by the Emperor&acute;s residence in Vienna. In the 19th century Česk&yacute; Krumlov lost its character of an aristocratic residence; thanks to this it kept its Renaissance-Baroque character. Later constructions were not significant.</p>
<p>In the mid 19th century the population of the town reached 5,000 inhabitants. A battalion of infantrymen was accommodated there, two comprehensive shools were built, a school of music as well as a so-called work school where children whose parents had died or didn\'t take care of them were placed. In the town were two breweries (princely and municipal), two paper mills, three mills, a flax spinning mill, and a factory for cloth. In the 19th century the architecture of the town also changed its appearance. The town walls were demolished as were all but one of the town gates, Budějovick&aacute; (see <a href="http://www.encyklopedie.ckrumlov.cz/docs/en/mesto_histor_hibrop.xml">History of Gates and Fortifications in Česk&yacute; Krumlov</a>). At the end of the 19th century the graphite mines were opened by the castle garden, and a factory for listels and frames as well as a new paper mill in Větřn&iacute; began operation. (<a href="http://www.encyklopedie.ckrumlov.cz/docs/en/mesto_histor_hospod.xml">Economic History of Česk&yacute; Krumlov</a>)</p>
<p>As early as the 19th century, nationality-based problems sometimes broke out between the Czech and German population. After the Declaration of the Czechoslovakian Republic in October 28, 1918, the German population responded with the Declaration of an Independent &Scaron;umava Province</p>
<p>
<table class="1010" style="text-align: center;" border="1">
<tbody>
<tr>
<td class="1018"><a href="/img.php?img=365&amp;LANG=en"><img src="http://www.ckrumlov.info/img/365.jpg" alt="" /></a>
</td>
<td class="1061">&nbsp;</td>
<td><a href="/img.php?img=677&amp;LANG=en"><img src="http://www.ckrumlov.info/img/677.jpg" alt="" /></a>
</td>
</tr>
</tbody>
</table>
</p>
<p>B&ouml;hmerwaldgau which was to become part of a newly constituted Austria. This movement was suppressed by the Czech army and on the 28th of November the region was occupied by Czech forces. By order of the Ministry of the Interior, from 30th April 1920 the town was renamed from Krumau to Česk&yacute; Krumlov, a name which had already been used in 1439. During World War II there were neither any significant battles in Česk&yacute; Krumlov nor bombing. Krumlov was liberated in 1945 by the American army and the German population was expelled.</p>
<p>
<table class="1010" border="1">
<tbody>
<tr>
<td class="1018"><a href="/img.php?img=3183&amp;LANG=en"><img src="http://www.ckrumlov.info/img/3183.jpg" alt="" /></a>
</td>
<td class="1061">&nbsp;</td>
<td><a href="/img.php?img=3182&amp;LANG=en"><img src="http://www.ckrumlov.info/img/3182.jpg" alt="" /></a>
</td>
</tr>
</tbody>
</table>
</p>
<p>
<table class="1010" border="1">
<tbody>
<tr>
<td class="1018"><a href="/img.php?img=3184&amp;LANG=en"><img src="http://www.ckrumlov.info/img/3184.jpg" alt="" /></a>
</td>
<td class="1061">&nbsp;</td>
<td><a href="/img.php?img=3186&amp;LANG=en"><img src="http://www.ckrumlov.info/img/3186.jpg" alt="" /></a>
</td>
</tr>
</tbody>
</table>
</p>
<p>Since the mid 1960\'s, special care has been devoted to the preservation of the historical merits of Česk&yacute; Krumlov; the town was included in 1992 onto UNESCO\'s List of World Cultural and Natural Heritage.</p>
<p class="1017">(<a href="http://www.ckrumlov.info/docs/en/autori_zf.xml">zf</a>)</p>
<p><strong>Other information:</strong> <br />
<a href="http://www.ckrumlov.info/docs/en/osa_casosa.xml">Timeline</a> <br />
<a href="http://www.ckrumlov.info/docs/en/atlas_cmm.xml">Click-sensitive map of Česk&yacute; Krumlov</a></p>
<p>&nbsp;</p>
<!-- </p> -->
<!-- XSP End Of Body -->

    </div>
    <!-- XSP Main Vertical Menu -->
    <div id="sekce-menu">

<!-- begin included menu http://localhost/php/adm/sysmenus/showmenu.php?bovirtual=encyklopedie&lang=en&menupath=|1| ž -->

<ul>
  <li><a href="/docs/en/osobno_seznam.xml" title="Personalities" ><span>Personalities</span></a></li>
  <li><a href="http://www.castle.ckrumlov.cz/docs/en/zamek_oinf_sthrza.xml" title="Castle Český Krumlov" ><span>Castle Český Krumlov</span></a></li>
  <li><a href="http://www.castle.ckrumlov.cz/docs/en/zamek_oinf_histor.xml" title="History of Castle" ><span>History of Castle</span></a></li>
  <li><a href="/docs/en/mesto_histor_himeck.xml" title="History of the Town"  class="active"><span>History of the Town</span></a>
    <ul>
      <li><a href="/docs/en/mesto_histor_arcvyz.xml" title="The archaeological researches" ><span>The archaeological researches</span></a></li>
      <li><a href="/docs/en/mesto_histor_cirdej.xml" title="Ecclesiastical History" ><span>Ecclesiastical History</span></a></li>
      <li><a href="/docs/en/mesto_histor_cirobj.xml" title="Religious Objects" ><span>Religious Objects</span></a></li>
      <li><a href="/docs/en/mesto_histor_demvyv.xml" title="Demographic Evolution" ><span>Demographic Evolution</span></a></li>
      <li><a href="/docs/en/mesto_histor_slerod.xml" title="Aristocratic Families" ><span>Aristocratic Families</span></a></li>
      <li><a href="/docs/en/mesto_histor_herald.xml" title="Heraldry" ><span>Heraldry</span></a></li>
      <li><a href="/docs/en/mesto_histor_hiskul.xml" title="Cultural History" ><span>Cultural History</span></a></li>
      <li><a href="/docs/en/mesto_histor_hospod.xml" title="Economic History" ><span>Economic History</span></a></li>
      <li><a href="/docs/en/mesto_histor_hizapa.xml" title="Historical Gardens and Parks" ><span>Historical Gardens and Parks</span></a></li>
      <li><a href="/docs/en/mesto_histor_hibrop.xml" title="History of Gates and Fortifications" ><span>History of Gates and Fortifications</span></a></li>
      <li><a href="/docs/en/mesto_histor_skolst.xml" title="History of Schools" ><span>History of Schools</span></a></li>
    </ul>
  </li>
  <li><a href="/docs/en/mesto_objekt_seznam.xml" title="Buildings in the Town" ><span>Buildings in the Town</span></a></li>
  <li><a href="/docs/en/region_histor_hireck.xml" title="History of the Region" ><span>History of the Region</span></a></li>
  <li><a href="/docs/en/ad2007110201.xml" title="Sponsors, partners" ><span>Sponsors, partners</span></a></li>
  <li><a href="http://www.ckrumlov.cz" title="www.ckrumlov.cz" ><span>www.ckrumlov.cz</span></a></li>
</ul>
<!-- end of include menu http://localhost/php/adm/sysmenus/showmenu.php?bovirtual=encyklopedie&lang=en&menupath=|1| -->

    </div>
    <!-- XSP Main Vertical Menu End -->
    <div class="clear-both"></div>


    <div id="search-bar"  class="search-bar-sekce">
        <h2><a href="http://www.ckrumlov.cz" title="Official Information System of the Český Krumlov Region"><img src="/img/logo-ois-1.gif" alt="Official Information System of the Český Krumlov Region" title="Official Information System of the Český Krumlov Region" height="39" width="110" /></a></h2>
<form action="#" method="get"><p><select name="redir-select-1" id="redir-select-1" title="Quick links 1" onchange="window.location = this.value">
<option  value="http://www.castle.ckrumlov.cz">www.castle.ckrumlov.cz</option>
<option  value="http://www.encyklopedie.ckrumlov.cz">www.encyklopedie.ckrumlov.cz</option>
<option  value="http://infoservis.ckrumlov.cz">infoservis.ckrumlov.cz</option>
<option  value="http://www.seidel.ckrumlov.cz">www.seidel.ckrumlov.cz</option>
</select><input type="button" class="submit-in" id="redir-submit-1" value="choose" onclick="window.location = document.getElementById('redir-select-1').value" /></p></form>


<form action="#" method="get"><p><select name="redir-select-2" id="redir-select-2" title="Quick links 2" onchange="window.location = this.value">
<option  value="http://www.ckrumlov.cz/accommodation">www.ckrumlov.cz/accommodation</option>
<option  value="http://www.ckrumlov.cz/handicap">www.ckrumlov.cz/handicap</option>
<option  value="http://www.ckrumlov.cz/highlights">www.ckrumlov.cz/highlights</option>
</select><input type="button" class="submit-in" id="redir-submit-2" value="choose" onclick="window.location = document.getElementById('redir-select-2').value" /></p></form>
  </div>


    </div>


  <!-- XSP Sections Switch Menu Begin -->



  <div id="menu-main">
    <ul>


    <li><a id="en-menu-obcan" href="http://obcan.ckrumlov.info/php/obcan/" title="RESIDENTS">RESIDENTS<span>&nbsp;</span></a></li>
    <li><a id="en-menu-turista" href="http://www.ckrumlov.info/php/turista/?lang=en" title="VISITORS">VISITORS<span>&nbsp;</span></a></li>
    <li><a id="en-menu-podnik" href="http://podnikatel.ckrumlov.info/php/podnikatel" title="BUSINESS AND COMMERCE">BUSINESS AND COMMERCE<span>&nbsp;</span></a></li>
    

    </ul>
  </div>
  <!-- XSP Section Switch Menu End -->
  <!-- XSP Horizontal Menu Bar Begin -->


  <div id="menu-sub">
<ul>
<li id="en-turista-lm1"><a href="http://www.castle.ckrumlov.cz/docs/en/zamek_oinf_sthrza.xml" title="Castle">Castle |<span>&nbsp;</span></a></li>
<li id="en-turista-lm2"><a href="http://www.encyklopedie.ckrumlov.cz/en" title="Encyclopedia">Encyclopedia |<span>&nbsp;</span></a></li>
<li id="en-turista-lm3"><a href="http://infoservis.ckrumlov.info/php/katalog/select.php?lang=en" title="Info services">Info services |<span>&nbsp;</span></a></li>
<li id="en-turista-lm4"><a href="http://business.ckrumlov.info/php/business/index_en.php" title="Business">Business |<span>&nbsp;</span></a></li>
<li id="en-turista-lm5"><a href="http://fotogalerie.ckrumlov.cz/php/fotogalerie/index_en.php" title="Photogallery">Photogallery |<span>&nbsp;</span></a></li>
<li id="en-turista-lm6"><a href="http://www.maps.ckrumlov.cz" title="Maps">Maps |<span>&nbsp;</span></a></li>
<li id="en-turista-lm7"><a href="http://www.ckrumlov.info/docs/en/kontakty.xml" title="Contact">Contact |<span>&nbsp;</span></a></li>
</ul>

<!--
    <ul>
    <li id="menu-zamek"><a href="#" title="...">zámek |<span>&nbsp;</span></a></li>
    XSP emphatize active
    <li id="menu-mesto"><a href="#" title="...">město |<span class="active">&nbsp;</span></a></li>
    <li id="menu-region"><a href="#" title="...">region |<span>&nbsp;</span></a></li>
    <li id="menu-info"><a href="#" title="...">info servis |<span>&nbsp;</span></a></li>
    <li id="menu-business"><a href="#" title="...">business |<span>&nbsp;</span></a></li>
    <li id="menu-partner"><a href="#" title="...">partneři |<span>&nbsp;</span></a></li>
    <li id="menu-foto"><a href="#" title="...">fotogalerie |<span>&nbsp;</span></a></li>
    <li id="menu-kontakt"><a href="#" title="...">kontakty |<span>&nbsp;</span></a></li>
    </ul>
-->

  </div>


  <!-- XSP Horizontal Menu Bar End -->
  
  <div id="language-bar">
  <p>



    <a class="media" href="/docs/en/mesto_histor_himeck.xml?style=printable" title="Print page">Print page</a>
    

<!-- XSP not implemented yet
    <a class="media" href="#" title="...">Pro nevidomé</a>
-->
  </p>
  


<form action="http://www.ckrumlov.info/php/fulltext/fulltext_en.php" id="cse-search-box">
  <p>
    <input type="hidden" name="cx" value="003867983272112204969:6msq63z_gbi" />
    <input type="hidden" name="cof" value="FORID:11" />
    <input type="text" name="q" size="25" />
    <input type="submit" name="sa" value="Search" />
  </p>
</form>
<script type="text/javascript" src="http://www.google.com/coop/cse/brand?form=cse-search-box&amp;lang=en"></script>



  <!-- XSP Language menu begin -->

<p>
<!-- /var/www/localhost/htdocs/iscrck/mce//docs/cz/mesto_histor_himeck.xml.NOLINKS czlink -->
<a href="/docs/cz/mesto_histor_himeck.xml" title="Česky">Česky</a>
<a href="/docs/de/mesto_histor_himeck.xml" title="Deutsch">Deutsch</a>
<a class="active" href="#" title="English">English</a>

</p>
<!--
  <p>
    <a class="active" href="#" title="...">Česky</a>
    <a href="#" title="...">English</a>
    <a href="#" title="...">Deutsch</a>
  </p>
-->

  <!-- XSP Language menu end -->
  
  
  </div>
  
  </div>

</div></div>

<div id="footer"><div id="footer-2">
  <p class="flo-left">
  <!-- XSP Counter And Statistics link -->

© 2006 - 2017 <strong>město Český Krumlov</strong>
<br />
<!-- AddThis Button BEGIN -->
<a class="addthis_button" href="http://www.addthis.com/bookmark.php?v=250&amp;pub=xa-4ab746ea4fed5136"><img src="http://s7.addthis.com/static/btn/v2/lg-share-en.gif" width="125" height="16" alt="Bookmark and Share"  border="0" /></a><script type="text/javascript" src="http://s7.addthis.com/js/250/addthis_widget.js?pub=xa-4ab746ea4fed5136"></script>
<!-- AddThis Button END -->



  </p>


<!--
  <p class="flo-left-2">
    <a href="#" title="..." class="mapa-server">Mapa stránek</a>
    <a href="#" title="...">Informace o webu</a>
    <a href="#" title="...">Prohlášení o přístupnosti</a>
  </p>
-->
    

  <p class="flo-right">
    <a href="#" title="...">
<!--
    <img src="/img/turista-logo-ois-2.gif" alt="..." title="..." width="51" height="38" />
-->
<img src="/img/turista-logo-ois-2.gif" alt="Oficiální informační systém Český Krumlov" title="Oficiální informační systém Český Krumlov" width="51" height="38" />

    Oficiální informační systém<br />
    Český Krumlov</a>
  </p>
</div></div>
<img src="http://www.toplist.cz/dot.asp?id=41322" width="0" height="0" border="0" alt="" />

<!--
<script type="text/javascript">
var gaJsHost = (("https:" == document.location.protocol) ? "https://ssl." : "http://www.");
document.write(unescape("%3Cscript src='" + gaJsHost + "google-analytics.com/ga.js' type='text/javascript'%3E%3C/script%3E"));
</script>
<script type="text/javascript">
try {
var pageTracker = _gat._getTracker("UA-2985757-1");
pageTracker._trackPageview();
} catch(err) {}</script>
-->    



</body>
</html>
