
<!DOCTYPE html>
<!--[if lt IE 7]>      <html class="no-js lt-ie9 lt-ie8 lt-ie7"> <![endif]-->
<!--[if IE 7]>         <html class="no-js lt-ie9 lt-ie8"> <![endif]-->
<!--[if IE 8]>         <html class="no-js lt-ie9"> <![endif]-->
<!--[if gt IE 8]><!--> 
<html class="no-js"> <!--<![endif]-->
<head>
    <meta charset="utf-8">
    <meta http-equiv="X-UA-Compatible" content="IE=edge">
    <meta name="viewport" content="width=device-width, initial-scale=1">
    
    <title>SAGE Books - Realism as a Basis for Knowing the World</title>
    <meta name="description" content="&lt;p&gt;Approaches&amp;amp;nbsp;to Human Geography is the essential student primer on theory and practice in Human Geography. It is a systematic review of the key ideas ">
    <meta name="keywords" content="positivism,knowledge">
    <link rel="canonical" href="http://sk.sagepub.com/books/approaches-to-human-geography/n8.xml" />


    <link href="/css/layout1Css?v=n603OkfcaNn444OTChkM3aKCPFky1WAqFGhXlWj_YU41" rel="stylesheet"/>

    <script src="/bundles/jquery?v=vwiISwfMwDLMjyB83o40jvTHGfQa--Foki_2q-RiH8c1"></script>


    
    <link href="/js/vendor/video-js/video-js.css" rel="stylesheet">
    <link href="/js/video/index.css" rel="stylesheet"> 
    <link rel="stylesheet" href="/css/ver2.0/normalize.css">
    <link rel="stylesheet" href="/css/ver2.0/col.css">
    <link rel="stylesheet" href="/css/ver2.0/main.css">
    <link rel="stylesheet" href="/css/ver2.0/responsive-styles.css">
    <link rel="stylesheet" href="/css/gvpi.css">

        

    <!-- Go to www.addthis.com/dashboard to customize your tools -->
    <script type="text/javascript" src="//ws.sharethis.com/button/buttons.js"></script>
    <script type="text/javascript">stLight.options({ publisher: "72037ba6-9507-4379-99c3-2e29c9698862", doNotHash: true, doNotCopy: true, hashAddressBar: false });</script>
    <!-- Google Data Layer -->
    <script>
        //initialise the data layer in javascript using JSON notation
        var dataLayer = [{
            'site': {
                'environment': 'live',
                'platform': 'web',
            },
            'user': {
                    
                    'authentication': 'false',
                    'login': 'false',
                    
            }
        }];

        
    dataLayer = dataLayer || [];  //initialise DL unless already done
    dataLayer.push(
    {
        'page': { 'name': 'Approaches to Human Geography Chapter 8: Realism as a Basis for Knowing the World', 'type': 'content-product-detail' },
        'product': {
            'access': 'false',
            'type': 'Books',
            'name': 'Approaches to Human Geography',
            'subName': 'Chapter 8: Realism as a Basis for Knowing the World',
            'subject': ['Geography, Earth \u0026 Environmental Science'],
            'e_isbn': 'e:9781446215432',
            'p_isbn': 'p:9780761942634',
            'publisher': 'SAGE Publications Ltd',
            'pubDate': '2006',
            'onlinePubDate': '5/31/2012',
            'chapter': '8',
            'xmlid': 'n8',
        },
        'event': 'module-load',
        'module': [
            {
            'name': 'content-functions',
            'position': 'above-content',
            'items': [
                {
                'type': 'UF',
                'action': 'download',
                'name': 'download-chapter-pdf',
                'position': '1'
                },
            ]
            },
        {
        'name': 'chapters-menu',
                    'position': 'right-column',
                    'items': [
                {
                    'type': 'NV',
                        'name': 'Chapter 1: Ways of Knowing and Ways of Doing Geographic Research',
                        'position': '1'
                },
                {
                    'type': 'NV',
                        'name': 'Part 1: Philosophies',
                        'position': '2'
                },
                {
                    'type': 'NV',
                        'name': 'Chapter 2: Positivistic Geographies and Spatial Science',
                        'position': '3'
                },
                {
                    'type': 'NV',
                        'name': 'Chapter 3: Humanism and Democratic Place-Making',
                        'position': '4'
                },
                {
                    'type': 'NV',
                        'name': 'Chapter 4: Feminist Geographies of Difference, Relation, and Construction',
                        'position': '5'
                },
                {
                    'type': 'NV',
                        'name': 'Chapter 5: Marx and the Spirit of Marx',
                        'position': '6'
                },
                {
                    'type': 'NV',
                        'name': 'Chapter 6: Philosophical Bases of Behavioral Research in Geography',
                        'position': '7'
                },
                {
                    'type': 'NV',
                        'name': 'Chapter 7: Structuration Theory: Agency, Structure and Everyday Life',
                        'position': '8'
                },
                {
                    'type': 'NV',
                        'name': 'Chapter 8: Realism as a Basis for Knowing the World',
                        'position': '9'
                },
                {
                    'type': 'NV',
                        'name': 'Chapter 9: Postmodern Geographies and the Ruins of Modernity',
                        'position': '10'
                },
                {
                    'type': 'NV',
                        'name': 'Chapter 10: Poststructuralist Theories',
                        'position': '11'
                },
                {
                    'type': 'NV',
                        'name': 'Chapter 11: Actor-Network Theory, Networks, and Relational Approaches in Human Geography',
                        'position': '12'
                },
                {
                    'type': 'NV',
                        'name': 'Chapter 12: Postcolonialism: Space, Textuality, and Power',
                        'position': '13'
                },
                {
                    'type': 'NV',
                        'name': ' Editors\u0027 Passnotes',
                        'position': '14'
                },
                {
                    'type': 'NV',
                        'name': 'Part 2: People',
                        'position': '15'
                },
                {
                    'type': 'NV',
                        'name': 'Chapter 13: Institutions and Cultures',
                        'position': '16'
                },
                {
                    'type': 'NV',
                        'name': 'Chapter 14: Places and Contexts',
                        'position': '17'
                },
                {
                    'type': 'NV',
                        'name': 'Chapter 15: Memories and Desires',
                        'position': '18'
                },
                {
                    'type': 'NV',
                        'name': 'Chapter 16: Experiences and Emotions',
                        'position': '19'
                },
                {
                    'type': 'NV',
                        'name': 'Chapter 17: Personal and Political',
                        'position': '20'
                },
                {
                    'type': 'NV',
                        'name': 'Chapter 18: Difference and Place',
                        'position': '21'
                },
                {
                    'type': 'NV',
                        'name': 'Chapter 19: Local and Global',
                        'position': '22'
                },
                {
                    'type': 'NV',
                        'name': 'Chapter 20: Movement and Encounter',
                        'position': '23'
                },
                {
                    'type': 'NV',
                        'name': 'Chapter 21: Spaces and Flows',
                        'position': '24'
                },
                {
                    'type': 'NV',
                        'name': 'Part 3: Practices',
                        'position': '25'
                },
                {
                    'type': 'NV',
                        'name': 'Chapter 22: Quantification, Evidence and Positivism',
                        'position': '26'
                },
                {
                    'type': 'NV',
                        'name': 'Chapter 23: Geographic Information Systems',
                        'position': '27'
                },
                {
                    'type': 'NV',
                        'name': 'Chapter 24: Humanism and People-Centred Methods',
                        'position': '28'
                },
                {
                    'type': 'NV',
                        'name': 'Chapter 25: Changing the World: Geography, Political Activism, and Marxism',
                        'position': '29'
                },
                {
                    'type': 'NV',
                        'name': 'Chapter 26: Producing Feminist Geographies: Theory, Methodologies and Research Strategies',
                        'position': '30'
                },
                {
                    'type': 'NV',
                        'name': 'Chapter 27: Poststructuralist Theories, Critical Methods and Experimentation',
                        'position': '31'
                },
                {
                    'type': 'NV',
                        'name': 'Chapter 28: Research is Theft: Environmental Inquiry in a Postcolonial World',
                        'position': '32'
                },
                {
                    'type': 'NV',
                        'name': 'Chapter 29: Contested Geographies: Culture Wars, Personal Clashes and Joining Debate',
                        'position': '33'
                },
                        {
                'type': 'NV',
                        'name': 'view-all-chapters',
                        'position': '34'
                        },
                    ]
            },
            ],    
    });

            dataLayer = dataLayer || [];  //initialise DL unless already done
        dataLayer.push(
        {
            'event': 'module-load',
            'module': [
                {
                'name': 'user-features',
                'position': 'top-right',
                'items': [
                {
                'type': 'UF',
                'action': 'citation',
                'name': 'cite-now',
                'position': '1'
                },
                {
                    'type': 'UF',
                    'action': 'save',
                    'name': 'add-to-my-list-select',
                    'position': '2'
                },
                {
                'type': 'UF',
                'action': 'share',
                'name': 'share-select',
                'position': '3'
                },
    
                {
                'type': 'UF',
                'action': 'text-size',
                'name': 'text-size-select',
                'position': '4'
                },
    
            ]
            }],
        });



    </script>
    <!-- /Google Data Layer -->
</head>
<body class="typical books">
    <!-- Google Tag Manager -->
    <noscript>
        <iframe src="//www.googletagmanager.com/ns.html?id=GTM-N4D6SB" height="0" width="0" style="display:none;visibility:hidden"></iframe>
    </noscript>
    <script>
            (function(w,d,s,l,i){w[l]=w[l]||[];w[l].push({'gtm.start':
            new Date().getTime(),event:'gtm.js'});var f=d.getElementsByTagName(s)[0],
            j=d.createElement(s),dl=l!='dataLayer'?'&l='+l:'';j.async=true;j.src=
            '//www.googletagmanager.com/gtm.js?id='+i+dl;f.parentNode.insertBefore(j,f);
            })(window,document,'script','dataLayer','GTM-N4D6SB');
    </script>
    <!-- End Google Tag Manager -->
    
    


<nav role="navigation" aria-label="Navigation Menu" class="mobile-menu-wrapper mobile-only hide-on-tablet">
    <div class="scrolling">
        <div class="mobile-menu level-1">
            <div>
                <ul class="mobile-list">
                    <li class="item-1-handle">
                        Products
                    </li>
                    <li class="item-2-handle">
                        Browse Subjects 
                    </li>
                    <li class="item-3-handle">
                        Browse Content Types
                    </li>
                </ul>
                
                            

                    <div class="mobile-login">
                        <p>LOGIN:</p>
                            <a href="#" class="button-style item-4-handle">Profile</a>                                    
                                                    <a href="#" class="button-style item-5-handle purple">Institution</a>
                    </div>                            
            </div>
        </div>

        <div class="mobile-menu level-2 item-1-content">
            <a href="#" class="back-button">Back</a>
            <div class="products">
                <a href="/video" class="salmon">
                    <span>SAGE Video</span>
                    Bringing teaching, learning and research to life.
                </a>
                <a href="/books" class="light-blue">
                    <span>SAGE Books</span>
                    The ultimate social sciences digital library.
                </a>
                <a href="/reference" class="teal">
                    <span>SAGE Reference</span>
                    The complete guide for your research journey.
                </a>
                <a href="/navigator" class="pink">
                    <span>SAGE Navigator</span>
                    The essential social sciences literature review tool.
                </a>
                <a href="/cases" class="orange">
                    <span>SAGE Business Cases</span>
                    Real world cases at your fingertips.
                </a>
                <a href="/cqpress" class="gold">
                    <span>CQ Press</span>
                    Your definitive resource for politics, policy and people.
                </a>
            </div>
        </div>

        <div class="mobile-menu level-2 item-2-content">
            <a href="#" class="back-button">Back</a>
            <div class="browse-subjects">
                <a href="/business-management">Business & Management</a>
                <a href="/counseling-psychotherapy">Counseling & Psychotherapy</a>
                <a href="/criminology-criminal-justice">Criminology & Criminal Justice</a>
                <a href="/education">Education</a>
                <a href="/geography-earth-environmental-science">Geography, Earth & Environmental Science</a>
                <a href="/health-social-care">Health & Social Care</a>
                <a href="/media-communication-cultural-studies">Media, Communication & Cultural Studies</a>
                <a href="/politics-international-relations">Politics & International Relations</a>
                <a href="/psychology">Psychology</a>
                <a href="/sociology">Sociology</a>
            </div>
        </div>

        <div class="mobile-menu level-2 item-3-content">
            <a href="#" class="back-button">Back</a>
            <div class="browse-content-types">
                <a href="javascript:void(0);" class="books first light-blue">
                    <span class="icon"></span>
                    <span>Books</span>
                </a>
                <a href="javascript:void(0);" class="encyclopedias second teal">
                    <span class="icon"></span>
                    <span>Encyclopedias</span>
                </a>
                <a href="javascript:void(0);" class="handbooks third light-blue">
                    <span class="icon"></span>
                    <span>Handbooks</span>
                </a>
                <a href="javascript:void(0);" class="dictionaries fourth teal">
                    <span class="icon"></span>
                    <span>Dictionaries</span>
                </a>
                <a href="javascript:void(0);" class="videos fifth salmon">
                    <span class="icon"></span>
                    <span>Videos</span>
                </a>
                <a href="javascript:void(0);" class="case-studies sixth orange">
                    <span class="icon"></span>
                    <span>Cases</span>
                </a>
                <a href="javascript:void(0);" class="debates seventh teal">
                    <span class="icon"></span>
                    <span>Debates</span>
                </a>
                <a href="javascript:void(0);" class="major-works eighth pink">
                    <span class="icon"></span>
                    <span>Major Works</span>
                </a>
            </div>
        </div>
        <div class="mobile-menu level-2 item-4-content">
            <a href="#" class="back-button">Back</a>
            <div class="login-dropdown profile-dropdown">
                <h3>Profile Login</h3>
                                    <p style="margin-bottom: 10px;">Sign into your Profile to save and share content across SAGE Knowledge</p>
    
<form action="/Login/SubmitProfile" id="form" method="post">                        <div class="login-username">
                            <label for="ProfileUsername">Email address</label> 
                            <input data-val="true" data-val-required="* required" id="ProfileUsername" name="ProfileUsername" type="text" value="" />
                            <span class="field-validation-valid" data-valmsg-for="ProfileUsername" data-valmsg-replace="true"></span>
                        </div>
                        <div class="login-password">
                            <label for="ProfilePassword">Password</label> 
                            <input data-val="true" data-val-required="* required" id="ProfilePassword" name="ProfilePassword" type="password" />
                            <span class="field-validation-valid" data-valmsg-for="ProfilePassword" data-valmsg-replace="true"></span>
                        </div>
                        <div class="login-rememberme">
                            <input type="checkbox" id="ProfileRememberMe" name="ProfileRememberMe" value="true" /> <label for="ProfileRememberMe">Remember me?</label>                            
                        </div>
                        <input type="submit" value="Login" class="purple">
                        <p><a href="/Login/ProfileReset" class="blue-link">Forgot your login information? Click here</a></p>
</form>

            </div>
        </div>
        <div class="mobile-menu level-2 item-5-content">
            <a href="#" class="back-button">Back</a>
            <div class="login-dropdown institution-dropdown">
                <h3>Institutional Login</h3>
                        
<form action="/Login/SubmitInstitution" id="form" method="post">    <input type="hidden" id="IsAdmin" name="IsAdmin" />
                                    <div class="login-username">
                                        <label for="Username">Username</label> 
                                        <input data-val="true" data-val-required="* required" id="Username" name="Username" type="text" value="" />
                                        <span class="field-validation-valid" data-valmsg-for="Username" data-valmsg-replace="true"></span>
                                    </div>
                                    <div class="login-password">
                                        <label for="Password">Password</label> 
                                        <input data-val="true" data-val-required="* required" id="Password" name="Password" type="password" />
                                        <span class="field-validation-valid" data-valmsg-for="Password" data-valmsg-replace="true"></span>
                                    </div>
                                    <div class="login-rememberme">
                                        <input type="checkbox" id="RememberMe" name="RememberMe" value="true" /> <label for="RememberMe">Remember me?</label>                            
                                    </div>
                                    <input type="submit" value="Login" class="purple">
                                    <p style="font-size: 12px;"><a href="/Login/InstitutionReset" class="blue-link">Forgot your login information? Click here</a></p>
                                    <div class="other-login-options">
                                        
                                    <hr>
    
                                    <h3>Other Login Options</h3>

                                    <input type="button" class="purple-text" onclick="return loginOA('https://idp.eduserv.org.uk/openathens');" value="OpenAthens" />
                                    <input type="button" class="purple-text" onclick="window.location = '/Login/Federated';" value="Shibboleth" />
                                    </div>
                                    <div style="font-size: 12px;">
                                        <p>Don't have access?</p>
                                        <a href="http://sk.sagepub.com/access-options" class="blue-link">View purchasing options</a>
                                    </div>
</form>
            </div>
        </div>
    </div>
</nav>

<nav role="navigation" aria-label="Navigation Menu" class="mobile-menu-wrapper tablet-only hide-on-mobile">
    <div class="scrolling">
        <div class="mobile-menu level-1">
            <div>
                <ul class="mobile-list">
                    <li class="item-1-handle">
                        Products
                    </li>
                    <li class="item-2-handle">
                        Browse Subjects 
                    </li>
                    <li class="item-3-handle">
                        Browse Content Types
                    </li>
                </ul>
                
                            

                    <div class="mobile-login">
                        <p>LOGIN:</p>
                            <a href="#" class="button-style item-4-handle">Profile</a>                                    
                                                    <a href="#" class="button-style item-5-handle purple">Institution</a>
                    </div>                            
            </div>
        </div>

        <div class="mobile-menu level-2 item-1-content">
            <a href="#" class="back-button">Back</a>
            <div class="products">
                <a href="/video" class="salmon">
                    <span>SAGE Video</span>
                    Bringing teaching, learning and research to life.
                </a>
                <a href="/books" class="light-blue">
                    <span>SAGE Books</span>
                    The ultimate social sciences digital library.
                </a>
                <a href="/reference" class="teal">
                    <span>SAGE Reference</span>
                    The complete guide for your research journey.
                </a>
                <a href="/navigator" class="pink">
                    <span>SAGE Navigator</span>
                    The essential social sciences literature review tool.
                </a>
                <a href="/cases" class="orange">
                    <span>SAGE Business Cases</span>
                    Real world cases at your fingertips.
                </a>
                <a href="/cqpress" class="gold">
                    <span>CQ Press</span>
                    Your definitive resource for politics, policy and people.
                </a>
            </div>
        </div>

        <div class="mobile-menu level-2 item-2-content">
            <a href="#" class="back-button">Back</a>
            <div class="browse-subjects">
                <a href="/business-management">Business & Management</a>
                <a href="/counseling-psychotherapy">Counseling & Psychotherapy</a>
                <a href="/criminology-criminal-justice">Criminology & Criminal Justice</a>
                <a href="/education">Education</a>
                <a href="/geography-earth-environmental-science">Geography, Earth & Environmental Science</a>
                <a href="/health-social-care">Health & Social Care</a>
                <a href="/media-communication-cultural-studies">Media, Communication & Cultural Studies</a>
                <a href="/politics-international-relations">Politics & International Relations</a>
                <a href="/psychology">Psychology</a>
                <a href="/sociology">Sociology</a>
            </div>
        </div>

        <div class="mobile-menu level-2 item-3-content">
            <a href="#" class="back-button">Back</a>
            <div class="browse-content-types">
                <a href="javascript:void(0);" class="books first light-blue">
                    <span class="icon"></span>
                    <span>Books</span>
                </a>
                <a href="javascript:void(0);" class="encyclopedias second teal">
                    <span class="icon"></span>
                    <span>Encyclopedias</span>
                </a>
                <a href="javascript:void(0);" class="handbooks third light-blue">
                    <span class="icon"></span>
                    <span>Handbooks</span>
                </a>
                <a href="javascript:void(0);" class="dictionaries fourth teal">
                    <span class="icon"></span>
                    <span>Dictionaries</span>
                </a>
                <a href="javascript:void(0);" class="videos fifth salmon">
                    <span class="icon"></span>
                    <span>Videos</span>
                </a>
                <a href="javascript:void(0);" class="case-studies sixth orange">
                    <span class="icon"></span>
                    <span>Cases</span>
                </a>
                <a href="javascript:void(0);" class="debates seventh teal">
                    <span class="icon"></span>
                    <span>Debates</span>
                </a>
                <a href="javascript:void(0);" class="major-works eighth pink">
                    <span class="icon"></span>
                    <span>Major Works</span>
                </a>
            </div>
        </div>
        <div class="mobile-menu level-2 item-4-content">
            <a href="#" class="back-button">Back</a>
            <div class="login-dropdown profile-dropdown">
                <h3>Profile Login</h3>
                                    <p style="margin-bottom: 10px;">Sign into your Profile to save and share content across SAGE Knowledge</p>
    
<form action="/Login/SubmitProfile" id="form" method="post">                        <div class="login-username">
                            <label for="ProfileUsername">Email address</label> 
                            <input data-val="true" data-val-required="* required" id="ProfileUsername" name="ProfileUsername" type="text" value="" />
                            <span class="field-validation-valid" data-valmsg-for="ProfileUsername" data-valmsg-replace="true"></span>
                        </div>
                        <div class="login-password">
                            <label for="ProfilePassword">Password</label> 
                            <input data-val="true" data-val-required="* required" id="ProfilePassword" name="ProfilePassword" type="password" />
                            <span class="field-validation-valid" data-valmsg-for="ProfilePassword" data-valmsg-replace="true"></span>
                        </div>
                        <div class="login-rememberme">
                            <input type="checkbox" id="ProfileRememberMe" name="ProfileRememberMe" value="true" /> <label for="ProfileRememberMe">Remember me?</label>                            
                        </div>
                        <input type="submit" value="Login" class="purple">
                        <p><a href="/Login/ProfileReset" class="blue-link">Forgot your login information? Click here</a></p>
</form>

            </div>
        </div>
        <div class="mobile-menu level-2 item-5-content">
            <a href="#" class="back-button">Back</a>
            <div class="login-dropdown institution-dropdown">
                <h3>Institutional Login</h3>
                        
<form action="/Login/SubmitInstitution" id="form" method="post">    <input type="hidden" id="IsAdmin" name="IsAdmin" />
                                    <div class="login-username">
                                        <label for="Username">Username</label> 
                                        <input data-val="true" data-val-required="* required" id="Username" name="Username" type="text" value="" />
                                        <span class="field-validation-valid" data-valmsg-for="Username" data-valmsg-replace="true"></span>
                                    </div>
                                    <div class="login-password">
                                        <label for="Password">Password</label> 
                                        <input data-val="true" data-val-required="* required" id="Password" name="Password" type="password" />
                                        <span class="field-validation-valid" data-valmsg-for="Password" data-valmsg-replace="true"></span>
                                    </div>
                                    <div class="login-rememberme">
                                        <input type="checkbox" id="RememberMe" name="RememberMe" value="true" /> <label for="RememberMe">Remember me?</label>                            
                                    </div>
                                    <input type="submit" value="Login" class="purple">
                                    <p style="font-size: 12px;"><a href="/Login/InstitutionReset" class="blue-link">Forgot your login information? Click here</a></p>
                                    <div class="other-login-options">
                                        
                                    <hr>
    
                                    <h3>Other Login Options</h3>

                                    <input type="button" class="purple-text" onclick="return loginOA('https://idp.eduserv.org.uk/openathens');" value="OpenAthens" />
                                    <input type="button" class="purple-text" onclick="window.location = '/Login/Federated';" value="Shibboleth" />
                                    </div>
                                    <div style="font-size: 12px;">
                                        <p>Don't have access?</p>
                                        <a href="http://sk.sagepub.com/access-options" class="blue-link">View purchasing options</a>
                                    </div>
</form>
            </div>
        </div>
    </div>
        
</nav>



    <!--[if lt IE 7]>
        <p class="browsehappy">You are using an <strong>outdated</strong> browser. Please <a href="http://browsehappy.com/">upgrade your browser</a> to improve your experience.</p>
    <![endif]-->
    <!-- Add your site or application content here -->
    <div class="wrapper">
        
        
        
        <header role="banner">
            

            <div class="mobile-header-main">
                    <div class="hamburger mobile-only hide-on-tablet">
                        <div class="mobile-x"></div>
                        <ul>
                            <!-- EMTPY <LI> CREATE THE HAMBURGER MOBILE MENU ICON -->
                            <li class="hamburgertop"></li>
                            <li class="hamburgermiddle"></li>
                            <li class="hamburgerbottom"></li>
                        </ul>
                    </div>
                    <div class="hamburger tablet-only hide-on-mobile">
                        <div class="mobile-x"></div>
                        <ul>
                            <!-- EMTPY <LI> CREATE THE HAMBURGER MOBILE MENU ICON -->
                            <li class="hamburgertop"></li>
                            <li class="hamburgermiddle"></li>
                            <li class="hamburgerbottom"></li>
                        </ul>
                    </div>
                    <div class="logo-wrapper">
                        <a href="/">
                            <img class="logo-image" src="/img/logo.jpg" alt="SAGE Knowledge" />
                        </a>
                    </div>   
<form action="/Search/Results" class="header-search" id="search-form-mobile" method="post" role="search">                            <div class="mobile-x"></div>
                            <div>
                                <input id="MobileKeywords0_Text"  name="Keywords[0].Text" type="search" placeholder="Search all SAGE Knowledge" class="header-search-textbox" />
                                <input id="MobileKeywords0_Field" name="Keywords[0].Field" type="hidden" value="FullText" />
                                <input id="MobileProducts" name="Products" type="hidden" value="" />
                                <input id="MobileSubjects" name="Subjects" type="hidden" value="" />
                                <input id="MobileDisciplines" name="Disciplines" type="hidden" value="" />
                                <input id="MobileSort" name="Sort" type="hidden" value="relevance" />
                                <input type="submit" class="submit">
                            </div>
                            <a href="#" class="submit"></a>
</form>                </div>
                <div class="section inner">

                    <div class="hamburger">
                        <div class="mobile-x"></div>
                        <ul>
                            <!-- EMTPY <LI> CREATE THE HAMBURGER MOBILE MENU ICON -->
                            <li class="hamburgertop"></li>
                            <li class="hamburgermiddle"></li>
                            <li class="hamburgerbottom"></li>
                        </ul>
                    </div>
                    <div class="logo-wrapper">
                        <a href="/">
                            <img class="logo-image" src="/img/logo.jpg" alt="SAGE Knowledge" />
                        </a>
                    </div>
                    <div class="header-right hide-on-tablet">
                        <div class="right">
                            <div class="login-dropdown profile-dropdown">
                                <h3>Profile Login</h3>
                                                    <p style="margin-bottom: 10px;">Sign into your Profile to save and share content across SAGE Knowledge</p>
    
<form action="/Login/SubmitProfile" id="form" method="post">                        <div class="login-username">
                            <label for="ProfileUsername">Email address</label> 
                            <input data-val="true" data-val-required="* required" id="ProfileUsername" name="ProfileUsername" type="text" value="" />
                            <span class="field-validation-valid" data-valmsg-for="ProfileUsername" data-valmsg-replace="true"></span>
                        </div>
                        <div class="login-password">
                            <label for="ProfilePassword">Password</label> 
                            <input data-val="true" data-val-required="* required" id="ProfilePassword" name="ProfilePassword" type="password" />
                            <span class="field-validation-valid" data-valmsg-for="ProfilePassword" data-valmsg-replace="true"></span>
                        </div>
                        <div class="login-rememberme">
                            <input type="checkbox" id="ProfileRememberMe" name="ProfileRememberMe" value="true" /> <label for="ProfileRememberMe">Remember me?</label>                            
                        </div>
                        <input type="submit" value="Login" class="purple">
                        <p><a href="/Login/ProfileReset" class="blue-link">Forgot your login information? Click here</a></p>
</form>

                            </div>

                            <div class="login-dropdown institution-dropdown">
                                <h3>Institutional Login</h3>
                                        
<form action="/Login/SubmitInstitution" id="form" method="post">    <input type="hidden" id="IsAdmin" name="IsAdmin" />
                                    <div class="login-username">
                                        <label for="Username">Username</label> 
                                        <input data-val="true" data-val-required="* required" id="Username" name="Username" type="text" value="" />
                                        <span class="field-validation-valid" data-valmsg-for="Username" data-valmsg-replace="true"></span>
                                    </div>
                                    <div class="login-password">
                                        <label for="Password">Password</label> 
                                        <input data-val="true" data-val-required="* required" id="Password" name="Password" type="password" />
                                        <span class="field-validation-valid" data-valmsg-for="Password" data-valmsg-replace="true"></span>
                                    </div>
                                    <div class="login-rememberme">
                                        <input type="checkbox" id="RememberMe" name="RememberMe" value="true" /> <label for="RememberMe">Remember me?</label>                            
                                    </div>
                                    <input type="submit" value="Login" class="purple">
                                    <p style="font-size: 12px;"><a href="/Login/InstitutionReset" class="blue-link">Forgot your login information? Click here</a></p>
                                    <div class="other-login-options">
                                        
                                    <hr>
    
                                    <h3>Other Login Options</h3>

                                    <input type="button" class="purple-text" onclick="return loginOA('https://idp.eduserv.org.uk/openathens');" value="OpenAthens" />
                                    <input type="button" class="purple-text" onclick="window.location = '/Login/Federated';" value="Shibboleth" />
                                    </div>
                                    <div style="font-size: 12px;">
                                        <p>Don't have access?</p>
                                        <a href="http://sk.sagepub.com/access-options" class="blue-link">View purchasing options</a>
                                    </div>
</form>
                            </div>

                            <nav role="navigation" aria-label="Main Navigation" class="main-navigation">
                                <ul class="utility-links">
                                    <li class="browse" style="border: none;">
                                        <a href="#">Browse</a>
                                        <ul>
                                            <li class="section">
                                                <div class="col span_3_of_5">
                                                    <div class="border">
                                                        <h2>Browse by Subject</h2>
                                                            <a href="/browse/business-management">Business & Management</a>
                                                            <a href="/browse/counseling-psychotherapy">Counseling & Psychotherapy</a>
                                                            <a href="/browse/criminology-criminal-justice">Criminology & Criminal Justice</a>
                                                            <a href="/browse/education">Education</a>
                                                            <a href="/browse/geography-earth-environmental-science">Geography, Earth & Environmental Science</a>
                                                            <a href="/browse/health-social-care">Health & Social Care</a>
                                                            <a href="/browse/media-communication-cultural-studies">Media, Communication & Cultural Studies</a>
                                                            <a href="/browse/politics-international-relations">Politics & International Relations</a>
                                                            <a href="/browse/psychology">Psychology</a>
                                                            <a href="/browse/sociology">Sociology</a>
                                                    </div>
                                                </div>
                                                <div class="col span_2_of_5">
                                                    <div>   
                                                        <h2>Browse by Content Type</h2>
                                                        <a href="javascript:void(0);" class="books first light-blue">
                                                            <span class="icon"></span>
                                                            <span>Books</span>
                                                        </a>
                                                        <a href="javascript:void(0);" class="encyclopedias second teal">
                                                            <span class="icon"></span>
                                                            <span>Encyclopedias</span>
                                                        </a>
                                                        <a href="javascript:void(0);" class="handbooks third light-blue">
                                                            <span class="icon"></span>
                                                            <span>Handbooks</span>
                                                        </a>
                                                        <a href="javascript:void(0);" class="dictionaries fourth teal">
                                                            <span class="icon"></span>
                                                            <span>Dictionaries</span>
                                                        </a>
                                                        <a href="javascript:void(0);" class="videos fifth salmon">
                                                            <span class="icon"></span>
                                                            <span>Videos</span>
                                                        </a>
                                                        <a href="javascript:void(0);" class="case-studies sixth orange">
                                                            <span class="icon"></span>
                                                            <span>Cases</span>
                                                        </a>
                                                        <a href="javascript:void(0);" class="debates seventh teal">
                                                            <span class="icon"></span>
                                                            <span>Debates</span>
                                                        </a>
                                                        <a href="javascript:void(0);" class="major-works eighth pink">
                                                            <span class="icon"></span>
                                                            <span>Major Works</span>
                                                        </a>
                                                    </div>
                                                </div>
                                                <div class="clearfix"></div>
                                            </li>
                                        </ul>      
                                    </li>
                                    <li class="header-products-link">
                                        <a href="#">Products</a>
                                        <ul class="header-products">
                                            <li>
                                                <div class="">
                                                    <div class="">
                                                        <a href="/video" class="salmon">
                                                            <span>SAGE Video</span>
                                                            Bringing teaching, learning and research to life.
                                                        </a>
                                                        <a href="/books" class="light-blue">
                                                            <span>SAGE Books</span>
                                                            The ultimate social sciences digital library.
                                                        </a>
                                                        <a href="/reference" class="teal">
                                                            <span>SAGE Reference</span>
                                                            The complete guide for your research journey.
                                                        </a>
                                                        <a href="/navigator" class="pink">
                                                            <span>SAGE Navigator</span>
                                                            The essential social sciences literature review tool.
                                                        </a>
                                                        <a href="/cases" class="orange">
                                                            <span>SAGE Business Cases</span>
                                                            Real world cases at your fingertips.
                                                        </a>
                                                        <a href="/cqpress" class="gold">
                                                            <span>CQ Press</span>
                                                            Your definitive resource for politics, policy and people.
                                                        </a>
                                                    </div>
                                                </div>
                                            </li> 
                                        </ul>      
                                    </li>
                                </ul>
                            </nav> 
<form action="/Search/Results" class="header-search" id="search-form" method="post">                                    <input id="IncludeParts" name="IncludeParts" type="hidden" value="true"/>
                                    <input id="IncludeSegments" name="IncludeSegments" type="hidden" value="true"/>
                                    <input id="DocumentTypes" name="DocumentTypes" type="hidden" value="" />
                                    <input id="HeaderBioId" name="BioId" type="hidden" value="" />
                                    <input id="HeaderProducts" name="Products" type="hidden" value="" />
                                    <input id="HeaderSubjects" name="Subjects" type="hidden" value="" />
                                    <input id="HeaderDisciplines" name="Disciplines" type="hidden" value="" />
                                    <input id="HeaderSort" name="Sort" type="hidden" value="relevance" />
                                        <label for="Keywords[0]_Text" class="hidden">Search:</label>
                                        <input id="Keywords0_Text"  name="Keywords[0].Text" type="search" placeholder="Search all SAGE Knowledge" class="header-search-textbox" />
                                        <input id="Keywords0_Field" name="Keywords[0].Field" type="hidden" value="FullText" />
                                        <input type="submit" class="submit" />
                                        <a href="/search" class="advanced-search">Advanced</a>
                                        <div id="header-container"></div>
</form>                            <ul class="utility-links login">
                                    <li class="user-login-label">LOGIN:</li>
                                                                <li class="profile">
                                    <a href="#">Profile</a>
                                </li>
                                                                <li class="institution">
                                    <a href="#">Institution</a>
                                </li>
                            </ul>
                        </div>
                    </div>
                </div>


            
        </header>

        <main role="main" class="main-content">
            







<div id="overview">
    <div class="inner">

        <span class="section-label"><a href="/books">Books</a></span>

        <div class="section">
            <div class="col span_2_of_3 main-col">
                <div class="fixedNavWrapper">
                    <div class="fixedNav books">
                        <div class="fixed-nav-inner">
                            <div class="titleWrapper">
                                <h1 class="nav-arrows">
                                        <a href="n7.xml" class="prev-chapter">Previous Chapter</a>
                                                                            <strong>Chapter 8:</strong>
                                    Realism as a Basis for Knowing the World
                                        <a href="n9.xml" class="next-chapter">Next Chapter</a>
                                </h1>
                                <div class="clearfix">
                                    <div>
                                        <div class="top-details">
                                            <p class="author">   <span>Andrew Sayer</span></p>
                                        </div>
                                        <p class="segment toggle" data-selector="div.mobileOnly.titleWrapper div.popup.video-segments">
                                            <strong>In:</strong> <a href="../approaches-to-human-geography"><span class="hi-italic">Approaches to Human Geography</span></a>
                                        </p>
                                        <p class="chaptertitle">
                                                <strong>Chapter 8:</strong>
                                                Realism as a Basis for Knowing the World
                                        </p>
                                        <div class="top-details">
<p class="author editor">Edited by:   <span><a href="javascript:void(0);" onclick="findByBioId(527802);">Stuart Aitken</a></span> &amp;    <span><a href="javascript:void(0);" onclick="findByBioId(511212);">Gill Valentine</a></span></p>                                                                                            <p class="doi">
                                                    DOI: <a href="http://dx.doi.org/10.4135/9781446215432.n8">http://dx.doi.org/10.4135/9781446215432.n8</a>
                                                </p>
                                                                                            <p class="subject">
                                                    <em>Subject:</em>
                                                            <a href="#" data-subjectid="1007">Human Geography (general)</a>
                                                </p>
                                        </div>
                                    </div>
                                </div>
                                

                                
                                <div class="section button-group">
                                    <form class="content-search entry-search" role="search" id="search-content-form">
                                            <input type="search" placeholder="Find in this Book" class="content-search-textbox entry-search" />
                                        <input type="submit" class="submit teal" />
                                    </form>
                                    <input id="hdnSearchTerm" type="hidden" />
                                    <input id="hdnSearchIndex" type="hidden" />
                                    <div class="">
                                        <button class="gray show-page-numbers hide-on-mobile">
                                            <span class="active">Show</span>
                                            <span class="hide">Hide</span>
                                            <span>Page Numbers</span>
                                        </button>
                                    </div>
                                        <div class="on-this-page-wrapper">
                                            <button class="gray on-this-page">
                                                <span>On This Page</span>
                                            </button>
                                            <div class="on-this-page-popup">
                                                <div class="on-this-page-popup-inner">
                                                    <ul>
                                                        <!--content is added here with jquery-->
                                                    </ul>
                                                </div>
                                            </div>
                                        </div>
                                                                    </div>
                                
                                

                                <div class="action-buttons" data-module-name="user-features">
    <input type="hidden" id="ProductCode" name="ProductCode" value="B42629/B" />
    <input type="hidden" id="eIsbn" name="eIsbn" value="9781446215432" />
    <input type="hidden" id="XmlId" name="XmlId" value="n8" />
    <input type="hidden" id="contentId" name="primaryId" value="127381" />

    <ul class="action-buttons clearfix">
        <li>
            <span class="toggle citations" title="Citations" data-selector="div.popup.citations" data-item-name="cite-now">Citations</span>
        </li>
        <li>
            <span class="toggle favorite" title="Add to My List" data-selector="div.popup.favorite" data-item-name="add-to-my-list-select">Add to My List</span>
        </li>
        <li>
            <span class="toggle share" title="Share" data-selector="div.popup.share" data-item-name="share-select">Share</span>
        </li>
        <li class="hide-on-mobile">
            <span class="toggle text-size" title="Text Size" data-selector="div.popup.text-size" data-item-name="text-size-select">Text Size</span>
        </li>
    </ul>
    <div class="popup-container">
        <div class="popup citations" data-module-name="citation-pop-up">
            <h2 class="no-border">Citations</h2>
            <div class="form-row clearfix">
                <label for="citation-format">Format:</label>
                <select id="citation-format" data-module-name="citation-format-menu">
                    <option value="APA">APA</option>
                    <option value="Chicago">Chicago</option>
                    <option value="Harvard">Harvard</option>
                    <option value="MLA">MLA</option>
                </select>
            </div>
            <p data-citationtype="APA">Sayer, A. (2006). Realism as a basis for knowing the world. In S. Aitken &amp; G. Valentine (Eds.), <em>Approaches to human geography</em> (pp. 98-106). London: SAGE Publications Ltd. doi: 10.4135/9781446215432.n8</p>
            <p data-citationtype="Chicago">Sayer, Andrew. "Realism as a Basis for Knowing the World." In <em>Approaches to Human Geography</em>, edited by Stuart Aitken and Gill Valentine, 98-106. London: SAGE Publications Ltd, 2006. doi: 10.4135/9781446215432.n8.</p>
            <p data-citationtype="Harvard">Sayer, A 2006, 'Realism as a basis for knowing the world', in Aitken, S &amp; Valentine, G (eds), <em>Approaches to human geography</em>, SAGE Publications Ltd, London, pp. 98-106, viewed 15 January 2017, doi: 10.4135/9781446215432.n8.</p>
            <p data-citationtype="MLA" class="hanging-indent">Sayer, Andrew. "Realism as a Basis for Knowing the World." <em>Approaches to Human Geography.</em> Eds. Stuart Aitken and Gill Valentine. London: SAGE Publications Ltd, 2006. 98-106. <em>SAGE Knowledge</em>. Web. 15 Jan. 2017.</p>
            <div class="form-row clearfix">
                To copy, highlight above text and hit Ctrl-C.
            </div>
            <div class="form-row clearfix">
                <label for="citation-manager">Export:</label>
                <select id="citation-manager" data-module-name="citation-export-menu">
                    <option>Endnote</option>
                    <option>Reference Manager</option>
                    <option>ProCite</option>
                    <option>RefWorks</option>
                    <option>BibTeX</option>
                    <option>Zotero</option>
                    <option>Medlars</option>
                </select>
                <button id="citation-export" class="darkBtn" data-item-name="cite-export">Export</button>
            </div>
            <div class="buttons">
                <button class="close-popup extraPadding" data-item-name="cite-cancel">Cancel</button>
            </div>
        </div>
        <div class="popup favorite" data-module-name="add-to-list-pop-up">
        <p>
            Have you created a personal profile? Login or create a profile above so that you can save clips, playlists, and searches.
        </p>
        <div class="buttons">
            <a class="save-redirect-url" href="/login/profile" data-item-name="save-to-my-list-login"><button class="extraPadding purple">Login/Register</button></a>
        </div>
        </div>
        <div class="popup share" data-module-name="share-pop-up">
            <h2 class="no-border">Email</h2>
                <p>Please log in from an authenticated institution or log into your member profile to access the email feature.</p>
                <div class="buttons">
                    <a href="/login/profile"><button class="extraPadding purple" data-item-name="share-login">Login/Register</button></a>
                </div>

            <h2 class="no-border">Share</h2>
            
            <div class="addthis_toolbox addthis_default_style addthis_16x16_style">
                <span class='st_sharethis_large' displaytext='ShareThis' data-item-name="share-sharethis-sharethis"></span>
                <span class='st_facebook_large' displaytext='Facebook' data-item-name="share-sharethis-facebook"></span>
                <span class='st_twitter_large' displaytext='Tweet' data-item-name="share-sharethis-twitter"></span>
                <span class='st_linkedin_large' displaytext='LinkedIn' data-item-name="share-sharethis-linkedin"></span>
                <span class='st_pinterest_large' displaytext='Pinterest' data-item-name="share-sharethis-pinterest"></span>
                <span class='st_email_large' displaytext='Email' data-item-name="share-sharethis-email"></span>
            </div>
            <div class="buttons">
                <button class="close-popup extraPadding lightblue" data-item-name="share-cancel">Cancel</button>
            </div>
        </div>
        <div class="popup text-size" data-module-name="text-size-pop-up">
            <h2 class="no-border">Font Size</h2>
            <table class="text-size">
                <tr>
                    <td>
                        <span class="circle-bg">
                            <a href="" class="small-text" data-item-name="text-size-select-small">A</a>
                        </span>
                        <a href="#" class="small-text" data-item-name="text-size-select-small">Small</a>

                    </td>
                    <td class="active">
                        <span class="circle-bg">
                            <a href="" class="standard-text" data-item-name="text-size-select-normal">A</a>
                        </span>
                        <a href="#" class="standard-text" data-item-name="text-size-select-normal">Normal</a>

                    </td>
                    <td>
                        <span class="circle-bg">
                            <a href="" class="large-text" data-item-name="text-size-select-large">A</a>
                        </span>
                        <a href="#" class="large-text" data-item-name="text-size-select-large">Large</a>

                    </td>
                </tr>

            </table>
        </div>
    </div>
</div>

                            </div>

                        </div>
                    </div>

                </div>

                <hr class="start-fixed-header has-sticky">
                
                <div class="content-body">
                    <section class="page-section"><div id="n8" class="chapter"> <span id="page98" class="page-wrapper"><span style="display: none" class="pb">[Page 98]</span></span> <div class="head">Realism as a Basis for Knowing the World</div> <div class="head_apa">Realism as a basis for knowing the world</div> <div class="bibl"><span class="author"><span class="persname"><span class="forename">Andrew</span> <span class="surname">Sayer</span></span></span></div> <p>The name &#8216;realism&#8217; might suggest it's a philosophy that claims to have, unlike all the others, a &#8216;realistic&#8217; view of the world, a privileged access to some absolute truth about that world. Well, sorry, but that's <span class="hi-italic">not</span> what realist philosophy claims.<a class="ref local" href="#fn1n8"><span class="hi-superscript">1</span></a> In fact its most fundamental doctrine should make us wary of such simplistic views of knowledge and truth. The most basic idea of realist philosophy is that the world is whatever it is largely independently of what particular observers think about it, and not simply a product of the human mind. People used to think the world was flat, but when they started ...</p></div></section>
<div class="warning">
    <span class="icon"></span>
    <h3>Looks like you are not subscribed to have access to full content on this book.</h3>
    <p>
        <em>Please <a href="/login">login</a> or <a href="/profile">subscribe</a> to get access.</em>
    </p>
    <p>If your Institution does not have a subscription and you cannot access the full text of content on the site, find out how your Institution can subscribe.</p>
</div>                </div>
                
            </div>
            <div class="col span_1_of_3 sidebar show-on-mobile" role="complementary">
                <div class="popup-wrapper">
                    
                    <div class="action-buttons" data-module-name="user-features">
    <input type="hidden" id="ProductCode" name="ProductCode" value="B42629/B" />
    <input type="hidden" id="eIsbn" name="eIsbn" value="9781446215432" />
    <input type="hidden" id="XmlId" name="XmlId" value="n8" />
    <input type="hidden" id="contentId" name="primaryId" value="127381" />

    <ul class="action-buttons clearfix">
        <li>
            <span class="toggle citations" title="Citations" data-selector="div.popup.citations" data-item-name="cite-now">Citations</span>
        </li>
        <li>
            <span class="toggle favorite" title="Add to My List" data-selector="div.popup.favorite" data-item-name="add-to-my-list-select">Add to My List</span>
        </li>
        <li>
            <span class="toggle share" title="Share" data-selector="div.popup.share" data-item-name="share-select">Share</span>
        </li>
        <li class="hide-on-mobile">
            <span class="toggle text-size" title="Text Size" data-selector="div.popup.text-size" data-item-name="text-size-select">Text Size</span>
        </li>
    </ul>
    <div class="popup-container">
        <div class="popup citations" data-module-name="citation-pop-up">
            <h2 class="no-border">Citations</h2>
            <div class="form-row clearfix">
                <label for="citation-format">Format:</label>
                <select id="citation-format" data-module-name="citation-format-menu">
                    <option value="APA">APA</option>
                    <option value="Chicago">Chicago</option>
                    <option value="Harvard">Harvard</option>
                    <option value="MLA">MLA</option>
                </select>
            </div>
            <p data-citationtype="APA">Sayer, A. (2006). Realism as a basis for knowing the world. In S. Aitken &amp; G. Valentine (Eds.), <em>Approaches to human geography</em> (pp. 98-106). London: SAGE Publications Ltd. doi: 10.4135/9781446215432.n8</p>
            <p data-citationtype="Chicago">Sayer, Andrew. "Realism as a Basis for Knowing the World." In <em>Approaches to Human Geography</em>, edited by Stuart Aitken and Gill Valentine, 98-106. London: SAGE Publications Ltd, 2006. doi: 10.4135/9781446215432.n8.</p>
            <p data-citationtype="Harvard">Sayer, A 2006, 'Realism as a basis for knowing the world', in Aitken, S &amp; Valentine, G (eds), <em>Approaches to human geography</em>, SAGE Publications Ltd, London, pp. 98-106, viewed 15 January 2017, doi: 10.4135/9781446215432.n8.</p>
            <p data-citationtype="MLA" class="hanging-indent">Sayer, Andrew. "Realism as a Basis for Knowing the World." <em>Approaches to Human Geography.</em> Eds. Stuart Aitken and Gill Valentine. London: SAGE Publications Ltd, 2006. 98-106. <em>SAGE Knowledge</em>. Web. 15 Jan. 2017.</p>
            <div class="form-row clearfix">
                To copy, highlight above text and hit Ctrl-C.
            </div>
            <div class="form-row clearfix">
                <label for="citation-manager">Export:</label>
                <select id="citation-manager" data-module-name="citation-export-menu">
                    <option>Endnote</option>
                    <option>Reference Manager</option>
                    <option>ProCite</option>
                    <option>RefWorks</option>
                    <option>BibTeX</option>
                    <option>Zotero</option>
                    <option>Medlars</option>
                </select>
                <button id="citation-export" class="darkBtn" data-item-name="cite-export">Export</button>
            </div>
            <div class="buttons">
                <button class="close-popup extraPadding" data-item-name="cite-cancel">Cancel</button>
            </div>
        </div>
        <div class="popup favorite" data-module-name="add-to-list-pop-up">
        <p>
            Have you created a personal profile? Login or create a profile above so that you can save clips, playlists, and searches.
        </p>
        <div class="buttons">
            <a class="save-redirect-url" href="/login/profile" data-item-name="save-to-my-list-login"><button class="extraPadding purple">Login/Register</button></a>
        </div>
        </div>
        <div class="popup share" data-module-name="share-pop-up">
            <h2 class="no-border">Email</h2>
                <p>Please log in from an authenticated institution or log into your member profile to access the email feature.</p>
                <div class="buttons">
                    <a href="/login/profile"><button class="extraPadding purple" data-item-name="share-login">Login/Register</button></a>
                </div>

            <h2 class="no-border">Share</h2>
            
            <div class="addthis_toolbox addthis_default_style addthis_16x16_style">
                <span class='st_sharethis_large' displaytext='ShareThis' data-item-name="share-sharethis-sharethis"></span>
                <span class='st_facebook_large' displaytext='Facebook' data-item-name="share-sharethis-facebook"></span>
                <span class='st_twitter_large' displaytext='Tweet' data-item-name="share-sharethis-twitter"></span>
                <span class='st_linkedin_large' displaytext='LinkedIn' data-item-name="share-sharethis-linkedin"></span>
                <span class='st_pinterest_large' displaytext='Pinterest' data-item-name="share-sharethis-pinterest"></span>
                <span class='st_email_large' displaytext='Email' data-item-name="share-sharethis-email"></span>
            </div>
            <div class="buttons">
                <button class="close-popup extraPadding lightblue" data-item-name="share-cancel">Cancel</button>
            </div>
        </div>
        <div class="popup text-size" data-module-name="text-size-pop-up">
            <h2 class="no-border">Font Size</h2>
            <table class="text-size">
                <tr>
                    <td>
                        <span class="circle-bg">
                            <a href="" class="small-text" data-item-name="text-size-select-small">A</a>
                        </span>
                        <a href="#" class="small-text" data-item-name="text-size-select-small">Small</a>

                    </td>
                    <td class="active">
                        <span class="circle-bg">
                            <a href="" class="standard-text" data-item-name="text-size-select-normal">A</a>
                        </span>
                        <a href="#" class="standard-text" data-item-name="text-size-select-normal">Normal</a>

                    </td>
                    <td>
                        <span class="circle-bg">
                            <a href="" class="large-text" data-item-name="text-size-select-large">A</a>
                        </span>
                        <a href="#" class="large-text" data-item-name="text-size-select-large">Large</a>

                    </td>
                </tr>

            </table>
        </div>
    </div>
</div>

                </div>
                
                <div class="sidebar-inner">
    <div>
        <div class="accordion">
            
                <h3 class="active">
                    <span class="plus"></span>
                    <span class="minus"></span>
                    Chapters
                </h3>
                <div style="display:block; padding-bottom: 10px;" data-module-name="chapter-menu">
                    <ul class="sidebar-chapters show">
                            <li class="prev-chapter" data-item-name="Chapter 7: Structuration Theory: Agency, Structure and Everyday Life">
                                <a href="n7.xml">
                                        <span class="chapter-number">Chapter 7</span>
                                    <span class="chapter-title">Structuration Theory: Agency, Structure and Everyday Life</span>
                                </a>
                            </li>
                                                    <li class="next-chapter" data-item-name="Chapter 9: Postmodern Geographies and the Ruins of Modernity">
                                <a href="n9.xml">
                                        <span class="chapter-number">Chapter 9</span>
                                    <span class="chapter-title">Postmodern Geographies and the Ruins of Modernity</span>
                                </a>
                            </li>
                    </ul>
                    <ul class="sidebar-chapter-list">

                            <li data-item-name="Chapter 1: Ways of Knowing and Ways of Doing Geographic Research">
                                <a href="n1.xml">Chapter 1: Ways of Knowing and Ways of Doing Geographic Research</a>
                            </li>
                            <li data-item-name="Part 1: Philosophies">
                                <a href="d12.xml">Part 1: Philosophies</a>
                            </li>
                            <li data-item-name="Chapter 2: Positivistic Geographies and Spatial Science">
                                <a href="n2.xml">Chapter 2: Positivistic Geographies and Spatial Science</a>
                            </li>
                            <li data-item-name="Chapter 3: Humanism and Democratic Place-Making">
                                <a href="n3.xml">Chapter 3: Humanism and Democratic Place-Making</a>
                            </li>
                            <li data-item-name="Chapter 4: Feminist Geographies of Difference, Relation, and Construction">
                                <a href="n4.xml">Chapter 4: Feminist Geographies of Difference, Relation, and Construction</a>
                            </li>
                            <li data-item-name="Chapter 5: Marx and the Spirit of Marx">
                                <a href="n5.xml">Chapter 5: Marx and the Spirit of Marx</a>
                            </li>
                            <li data-item-name="Chapter 6: Philosophical Bases of Behavioral Research in Geography">
                                <a href="n6.xml">Chapter 6: Philosophical Bases of Behavioral Research in Geography</a>
                            </li>
                            <li data-item-name="Chapter 7: Structuration Theory: Agency, Structure and Everyday Life">
                                <a href="n7.xml">Chapter 7: Structuration Theory: Agency, Structure and Everyday Life</a>
                            </li>
                            <li data-item-name="Chapter 8: Realism as a Basis for Knowing the World">
                                <a href="n8.xml">Chapter 8: Realism as a Basis for Knowing the World</a>
                            </li>
                            <li data-item-name="Chapter 9: Postmodern Geographies and the Ruins of Modernity">
                                <a href="n9.xml">Chapter 9: Postmodern Geographies and the Ruins of Modernity</a>
                            </li>
                            <li data-item-name="Chapter 10: Poststructuralist Theories">
                                <a href="n10.xml">Chapter 10: Poststructuralist Theories</a>
                            </li>
                            <li data-item-name="Chapter 11: Actor-Network Theory, Networks, and Relational Approaches in Human Geography">
                                <a href="n11.xml">Chapter 11: Actor-Network Theory, Networks, and Relational Approaches in Human Geography</a>
                            </li>
                            <li data-item-name="Chapter 12: Postcolonialism: Space, Textuality, and Power">
                                <a href="n12.xml">Chapter 12: Postcolonialism: Space, Textuality, and Power</a>
                            </li>
                            <li data-item-name=" Editors' Passnotes">
                                <a href="n13.xml"> Editors' Passnotes</a>
                            </li>
                            <li data-item-name="Part 2: People">
                                <a href="d91.xml">Part 2: People</a>
                            </li>
                            <li data-item-name="Chapter 13: Institutions and Cultures">
                                <a href="n14.xml">Chapter 13: Institutions and Cultures</a>
                            </li>
                            <li data-item-name="Chapter 14: Places and Contexts">
                                <a href="n15.xml">Chapter 14: Places and Contexts</a>
                            </li>
                            <li data-item-name="Chapter 15: Memories and Desires">
                                <a href="n16.xml">Chapter 15: Memories and Desires</a>
                            </li>
                            <li data-item-name="Chapter 16: Experiences and Emotions">
                                <a href="n17.xml">Chapter 16: Experiences and Emotions</a>
                            </li>
                            <li data-item-name="Chapter 17: Personal and Political">
                                <a href="n18.xml">Chapter 17: Personal and Political</a>
                            </li>
                            <li data-item-name="Chapter 18: Difference and Place">
                                <a href="n19.xml">Chapter 18: Difference and Place</a>
                            </li>
                            <li data-item-name="Chapter 19: Local and Global">
                                <a href="n20.xml">Chapter 19: Local and Global</a>
                            </li>
                            <li data-item-name="Chapter 20: Movement and Encounter">
                                <a href="n21.xml">Chapter 20: Movement and Encounter</a>
                            </li>
                            <li data-item-name="Chapter 21: Spaces and Flows">
                                <a href="n22.xml">Chapter 21: Spaces and Flows</a>
                            </li>
                            <li data-item-name="Part 3: Practices">
                                <a href="d141.xml">Part 3: Practices</a>
                            </li>
                            <li data-item-name="Chapter 22: Quantification, Evidence and Positivism">
                                <a href="n23.xml">Chapter 22: Quantification, Evidence and Positivism</a>
                            </li>
                            <li data-item-name="Chapter 23: Geographic Information Systems">
                                <a href="n24.xml">Chapter 23: Geographic Information Systems</a>
                            </li>
                            <li data-item-name="Chapter 24: Humanism and People-Centred Methods">
                                <a href="n25.xml">Chapter 24: Humanism and People-Centred Methods</a>
                            </li>
                            <li data-item-name="Chapter 25: Changing the World: Geography, Political Activism, and Marxism">
                                <a href="n26.xml">Chapter 25: Changing the World: Geography, Political Activism, and Marxism</a>
                            </li>
                            <li data-item-name="Chapter 26: Producing Feminist Geographies: Theory, Methodologies and Research Strategies">
                                <a href="n27.xml">Chapter 26: Producing Feminist Geographies: Theory, Methodologies and Research Strategies</a>
                            </li>
                            <li data-item-name="Chapter 27: Poststructuralist Theories, Critical Methods and Experimentation">
                                <a href="n28.xml">Chapter 27: Poststructuralist Theories, Critical Methods and Experimentation</a>
                            </li>
                            <li data-item-name="Chapter 28: Research is Theft: Environmental Inquiry in a Postcolonial World">
                                <a href="n29.xml">Chapter 28: Research is Theft: Environmental Inquiry in a Postcolonial World</a>
                            </li>
                            <li data-item-name="Chapter 29: Contested Geographies: Culture Wars, Personal Clashes and Joining Debate">
                                <a href="n30.xml">Chapter 29: Contested Geographies: Culture Wars, Personal Clashes and Joining Debate</a>
                            </li>

                    </ul>
                    <a href="#" id="view-all-chapters" class="more-link view-more-chapters show" data-item-name="view-all-chapters">View all chapters</a>
                    <a href="#" class="more-link view-fewer-chapters" data-item-name="view-fewer-chapters">View fewer chapters</a>
                </div>
            
                            <h3 class="">
                    <span class="plus"></span>
                    <span class="minus"></span>
                    <text>Similar content on SAGE Knowledge</text>
                </h3>
                <div>
                        <input type="hidden" id="Doi" name="Doi" value="10.4135/9781446215432.n8" />
                        <div id="spinner"><img src="/css/vendor/kendo/bootstrap/loading-image.gif" /> Loading content...</div>
                        <div id="similarContent" data-module-name="similar-content"></div>
                </div>
                        <h3>
                <span class="plus"></span>
                <span class="minus"></span>
                Keywords
            </h3>
            <div style="display: none;">
<form action="/Search/Results" id="keyword-search" method="post">                    <input id="Keywords0_Text" name="Keywords[0].Text" type="hidden" value="" />
                    <input id="Keywords0_Field" name="Keywords[0].Field" type="hidden" value="Keyword" />
</form>                <ul class="keyword-list">
                    
                    <li>
                        <a href="javascript:void(0);" data-term="positivism">positivism</a>,
                    </li>
                    <li>
                        <a href="javascript:void(0);" data-term="knowledge">knowledge</a>
                    </li>

                </ul>
            </div>
        </div>
    </div>

</div>

                
            </div>
        </div>
    </div>
</div>
                            <!-- FEATURE LINKS BEGIN -->
                <div class="feature-links-wrapper has-sticky">
                    <div class="section inner feature-links">
                        <div class="col span_1_of_4">
                            <a href="http://online.sagepub.com/" class="salmon">
                                <span>SAGE Journals</span>
                            </a>
                        </div>
                        <div class="col span_1_of_4">
                            <a href="http://srmo.sagepub.com/" class="green">
                                <span>SAGE Research Methods</span>                                
                            </a>
                        </div>
                        <div class="col span_1_of_4">
                            <a href="http://data.sagepub.com/sagestats/" class="purple">
                                <span>SAGE Stats</span>
                            </a>
                        </div>
                        <div class="col span_1_of_4">
                            <a href="http://library.cqpress.com/index.php" class="gold">
                                <span>CQ Press Library</span>
                            </a>
                        </div>
                    </div>
                </div>
                <!-- feature links end -->

        </main>

                    <a href="#" class="backToTop">Back to Top</a>

            <footer role="contentinfo">
                <nav class="footer-inner section inner" role="navigation" aria-label="Footer Navigation">
                    <div class="col span_1_of_3">
                        <div>
                            <a href="//sk.sagepub.com/help#About_SK">About SAGE Video</a>
                            <a href="//sk.sagepub.com/help#Redesign">About SAGE Knowledge</a>
                            <a href="//sk.sagepub.com/about-business-cases">About SAGE Business Cases</a>
                            <a href="//sk.sagepub.com/partners">Credits</a>
                            <a href="http://www.sagepub.com/privacyPolicy.nav">Privacy Policy</a>
                            <a href="//sk.sagepub.com/help#Terms">Terms of Use</a>
                            <a href="//sk.sagepub.com/new">What's New</a>
                            <a href="//sk.sagepub.com/site_help">Help</a>
                        </div>
                    </div>
                    <div class="col span_1_of_3">
                        <div>
                            <h4>Resources For:</h4>
                            <a href="//sk.sagepub.com/site_help#Librarian_Account">Librarians</a>
                            <a href="//sk.sagepub.com/accessibility">Accessibility</a>
                        </div>
                    </div>
                    <div class="col span_1_of_3">
                        <div>
                            <a href="http://sagepub.checkboxonline.com/SKFeedback.aspx">SAGE Knowledge Feedback</a>
                            <a href="http://sagepub.checkboxonline.com/svfeedback.aspx">SAGE Video Feedback</a>
                            <a href="//sk.sagepub.com/profile">Become a SK Member</a>
                            <a href="http://www.sagepub.com/socialmedia/">Connect with Us</a>
                            <a href="/ContactUs">Contact Us</a>
                            <a href="/login"><strong>Trial Log In</strong></a>
                        </div>
                    </div>
                </nav>
                <div class="copyright">
                    <p class="inner">Copyright &copy; 2017 by SAGE Publications</p>
                </div>
            </footer>

    </div>

    <input type="hidden" id="IsProfileLoggedIn" name="IsProfileLoggedIn" value="false" />

    <form id="oalogin" action="https://oa.sagepub.com/Default.aspx?site=sk&requested=http%3a%2f%2fsk.sagepub.com%2fbooks%2fapproaches-to-human-geography%2fn8.xml" method="post">
        <input type="hidden" name="entityID" value="">
    </form>
        
<script src="/bundles/layout1Js?v=ouUSJHRnspQrX6sOy_6-CIxGhWsF3oFyHZqB_JjPUD01"></script>

    <script src="/bundles/innerPageJs?v=Xrr3-mn06bVHpsBU9pMw1vEKzoyjQ5h4JgzRhkOJ-9c1"></script>


    
    <script src="/js/vendor/highlight/jquery.highlight.js"></script>
    <script src="/js/vendor/quicksearch/jquery.quicksearch.js"></script>
    <script src="/js/vendor/video-js/video.js"></script>
    <script src="/js/video/index.min.js"></script> 
    <script type="text/javascript">
        var sk = {};
        sk.mainsite = {
            contentType: 'books',
            product: 'sk',
        };
    </script>
    <script type="text/javascript" src="/js/sidebar.js"></script>
    <script type="text/javascript" src="/js/onThisPage.js"></script>
    <script type="text/javascript" src="/js/pageNum.js"></script>   
    <script type="text/javascript" src="/js/imageLinking.js"></script>
    <script type="text/javascript">
        var css = "";
        if ($(".section.button-group.hide-on-desktop").is(":visible")) {
            css = ".section.button-group.hide-on-desktop";
        }
        else if ($(".section.button-group.hide-on-tablet").is(":visible")) {
            css = ".section.button-group.hide-on-tablet";
        }
            
        $(function () {
            $('[data-subjectid]').click(function () {
                $('input[name="Keywords[0].Text"]').val('');
                $('#search-form input[name="Keywords[0].Field"]').val('FullText');
                $('#search-form input[name="DocumentTypes"]').val('');
                $('#search-form input[name="Subjects"],#search-form input[name="Disciplines"]').val($(this).data('subjectid'));
                $('#search-form input[name="IncludeParts"]').val('false');
                $('#search-form input[name="IncludeSegments"]').val('false');
                $('#search-form input[name="Sort"]').val('title');
                $('#search-form').submit();
            });
        });
</script>

    <script type="text/javascript" src="/js/highlight.js"></script>
    <script type="text/javascript" src="/js/gvpi.js"></script>
    
        <script src="http://cqpress.gvpi.net/widgets/bookshelf/script.js" type="text/javascript"></script>
        <script src="/js/bookshelf.js" type="text/javascript"></script>
        <div id="bookshelf-container" data-source="SK" data-doi="10.4135/9781446215432.n8" data-keywords="positivism;knowledge" data-whatisthis="/recommendations_help"></div>

            <script type="text/javascript">
            $(function () {
                if ($("#iecheck")) {
                    $("#iecheck").kendoWindow();
                    var dialog = $("#iecheck").data("kendoWindow");
                    if (dialog) {
                        dialog.open();
                        dialog.center();
                    }
                }

                var settings = {
                    source: function (request, response) {
                        $.ajax({
                            url: "/Search/GetTypeAheadValues",
                            dataType: "json",
                            data: {
                                type: 'quick',
                                term: request.term,
                                productId: $('#search-form input[name="Products"]').val(),
                                taxonomyId: $('#search-form input[name="Subjects"]').val(),
                            },
                            success: function (data) {
                                response(data);
                            }
                        });
                    },
                    select: function (event, ui) {
                        var decodedString = '"' + $("<div/>").html(ui.item.id.replace('"', '')).text() + '"';
                        $("#Keywords0_Text").val(decodedString);
                        $("#HomeKeywords0_Text").val(decodedString);
                        $("#search-form").submit();
                    },
                    open: function(){
                        $('.ui-autocomplete').css('width', ($(this).parent().outerWidth() - 45) + 'px');
                    },
                };

                $('.browse .span_2_of_5 a, .tabs-content-type a, #tabs-content-type a, .browse-content-type a, .browse-content-types a').click(function () {
                    var form = ($('#discipline-search').length > 0) ? '#discipline-search' : '#search-form';
                    if ($(this).hasClass('books')) $(form + ' #DocumentTypes').val('Books');
                    if ($(this).hasClass('encyclopedias')) $(form + ' #DocumentTypes').val('Encyclopedias');
                    if ($(this).hasClass('handbooks')) $(form + ' #DocumentTypes').val('Handbooks');
                    if ($(this).hasClass('dictionaries')) $(form + ' #DocumentTypes').val('Dictionaries');
                    if ($(this).hasClass('videos')) $(form + ' #DocumentTypes').val('Videos');
                    if ($(this).hasClass('case-studies')) $(form + ' #DocumentTypes').val('Cases');
                    if ($(this).hasClass('debates')) $(form + ' #DocumentTypes').val('Debates');
                    if ($(this).hasClass('major-works')) $(form + ' #DocumentTypes').val('Major Works');
                    $(form + ' input[name="Sort"]').val('title');
                    $(form + ' input[name="IncludeParts"]').val('false');
                    $(form + ' input[name="IncludeSegments"]').val('false');
                    $(form + ' input[name="Products"]').val('');
                    $(form + ' input[name="Subjects"]').val('');
                    $(form + ' input[name="Disciplines"]').val('');
                    $(form).submit();
                });

                // Note: do NOT add #MobileWords0_Text to this because _renderItem stops working when this refers to multiple items
                $("#Keywords0_Text").autocomplete(settings).autocomplete("instance")._renderItem = renderAutocomplete;
                $("#MobileKeywords0_Text").autocomplete(settings).autocomplete("instance")._renderItem = renderAutocomplete;
                $("#HomeKeywords0_Text").autocomplete(settings).autocomplete("instance")._renderItem = renderAutocomplete;
                $("#HomeMobileKeywords0_Text").autocomplete(settings).autocomplete("instance")._renderItem = renderAutocomplete;
                $(".center-block .video-search #MobileKeywords0_Text").autocomplete(settings).autocomplete("instance")._renderItem = renderAutocomplete;
            });
            function renderAutocomplete(ul, item) {
                return $("<li></li>")
                    .data("item.autocomplete", item)
                    .append("<a>" + $('<div/>').html(item.label).html() + "</a>")
                    .appendTo(ul);
            };
            function loginOA(entity) {
                var form = $('#oalogin');
                $('input[name="entityID"]', form).val(entity);
                form.submit();
                return false;
            }
            function searchByKeyword(keyword) {
                $("#Keywords0_Text").val(keyword);
                $("#Keywords0_Field").val('Keyword');
                $("#HomeKeywords0_Text").val(keyword);
                $("#HomeKeywords0_Field").val('Keyword');
                $('input[name="Sort"]').val('title');
                $("#search-form").submit();
            }
            function findByBioId(bioid) {
                $("#Keywords0_Text").val('');
                $("#HomeKeywords0_Text").val('');
                $("#HeaderBioId").val(bioid);
                $("#search-form").submit();
            }
        </script>        
    <script>
        
    </script>
    </body>
</html>

