﻿<?xml version="1.0" encoding="UTF-8"?>

    <song songAudio="/elt/students/newsparksfunzone/audio/ns1_singalong02.mp3">

	<!-- if you want rubric put the text here and format as in example--> 

	<Rubric><![CDATA[<font size="+2" color="#000000">Listen and sing the song.</font>]]></Rubric>

<!-- 
NOTES:  
	- each 'text' tag has to have 4 line tags - it is hardcoded! If there isn't any text for a line, do NOT remove <line><![CDATA[]]></line> , otherwise "undefined" appears in textline.
	- <p align="left || right || center"> will align a line </p>
	- <font size=""> and <font color=""> will alter individual text.
	-  n.b.  font sizes will alter the baseline for each text box and throw off the alignment.
--> 

	<text time="3">	
		<line><![CDATA[<font size="25" color="#000">Hello I'm Swish</font>]]></line>
		<line><![CDATA[<font size="25" color="#000">Hello, hello.</font>]]></line>
		<line><![CDATA[<font size="25" color="#000">Hello I'm Swish</font>]]></line>
        <line><![CDATA[<font size="25" color="#000">What's your name?</font>]]></line>
	</text>
	<text time="12">	
		<line><![CDATA[<font size="25" color="#000">Hello I'm Tricky</font>]]></line>
		<line><![CDATA[<font size="25" color="#000">Hello, hello.</font>]]></line>
		<line><![CDATA[<font size="25" color="#000">Hello I'm Tricky</font>]]></line>
		<line><![CDATA[<font size="25" color="#000">Hello, hello.</font>]]></line>
	</text>
	<text time="23">	
		<line><![CDATA[<font size="25" color="#000">Hello I'm Swish</font>]]></line>
		<line><![CDATA[<font size="25" color="#000">Hello, hello.</font>]]></line>
		<line><![CDATA[<font size="25" color="#000">Hello I'm Swish</font>]]></line>
        <line><![CDATA[<font size="25" color="#000">What's your name?</font>]]></line>
	</text>
	<text time="32">
		<line><![CDATA[<font size="25" color="#000">Hello I'm Roly</font>]]></line>
		<line><![CDATA[<font size="25" color="#000">Hello, hello.</font>]]></line>
		<line><![CDATA[<font size="25" color="#000">Hello I'm Roly</font>]]></line>
		<line><![CDATA[<font size="25" color="#000">Hello, hello.</font>]]></line>
	</text>
	<text time="41">
		<line><![CDATA[<font size="25" color="#000">Goodbye Tricky.</font>]]></line>
		<line><![CDATA[<font size="25" color="#000">Goodbye Roly.</font>]]></line>	
		<line><![CDATA[<font size="25" color="#000">Goodbye Swish.</font>]]></line>
		<line><![CDATA[<font size="25" color="#000">Goodbye, goodbye.</font>]]></line>
		</text>
</song>

