<!DOCTYPE html>
	
	<!--[if lt IE 7]><html class="no-js lt-ie9 lt-ie8 lt-ie7 ie6" lang="en"><![endif]-->
	<!--[if IE 7]><html class="no-js lt-ie9 lt-ie8 ie7" lang="en"><![endif]-->
	<!--[if IE 8]><html class="no-js lt-ie9 ie8" lang="en"><![endif]-->
	<!--[if IE 9]><html class="no-js ie9" lang="en"><![endif]-->
	<!--[if (gt IE 9)|!(IE)]><! -->

	
<!-- oxford-common: 62.16.0 build 29b68eb24ae3d691bc4bdc8d796ec5274a3ae62a --><!-- obo: 62.16.0 build ${buildNumber} --><!-- ifpress-applib-core: 62.16 build 11f58c4e216d7d7475ce2c120c38d04fb3d7e4b8 --><!-- Sams SGK Authentication: 1.7.1 build 23034 --><!-- ifpress-core: 62.16 build 11f58c4e216d7d7475ce2c120c38d04fb3d7e4b8 --><!-- ifpress-app: 62.16 build 11f58c4e216d7d7475ce2c120c38d04fb3d7e4b8 --><!-- ${project.artifactId}: ${project.version} build ${git.commit.id} --><!-- arachne: 2.17.10 build 23dcceda8610a4faf4c67378a54e35c22ca80607 --><!-- amxlib: 61.0 build f4292e0692074b8d3e5480a1f6f4e798fe82c973 --><!-- amxclient: 61.0 build f4292e0692074b8d3e5480a1f6f4e798fe82c973 --><!-- Server Information --><!-- 10.12.65.80:8085 --><html lang="en" class="no-js"><script>window.dataLayer = window.dataLayer || [];dataLayer.push({"pf:contentParentName":"-","pf:contentType":"RESTRICTED","pf:associatedContentSets":"OBOALL,,OBOMAN,ifp:all,all","pf:authorized":"not-authorized","pf:contentName":"Management Research during World War II","pf:titleParentIdentifier":"???","pf:chunkIdentifier":"???","pf:authenticationStatus":"not-logged-in","pf:selectedLanguage":"English","pf:contentCategory":"document"});</script>
		
	<!--<![endif]-->

		<head prefix="og: http://ogp.me/ns# fb: http://ogp.me/ns/fb# article: http://ogp.me/ns/article#"><link type="text/css" rel="stylesheet" href="/assets/classpath/20161219/css/default.css"></link><link type="text/css" rel="stylesheet" href="/assets/classpath/20161219/css/FindThisResource.css"></link><link type="text/css" rel="stylesheet" href="/assets/classpath/20161219/vendor/fancybox/source/jquery.fancybox.css"></link><link type="text/css" rel="stylesheet" href="/assets/classpath/20161219/com/ifactory/press/applib/mixins/default.css"></link><link type="text/css" rel="stylesheet" href="/assets/classpath/20161219/com/ifactory/oxford/common/components/module/LibraryModule.css"></link><link media="screen" type="text/css" rel="stylesheet" href="http://gab.cookie.oup.com/aws-cookie/jquery.fancybox-1.3.4_1.css"></link><link href="www.oxfordbibliographies.com/view/document/obo-9780199846740/obo-9780199846740-0021.xml" rel="canonical"></link>
			
    <title>Management Research during World War II - Management - Oxford Bibliographies</title>
  

			<meta content="text/html; charset=utf-8" http-equiv="Content-Type"></meta>
			
	
		
		<meta content="2017-01-06" property="article:modified_time"></meta>
	
		
		<meta content="article" property="og:type"></meta>
	
		
		<meta content="Management Research during World War II - Management - Oxford Bibliographies - obo" property="og:title"></meta>
	
		
		<meta content="http://www.oxfordbibliographies.com/view/document/obo-9780199846740/obo-9780199846740-0021.xml" property="og:url"></meta>
	

			
		<meta content="IE=Edge" http-equiv="X-UA-Compatible"></meta>
    
        <meta content="width=device-width, minimum-scale=1.0, initial-scale=1.0" name="viewport" id="viewportMeta"></meta>
    
	
	

	
	
		<link href="/app/newsrss;jsessionid=C10FFB4D9EF662C3EA448F7064A5BD51" title="[[missing key: news-rss.title]] (RSS 2.0)" type="application/rss+xml" rel="alternate"></link>
	
	


			
			<!-- <t:outputraw value="prop:newRelicStart" /> -->

			
				<link type="image/x-icon" href="/skin/11f58c4/favicon.ico" rel="shortcut icon"></link>
			

			
			
				<link media="all" href="/skin/11f58c4/css/normalize.css" type="text/css" rel="stylesheet"></link>
			
			
			
				<link media="all" href="/skin/11f58c4/css/style.css" type="text/css" rel="stylesheet"></link>
			

			
	
	  
	  	<link id="commonStylesheet" rel="stylesheet"></link>
	  
      <link rel="stylesheet" href="/assets/classpath/20161219/css/oup-cxs.css"></link>
      <link rel="stylesheet" href="/assets/classpath/20161219/baseskin/css/cxs-reset.css"></link>
      <link rel="stylesheet" href="/assets/classpath/20161219/baseskin/css/cxs.css"></link>
	  
  
	
	
		<link media="all" href="/skin/11f58c4/css/override.css" type="text/css" rel="stylesheet"></link>
	


			
				<link class="nocombine" media="print" href="/skin/11f58c4/css/print.css" type="text/css" rel="stylesheet"></link>
			

			

			

			

			
  
  
  
    <link media="all" href="/skin/11f58c4/css/cxs-reset.css" type="text/css" rel="stylesheet"></link>
  
  


			
	
	
		<script class="doNotMove" src="/assets/classpath/20161219/vendor/modernizr.min.js"></script>
	
	
		<script class="doNotMove" src="/assets/classpath/20161219/vendor/respond.min.js"></script>
	
	
  
  
  

		<style id="dynamicStyles" type="text/css">
		#navDrop { background: url(/assets/classpath/20161219/images/bg_megadrop.gif) transparent top left repeat-x;
		@media print {
			body #contentWrapper #headerLogo { 
				background: url(/skin/11f58c4/images/logo_obo.gif) no-repeat scroll 0 0 transparent;
			}
		}		
	</style></head>
		<body class="bookLanding page-viewdocument unauthenticated no-configurable-layout"><!-- Google Tag Manager is disabled in this environment -->

			
				
			
			
			
	<a id="jumpToContent" href="#mainContent" class="offScreen skip js-skip">Jump to Content</a>
	<a id="jumpToMainNavigation" href="#navigation" class="offScreen skip js-skip">Jump to Main Navigation</a>
	<div class="twoColumnOmega content-wrapper" id="contentWrapper">
		
		<div id="headerWrap">
			<div class="site-header" id="header">
				
				
	
	<a id="backToTop">&#160;</a>
	<span id="backToTop"></span>
	<div id="headerUtilityBar">
<!-- <t:if test="authenticated"> -->
		<ul id="loginNav">
			
			
				<li id="signUp">Not a member?   <a onclick="showLightbox('/app/signup;jsessionid=C10FFB4D9EF662C3EA448F7064A5BD51', '515', '700', '&amp;nbsp', 'true');return false;" title="Sign Up" href="/app/signup;jsessionid=C10FFB4D9EF662C3EA448F7064A5BD51?nojs=true">Sign up</a> for My OBO.</li>
				<li id="loginLink">Already a member? <a onclick="showLightbox('/app/login;jsessionid=C10FFB4D9EF662C3EA448F7064A5BD51', '550', '700', '&amp;nbsp', 'true');return false;" id="signIn" href="/app/login;jsessionid=C10FFB4D9EF662C3EA448F7064A5BD51?nojs=true">My OBO Sign in</a></li>
			
		</ul>
<!-- </t:if> -->
		


	<ul id="toolNav">
		
		
			
				<li class="first">
					
					<a href="/obo/page/subject-list;jsessionid=C10FFB4D9EF662C3EA448F7064A5BD51"><span>Subject List</span></a>
					    
						
					
					
				</li>
			
		
			
				<li class="">
					
					<a href="/obo/page/about;jsessionid=C10FFB4D9EF662C3EA448F7064A5BD51"><span>About</span></a>
					    
						
					
					
				</li>
			
		
			
				<li class="">
					
					<a href="/obo/page/news;jsessionid=C10FFB4D9EF662C3EA448F7064A5BD51"><span>News</span></a>
					    
						
					
					
				</li>
			
		
			
				<li class="">
					
					<a href="/obo/page/take-a-tour;jsessionid=C10FFB4D9EF662C3EA448F7064A5BD51"><span>Take a Tour</span></a>
					    
						
					
					
				</li>
			
		
			
				<li class="">
					
					<a href="/obo/page/for-authors;jsessionid=C10FFB4D9EF662C3EA448F7064A5BD51"><span>For Authors</span></a>
					    
						
					
					
				</li>
			
		
			
				<li class="">
					
					<a href="/obo/page/subscriber-services;jsessionid=C10FFB4D9EF662C3EA448F7064A5BD51"><span>Subscriber Services</span></a>
					    
						
					
					
				</li>
			
		
			
				<li class="">
					
					<a href="/obo/page/contact-us;jsessionid=C10FFB4D9EF662C3EA448F7064A5BD51"><span>Contact Us</span></a>
					    
						
					
					
				</li>
			
		
			
				<li class="last">
					
					<a href="/obo/page/help/site-help;jsessionid=C10FFB4D9EF662C3EA448F7064A5BD51"><span>Site Help</span></a>
					
					
				</li>
			
		
		
	</ul>



	</div>

	<div id="headerLogo"><a shape="rect" href="/"><img src="/assets/classpath/20161219/images/logo_obo.gif"/> </a></div>

	<div id="quickSearch">
		<form enctype="application/x-www-form-urlencoded" method="get" id="quickLinks" action="/search">
			<input value="" id="context" type="hidden"></input>
			<input value="true" name="sticky" id="sticky" type="hidden"></input>
			<input value="document" name="type" id="type" type="hidden"></input>
			
			<div id="quickSearchFilters">
				<a shape="rect" class="quickLabel" href="/browse" id="showSearch">Publications</a>
				<a shape="rect" style="display: none;" class="quickLabel" href="/searchSecondary" id="showSearchsecondary">Pages</a>
				<ul>
					<li><a shape="rect" id="showSearchOption" href="#" onclick="switchQuicksearch('/search', 'showSearch');return false;">Publications</a></li>
					<li><a shape="rect" id="showSearchsecondaryOption" href="#" onclick="switchQuicksearch('/searchsecondary', 'showSearchsecondary');">Pages</a></li>
				</ul>
			</div>
			<input name="q" id="q" value="Search" type="text"></input>
			<input name="searchBtn" id="searchBtn" value="Search" type="submit"></input>
			
				<input value="obo-9780190280024" name="module_0" type="hidden"></input>	
			
				<input value="obo-9780199846733" name="module_1" type="hidden"></input>	
			
				<input value="obo-9780199827251" name="module_2" type="hidden"></input>	
			
				<input value="obo-9780199766567" name="module_3" type="hidden"></input>	
			
				<input value="obo-9780199920105" name="module_4" type="hidden"></input>	
			
				<input value="obo-9780199730414" name="module_5" type="hidden"></input>	
			
				<input value="obo-9780195393361" name="module_6" type="hidden"></input>	
			
				<input value="obo-9780199846719" name="module_7" type="hidden"></input>	
			
				<input value="obo-9780195393521" name="module_8" type="hidden"></input>	
			
				<input value="obo-9780199791231" name="module_9" type="hidden"></input>	
			
				<input value="obo-9780199920082" name="module_10" type="hidden"></input>	
			
				<input value="obo-9780199791286" name="module_11" type="hidden"></input>	
			
				<input value="obo-9780195389661" name="module_12" type="hidden"></input>	
			
				<input value="obo-9780199756841" name="module_13" type="hidden"></input>	
			
				<input value="obo-9780195396607" name="module_14" type="hidden"></input>	
			
				<input value="obo-9780199830060" name="module_15" type="hidden"></input>	
			
				<input value="obo-9780199756810" name="module_16" type="hidden"></input>	
			
				<input value="obo-9780199363445" name="module_17" type="hidden"></input>	
			
				<input value="obo-9780199941728" name="module_18" type="hidden"></input>	
			
				<input value="obo-9780199874002" name="module_19" type="hidden"></input>	
			
				<input value="obo-9780195399318" name="module_20" type="hidden"></input>	
			
				<input value="obo-9780199796953" name="module_21" type="hidden"></input>	
			
				<input value="obo-9780199743292" name="module_22" type="hidden"></input>	
			
				<input value="obo-9780195390155" name="module_23" type="hidden"></input>	
			
				<input value="obo-9780199840731" name="module_24" type="hidden"></input>	
			
				<input value="obo-9780199766581" name="module_25" type="hidden"></input>	
			
				<input value="obo-9780199913701" name="module_26" type="hidden"></input>	
			
				<input value="obo-9780199772810" name="module_27" type="hidden"></input>	
			
				<input value="obo-9780199846740" name="module_28" type="hidden"></input>	
			
				<input value="obo-9780195396584" name="module_29" type="hidden"></input>	
			
				<input value="obo-9780199791279" name="module_30" type="hidden"></input>	
			
				<input value="obo-9780199757824" name="module_31" type="hidden"></input>	
			
				<input value="obo-9780195396577" name="module_32" type="hidden"></input>	
			
				<input value="obo-9780199756223" name="module_33" type="hidden"></input>	
			
				<input value="obo-9780199828340" name="module_34" type="hidden"></input>	
			
				<input value="obo-9780199756797" name="module_35" type="hidden"></input>	
			
				<input value="obo-9780195399301" name="module_36" type="hidden"></input>	
			
				<input value="obo-9780195389678" name="module_37" type="hidden"></input>	
			
				<input value="obo-9780199756384" name="module_38" type="hidden"></input>	
			
				<input value="obo-9780199799558" name="module_39" type="hidden"></input>	
			
			
		</form>
	</div>
	
	<div id="navigation">

		<ul id="homenav">
			<li class="homeNav current first">
				<a shape="rect" href="/browse"></a>
			</li>
			<li class="browseNav expandable last">
				<a shape="rect" id="showTaxonomyNav" class="showTaxonomyNav" href="#">
					Browse by Subject
					<span class="browseArrowClosed" id="browseArrow">  
					</span>
				</a>
			</li>
		</ul>

		
	
	    
		
		
		
			


	<ul id="unauthnav">
		
		
			
				<li class="">
					
					<a href="/obo/page/howtosubscribe/how-to-subscribe;jsessionid=C10FFB4D9EF662C3EA448F7064A5BD51"><span>How to Subscribe</span></a>
					    
						
					
					
				</li>
			
		
			
				<li class="">
					
					<a href="/obo/page/freetrials/free-trials;jsessionid=C10FFB4D9EF662C3EA448F7064A5BD51"><span>Free Trials</span></a>
					
					
				</li>
			
		
		
					<li class="home">
						<a shape="rect" href="/"><span>Sign in</span></a>
					</li>
				
	</ul>



				
		
	</div>

			
			</div>
		<div style="display: none" id="navDrop"><div><ul class="column" id="headerSubjectList_0"><li><a id="browseLink-african-american-studies" href="/browse?module_0=obo-9780190280024"><span>African American Studies</span></a></li><li><a id="browseLink-african-studies" href="/browse?module_0=obo-9780199846733"><span>African Studies</span></a></li><li><a id="browseLink-american-literature" href="/browse?module_0=obo-9780199827251"><span>American Literature</span></a></li><li><a id="browseLink-anthropology" href="/browse?module_0=obo-9780199766567"><span>Anthropology</span></a></li><li><a id="browseLink-art-history" href="/browse?module_0=obo-9780199920105"><span>Art History</span></a></li><li><a id="browseLink-atlantic-history" href="/browse?module_0=obo-9780199730414"><span>Atlantic History</span></a></li><li><a id="browseLink-biblical-studies" href="/browse?module_0=obo-9780195393361"><span>Biblical Studies</span></a></li><li><a id="browseLink-british-and-irish-literature" href="/browse?module_0=obo-9780199846719"><span>British and Irish Literature</span></a></li><li><a id="browseLink-buddhism" href="/browse?module_0=obo-9780195393521"><span>Buddhism</span></a></li><li><a id="browseLink-childhood-studies" href="/browse?module_0=obo-9780199791231"><span>Childhood Studies</span></a></li></ul><ul class="column" id="headerSubjectList_1"><li><a id="browseLink-chinese-studies" href="/browse?module_0=obo-9780199920082"><span>Chinese Studies</span></a></li><li><a id="browseLink-cinema-and-media-studies" href="/browse?module_0=obo-9780199791286"><span>Cinema and Media Studies</span></a></li><li><a id="browseLink-classics" href="/browse?module_0=obo-9780195389661"><span>Classics</span></a></li><li><a id="browseLink-communication" href="/browse?module_0=obo-9780199756841"><span>Communication</span></a></li><li><a id="browseLink-criminology" href="/browse?module_0=obo-9780195396607"><span>Criminology</span></a></li><li><a id="browseLink-ecology" href="/browse?module_0=obo-9780199830060"><span>Ecology</span></a></li><li><a id="browseLink-education" href="/browse?module_0=obo-9780199756810"><span>Education</span></a></li><li><a id="browseLink-environmental-science" href="/browse?module_0=obo-9780199363445"><span>Environmental Science</span></a></li><li><a id="browseLink-evolutionary-biology" href="/browse?module_0=obo-9780199941728"><span>Evolutionary Biology</span></a></li><li><a id="browseLink-geography" href="/browse?module_0=obo-9780199874002"><span>Geography</span></a></li></ul><ul class="column" id="headerSubjectList_2"><li><a id="browseLink-hinduism" href="/browse?module_0=obo-9780195399318"><span>Hinduism</span></a></li><li><a id="browseLink-international-law" href="/browse?module_0=obo-9780199796953"><span>International Law</span></a></li><li><a id="browseLink-international-relations" href="/browse?module_0=obo-9780199743292"><span>International Relations</span></a></li><li><a id="browseLink-islamic-studies" href="/browse?module_0=obo-9780195390155"><span>Islamic Studies</span></a></li><li><a id="browseLink-jewish-studies" href="/browse?module_0=obo-9780199840731"><span>Jewish Studies</span></a></li><li><a id="browseLink-latin-american-studies" href="/browse?module_0=obo-9780199766581"><span>Latin American Studies</span></a></li><li><a id="browseLink-latino-studies" href="/browse?module_0=obo-9780199913701"><span>Latino Studies</span></a></li><li><a id="browseLink-linguistics" href="/browse?module_0=obo-9780199772810"><span>Linguistics</span></a></li><li><a id="browseLink-management" href="/browse?module_0=obo-9780199846740"><span>Management</span></a></li><li><a id="browseLink-medieval-studies" href="/browse?module_0=obo-9780195396584"><span>Medieval Studies</span></a></li></ul><ul class="column" id="headerSubjectList_3"><li><a id="browseLink-military-history" href="/browse?module_0=obo-9780199791279"><span>Military History</span></a></li><li><a id="browseLink-music" href="/browse?module_0=obo-9780199757824"><span>Music</span></a></li><li><a id="browseLink-philosophy" href="/browse?module_0=obo-9780195396577"><span>Philosophy</span></a></li><li><a id="browseLink-political-science" href="/browse?module_0=obo-9780199756223"><span>Political Science</span></a></li><li><a id="browseLink-psychology" href="/browse?module_0=obo-9780199828340"><span>Psychology</span></a></li><li><a id="browseLink-public-health" href="/browse?module_0=obo-9780199756797"><span>Public Health</span></a></li><li><a id="browseLink-renaissance-and-reformation" href="/browse?module_0=obo-9780195399301"><span>Renaissance and Reformation</span></a></li><li><a id="browseLink-social-work" href="/browse?module_0=obo-9780195389678"><span>Social Work</span></a></li><li><a id="browseLink-sociology" href="/browse?module_0=obo-9780199756384"><span>Sociology</span></a></li><li><a id="browseLink-victorian-literature" href="/browse?module_0=obo-9780199799558"><span>Victorian Literature</span></a></li></ul><ul class="column" id="headerSubjectList_4"><li class="browseAll"><a id="browseLink-broseAll" href="/browse?sticky=true&amp;module_0=obo-9780190280024&amp;module_1=obo-9780199846733&amp;module_2=obo-9780199827251&amp;module_3=obo-9780199766567&amp;module_4=obo-9780199920105&amp;module_5=obo-9780199730414&amp;module_6=obo-9780195393361&amp;module_7=obo-9780199846719&amp;module_8=obo-9780195393521&amp;module_9=obo-9780199791231&amp;module_10=obo-9780199920082&amp;module_11=obo-9780199791286&amp;module_12=obo-9780195389661&amp;module_13=obo-9780199756841&amp;module_14=obo-9780195396607&amp;module_15=obo-9780199830060&amp;module_16=obo-9780199756810&amp;module_17=obo-9780199363445&amp;module_18=obo-9780199941728&amp;module_19=obo-9780199874002&amp;module_20=obo-9780195399318&amp;module_21=obo-9780199796953&amp;module_22=obo-9780199743292&amp;module_23=obo-9780195390155&amp;module_24=obo-9780199840731&amp;module_25=obo-9780199766581&amp;module_26=obo-9780199913701&amp;module_27=obo-9780199772810&amp;module_28=obo-9780199846740&amp;module_29=obo-9780195396584&amp;module_30=obo-9780199791279&amp;module_31=obo-9780199757824&amp;module_32=obo-9780195396577&amp;module_33=obo-9780199756223&amp;module_34=obo-9780199828340&amp;module_35=obo-9780199756797&amp;module_36=obo-9780195399301&amp;module_37=obo-9780195389678&amp;module_38=obo-9780199756384&amp;module_39=obo-9780199799558"><strong>Browse All Subjects</strong></a></li></ul><a href="#" class="closeNav">Close</a></div></div></div>
		<div class="column-wrapper" id="columnWrapper">
			<div id="columnsTop">
				<div class="cap">
					
					
				</div>
			</div>
			<div class="clearfix" id="pageBody">
				
				
					
	
	<input style="display: none" value="Search within article" id="searchWithinLabel"></input>
	<input style="display: none" value="Click to display" id="popoutContentLabel"></input>
	
	<!-- This is an optional component and controlled from within the component -->
	
	
	<div id="columnOne">
		
		
    <div class="box login" id="login">
      

  
    
      
    
  
    
      
    
  

      

    

    

    <div class="component component-login-box ">
        
                

    <div class="content-box box   ">
        
            <div class="content-box-header bar">
                
                    <h2>Login</h2>
                    
                
            </div>
        
        <div class="content-box-body">
            
                    
        
        <div id="loginPanel">
        
            
        
            
                <!-- sams authentication -->
                
    <a class="signInExpand hidden" href="">
      Sign in
    </a>
    <div id="loginwrapper1">
      
      <!-- sgk login errors -->
      
        
      <div class="authType userPassAuth">
        
          <form onsubmit="return validate_form(this)" method="post" action="/LOGIN" id="usernameForm">
            <input class="t-invisible" value="/view/document/obo-9780199846740/obo-9780199846740-0021.xml" name="dest" type="hidden"></input>
            <div class="formRow" id="usernameRow">
              <input name="user" id="username" placeholder="Username" type="text"></input>
            </div>
            <div class="formRow" id="passwordRow">
              <input name="pass" id="password" placeholder="Password" type="password"></input>
            </div>
            <div class="formRow" id="submitRow"><input value="Login" id="usernameSubmit" type="submit"></input></div>
          </form>
          <p><a href="http://www.oxfordbibliographiesonline.com/obo/page/749/forgotten-your-password" target="_blank" title="Subscriber Services">Forgotten your password?</a></p>
          
        
      </div>
    </div>
  
        
                
    <div id="loginwrapper2">

      <div class="authType libraryCardAuth">
        
          <div id="libcardwrapper">
              <form method="post" action="/LIBRARY" id="libcardForm">
                  <input value="/view/document/obo-9780199846740/obo-9780199846740-0021.xml" name="dest" type="hidden"></input>
                  <div class="formRow" id="libcardNumRow">
                      <label for="lcnum">Library Card #</label>
                      <input name="lib_card" id="lcnum"></input>
                  </div>
                  <div class="formRow" id="libcardSubmitRow"><input value="Login" id="libcardSubmit" type="submit"></input></div>
              </form>
          </div>
          <a onclick="$('libcardwrapper').show();$('showlibcard').hide();return false;" href="#" id="showlibcard">Login with your Library Card »</a>
          
        
      </div>

      
        <div class="authType shibbolethAuth">
          
            <a href="https://shibboleth2sp.sams.oup.com/shib?dest=http://www.oxfordbibliographies.com/SHIBBOLETH?dest=%2Fview%2Fdocument%2Fobo-9780199846740%2Fobo-9780199846740-0021.xml">Login with Athens/Access Management Federation »</a>
            
          
        </div>
                               

      

      <script type="text/javascript">
          document.getElementById('libcardwrapper').style.display = "none";
          document.getElementById('showlibcard').style.display = "block";
      </script>

      <div id="noAccount"><p><a href="/obo/page/subscribe;jsessionid=C10FFB4D9EF662C3EA448F7064A5BD51">Don't have an account?</a></p></div>
    </div>
  
            
            
        </div>
    
    
                
        </div>
    </div>


            
    </div>
    
    
    

    </div>
        
    <div id="fixedScroll">
  		
  			<div id="searchWithinDocument" class="module searchModule">
  				<form id="searchWithinDocumentForm" action="/view/document/obo-9780199846740/obo-9780199846740-0021.xml">
  					
  					<input name="q" id="q_within" type="text"></input>
  					<input value="GO" id="searchWithinDocumentSubmit" type="submit"></input>
  				</form>		
  			</div>
  		
  		
  		
  			<div class="box" id="tocWrapper">
  				<div>
  					<h3>In This Article <a rel="not" id="collapseToc" class="collapse" href="#"> </a> <span>Management Research during World War II</span> </h3>
  					<div id="toc">
  						<div id="tocContents">
  							<ul><li class=" sectionType first"><span class="unlinked">Introduction</span></li><li class=" sectionType"><span class="unlinked">Environmental Context</span></li><li class=" sectionType"><span class="unlinked">Reference Resources</span></li><li class=" sectionType"><span class="unlinked">General Management</span></li><li class=" sectionType"><span class="unlinked">Organization and Administration</span></li><li class=" sectionType"><span class="unlinked">Operations Management</span></li><li class=" sectionType"><span class="unlinked">Marketing</span></li><li class=" sectionType"><span class="unlinked">Human Resource Management</span></li><li class=" sectionType"><span class="unlinked">Economics</span></li><li class=" sectionType"><span class="unlinked">Accountancy and Finance</span></li><li class=" sectionType last"><span class="unlinked">Scientific and Mathematical Studies</span></li></ul>
  						</div>
  					</div>
  				</div>
  			<div class="backTop"><a href="#backToTop">Back to top</a></div></div>
  			<div id="callouts">
  				
	  				<div class="box" id="relatedEntries">
	  					<div class="top">
	  						<h3>Related Articles <a rel="relatedArticlesContent" class="collapse" href="#"> </a><a id="showRelatedArticlesExplanation" onclick="showLightbox('/obo/CmsPopup/RelatedArticlesInfo', 600, 800, 'Related Articles Info');return false;" href="#"><span class="popupTrigger">about</span></a></h3>
	  						<div class="popup">
	  							<h5>About Related Articles <span>close popup</span></h5>
	  <!-- <p><strong>Lorem Ipsum Sit Dolor Amet</strong></p> -->
	  <!-- <p>Vestibulum ante ipsum primis in faucibus orci luctus et ultrices posuere cubilia Curae; Aliquam ligula odio, euismod ut aliquam et, vestibulum nec risus. Nulla viverra, arcu et iaculis consequat, justo diam ornare tellus, semper ultrices tellus nunc eu tellus.</p> -->
	  						</div>
	  						<div id="relatedArticlesContent">
	  							<ul>
	  								<li>
	  									<a href="/view/document/obo-9780199846740/obo-9780199846740-0008.xml">Management History</a>
	  								</li><li>
	  									<a href="/view/document/obo-9780199846740/obo-9780199846740-0027.xml">Time and Motion Studies</a>
	  								</li>
	  							</ul>
	  						</div>
	  						<div id="otherBiblios">
	  							<h2>Other Subject Areas</h2>
	  							<ul><li><a id="browseLink-african-american-studies" href="/browse?module_0=obo-9780190280024"><span>African American Studies</span></a></li><li><a id="browseLink-african-studies" href="/browse?module_0=obo-9780199846733"><span>African Studies</span></a></li><li><a id="browseLink-american-literature" href="/browse?module_0=obo-9780199827251"><span>American Literature</span></a></li><li><a id="browseLink-anthropology" href="/browse?module_0=obo-9780199766567"><span>Anthropology</span></a></li><li><a id="browseLink-art-history" href="/browse?module_0=obo-9780199920105"><span>Art History</span></a></li><li><a id="browseLink-atlantic-history" href="/browse?module_0=obo-9780199730414"><span>Atlantic History</span></a></li><li><a id="browseLink-biblical-studies" href="/browse?module_0=obo-9780195393361"><span>Biblical Studies</span></a></li><li><a id="browseLink-british-and-irish-literature" href="/browse?module_0=obo-9780199846719"><span>British and Irish Literature</span></a></li><li><a id="browseLink-buddhism" href="/browse?module_0=obo-9780195393521"><span>Buddhism</span></a></li><li><a id="browseLink-childhood-studies" href="/browse?module_0=obo-9780199791231"><span>Childhood Studies</span></a></li><li><a id="browseLink-chinese-studies" href="/browse?module_0=obo-9780199920082"><span>Chinese Studies</span></a></li><li><a id="browseLink-cinema-and-media-studies" href="/browse?module_0=obo-9780199791286"><span>Cinema and Media Studies</span></a></li><li><a id="browseLink-classics" href="/browse?module_0=obo-9780195389661"><span>Classics</span></a></li><li><a id="browseLink-communication" href="/browse?module_0=obo-9780199756841"><span>Communication</span></a></li><li><a id="browseLink-criminology" href="/browse?module_0=obo-9780195396607"><span>Criminology</span></a></li><li><a id="browseLink-ecology" href="/browse?module_0=obo-9780199830060"><span>Ecology</span></a></li><li><a id="browseLink-education" href="/browse?module_0=obo-9780199756810"><span>Education</span></a></li><li><a id="browseLink-environmental-science" href="/browse?module_0=obo-9780199363445"><span>Environmental Science</span></a></li><li><a id="browseLink-evolutionary-biology" href="/browse?module_0=obo-9780199941728"><span>Evolutionary Biology</span></a></li><li><a id="browseLink-geography" href="/browse?module_0=obo-9780199874002"><span>Geography</span></a></li><li><a id="browseLink-hinduism" href="/browse?module_0=obo-9780195399318"><span>Hinduism</span></a></li><li><a id="browseLink-international-law" href="/browse?module_0=obo-9780199796953"><span>International Law</span></a></li><li><a id="browseLink-international-relations" href="/browse?module_0=obo-9780199743292"><span>International Relations</span></a></li><li><a id="browseLink-islamic-studies" href="/browse?module_0=obo-9780195390155"><span>Islamic Studies</span></a></li><li><a id="browseLink-jewish-studies" href="/browse?module_0=obo-9780199840731"><span>Jewish Studies</span></a></li><li><a id="browseLink-latin-american-studies" href="/browse?module_0=obo-9780199766581"><span>Latin American Studies</span></a></li><li><a id="browseLink-latino-studies" href="/browse?module_0=obo-9780199913701"><span>Latino Studies</span></a></li><li><a id="browseLink-linguistics" href="/browse?module_0=obo-9780199772810"><span>Linguistics</span></a></li><li><a id="browseLink-medieval-studies" href="/browse?module_0=obo-9780195396584"><span>Medieval Studies</span></a></li><li><a id="browseLink-military-history" href="/browse?module_0=obo-9780199791279"><span>Military History</span></a></li><li><a id="browseLink-music" href="/browse?module_0=obo-9780199757824"><span>Music</span></a></li><li><a id="browseLink-philosophy" href="/browse?module_0=obo-9780195396577"><span>Philosophy</span></a></li><li><a id="browseLink-political-science" href="/browse?module_0=obo-9780199756223"><span>Political Science</span></a></li><li><a id="browseLink-psychology" href="/browse?module_0=obo-9780199828340"><span>Psychology</span></a></li><li><a id="browseLink-public-health" href="/browse?module_0=obo-9780199756797"><span>Public Health</span></a></li><li><a id="browseLink-renaissance-and-reformation" href="/browse?module_0=obo-9780195399301"><span>Renaissance and Reformation</span></a></li><li><a id="browseLink-social-work" href="/browse?module_0=obo-9780195389678"><span>Social Work</span></a></li><li><a id="browseLink-sociology" href="/browse?module_0=obo-9780199756384"><span>Sociology</span></a></li><li><a id="browseLink-victorian-literature" href="/browse?module_0=obo-9780199799558"><span>Victorian Literature</span></a></li></ul>
	  						</div>
	  						
	  						
	<h3>Forthcoming Articles <a rel="forthcomingArticlesContent" class="collapse" href="#"></a>
	</h3>
	<div id="forthcomingArticlesContent">
		<div>
			<ul>
    <li>Assessment Centers</li>
    <li>Mindfulness</li>
    <li>Personality Theory and Organizational Performance</li>
    <li><a target="_blank" href="/obo/page/management">Find more forthcoming articles...</a></li>
</ul>
		</div>
	</div>

	  						<div class="feedback">
	  							<a href="mailto:oxfordbibliographies@oup.com?subject=Feedback on Management Research during World War II in Management">Feedback</a>
	  						</div>
	  					</div>
	  				</div>
  				
  			</div>
  		
  
  		
  			<div>
  				
  			</div>
  		
  		
  		
  			<div>
  				
  			</div>
  		
  		
  		
  		
  		
  		
    </div>
	</div>
		
	<div class="mainBase" id="mainContent">

		<div id="topControls">
			
			
			

<div class="pageLinks" id="pageLinks">
  
	<ul class="actions">
		
		
			
				
						
					
				
			
		
		
			
		
		
			
				<li class="print"><a target="_blank" class="ico-print" rel="nofollow" title="Print" href="/view/document/obo-9780199846740/obo-9780199846740-0021.xml?print"><span>Print</span></a></li><li class="email"><a onclick="showLightbox('/obo/viewdocument:email/Management$0020Research$0020during$0020World$0020War$0020II/http:$002f$002fwww.oxfordbibliographies.com$002fview$002fdocument$002fobo-9780199846740$002fobo-9780199846740-0021.xml;jsessionid=C10FFB4D9EF662C3EA448F7064A5BD51?t:ac=document$002fobo-9780199846740$002fobo-9780199846740-0021.xml', '700', '525', '&amp;nbsp', 'true');return false;" title="E-mail" href="/obo/viewdocument:email/Management$0020Research$0020during$0020World$0020War$0020II/http:$002f$002fwww.oxfordbibliographies.com$002fview$002fdocument$002fobo-9780199846740$002fobo-9780199846740-0021.xml;jsessionid=C10FFB4D9EF662C3EA448F7064A5BD51?t:ac=document$002fobo-9780199846740$002fobo-9780199846740-0021.xml&amp;nojs=true"><span>Email</span></a></li><li class="cite"><a onclick="showLightbox('/obo/cite/$002fdocument$002fobo-9780199846740$002fobo-9780199846740-0021.xml/$003f$003f$003f;jsessionid=C10FFB4D9EF662C3EA448F7064A5BD51', '500', '339', '&amp;nbsp', 'true');return false;" title="Cite" class="ico-cite" rel="nofollow" href="/obo/cite/$002fdocument$002fobo-9780199846740$002fobo-9780199846740-0021.xml/$003f$003f$003f;jsessionid=C10FFB4D9EF662C3EA448F7064A5BD51?nojs=true"><span>Cite</span></a></li>
			
		
		
			
		
		
		
			
				
			
		
		<li class="share">
<a title="Share" onmouseover="addthis.init.defer();" href="//www.addthis.com/bookmark.php?v=250&amp;pub=" class="addthis_button ico-share">
	
		<span>Share</span><img style="border:0" alt="Share" height="16" width="83" src="//s7.addthis.com/static/btn/sm-share-en.gif"/>
		
	
</a>



<script type="text/javascript">
var addthis_config = { services_exclude: 'email' };
var addthis_share = {
   url: "http://www.oxfordbibliographies.com/view/document/obo-9780199846740/obo-9780199846740-0021.xml",
}
</script>
</li>
		
        	<li class="highlight last"><a title="" class="ico-highlights-show" href="#"><span>Hit Highlighting</span></a></li>
        
	</ul>
  	
</div>








		</div>

		<div id="readPanel">
			
				
			

    

    

    <div class="component component-smart-nav ">
        
                
        
        <div id="topSmartNav" class="smartNavWrapper smart-nav-wrap">
            <div class="smartNav smart-nav">
                <ul class="smart-nav-list">
                    
                    <li class="smart-nav-item current" style="width: 9.045454545454545%;">
                        <a href="/view/document/obo-9780199846740/obo-9780199846740-0021.xml#obo-9780199846740-0021-div1-0001" title="Introduction">
                            <span>Introduction</span>
                        </a>
                    </li>
                    
                    <li class="smart-nav-item notread" style="width: 9.045454545454545%;">
                        <a href="/view/document/obo-9780199846740/obo-9780199846740-0021.xml#obo-9780199846740-0021-div1-0002" title="Environmental Context">
                            <span>Environmental Context</span>
                        </a>
                    </li>
                    
                    <li class="smart-nav-item notread" style="width: 9.045454545454545%;">
                        <a href="/view/document/obo-9780199846740/obo-9780199846740-0021.xml#obo-9780199846740-0021-div1-0003" title="Reference Resources">
                            <span>Reference Resources</span>
                        </a>
                    </li>
                    
                    <li class="smart-nav-item notread" style="width: 9.045454545454545%;">
                        <a href="/view/document/obo-9780199846740/obo-9780199846740-0021.xml#obo-9780199846740-0021-div1-0004" title="General Management">
                            <span>General Management</span>
                        </a>
                    </li>
                    
                    <li class="smart-nav-item notread" style="width: 9.045454545454545%;">
                        <a href="/view/document/obo-9780199846740/obo-9780199846740-0021.xml#obo-9780199846740-0021-div1-0005" title="Organization and Administration">
                            <span>Organization and Administration</span>
                        </a>
                    </li>
                    
                    <li class="smart-nav-item notread righthalf" style="width: 9.045454545454545%;">
                        <a href="/view/document/obo-9780199846740/obo-9780199846740-0021.xml#obo-9780199846740-0021-div1-0006" title="Operations Management">
                            <span>Operations Management</span>
                        </a>
                    </li>
                    
                    <li class="smart-nav-item notread righthalf" style="width: 9.045454545454545%;">
                        <a href="/view/document/obo-9780199846740/obo-9780199846740-0021.xml#obo-9780199846740-0021-div1-0007" title="Marketing">
                            <span>Marketing</span>
                        </a>
                    </li>
                    
                    <li class="smart-nav-item notread righthalf" style="width: 9.045454545454545%;">
                        <a href="/view/document/obo-9780199846740/obo-9780199846740-0021.xml#obo-9780199846740-0021-div1-0008" title="Human Resource Management">
                            <span>Human Resource Management</span>
                        </a>
                    </li>
                    
                    <li class="smart-nav-item notread righthalf" style="width: 9.045454545454545%;">
                        <a href="/view/document/obo-9780199846740/obo-9780199846740-0021.xml#obo-9780199846740-0021-div1-0051" title="Economics">
                            <span>Economics</span>
                        </a>
                    </li>
                    
                    <li class="smart-nav-item notread righthalf" style="width: 9.045454545454545%;">
                        <a href="/view/document/obo-9780199846740/obo-9780199846740-0021.xml#obo-9780199846740-0021-div1-0009" title="Accountancy and Finance">
                            <span>Accountancy and Finance</span>
                        </a>
                    </li>
                    
                    <li class="smart-nav-item notread righthalf" style="width: 9.045454545454545%;">
                        <a href="/view/document/obo-9780199846740/obo-9780199846740-0021.xml#obo-9780199846740-0021-div1-0010" title="Scientific and Mathematical Studies">
                            <span>Scientific and Mathematical Studies</span>
                        </a>
                    </li>
                    
                </ul>
            </div>
            <div style="left: 0.0%;" id="statusBarArrow"><!--  --></div>
        </div>
    
    
            
    </div>
    
    
    

			<h1 id="pagetitle">
				<a href="/browse?module_0=obo-9780199846740">
					<img alt="Management" src="/obo/moduleimage/management" height="115" width="115"/>
				</a>
				<span>Management Research during World War II</span>
				<dl class="metaInfo"><dt class="author">by</dt><dd class="author"><a href="http://bbs-staff.uwe.ac.uk/public/profile.aspx?username=rf-grattan" target="_blank">Robert F. Grattan</a></dd></dl><div class="modified"><ul><li class="_rev">LAST REVIEWED: 18 June 2015</li><li class="_mod">LAST MODIFIED: 28 January 2013</li><li class="doi">DOI: 10.1093/obo/9780199846740-0021</li></ul></div>
			</h1>
			



<div class="div1"><a name="obo-9780199846740-0021-div1-0001"></a>

<h2>Introduction</h2>

<p>The circumstances of World War II introduced major changes to the way in which societies operated all over the world, and much of the trappings of normal life had to be sacrificed to the war effort. The term <i>World War II</i> requires definition since Britain and France were at war with Germany from 1939 to 1945, the Soviet Union was at war with Germany from June 1941 to 1945, and the United States was at war with Japan and Germany from December 1941 to 1945 (although some preparatory measures were undertaken before formal hostilities began). For the purposes of this bibliography, World War II is deemed to have lasted from 1939 to 1945, which assumption needs to be borne in mind when considering the academic activity in the United States between 1939 and 1941. The academic world was not immune to these changes since young men went off to fight in the armed forces, and the efforts of many of those remaining were concentrated on satisfying the demands exacted by the war on producing more arms and materiel for the conflict and food for the population. The changes of attitude consequent on these new demands meant that study, in general, was more devoted to problem-solving than theory generation, and this orientation affected what was written and published during this period. The term <i>management research</i> implies a requirement for academic rigor, and the practical, “how-to” paper may well lack that approach, so the criterion adopted in this bibliography for the selection of papers to reference is as follows: Research is the purposive collection and analysis of data and information leading to the proposition of a scholarly conclusion or theory which can be tested by other researchers.</p>
</div>
<div class="div1"><a name="obo-9780199846740-0021-div1-0002"></a>

<h2>Environmental Context</h2>

<p>Modern war demands the mobilization and concentration of the whole of society, whose efforts are directed principally to the achievement of war aims. Britain had learned during World War I that the State had to direct what had to be produced, its quantity, and its price. Labor had been directed by the State to bolster the industries vital to winning the war, so consumer goods became a low priority and the niceties of human resource management were often overlooked. Goods in short supply, particularly food, were rationed, so marketing, and particularly advertising, became selective as it merely annoyed the consumer to be urged to buy goods that were not available. Prices of many goods were controlled by government, affecting the operation of laws of supply and demand. Great emphasis was placed on productivity and methods for improving efficiency and the substitution of raw materials in short supply. The increased role of the State moved a number of responsibilities from general management to those in public administration, many of whom were unfamiliar with business operations and scientific management, particularly in the United Kingdom. Many of these innovations were socialist in political character, which caused some concern in the United States, which had to consider adopting similar measures; and the concept of state planning was the subject of debate, as was the role and operations of trades unions. Although most universities continued to operate through the war, most of the potential students were engaged on war work or in the armed forces. In the United States, universities continued to generate research papers, although much of their effort was directed at teaching. In Germany and occupied Europe, the work of the universities was adversely affected by the Nazi racial policies that resulted in the removal of Jewish academics. Another factor affecting the generation of management theories was that there were only a relatively few business schools operating during World War II. The principal role of business schools in this period was management education, and university business schools’ own accounts of their history usually have a blank for the period 1939–1945. Nonetheless, the need for rigorous study to supplement “managers’ experience” was recognized, as <a title="Perkins, John S. “Management Research.” Harvard Business Review 18.4 (Summer 1940): 488–496." href="/view/document/obo-9780199846740/obo-9780199846740-0021.xml#obo-9780199846740-0021-bibItem-0002">Perkins 1940</a> shows. <a title="Jeuck, John E. Price and Prejudice: 1986 Towers/Cresap Lecture. Selected Paper Series 64. Chicago: Booth School of Business, University of Chicago." href="/view/document/obo-9780199846740/obo-9780199846740-0021.xml#obo-9780199846740-0021-bibItem-0001">Jeuck 1986</a> concedes by omission that the war years were not an active period of management research.</p>
<p>
<ul id="obo-9780199846740-0021-bibList-0001" class="bibliography">
<li id="obo-9780199846740-0021-bibItemGroup-0001"><p class="citationInfo" id="obo-9780199846740-0021-bibItem-0001">Jeuck, John E. <a target="_blank" class="externalLink" href="http://www.chicagobooth.edu/faculty/selectedpapers/sp64.pdf">Price and Prejudice: 1986 Towers/Cresap Lecture</a>. Selected Paper Series 64. Chicago: Booth School of Business, University of Chicago.<p class="citationActions"><a class="emailSingleCitationLink" onclick="showLightbox('/obo/viewdocument:emailsinglecitation;jsessionid=C10FFB4D9EF662C3EA448F7064A5BD51?t:ac=document$002fobo-9780199846740$002fobo-9780199846740-0021.xml&amp;citationId=obo-9780199846740-0021-bibItem-0001', '550', '700', '');return false;" href="#">E-mail Citation »</a></p></p><p>The lecture gives a brief account of the development of management and business studies in America from the end of the 19th century. Little is recorded, however, of activities during World War II, except the launch of the world’s first MBA program in Chicago in 1943.</p></li>
<li id="obo-9780199846740-0021-bibItemGroup-0002"><p class="citationInfo" id="obo-9780199846740-0021-bibItem-0002">Perkins, John S. “Management Research.” <em>Harvard Business Review</em> 18.4 (Summer 1940): 488–496.<p class="citationActions"><a class="emailSingleCitationLink" onclick="showLightbox('/obo/viewdocument:emailsinglecitation;jsessionid=C10FFB4D9EF662C3EA448F7064A5BD51?t:ac=document$002fobo-9780199846740$002fobo-9780199846740-0021.xml&amp;citationId=obo-9780199846740-0021-bibItem-0002', '550', '700', '');return false;" href="#">E-mail Citation »</a></p></p><p>Perkins begins, “Management today is recognizing more and more the importance of research and fact finding as a tool for effective policy administration and general administrative control.” He avers that executive decisions have been largely based on experience and instinctive judgment. In recognizing the synoptic nature of business policy research, the paper is forward-looking and an important piece of work.</p></li>
</ul>
</p>
</div>












<!-- <dl id="citations" class="citations"> -->
<!-- <dt class="mla">Citation (MLA):</dt><dd class="mla"><t:citation doc="content" format="mla" /></dd> -->
<!-- <dt class="apa">Citation (APA):</dt><dd class="apa"><t:citation doc="content" format="apa" /></dd> -->
<!-- <dt class="chicago">Citation (Chicago):</dt><dd class="chicago"><t:citation doc="content" format="chicago" /></dd> -->
<!-- </dl> -->
            <p><a href="#backToTop">back to top</a></p>
           
		
				<p class="notAuthenticatedMessage">
					Users without a subscription are not able to see the full content on
					this page. Please subscribe or <a href="/">login</a>.
				</p>
				
	<div class="contentRestrictedMessage">
	<!-- TODO: replace with fragment from CMS -->
	   <div id="subscribeFragment">
			<div xmlns="http://opp.oup.com/opp">
				<h2>How to Subscribe</h2>
				<p><i>Oxford Bibliographies Online</i> is available by subscription and perpetual access to institutions and individuals.  For more information or to contact an Oxford Sales Representative click <a href="/obo/page/howtosubscribe">here</a>.</p>
			</div>
	   </div>
       <div id="ebookFragment">
		    <div id="column-wrap" xmlns="http://opp.oup.com/opp">
				<h2>Purchase an Ebook Version of This Article</h2>
				<p>Ebooks of the <i>Oxford Bibliographies Online</i> subject articles are available in North America via a number of retailers including <a href="http://www.amazon.com/">Amazon</a>, <a href="http://store.vitalsource.com/">vitalsource</a>, and more.  Simply search on their sites for <i>Oxford Bibliographies Online Research Guides</i> and your desired subject article.</p>  
				<p>If you would like to purchase an eBook article and live outside North America please email <a href="mailto:onlinemarketing@oup.com">onlinemarketing@oup.com</a> to express your interest.</p>  
			</div>
	   </div>
       <div id="ebook">
            <a target="_blank" href="http://store.vitalsource.com/show/{}"></a>
       </div>		
	</div>
				
				
			
			
			

    

    

    <div class="component component-smart-nav ">
        
                
        
        <div id="bottomSmartNav" class="smartNavWrapper smart-nav-wrap">
            <div class="smartNav smart-nav">
                <ul class="smart-nav-list">
                    
                    <li class="smart-nav-item current" style="width: 9.045454545454545%;">
                        <a href="/view/document/obo-9780199846740/obo-9780199846740-0021.xml#obo-9780199846740-0021-div1-0001" title="Introduction">
                            <span>Introduction</span>
                        </a>
                    </li>
                    
                    <li class="smart-nav-item notread" style="width: 9.045454545454545%;">
                        <a href="/view/document/obo-9780199846740/obo-9780199846740-0021.xml#obo-9780199846740-0021-div1-0002" title="Environmental Context">
                            <span>Environmental Context</span>
                        </a>
                    </li>
                    
                    <li class="smart-nav-item notread" style="width: 9.045454545454545%;">
                        <a href="/view/document/obo-9780199846740/obo-9780199846740-0021.xml#obo-9780199846740-0021-div1-0003" title="Reference Resources">
                            <span>Reference Resources</span>
                        </a>
                    </li>
                    
                    <li class="smart-nav-item notread" style="width: 9.045454545454545%;">
                        <a href="/view/document/obo-9780199846740/obo-9780199846740-0021.xml#obo-9780199846740-0021-div1-0004" title="General Management">
                            <span>General Management</span>
                        </a>
                    </li>
                    
                    <li class="smart-nav-item notread" style="width: 9.045454545454545%;">
                        <a href="/view/document/obo-9780199846740/obo-9780199846740-0021.xml#obo-9780199846740-0021-div1-0005" title="Organization and Administration">
                            <span>Organization and Administration</span>
                        </a>
                    </li>
                    
                    <li class="smart-nav-item notread righthalf" style="width: 9.045454545454545%;">
                        <a href="/view/document/obo-9780199846740/obo-9780199846740-0021.xml#obo-9780199846740-0021-div1-0006" title="Operations Management">
                            <span>Operations Management</span>
                        </a>
                    </li>
                    
                    <li class="smart-nav-item notread righthalf" style="width: 9.045454545454545%;">
                        <a href="/view/document/obo-9780199846740/obo-9780199846740-0021.xml#obo-9780199846740-0021-div1-0007" title="Marketing">
                            <span>Marketing</span>
                        </a>
                    </li>
                    
                    <li class="smart-nav-item notread righthalf" style="width: 9.045454545454545%;">
                        <a href="/view/document/obo-9780199846740/obo-9780199846740-0021.xml#obo-9780199846740-0021-div1-0008" title="Human Resource Management">
                            <span>Human Resource Management</span>
                        </a>
                    </li>
                    
                    <li class="smart-nav-item notread righthalf" style="width: 9.045454545454545%;">
                        <a href="/view/document/obo-9780199846740/obo-9780199846740-0021.xml#obo-9780199846740-0021-div1-0051" title="Economics">
                            <span>Economics</span>
                        </a>
                    </li>
                    
                    <li class="smart-nav-item notread righthalf" style="width: 9.045454545454545%;">
                        <a href="/view/document/obo-9780199846740/obo-9780199846740-0021.xml#obo-9780199846740-0021-div1-0009" title="Accountancy and Finance">
                            <span>Accountancy and Finance</span>
                        </a>
                    </li>
                    
                    <li class="smart-nav-item notread righthalf" style="width: 9.045454545454545%;">
                        <a href="/view/document/obo-9780199846740/obo-9780199846740-0021.xml#obo-9780199846740-0021-div1-0010" title="Scientific and Mathematical Studies">
                            <span>Scientific and Mathematical Studies</span>
                        </a>
                    </li>
                    
                </ul>
            </div>
            <div style="left: 0.0%;" id="statusBarArrow"><!--  --></div>
        </div>
    
    
            
    </div>
    
    
    

		</div>

		
		
		<div id="rightPanel">
			<div class="nav" id="classicsNav">
				<h2>Management</h2>
				<ul>
					<li>
						<a href="/obo/page/management;jsessionid=C10FFB4D9EF662C3EA448F7064A5BD51">About Management »</a>
					</li>
					<li>
						<a href="/obo/page/management;jsessionid=C10FFB4D9EF662C3EA448F7064A5BD51#editorialBoard">Meet the Editorial Board »</a>
					</li>
				</ul>
					</div>
			<div id="jumptoBox">
			  <fieldset>
				<label for="jumptoInput">Jump to Other Articles:</label>
				<input value="" id="jumptoInput" name="jumpto" type="text"></input>
				<input value="Jump To" class="jumptoBtn" name="jumptoSubmit" id="id37" type="submit"></input>
			  </fieldset>
			</div>			
			<div id="wordwheel">
				<h3>Article</h3>
				<p><a id="wordwheelUp"><span>Up</span></a></p>
				<div id="wordwheelListWrapper">
					<ul>
						<li class="odd" rel="Abusive Supervision">
							<a title="Abusive Supervision" href="/view/document/obo-9780199846740/obo-9780199846740-0103.xml">
								Abusive Supervision
							</a>
						</li><li class="even" rel="Applied Political Risk Analysis">
							<a title="Applied Political Risk Analysis" href="/view/document/obo-9780199846740/obo-9780199846740-0101.xml">
								Applied Political Risk Analysis
							</a>
						</li><li class="odd" rel="Approaches to Social Responsibility">
							<a title="Approaches to Social Responsibility" href="/view/document/obo-9780199846740/obo-9780199846740-0037.xml">
								Approaches to Social Responsibility
							</a>
						</li><li class="even" rel="Attitudes">
							<a title="Attitudes" href="/view/document/obo-9780199846740/obo-9780199846740-0003.xml">
								Attitudes
							</a>
						</li><li class="odd" rel="Attributions">
							<a title="Attributions" href="/view/document/obo-9780199846740/obo-9780199846740-0106.xml">
								Attributions
							</a>
						</li><li class="even" rel="Authentic Leadership">
							<a title="Authentic Leadership" href="/view/document/obo-9780199846740/obo-9780199846740-0104.xml">
								Authentic Leadership
							</a>
						</li><li class="odd" rel="Bayesian Statistics">
							<a title="Bayesian Statistics" href="/view/document/obo-9780199846740/obo-9780199846740-0102.xml">
								Bayesian Statistics
							</a>
						</li><li class="even" rel="Behavior, Organizational">
							<a title="Behavior, Organizational" href="/view/document/obo-9780199846740/obo-9780199846740-0001.xml">
								Behavior, Organizational
							</a>
						</li><li class="odd" rel="Behavioral Approach to Leadership">
							<a title="Behavioral Approach to Leadership" href="/view/document/obo-9780199846740/obo-9780199846740-0040.xml">
								Behavioral Approach to Leadership
							</a>
						</li><li class="even" rel="Behavioral Theory of the Firm">
							<a title="Behavioral Theory of the Firm" href="/view/document/obo-9780199846740/obo-9780199846740-0052.xml">
								Behavioral Theory of the Firm
							</a>
						</li><li class="odd" rel="Benefits">
							<a title="Benefits" href="/view/document/obo-9780199846740/obo-9780199846740-0018.xml">
								Benefits
							</a>
						</li><li class="even" rel="Between Organizations, Social Networks in and">
							<a title="Between Organizations, Social Networks in and" href="/view/document/obo-9780199846740/obo-9780199846740-0116.xml">
								Between Organizations, Social Networks in and
							</a>
						</li><li class="odd" rel="Career Studies">
							<a title="Career Studies" href="/view/document/obo-9780199846740/obo-9780199846740-0015.xml">
								Career Studies
							</a>
						</li><li class="even" rel="Conflict Management">
							<a title="Conflict Management" href="/view/document/obo-9780199846740/obo-9780199846740-0105.xml">
								Conflict Management
							</a>
						</li><li class="odd" rel="Corporate Social Performance">
							<a title="Corporate Social Performance" href="/view/document/obo-9780199846740/obo-9780199846740-0099.xml">
								Corporate Social Performance
							</a>
						</li><li class="even" rel="Creativity">
							<a title="Creativity" href="/view/document/obo-9780199846740/obo-9780199846740-0035.xml">
								Creativity
							</a>
						</li><li class="odd" rel="Cross-Cultural Management">
							<a title="Cross-Cultural Management" href="/view/document/obo-9780199846740/obo-9780199846740-0074.xml">
								Cross-Cultural Management
							</a>
						</li><li class="even" rel="Cultural Intelligence">
							<a title="Cultural Intelligence" href="/view/document/obo-9780199846740/obo-9780199846740-0115.xml">
								Cultural Intelligence
							</a>
						</li><li class="odd" rel="Culture, Organization">
							<a title="Culture, Organization" href="/view/document/obo-9780199846740/obo-9780199846740-0059.xml">
								Culture, Organization
							</a>
						</li><li class="even" rel="Data Analytic Methods">
							<a title="Data Analytic Methods" href="/view/document/obo-9780199846740/obo-9780199846740-0065.xml">
								Data Analytic Methods
							</a>
						</li><li class="odd" rel="Decision Making">
							<a title="Decision Making" href="/view/document/obo-9780199846740/obo-9780199846740-0004.xml">
								Decision Making
							</a>
						</li><li class="even" rel="Diversity">
							<a title="Diversity" href="/view/document/obo-9780199846740/obo-9780199846740-0031.xml">
								Diversity
							</a>
						</li><li class="odd" rel="Emotional Labor">
							<a title="Emotional Labor" href="/view/document/obo-9780199846740/obo-9780199846740-0081.xml">
								Emotional Labor
							</a>
						</li><li class="even" rel="Employee Aging">
							<a title="Employee Aging" href="/view/document/obo-9780199846740/obo-9780199846740-0080.xml">
								Employee Aging
							</a>
						</li><li class="odd" rel="Employee Voice">
							<a title="Employee Voice" href="/view/document/obo-9780199846740/obo-9780199846740-0109.xml">
								Employee Voice
							</a>
						</li><li class="even" rel="Empowerment, Psychological">
							<a title="Empowerment, Psychological" href="/view/document/obo-9780199846740/obo-9780199846740-0090.xml">
								Empowerment, Psychological
							</a>
						</li><li class="odd" rel="Entrepreneurship">
							<a title="Entrepreneurship" href="/view/document/obo-9780199846740/obo-9780199846740-0039.xml">
								Entrepreneurship
							</a>
						</li><li class="even" rel="Entrepreneurship, Corporate">
							<a title="Entrepreneurship, Corporate" href="/view/document/obo-9780199846740/obo-9780199846740-0085.xml">
								Entrepreneurship, Corporate
							</a>
						</li><li class="odd" rel="Entrepreneurship, Women's">
							<a title="Entrepreneurship, Women's" href="/view/document/obo-9780199846740/obo-9780199846740-0042.xml">
								Entrepreneurship, Women's
							</a>
						</li><li class="even" rel="Equal Employment Opportunity">
							<a title="Equal Employment Opportunity" href="/view/document/obo-9780199846740/obo-9780199846740-0077.xml">
								Equal Employment Opportunity
							</a>
						</li><li class="odd" rel="Ethics">
							<a title="Ethics" href="/view/document/obo-9780199846740/obo-9780199846740-0005.xml">
								Ethics
							</a>
						</li><li class="even" rel="Faking in Personnel Selection">
							<a title="Faking in Personnel Selection" href="/view/document/obo-9780199846740/obo-9780199846740-0098.xml">
								Faking in Personnel Selection
							</a>
						</li><li class="odd" rel="Family Business, Managing">
							<a title="Family Business, Managing" href="/view/document/obo-9780199846740/obo-9780199846740-0073.xml">
								Family Business, Managing
							</a>
						</li><li class="even" rel="Feedback">
							<a title="Feedback" href="/view/document/obo-9780199846740/obo-9780199846740-0112.xml">
								Feedback
							</a>
						</li><li class="odd" rel="Findings, Reporting Research">
							<a title="Findings, Reporting Research" href="/view/document/obo-9780199846740/obo-9780199846740-0032.xml">
								Findings, Reporting Research
							</a>
						</li><li class="even" rel="Forecasting">
							<a title="Forecasting" href="/view/document/obo-9780199846740/obo-9780199846740-0064.xml">
								Forecasting
							</a>
						</li><li class="odd" rel="Goal Setting">
							<a title="Goal Setting" href="/view/document/obo-9780199846740/obo-9780199846740-0007.xml">
								Goal Setting
							</a>
						</li><li class="even" rel="Hofstedes Cultural Dimensions">
							<a title="Hofstedes Cultural Dimensions" href="/view/document/obo-9780199846740/obo-9780199846740-0069.xml">
								Hofstedes Cultural Dimensions
							</a>
						</li><li class="odd" rel="Human Capital Pipelines">
							<a title="Human Capital Pipelines" href="/view/document/obo-9780199846740/obo-9780199846740-0111.xml">
								Human Capital Pipelines
							</a>
						</li><li class="even" rel="Human Resource Management">
							<a title="Human Resource Management" href="/view/document/obo-9780199846740/obo-9780199846740-0058.xml">
								Human Resource Management
							</a>
						</li><li class="odd" rel="Human Resource Management, Strategic">
							<a title="Human Resource Management, Strategic" href="/view/document/obo-9780199846740/obo-9780199846740-0034.xml">
								Human Resource Management, Strategic
							</a>
						</li><li class="even" rel="Human Resources, Global">
							<a title="Human Resources, Global" href="/view/document/obo-9780199846740/obo-9780199846740-0019.xml">
								Human Resources, Global
							</a>
						</li><li class="odd" rel="Human Rights">
							<a title="Human Rights" href="/view/document/obo-9780199846740/obo-9780199846740-0023.xml">
								Human Rights
							</a>
						</li><li class="even" rel="Imprinting">
							<a title="Imprinting" href="/view/document/obo-9780199846740/obo-9780199846740-0075.xml">
								Imprinting
							</a>
						</li><li class="odd" rel="Innovative Behavior">
							<a title="Innovative Behavior" href="/view/document/obo-9780199846740/obo-9780199846740-0054.xml">
								Innovative Behavior
							</a>
						</li><li class="even" rel="International Economic Systems">
							<a title="International Economic Systems" href="/view/document/obo-9780199846740/obo-9780199846740-0079.xml">
								International Economic Systems
							</a>
						</li><li class="odd" rel="International Strategic Alliances">
							<a title="International Strategic Alliances" href="/view/document/obo-9780199846740/obo-9780199846740-0063.xml">
								International Strategic Alliances
							</a>
						</li><li class="even" rel="Job Analysis and Competency Modeling">
							<a title="Job Analysis and Competency Modeling" href="/view/document/obo-9780199846740/obo-9780199846740-0110.xml">
								Job Analysis and Competency Modeling
							</a>
						</li><li class="odd" rel="Job Design">
							<a title="Job Design" href="/view/document/obo-9780199846740/obo-9780199846740-0044.xml">
								Job Design
							</a>
						</li><li class="even" rel="Job Satisfaction">
							<a title="Job Satisfaction" href="/view/document/obo-9780199846740/obo-9780199846740-0087.xml">
								Job Satisfaction
							</a>
						</li><li class="odd" rel="Leader-Member Exchange">
							<a title="Leader-Member Exchange" href="/view/document/obo-9780199846740/obo-9780199846740-0094.xml">
								Leader-Member Exchange
							</a>
						</li><li class="even" rel="Leadership Development">
							<a title="Leadership Development" href="/view/document/obo-9780199846740/obo-9780199846740-0092.xml">
								Leadership Development
							</a>
						</li><li class="odd" rel="Leadership Development and Organizational Change, Coaching and Feedback for">
							<a title="Leadership Development and Organizational Change, Coaching and Feedback for" href="/view/document/obo-9780199846740/obo-9780199846740-0056.xml">
								Leadership Development and Organizational Change, Coaching...
							</a>
						</li><li class="even" rel="Leadership, Ethical">
							<a title="Leadership, Ethical" href="/view/document/obo-9780199846740/obo-9780199846740-0038.xml">
								Leadership, Ethical
							</a>
						</li><li class="odd" rel="Leadership, Global and Comparative">
							<a title="Leadership, Global and Comparative" href="/view/document/obo-9780199846740/obo-9780199846740-0051.xml">
								Leadership, Global and Comparative
							</a>
						</li><li class="even" rel="Leadership, Strategic">
							<a title="Leadership, Strategic" href="/view/document/obo-9780199846740/obo-9780199846740-0084.xml">
								Leadership, Strategic
							</a>
						</li><li class="odd" rel="Licensing">
							<a title="Licensing" href="/view/document/obo-9780199846740/obo-9780199846740-0036.xml">
								Licensing
							</a>
						</li><li class="even" rel="Management History">
							<a title="Management History" href="/view/document/obo-9780199846740/obo-9780199846740-0008.xml">
								Management History
							</a>
						</li><li class="odd" rel="Management In Antiquity">
							<a title="Management In Antiquity" href="/view/document/obo-9780199846740/obo-9780199846740-0067.xml">
								Management In Antiquity
							</a>
						</li><li class="even" rel="Mentoring">
							<a title="Mentoring" href="/view/document/obo-9780199846740/obo-9780199846740-0049.xml">
								Mentoring
							</a>
						</li><li class="odd" rel="Multinational Corporations and Emerging Markets">
							<a title="Multinational Corporations and Emerging Markets" href="/view/document/obo-9780199846740/obo-9780199846740-0083.xml">
								Multinational Corporations and Emerging Markets
							</a>
						</li><li class="even" rel="Neo-institutional Theory">
							<a title="Neo-institutional Theory" href="/view/document/obo-9780199846740/obo-9780199846740-0053.xml">
								Neo-institutional Theory
							</a>
						</li><li class="odd" rel="Neuroscience, Organizational">
							<a title="Neuroscience, Organizational" href="/view/document/obo-9780199846740/obo-9780199846740-0076.xml">
								Neuroscience, Organizational
							</a>
						</li><li class="even" rel="Organization Design, Global">
							<a title="Organization Design, Global" href="/view/document/obo-9780199846740/obo-9780199846740-0045.xml">
								Organization Design, Global
							</a>
						</li><li class="odd" rel="Organization Development and Change">
							<a title="Organization Development and Change" href="/view/document/obo-9780199846740/obo-9780199846740-0009.xml">
								Organization Development and Change
							</a>
						</li><li class="even" rel="Organization Theory">
							<a title="Organization Theory" href="/view/document/obo-9780199846740/obo-9780199846740-0024.xml">
								Organization Theory
							</a>
						</li><li class="odd" rel="Organizational Behavior, Emotions in">
							<a title="Organizational Behavior, Emotions in" href="/view/document/obo-9780199846740/obo-9780199846740-0041.xml">
								Organizational Behavior, Emotions in
							</a>
						</li><li class="even" rel="Organizational Citizenship Behaviors (OCBs)">
							<a title="Organizational Citizenship Behaviors (OCBs)" href="/view/document/obo-9780199846740/obo-9780199846740-0091.xml">
								Organizational Citizenship Behaviors (OCBs)
							</a>
						</li><li class="odd" rel="Organizational Corruption">
							<a title="Organizational Corruption" href="/view/document/obo-9780199846740/obo-9780199846740-0060.xml">
								Organizational Corruption
							</a>
						</li><li class="even" rel="Organizational Identity">
							<a title="Organizational Identity" href="/view/document/obo-9780199846740/obo-9780199846740-0061.xml">
								Organizational Identity
							</a>
						</li><li class="odd" rel="Organizational Justice">
							<a title="Organizational Justice" href="/view/document/obo-9780199846740/obo-9780199846740-0070.xml">
								Organizational Justice
							</a>
						</li><li class="even" rel="Organizational Networks">
							<a title="Organizational Networks" href="/view/document/obo-9780199846740/obo-9780199846740-0047.xml">
								Organizational Networks
							</a>
						</li><li class="odd" rel="Organizational Responsibility">
							<a title="Organizational Responsibility" href="/view/document/obo-9780199846740/obo-9780199846740-0055.xml">
								Organizational Responsibility
							</a>
						</li><li class="even" rel="Organizational Surveys, Driving Change Through">
							<a title="Organizational Surveys, Driving Change Through" href="/view/document/obo-9780199846740/obo-9780199846740-0089.xml">
								Organizational Surveys, Driving Change Through
							</a>
						</li><li class="odd" rel="Overqualification">
							<a title="Overqualification" href="/view/document/obo-9780199846740/obo-9780199846740-0088.xml">
								Overqualification
							</a>
						</li><li class="even" rel="Passion">
							<a title="Passion" href="/view/document/obo-9780199846740/obo-9780199846740-0086.xml">
								Passion
							</a>
						</li><li class="odd" rel="Performance Appraisal">
							<a title="Performance Appraisal" href="/view/document/obo-9780199846740/obo-9780199846740-0002.xml">
								Performance Appraisal
							</a>
						</li><li class="even" rel="Planning And Goal Setting">
							<a title="Planning And Goal Setting" href="/view/document/obo-9780199846740/obo-9780199846740-0020.xml">
								Planning And Goal Setting
							</a>
						</li><li class="odd" rel="Psychological Contracts">
							<a title="Psychological Contracts" href="/view/document/obo-9780199846740/obo-9780199846740-0046.xml">
								Psychological Contracts
							</a>
						</li><li class="even" rel="Recruitment">
							<a title="Recruitment" href="/view/document/obo-9780199846740/obo-9780199846740-0097.xml">
								Recruitment
							</a>
						</li><li class="odd" rel="Regional Entrepreneurship">
							<a title="Regional Entrepreneurship" href="/view/document/obo-9780199846740/obo-9780199846740-0066.xml">
								Regional Entrepreneurship
							</a>
						</li><li class="even" rel="Research, Ethics in">
							<a title="Research, Ethics in" href="/view/document/obo-9780199846740/obo-9780199846740-0022.xml">
								Research, Ethics in
							</a>
						</li><li class="odd" rel="Research, Longitudinal">
							<a title="Research, Longitudinal" href="/view/document/obo-9780199846740/obo-9780199846740-0028.xml">
								Research, Longitudinal
							</a>
						</li><li class="even" rel="Research Methods">
							<a title="Research Methods" href="/view/document/obo-9780199846740/obo-9780199846740-0010.xml">
								Research Methods
							</a>
						</li><li class="odd" rel="Research Methods, Qualitative">
							<a title="Research Methods, Qualitative" href="/view/document/obo-9780199846740/obo-9780199846740-0026.xml">
								Research Methods, Qualitative
							</a>
						</li><li class="even" rel="Resource-Dependence Theory">
							<a title="Resource-Dependence Theory" href="/view/document/obo-9780199846740/obo-9780199846740-0072.xml">
								Resource-Dependence Theory
							</a>
						</li><li class="odd" rel="Selection">
							<a title="Selection" href="/view/document/obo-9780199846740/obo-9780199846740-0011.xml">
								Selection
							</a>
						</li><li class="even" rel="Selection, Applicant Reactions to">
							<a title="Selection, Applicant Reactions to" href="/view/document/obo-9780199846740/obo-9780199846740-0113.xml">
								Selection, Applicant Reactions to
							</a>
						</li><li class="odd" rel="Self-Efficacy">
							<a title="Self-Efficacy" href="/view/document/obo-9780199846740/obo-9780199846740-0043.xml">
								Self-Efficacy
							</a>
						</li><li class="even" rel="Self-Fulfilling Prophecy In Management">
							<a title="Self-Fulfilling Prophecy In Management" href="/view/document/obo-9780199846740/obo-9780199846740-0014.xml">
								Self-Fulfilling Prophecy In Management
							</a>
						</li><li class="odd" rel="Self-Management and Personal Agency">
							<a title="Self-Management and Personal Agency" href="/view/document/obo-9780199846740/obo-9780199846740-0012.xml">
								Self-Management and Personal Agency
							</a>
						</li><li class="even" rel="Service Management">
							<a title="Service Management" href="/view/document/obo-9780199846740/obo-9780199846740-0033.xml">
								Service Management
							</a>
						</li><li class="odd" rel="Socialization">
							<a title="Socialization" href="/view/document/obo-9780199846740/obo-9780199846740-0107.xml">
								Socialization
							</a>
						</li><li class="even" rel="Stakeholders">
							<a title="Stakeholders" href="/view/document/obo-9780199846740/obo-9780199846740-0096.xml">
								Stakeholders
							</a>
						</li><li class="odd" rel="Status in Organizations">
							<a title="Status in Organizations" href="/view/document/obo-9780199846740/obo-9780199846740-0057.xml">
								Status in Organizations
							</a>
						</li><li class="even" rel="Strategic Human Capital">
							<a title="Strategic Human Capital" href="/view/document/obo-9780199846740/obo-9780199846740-0082.xml">
								Strategic Human Capital
							</a>
						</li><li class="odd" rel="Strategy">
							<a title="Strategy" href="/view/document/obo-9780199846740/obo-9780199846740-0071.xml">
								Strategy
							</a>
						</li><li class="even" rel="Strategy and Cognition">
							<a title="Strategy and Cognition" href="/view/document/obo-9780199846740/obo-9780199846740-0068.xml">
								Strategy and Cognition
							</a>
						</li><li class="odd" rel="Stress">
							<a title="Stress" href="/view/document/obo-9780199846740/obo-9780199846740-0016.xml">
								Stress
							</a>
						</li><li class="even" rel="Structural Contingency Theory/Information Processing Theory">
							<a title="Structural Contingency Theory/Information Processing Theory" href="/view/document/obo-9780199846740/obo-9780199846740-0062.xml">
								Structural Contingency Theory/Information Processing Theor...
							</a>
						</li><li class="odd" rel="Team Newcomers">
							<a title="Team Newcomers" href="/view/document/obo-9780199846740/obo-9780199846740-0050.xml">
								Team Newcomers
							</a>
						</li><li class="even" rel="Teams, Global">
							<a title="Teams, Global" href="/view/document/obo-9780199846740/obo-9780199846740-0006.xml">
								Teams, Global
							</a>
						</li><li class="odd" rel="Technology and Innovation Management">
							<a title="Technology and Innovation Management" href="/view/document/obo-9780199846740/obo-9780199846740-0025.xml">
								Technology and Innovation Management
							</a>
						</li><li class="even" rel="the Workplace, Millennials in">
							<a title="the Workplace, Millennials in" href="/view/document/obo-9780199846740/obo-9780199846740-0108.xml">
								the Workplace, Millennials in
							</a>
						</li><li class="odd" rel="Theory X and Theory Y">
							<a title="Theory X and Theory Y" href="/view/document/obo-9780199846740/obo-9780199846740-0078.xml">
								Theory X and Theory Y
							</a>
						</li><li class="even" rel="Time and Motion Studies">
							<a title="Time and Motion Studies" href="/view/document/obo-9780199846740/obo-9780199846740-0027.xml">
								Time and Motion Studies
							</a>
						</li><li class="odd" rel="Training and Development">
							<a title="Training and Development" href="/view/document/obo-9780199846740/obo-9780199846740-0013.xml">
								Training and Development
							</a>
						</li><li class="even" rel="Training Evaluation">
							<a title="Training Evaluation" href="/view/document/obo-9780199846740/obo-9780199846740-0100.xml">
								Training Evaluation
							</a>
						</li><li class="odd" rel="Turnover">
							<a title="Turnover" href="/view/document/obo-9780199846740/obo-9780199846740-0114.xml">
								Turnover
							</a>
						</li><li class="even" rel="Unobtrusive Measures">
							<a title="Unobtrusive Measures" href="/view/document/obo-9780199846740/obo-9780199846740-0048.xml">
								Unobtrusive Measures
							</a>
						</li><li class="odd" rel="Validity">
							<a title="Validity" href="/view/document/obo-9780199846740/obo-9780199846740-0029.xml">
								Validity
							</a>
						</li><li class="even" rel="Virtual Teams">
							<a title="Virtual Teams" href="/view/document/obo-9780199846740/obo-9780199846740-0095.xml">
								Virtual Teams
							</a>
						</li><li class="odd" rel="Whistle-Blowing">
							<a title="Whistle-Blowing" href="/view/document/obo-9780199846740/obo-9780199846740-0030.xml">
								Whistle-Blowing
							</a>
						</li><li class="even" rel="Workplace Gossip">
							<a title="Workplace Gossip" href="/view/document/obo-9780199846740/obo-9780199846740-0093.xml">
								Workplace Gossip
							</a>
						</li><li class="odd" rel="Workplace Meetings">
							<a title="Workplace Meetings" href="/view/document/obo-9780199846740/obo-9780199846740-0017.xml">
								Workplace Meetings
							</a>
						</li><li class="current even" rel="World War II, Management Research during">
							<a title="World War II, Management Research during" href="/view/document/obo-9780199846740/obo-9780199846740-0021.xml">
								World War II, Management Research during
							</a>
						</li>
					</ul>
				</div>
				<p><a id="wordwheelDown"><span>Down</span></a></p>
			</div>
		</div>
	</div>


				
			
			</div><!-- end pageBody -->
			<div id="columnsBottom">
				<div class="cap"></div>
			</div>
		</div>
		<div id="footerWrap">
			<div id="footer">
				
				
	<div id="footerAccounts">
		<div id="oxfordFooterLogo"><a href="http://www.oup.com/"><span>Oxford University Press</span></a></div>
		





	</div>
	<div id="footerDetail">
		Copyright © 2017. All rights reserved.
		


	<ul id="footerNav">
		
		
			
				<li class="first">
					
					<a href="/obo/page/PrivacyPolicy/privacy-policy;jsessionid=C10FFB4D9EF662C3EA448F7064A5BD51"><span>Privacy Policy</span></a>
					    
						
					
					
				</li>
			
		
			
				<li class="last">
					
					<a href="/obo/page/LegalNotices/legal-notice;jsessionid=C10FFB4D9EF662C3EA448F7064A5BD51"><span>Legal Notice</span></a>
					
					
				</li>
			
		
		
				
			
	</ul>



	</div>
	<div id="footerLogoWrap">
		
		<p class="attribution">Powered by: </p>
		<div id="footerLogo"><a shape="rect" href="http://pubfactory.ifactory.com"><span>PubFactory</span></a></div>
		
	</div>

			
			</div>
		</div>
	</div><!-- BEGIN: Scholarly iQ Page Tag Parameter(s) --><!-- Copyright 2001-2010, IBM Corporation All rights reserved. --><script src="/assets/scriptaculous/5.1.0.4/prototype.js" type="text/javascript"></script><script src="/assets/scriptaculous/5.1.0.4/scriptaculous.js" type="text/javascript"></script><script src="/assets/scriptaculous/5.1.0.4/effects.js" type="text/javascript"></script><script src="/assets/tapestry/5.1.0.4/tapestry.js" type="text/javascript"></script><script src="/assets/tapestry/5.1.0.4/tapestry-messages.js" type="text/javascript"></script><script src="/assets/classpath/20161219/com/ifactory/obo/pages/ViewDocument.js" type="text/javascript"></script><script src="/assets/classpath/20161219/com/ifactory/press/applib/mixins/window.js" type="text/javascript"></script><script src="/assets/classpath/20161219/com/ifactory/press/applib/mixins/lightbox.js" type="text/javascript"></script><script src="/assets/classpath/20161219/combined.js" type="text/javascript"></script><script src="/assets/ctx/20161219/obov2/js/oboapp.js" type="text/javascript"></script><script src="/assets/classpath/20161219/com/ifactory/oxford/common/components/module/LibraryModule.js" type="text/javascript"></script><script src="/assets/classpath/20161219/com/ifactory/oxford/common/components/LoginBox.js" type="text/javascript"></script><script src="/obo/viewdocument.layout:js;jsessionid=C10FFB4D9EF662C3EA448F7064A5BD51?t:ac=document$002fobo-9780199846740$002fobo-9780199846740-0021.xml" type="text/javascript"></script><script src="http://gab.cookie.oup.com/aws-cookie/oupcookiepolicy.fancybox.js" type="text/javascript"></script><script src="http://gab.cookie.oup.com/aws-cookie/oup.cookiepolicy.pack.js" type="text/javascript"></script><script src="/assets/classpath/20161219/com/ifactory/arachne/core/arachne.js" type="text/javascript"></script><script language="Javascript">var pfpagetags='&event_type=RESTRICTED&source_title_id=obo-9780199846740';</script><!-- END: Scholarly iQ Page Tag - Parameter(s) --><script src="//s7.addthis.com/js/250/addthis_widget.js#async=1&amp;username=" id="addthisscript" type="text/javascript"></script>

			

			<div style="display: none" id="debug">
				<ul>
					<li id="xForwarded">[46.172.12.89|46.172.12.89]</li>
					<li id="modifiedRemoteAddr">46.172.12.89</li>
				</ul>
			</div>

			

			

			

			
		


			

			<!-- BEGIN: Scholarly iQ Page Tag - Parameters --><script language="Javascript">var accountJsession = 'account_id=&jsessionid=C10FFB4D9EF662C3EA448F7064A5BD51&turnaway_id=USERPASS_NONE,IP_BADCRED,LIBCARD_NONE,SHIB_NONE,ATHENS_NONE,REFERRER_NONE&siteid=OBO&supplier_tag=Safari'; 
var NTPT_PGEXTRA= typeof pfpagetags === 'undefined' ? accountJsession : accountJsession + pfpagetags;</script><!-- END: Scholarly iQ Page Tag - Parameters --><!-- BEGIN: Scholarly iQ Page Tag - Page Tag --><script src="//ouptag.scholarlyiq.com/ntpagetag.js" language="Javascript"></script><noscript id="page_tag"><img alt="" vspace="0" hspace="0" border="0" width="1" height="1" src="//ouptag.scholarlyiq.com/ntpagetag.gif?js=0"/></noscript><!-- END: Scholarly iQ Page Tag - Page Tag -->
			<!-- <t:outputraw value="prop:newRelicEnd" /> -->
		<script id="skinJs" type="text/javascript" src="/skin/11f58c4/js/skin.js"></script><noscript><a target="_blank" href="http://global.oup.com/cookiepolicy/">Find out more</a></noscript><script type="text/javascript">Tapestry.onDOMLoaded(function() {
$$('.print a').each(function(el){$(el).observe('click', function() { ntptEventTag('ev=PRINT&amp;account_id=&amp;jessionid=C10FFB4D9EF662C3EA448F7064A5BD51&amp;turnaway_id=USERPASS_NONE,IP_BADCRED,LIBCARD_NONE,SHIB_NONE,ATHENS_NONE,REFERRER_NONE&amp;source_title_id=obo-9780199846740&siteid=OBO&supplier_tag=Safari'); }) });
$$('.email a').each(function(el){$(el).observe('click', function() { ntptEventTag('ev=EMAIL&amp;account_id=&amp;jessionid=C10FFB4D9EF662C3EA448F7064A5BD51&amp;turnaway_id=USERPASS_NONE,IP_BADCRED,LIBCARD_NONE,SHIB_NONE,ATHENS_NONE,REFERRER_NONE&amp;source_title_id=obo-9780199846740&siteid=OBO&supplier_tag=Safari'); }) });
$$('.print.first a').each(function(el){$(el).observe('click', function() { ntptEventTag('ev=PRINT&amp;account_id=&amp;jessionid=C10FFB4D9EF662C3EA448F7064A5BD51&amp;turnaway_id=USERPASS_NONE,IP_BADCRED,LIBCARD_NONE,SHIB_NONE,ATHENS_NONE,REFERRER_NONE&amp;source_title_id=obo-9780199846740&siteid=OBO&supplier_tag=Safari'); }) });
$$('.save a').each(function(el){$(el).observe('click', function() { ntptEventTag('ev=SAVE&amp;account_id=&amp;jessionid=C10FFB4D9EF662C3EA448F7064A5BD51&amp;turnaway_id=USERPASS_NONE,IP_BADCRED,LIBCARD_NONE,SHIB_NONE,ATHENS_NONE,REFERRER_NONE&amp;source_title_id=obo-9780199846740&siteid=OBO&supplier_tag=Safari'); }) });
$$('.cite a').each(function(el){$(el).observe('click', function() { ntptEventTag('ev=CITATION&amp;account_id=&amp;jessionid=C10FFB4D9EF662C3EA448F7064A5BD51&amp;turnaway_id=USERPASS_NONE,IP_BADCRED,LIBCARD_NONE,SHIB_NONE,ATHENS_NONE,REFERRER_NONE&amp;source_title_id=obo-9780199846740&siteid=OBO&supplier_tag=Safari'); }) });
$$('#collectionListDownload .downloadBookListOfCategoryAsPdf').each(function(el){$(el).observe('click', function() { ntptEventTag('ev=BROWSE_PDF&amp;account_id=&amp;jessionid=C10FFB4D9EF662C3EA448F7064A5BD51&amp;turnaway_id=USERPASS_NONE,IP_BADCRED,LIBCARD_NONE,SHIB_NONE,ATHENS_NONE,REFERRER_NONE&amp;source_title_id=obo-9780199846740&siteid=OBO&supplier_tag=Safari'); }) });
$$('#collectionListDownload #downloadSearchResultAsPdfLink').each(function(el){$(el).observe('click', function() { ntptEventTag('ev=SEARCH_PDF&amp;account_id=&amp;jessionid=C10FFB4D9EF662C3EA448F7064A5BD51&amp;turnaway_id=USERPASS_NONE,IP_BADCRED,LIBCARD_NONE,SHIB_NONE,ATHENS_NONE,REFERRER_NONE&amp;source_title_id=obo-9780199846740&siteid=OBO&supplier_tag=Safari'); }) });
$$('.extendedToolsModule li a').each(function(el){$(el).observe('click', function() { ntptEventTag('ev=FULLTEXT_PDF&amp;account_id=&amp;jessionid=C10FFB4D9EF662C3EA448F7064A5BD51&amp;turnaway_id=USERPASS_NONE,IP_BADCRED,LIBCARD_NONE,SHIB_NONE,ATHENS_NONE,REFERRER_NONE&amp;source_title_id=obo-9780199846740&siteid=OBO&supplier_tag=Safari'); }) });
var stylesheet = document.createElement('link'); stylesheet.href = 'http://oi-underbar.pubfactory.com/underbar/css/pf_oiunderbar.css'; stylesheet.rel = 'stylesheet'; stylesheet.type = 'text/css'; document.getElementsByTagName('head')[0].appendChild(stylesheet);
(function() {    var underbar = document.createElement('script');  underbar.onloadDone = false;  underbar.src = 'http://oi-underbar.pubfactory.com/underbar/UnderbarHostsJS';     underbar.type = 'text/javascript'; underbar.async = 'true';     underbar.onload = underbar.onreadystatechange = function() {  	 var rs = this.readyState;     if ((rs && rs != 'complete' && rs != 'loaded') || underbar.onloadDone) return; 		underbar.onloadDone = true; 		var getScript = $j.getScript;  		var underbarDependencies = ['http://oi-underbar.pubfactory.com/underbar/js/jcarousellite.js','http://oi-underbar.pubfactory.com/underbar/js/pf_oiunderbarinit.js']; 		$j.when.apply(null, $j.map(underbarDependencies, getScript)).done(function() { PF_initOIUnderbar(":QS:Management+Research+during+World+War+II",":QS:default","","productId"); PF_insertOIUnderbar(0); });     };     var s = document.getElementsByTagName('script')[0];     s.parentNode.insertBefore(underbar, s);   })();
});
</script><script type="text/javascript">
<!--
document.domLoaded=false;
document.observe('dom:loaded',function() { setDomLoaded.defer();});
// -->
</script></body>
	</html>