<!doctype html>
<html>

<head profile="https://www.w3.org/2005/10/profile">
    <!-- page location: c:\dev\AlphaHelp\helpfiles\Ref\Api\Namespace\Office\Office Example__COLON__ Hello, World spreadsheet.xml -->
    <!-- link:  *[link:"hello, world" spreadsheet]* -->
    <link rel="icon" type="image/x-icon" href="https://documentation.alphasoftware.com/favicon.ico" />
    <title>Office Example: Hello, World spreadsheet</title>
    <meta name="description" content="%26%2310%3BCopy%20the%20code%20below%20into%20an%20Alpha%20Anywhere%20Xbasic%20script%20and%20run%20it.%26%2310%3BThe%20code%20assumes%20that%20you%20have%20a%20version%20of%20Excel%20that%20can%20handle%20.XLSX%20files%20installed.%20If%20you%20have%20an%20older%20version%20of%20Excel%2C%20change%20ExcelDocument%20to%20Excel2003Document%2C%20and%20.xlsx%20to%20.xls.%20If%20you%20don't%20have%20Excel%20or%20a%20compatible%20spreadsheet%20program%20installed%2C%20remove%20the%20line%20that%20starts%20with%20sys_open.%26%2310%3B"/>    
    <meta name="viewport" content="width=device-width, initial-scale=1.0, maximum-scale=1.0, user-scalable=no" />
    <meta name="apple-mobile-web-app-capable" content="yes" />    
    <link href="/documentation/assets/helpserver-toc.css" rel="stylesheet" />
    <script src="/documentation/assets/helpserver-polyfills.js" type="text/javascript" charset="utf-8"></script>
    <link href="/documentation/assets/theme.css" rel="stylesheet" />
    <link href="/documentation/assets/helpserver-page.css" rel="stylesheet" />
    <link href="/documentation/assets/helpserver-main.css" rel="stylesheet" />
    <script src="/documentation/assets/helpserver-page.js" type="text/javascript" charset="utf-8" /></script>
    
</head>  


<body id="pageBody" onload="loaded()">

    <header id="header">
        <div class="container">
            <div id="header-top">
            <div class="logo"><a href="https://www.alphasoftware.com"><span>Alpha Software</span></a></div>    
            </div>
            <div id="header-bottom">
                <div id="branding" role="banner" style="margin-top:-8px; padding-top:0px;"> 
                	<div id="header-top-title">Documentation</div>
                    
                </div>
                <div id="main-menu"> <!-- /* library */ ---> <div>                    
                <div id="search">
                    <form action="/documentation/pages/search" method="get">
                        <input placeholder="Search..." name="pattern" />
                        <button type="submit">
                            <svg width="30" height="30" xmlns="https://www.w3.org/2000/svg">
                                <path fill="#fff" d="m13.86621,4.92969c-4.40643,0 -8,3.59357 -8,8c0,4.40644 3.59357,8 8,8c1.56189,0 3.0162,-0.45912 4.25,-1.23828l4.48242,5.37891a1.0001,1.0001 0 1 0 1.53516,-1.28125l-4.47071,-5.36524c1.36125,-1.43533 2.20313,-3.36769 2.20313,-5.49414c0,-4.40643 -3.59357,-8 -8,-8zm0,2c3.32555,0 6,2.67445 6,6c0,3.32556 -2.67445,6 -6,6c-3.32555,0 -6,-2.67444 -6,-6c0,-3.32555 2.67445,-6 6,-6z"
                                />
                            </svg>
                        </button>
                    </form>
                </div>
            </div>
        </div>
    </header>
    <section id="content">
        <div id="bread-crumbs">
            <div>
                <div id="page-buttons">
                   <div id="flatten-page-icon-null" onclick="gotoFlattenPage(null)" alt="Flatten Page" title="Flatten Page" ></div>
                   <div id="get-sharable-link-icon" alt="Get Sharable Link" title="Get Sharable Link" onclick="var ele = document.getElementById('get-sharable-link-form');
                   ele.style.display = 'block'; ele = ele.children[0]; ele.focus(); ele.select(); ele.selectionStart=0; ele.selectionEnd=ele.value.length;"></div>
                   <div id="get-sharable-link-form">
                       <input  id="get-sharable-link-form-input" value="https://www.alphasoftware.com/documentation/index?search=%22hello,%20world%22%20spreadsheet" />
                       <button id="get-sharable-link-form-close" onclick="this.parentNode.style.display='none';">
                            <svg width="30" height="30" xmlns="https://www.w3.org/2000/svg">
                                <path stroke="#000" stroke-width="3" d="M 7,22 22,7" />
                                <path stroke="#000" stroke-width="3" d="M 7,7 22,22" />
                            </svg>
                        </button>
                   </div>
                   <!--
                       div id="get-sharable-link-icon" class="clipboardButton" data-clipboard-text="" alt="Get Sharable Link" title="Get Sharable Link"> 
                   -->
                   <div id="print-page-icon" onclick="gotoPrintPage(null)" alt="Print Page" title="Print Page"></div>
                </div>
                <div id="bread-crumbs-hint"></div>
                <ul>
                    <li><a href="/documentation/pages/web_toc.html">Main</a></li><li><a href="/documentation/pages/Ref/index.xml">Reference</a></li><li><a href="/documentation/pages/Ref/Api/index.xml">API</a></li><li><a href="/documentation/pages/Ref/Api/Namespace/index.xml">Namespace</a></li><li><a href="/documentation/pages/Ref/Api/Namespace/Office/index.xml">Office</a></li><li>Office Example: Hello, World spreadsheet</li>
                </ul>
            </div>
        </div>        
        <div class="container">
            <div id="page-nav">
                <div>
                    <button id="page-nav-list-toggle" onclick="this.parentNode.parentNode.classList.toggle('page-nav-show-list',!this.parentNode.parentNode.classList.contains('page-nav-show-list'));">&rsaquo;</button>
                    <a id="page-nav-parent" href="/documentation/pages/Ref/Api/Namespace/Office/index.xml" title="Go to parent page">Parent</a><span> | </span>
                    <a
                    id="page-nav-child" href="#" title="Go to first child page of this page">Child</a><span> | </span><a id="page-nav-previous" href="/documentation/pages/Ref/Api/Namespace/Office/Office Enumerations.xml" title="Go to previous page">Previous</a><span> | </span>
                        <a
                        id="page-nav-next" href="/documentation/pages/Ref/Api/Namespace/Office/Office Example__COLON__ Multiple spreadsheets.xml" title="Go to next page">Next</a>
                </div>
                <ul><li><a href="/documentation/pages/Ref/Api/Namespace/Office/Generate Excel Spreadsheets Programmatically.xml">Generate Excel Spreadsheets Programmatically</a></li><li><a href="/documentation/pages/Ref/Api/Namespace/Office/Office Enumerations.xml">Office Enumerations</a></li><li><a href="/documentation/pages/Ref/Api/Namespace/Office/Office Example__COLON__ Hello, World spreadsheet.xml" class="selected" >Office Example: Hello, World spreadsheet</a></li><li><a href="/documentation/pages/Ref/Api/Namespace/Office/Office Example__COLON__ Multiple spreadsheets.xml">Office Example: Multiple spreadsheets</a></li><li><a href="/documentation/pages/Ref/Api/Namespace/Office/Office Example__COLON__ Simple Weekly sales spreadsheet.xml">Office Example: Simple Weekly sales spreadsheet</a></li><li><a href="/documentation/pages/Ref/Api/Namespace/Office/Office Example__COLON__ Spreadsheet from SQL query.xml">Office Example: Spreadsheet from SQL query</a></li><li><a href="/documentation/pages/Ref/Api/Namespace/Office/Office Example__COLON__ Spreadsheet with picture.xml">Office Example: Spreadsheet with picture</a></li><li><a href="/documentation/pages/Ref/Api/Namespace/Office/Office Example__COLON__ Update a spreadsheet.xml">Office Example: Update a spreadsheet</a></li><li><a href="/documentation/pages/Ref/Api/Namespace/Office/Office__NAMESPACE__Excel2003Document.xml">Office::Excel2003Document</a></li><li><a href="/documentation/pages/Ref/Api/Namespace/Office/Office__NAMESPACE__Excel2003Document class.xml">Office::Excel2003Document class</a></li><li><a href="/documentation/pages/Ref/Api/Namespace/Office/Office__NAMESPACE__ExcelDocument.xml">Office::ExcelDocument</a></li><li><a href="/documentation/pages/Ref/Api/Namespace/Office/Office__NAMESPACE__ExcelDocument class.xml">Office::ExcelDocument class</a></li><li><a href="/documentation/pages/Ref/Api/Namespace/Office/Office__NAMESPACE__Font class.xml">Office::Font class</a></li><li><a href="/documentation/pages/Ref/Api/Namespace/Office/Office__NAMESPACE__Format class.xml">Office::Format class</a></li><li><a href="/documentation/pages/Ref/Api/Namespace/Office/Office__NAMESPACE__Spreadsheet.xml">Office::Spreadsheet</a></li><li><a href="/documentation/pages/Ref/Api/Namespace/Office/Office__NAMESPACE__Spreadsheet class.xml">Office::Spreadsheet class</a></li><li><a href="/documentation/pages/Ref/Api/Namespace/Office/Perform Common Spreadsheet Operations.xml">Perform Common Spreadsheet Operations</a></li></ul>
            </div>
            
            <div id="doc">
            &nbsp;<br/>
                <?xml version="1.0"?>
<div class="apiLanguage" style="display:none;">Xbasic</div><h1>"Hello, World" Spreadsheet</h1><meta name="description" content="%26%2310%3BCopy%20the%20code%20below%20into%20an%20Alpha%20Anywhere%20Xbasic%20script%20and%20run%20it.%26%2310%3BThe%20code%20assumes%20that%20you%20have%20a%20version%20of%20Excel%20that%20can%20handle%20.XLSX%20files%20installed.%20If%20you%20have%20an%20older%20version%20of%20Excel%2C%20change%20ExcelDocument%20to%20Excel2003Document%2C%20and%20.xlsx%20to%20.xls.%20If%20you%20don't%20have%20Excel%20or%20a%20compatible%20spreadsheet%20program%20installed%2C%20remove%20the%20line%20that%20starts%20with%20sys_open.%26%2310%3B"/><p class="A5">Description</p><p>
Copy the code below into an Alpha Anywhere Xbasic script and run it.
The code assumes that you have a version of Excel that can handle .XLSX files installed. If you have an older version of Excel, change ExcelDocument to Excel2003Document, and .xlsx to .xls. If you don't have Excel or a compatible spreadsheet program installed, remove the line that starts with sys_open.
</p><pre class="codeSection">'create the document (work book) to hold the sheet
dim Doc as Office::ExcelDocument

'create the sheet
dim Sheet as Office::Spreadsheet

'add the sheet to the document (work book) with a name
Sheet=Doc.AddSheet("Hello, World") 

'write a string to cell 2A (row 2, column 1) in the sheet
Sheet.Write(2,1,"Hello, World!") 

'write a number to cell 3A in the sheet
Sheet.Write(3,1,1000) 

'save the document (work book) with the attached sheet
Doc.Save("HelloWorld.xlsx") 

'delete all references to the document so that it can be read by Excel
delete Doc 

'launch Excel or any other registered handler for XLSX files on this work book
sys_open("HelloWorld.xlsx")</pre><div class="figureContainer"><a class="sectionFigure" href="images/HelloWorldSheet.png"><img src="images/HelloWorldSheet.png"/></a></div><p class="A5">See Also</p><ul><li><a href="/documentation/index?search=Office Namespace">Office</a></li><li><a href="Generate Excel Spreadsheets Programmatically.xml">Generate Excel Spreadsheets Programmatically </a></li><li><a href="Office__NAMESPACE__ExcelDocument.xml">Office::ExcelDocument</a></li><li><a href="Office__NAMESPACE__Excel2003Document.xml">Office::Excel2003Document</a></li><li><a href="Office__NAMESPACE__Spreadsheet.xml">Office::SpreadSheet</a></li><li><a href="Office__NAMESPACE__Format.xml">Office::Format</a></li><li><a href="Office__NAMESPACE__Font.xml">Office::Font</a></li><li><a href="Office Enumerations.xml">Office Enumerations</a></li><li><a href="/documentation/index?search=Perform Common Spreadsheet Operations">How to perform common spreadsheet operations</a></li><li><a href="Office Example__COLON__ Simple Weekly sales spreadsheet.xml">Office Example: Simple Weekly sales spreadsheet</a></li><li><a href="Office Example__COLON__ Multiple spreadsheets.xml">Office Example: Multiple spreadsheets</a></li><li><a href="/documentation/index?search=Office Example: Spreadsheet from SQL query">Office Example: Spreadsheet from SQL query</a></li><li><a href="/documentation/index?search=Office Example: Spreadsheet from DBF tables">Office Example: Spreadsheet from DBF tables</a></li><li><a href="Office Example__COLON__ Spreadsheet with picture.xml">Office Example: Spreadsheet with picture</a></li><li><a href="Office Example__COLON__ Update a spreadsheet.xml">Office Example: Update a spreadsheet"</a></li></ul>
<!--basePath:/Ref/Api/Namespace/Office/Office Example__COLON__ Hello, World spreadsheet.xml-->
                <div id="report-issue">
                    <div id="report-issue-hint"></div>
                    <span style="color:#606060; font-size:10px;">&nbsp;&nbsp;<br/>&nbsp;&nbsp;</span>
                    <a href="mailto:documentation@alphasoftware.com?subject=Problem with page: Office Example: Hello, World spreadsheet [/Ref/Api/Namespace/Office/Office Example__COLON__ Hello, World spreadsheet.xml_html]&body=Describe problem with the %22https://www.alphasoftware.com/documentation/pages/Ref/Api/Namespace/Office/Office%2520Example__COLON__%2520Hello,%2520World%2520spreadsheet.xml%22 documentation page (located 'c:\dev\AlphaHelp\helpfiles\Ref\Api\Namespace\Office\Office Example__COLON__ Hello, World spreadsheet.xml'):">REPORT AN ISSUE WITH THIS PAGE</a>
                </div>            
            </div>
        </div>
    </section>
    <footer id="footer">
        <div class="container">
            <div>Alpha Software Corporation</div>
            <div>70 Blanchard Road, Burlington, MA 01803-5100, 781.229.4500</div>
            <div>© Copyright 2000-2016 Alpha Software Corporation. All Rights Reserved</div>
        </div>
    </footer>
</body>

</html>