<?xml version="1.0" encoding="UTF-8"?>
<rss version="2.0">
  <channel>
    <ttl>1448</ttl>
    <title>GNU World Order Linux Ogg Feed</title>
    <link>http://www.gnuworldorder.info</link>
    <description>GNU, Linux, coffee, and subversion.</description>
    <language>en-us</language>
    <pubDate>Sat, 02 Sep 2016 11:11:11 EST</pubDate>
    <docs>http://blogs.law.harvard.edu/tech/rss</docs>
    <category>Podcasts</category>
    <generator>GNU Emacs 24</generator>
    <image>
      <url>http://gnuworldorder.info/images/use-gnu-sm.jpg</url>
      <title>GNU World Order OggCast</title>
      <link>http://gnuworldorder.info</link>
    </image>
    <!--SCRIPTENT-->
<item><title>gnuWorldOrder_11x5</title> <link>http://gnuworldorder.info/audiophile/gnuWorldOrder_11x5.ogg</link> <guid>http://gnuworldorder.info/audiophile/gnuWorldOrder_11x5.ogg</guid> <author>Klaatu</author> <enclosure length="20677756" url="http://gnuworldorder.info/audiophile/gnuWorldOrder_11x5.ogg" type="audio/ogg"/> <pubDate>Mon, 02 Jan 2017 19:46:44 NZDT</pubDate> <description>
Klaatu takes listener feedback, talks about web browsers, and discusses how to
troubleshoot Linux audio.

 shasum -a256=68906a5d4ac7d06244c57f0054c1d1bb51f2e52d400f6215f6b9cd66bb5ad4f2</description></item>
<item>
    <title>The Digital Dragon is Dead</title>
    <link>http://gnuworldorder.info/index.html#dragon</link>
    <guid>http://gnuworldorder.info/index.html#dragon</guid>
    <author>Klaatu</author>
    <enclosure url="http://gnuworldorder.info/index.html#dragon" type="text/html" />
    <pubDate>Thu, 08 Dec 2016 10:18:18 NZDT</pubDate>
    <description>
    Fellow hackers, My friend Knightwise told me this morning that he'd received word that Lord Drachenblut passed away after a long battle with cancer. I intend to collect recorded eulogies for him and post them as an episode in his honour on Hacker Public Radio. You can read my (initial) words about him on the GNU World Order site.
    </description>
</item>
<item>
<title>gnuWorldOrder_11x4</title> 
<link>http://gnuworldorder.info/audiophile/gnuWorldOrder_11x4.ogg</link> 
<guid>http://gnuworldorder.info/audiophile/gnuWorldOrder_11x4.ogg</guid> 
<author>Klaatu</author>
<enclosure length="23216750" url="http://gnuworldorder.info/audiophile/gnuWorldOrder_11x4.ogg" type="audio/ogg"/>
<pubDate>Tue, 06 Dec 2016 10:18:57 NZDT</pubDate> 
<description>
Klaatu talks about AppImages, the magickal technology that lets you build no-
install applications that run on ANY Linux distro. In use by Krita, MyPaint,
digiKam, MuseScore, and more. Also, Unix Porn is back thanks to a free domain
name, and Listener Feedback is reviewed.
 shasum -a256=905c7c7e0bd1c71d7c00b62672546ce0975493788af2f938c595578e78e17f0c
 </description>
 </item>
<item><title>gnuWorldOrder_11x3</title> <link>http://gnuworldorder.info/audiophile/gnuWorldOrder_11x3.ogg</link> <guid>http://gnuworldorder.info/audiophile/gnuWorldOrder_11x3.ogg</guid> <author>Klaatu</author> <enclosure length="11253804" url="http://gnuworldorder.info/audiophile/gnuWorldOrder_11x3.ogg" type="audio/ogg"/> <pubDate>Mon, 14 Nov 2016 07:38:19 NZDT</pubDate> <description>
Klaatu talks about why and how open source software exists, gives a short
tutorial on how to setup and use

    
    
    virtual env

with Python, and answers Listener Feedback.

 shasum -a256=eebd7e23807f353ccbefef869a989def68d3fbebbdbbc5cc38bc4edf451c7092</description></item>
<item><title>gnuWorldOrder_11x2</title> <link>http://gnuworldorder.info/audiophile/gnuWorldOrder_11x2.ogg</link> <guid>http://gnuworldorder.info/audiophile/gnuWorldOrder_11x2.ogg</guid> <author>Klaatu</author> <enclosure length="8435183" url="http://gnuworldorder.info/audiophile/gnuWorldOrder_11x2.ogg" type="audio/ogg"/> <pubDate>Sun, 02 Oct 2016 22:04:46 NZDT</pubDate> <description>
A Mageia review, and howto roll your own RPM packages from a source RPM.

 shasum -a256=691d23f26fb61e408c720c995c15c1c5484bd0a2fd5bdae3d6f0b8a5141db4f5</description></item>
<item><title>gnuWorldOrder_11x1</title> <link>http://gnuworldorder.info/audiophile/gnuWorldOrder_11x1.ogg</link> <guid>http://gnuworldorder.info/audiophile/gnuWorldOrder_11x1.ogg</guid> <author>Klaatu</author> <enclosure length="20359542" url="http://gnuworldorder.info/audiophile/gnuWorldOrder_11x1.ogg" type="audio/ogg"/> <pubDate>Sun, 18 Sep 2016 17:13:23 NZST</pubDate> <description>
WSL, coffeebreak, and a nifty little utility called makeself.

 shasum -a256=72a4f9eb356db6cededc839a7893d489b8c9d759d7b75f9e457012e09d8e570b</description></item>
<item><title>gnuWorldOrder_11x0</title> <link>http://gnuworldorder.info/audiophile/gnuWorldOrder_11x0.ogg</link> <guid>http://gnuworldorder.info/audiophile/gnuWorldOrder_11x0.ogg</guid> <author>Klaatu</author> <enclosure length="11868604" url="http://gnuworldorder.info/audiophile/gnuWorldOrder_11x0.ogg" type="audio/speex"/> <pubDate>Sat, 03 Sep 2016 13:08:05 NZST</pubDate> <description>
Klaatu is back after a longer-than-planned hiatus. In this episode, he raves
about Slackware, and reviews the PocketCHIP.

shasum -a256=9d99f49a81035f9085e66fd17aadaab5e14046befdf8444d85d63707d708acb7
</description></item>

  </channel>
</rss>
