<?xml version="1.0"?>
<ROWSET>
<ROW>
<SNo>1</SNo>
<Dates>Jan 01-08</Dates>
<Profession_P>Vivasaayi</Profession_P>
<Profession_F>Biogenitic Engineer</Profession_F>
<Past>Hello! This is your second generation, in your previous generation you were a Farmer who cultivated rice and other grains. But you had a deep dark secret. You planted coca and supplied cocaine for Foreign travellers. </Past>
<Future>In your next generation you will be a Biogenitic Engineer who will create mutants to save the World from aliens! </Future>
<Url>http://www.skytousolution.com/urumeen/images/image1.PNG</Url>
</ROW>
<ROW>
<SNo>2</SNo>
<Dates>Jan 09-16</Dates>
<Profession_P>Pulavar Panapathada Onandi</Profession_P>
<Profession_F>Pilot</Profession_F>
<Past>Hello! This is your fourth generation, in your previous generation you were the poet who sang a rhyme to 23rd Pulikesi and got &apos;mookku podi&apos; as a return gift.  </Past>
<Future>In your next generation you will be a Pilot who flies Chartered flights to &amp; fro Earth and Moon</Future>
<Url>http://www.skytousolution.com/urumeen/images/image2.PNG</Url>
</ROW>
<ROW>
<SNo>3</SNo>
<Dates>Jan 17-24</Dates>
<Profession_P>Zamindar</Profession_P>
<Profession_F>Image consultant</Profession_F>
<Past>Hello! This is your second generation, in your previous generation you were a Zamindhar. Aamanga periya maaligai.. tight ah verthu kotra oru dress, oorla irukka pombala pullaingala kindal pannikittu, ennnaa vaazhkai.. adhan naanga neraya padathula paathurukkomey neenga panna aattakaasathayellaam..</Past>
<Future>In your next generation you will be an Image consultant. You make sure people dress up, walk and talk in a certain way</Future>
<Url>http://www.skytousolution.com/urumeen/images/image3.PNG</Url>
</ROW>
<ROW>
<SNo>4</SNo>
<Dates>Jan 25-32</Dates>
<Profession_P>Suranga pathai vadivamaippalar</Profession_P>
<Profession_F>Dentist</Profession_F>
<Past>Hello! This is your second generation, in your previous generation you were an architect and designer who specialised in Suranga Paathai. Not the ones that saved Kings and Kingdoms, but the ones that connected Raja&apos;s room and the anthapuram. </Past>
<Future>In your next generation you will be a Dentist whose only job is to carve the wisdom tooth</Future>
<Url>http://www.skytousolution.com/urumeen/images/image4.PNG</Url>
</ROW>
<ROW>
<SNo>5</SNo>
<Dates>Feb 01-08</Dates>
<Profession_P>Jagan Mohini</Profession_P>
<Profession_F>Scientist</Profession_F>
<Past>Hello! This is your sixth generation, in your first generation you died at a young age due to love failure. Following that, you were a Jagan Mohini in all your other generations.. Kaal- ah veragaa, kai-ya aduppaa use panni seiveenga paaru oru Biryani. Paah!</Past>
<Future>In your next generation you will be a Scientist who is working on a very important research - tooth paste la uppu thevayaa illaya</Future>
<Url>http://www.skytousolution.com/urumeen/images/image5.PNG</Url>
</ROW>
<ROW>
<SNo>6</SNo>
<Dates>Feb 09-16</Dates>
<Profession_P>Thalapathi</Profession_P>
<Profession_F>Star Gazer</Profession_F>
<Past>Hello! This is your second generation, in your previous generation you were a Thalapathi. Not the Rajini Mammooty Thalapathi, the thalapathi of Rajaraja Chozhan. Many a wars have been won, after you were sacked from the army. </Past>
<Future>In your next generation you will be a Star Gazer. You work from your workstation in Mars. </Future>
<Url>http://www.skytousolution.com/urumeen/images/image6.PNG</Url>
</ROW>
<ROW>
<SNo>7</SNo>
<Dates>Feb 17-24</Dates>
<Profession_P>Vettairaja</Profession_P>
<Profession_F>Actor Gethukanth</Profession_F>
<Past>Hello! This is your fourth generation, in your previous generation you were Vettairaja. Lakalakalakalaka... You wanted to correct Chandramukhi, but pei-ya vanthu ungalukke aappu vechaa! </Past>
<Future>In your next generation you will be an Actor whose fans say Gethukanth daww after every film of yours releases</Future>
<Url>http://www.skytousolution.com/urumeen/images/image7.PNG</Url>
</ROW>
<ROW>
<SNo>8</SNo>
<Dates>Feb 25-32</Dates>
<Profession_P>Raja</Profession_P>
<Profession_F>Hara Hara Swamigal</Profession_F>
<Past>Hello! This is your fifth generation, in your previous generation you were a Raja. Not any Raja, you were The Raja who went to Attack the karadi. But oorukke theriyum, athan vilaivu ennavendru. </Past>
<Future>In your next generation you will be a Swamigal. You will specialize in treating patients by not touching them. Appadiyum Swamigal irukkaangala nu kekkureengala? Neenga irupeenga!</Future>
<Url>http://www.skytousolution.com/urumeen/images/image8.PNG</Url>
</ROW>
<ROW>
<SNo>9</SNo>
<Dates>Mar 01-08</Dates>
<Profession_P>Kaamaananda Shastrigal</Profession_P>
<Profession_F>Encounter specialist</Profession_F>
<Past>Hello! This is your second generation, in your previous generation you were a Shastigal. Intha kaalathula Nithyananda eppudiyo, antha kaalathula Kaamaananda apdi! Arul la pathi solrom-nga...</Past>
<Future>In your next generation you will be an Encounter specialist who is working undercover to unearth a don called Venu Naykkar.</Future>
<Url>http://www.skytousolution.com/urumeen/images/image9.PNG</Url>
</ROW>
<ROW>
<SNo>10</SNo>
<Dates>Mar 09-16</Dates>
<Profession_P>Soppana Sundari</Profession_P>
<Profession_F>Exerciser</Profession_F>
<Past>Hello! This is your sixth generation, in your previous generation you were Soppana Sundari. Zodiac Murderer madhiri serial killers ah kooda kandu pidichitanga, aana innum unga car ooda sonthakaarara yaaru vechirukanga nu kandu pidikka mudiyalaye....</Past>
<Future>In your next generation you will be an Exerciser - a person who will do exercises for other people by moving their hands and legs for them. </Future>
<Url>http://www.skytousolution.com/urumeen/images/image10.PNG</Url>
</ROW>
<ROW>
<SNo>11</SNo>
<Dates>Mar 17-24</Dates>
<Profession_P>Swordsmith</Profession_P>
<Profession_F>DJ</Profession_F>
<Past>Hello! This is your second generation, in your previous generation you were a swordsmith. Avavan Valyrian steel, Sword of Gryffindor nu pannaan. Neenga pazham vettra kaththi, kaai vettra kaththi, thuni vettra kaththiri nu orey vegetarian kaththiya pannenga.</Past>
<Future>In your next generation you will be a DJ who jockeys only in funerals.</Future>
<Url>http://www.skytousolution.com/urumeen/images/image11.PNG</Url>
</ROW>
<ROW>
<SNo>12</SNo>
<Dates>Mar 25-32</Dates>
<Profession_P>Koththanaaru</Profession_P>
<Profession_F>Anchor</Profession_F>
<Past>Hello! This is your third generation, in your previous generation you were one of the Koththanaru who built the Taj Mahal. Rasichu rasichu, unga shenbagathuku kattra maadhiri kattuna maaligai athu. Aana - paavi payapulla unga verala vetti puttaan. </Past>
<Future>In your next generation you will be a Anchor in a Holograph based TV show which pops up in malls and railway stations.</Future>
<Url>http://www.skytousolution.com/urumeen/images/image12.PNG</Url>
</ROW>
<ROW>
<SNo>13</SNo>
<Dates>Apr 01-08</Dates>
<Profession_P>Translator</Profession_P>
<Profession_F>Hand therapist</Profession_F>
<Past>Hello! This is your second generation, in your previous generation you were a translator during the British period. English la therinjadhu moonu vaarthai. Atha vechikitu Government translator-ngra perla English figure-unga ethana perooda suthuneenga!  </Past>
<Future>In your next generation you will be a Hand therapist. You cure people by massaging their hands. </Future>
<Url>http://www.skytousolution.com/urumeen/images/image13.PNG</Url>
</ROW>
<ROW>
<SNo>14</SNo>
<Dates>Apr 09-16</Dates>
<Profession_P>Snake Charmer</Profession_P>
<Profession_F>Cinematographer</Profession_F>
<Past>Hello! This is your second generation, in your previous generation you were a paambaati. Neenga paambaatradhula killaadi.. aana oru unma yaarukkum theriyadhu.. unga paambukku eppodhum oothi koduthu mappulaye aada veppeenganu,, pinna nalla irukka paambu kothipudaadhaa!</Past>
<Future>In your next generation you will be a Cinematographer. Neenga valachu valachu padam pudipinga! You will be the cinematographer for Singam 14!</Future>
<Url>http://www.skytousolution.com/urumeen/images/image14.PNG</Url>
</ROW>
<ROW>
<SNo>15</SNo>
<Dates>Apr 17-24</Dates>
<Profession_P>Archer</Profession_P>
<Profession_F>Ministerial Advisor</Profession_F>
<Past>Hello! This is your second generation, in your previous generation you were a archer.. Ambulimama.. ambu vittey ponnungaley kavutha kaalam adhu. Amba edhirikitta vida sonnaa.. andha velaya vittu figure-unga nenjulaye vitteenga.. epdi paathalum neenga oru periya ambuli maama dhan! Hats off!</Past>
<Future>In your next generation you will be a Ministerial Advisor like Manivannan in Mudhalvan</Future>
<Url>http://www.skytousolution.com/urumeen/images/image15.PNG</Url>
</ROW>
<ROW>
<SNo>16</SNo>
<Dates>Apr 25-32</Dates>
<Profession_P>thoodhuvan</Profession_P>
<Profession_F>Dramatist</Profession_F>
<Past>Hello! This is your third generation, in your previous generation you were a thoodhuvan. Ungala nambi pala raaja ragasiyangala koduthaanga.. aanaa neenga patta avasthayellam avangalukku theriyadhu.. edhirikitta maatna thola urichiduvan.. aana indha oorukula ungaluk irrukira Geth eh Thani! **avvvvuu.. innuma nammala indha ulagam nambittu irukku**</Past>
<Future>In your next generation you will be a Dramatist. You do Political &amp; Social interest  dramas in street.</Future>
<Url>http://www.skytousolution.com/urumeen/images/image16.PNG</Url>
</ROW>
<ROW>
<SNo>17</SNo>
<Dates>May 01-08</Dates>
<Profession_P>Ottran</Profession_P>
<Profession_F>Illusionist</Profession_F>
<Past>Hello! This is your second generation, in your previous generation you were an Ottran. Enna onnu on duty irunthatha vida off duty thaan athigam. Oru vizhaava sirappikka poyi, Pulikesi unga vilaa elumba sirappithaar!</Past>
<Future>In your next generation you will be an Illusionist. There&apos;s not one person in this Earth who has found out your secrets.</Future>
<Url>http://www.skytousolution.com/urumeen/images/image17.PNG</Url>
</ROW>
<ROW>
<SNo>18</SNo>
<Dates>may 09-16</Dates>
<Profession_P>Malyuththa veeran</Profession_P>
<Profession_F>Joker</Profession_F>
<Past>Hello! This is your second generation, in your previous generation you became a Malyutha Veeran after defeating a big veeran in a fight. But what people don&apos;t know is that neenga adichathu verum seththa paambungo! </Past>
<Future>In your next generation you will be a Joker. You will be the villain in Dark Knight Part 18.</Future>
<Url>http://www.skytousolution.com/urumeen/images/image18.PNG</Url>
</ROW>
<ROW>
<SNo>19</SNo>
<Dates>May 17-24</Dates>
<Profession_P>Plumber</Profession_P>
<Profession_F>Photographer</Profession_F>
<Past>Hello! This is your second generation, in your previous generation you were a Plumber. Thanni varadhum varaadhadhum unga kaila dhan.. aanaa neenga andha &apos;thanniya&apos; thappa purinjikiteenga.. enneramum thannilaye irundheenga.. appuram engendhu raja voda bathroomla thanni varum.. ungala vechutu orey avasthadhan!</Past>
<Future>In your next generation you will be a Photographer who uses 3 cm square glass piece based highly advanced camera to click pictures of micro objects.</Future>
<Url>http://www.skytousolution.com/urumeen/images/image19.PNG</Url>
</ROW>
<ROW>
<SNo>20</SNo>
<Dates>May 25-32</Dates>
<Profession_P>aasiriyar</Profession_P>
<Profession_F>Athlete</Profession_F>
<Past>Hello! This is your fourth generation, in your previous generation you were an Aasiriyar. Unga kozhandhaiya class ku kootitu poyi thottil la pottu class edukkara azhaga paathey pala ponnunga ungaluku murungakka rasam senji thanthurukkanga.. </Past>
<Future>In your next generation you will be a Athlete. You will win India Gold in 2084 Olympics.</Future>
<Url>http://www.skytousolution.com/urumeen/images/image20.PNG</Url>
</ROW>
<ROW>
<SNo>21</SNo>
<Dates>Jun 01-08</Dates>
<Profession_P>Therotti </Profession_P>
<Profession_F>Gamer</Profession_F>
<Past>Hello! This is your second generation, in your previous generation you were King&apos;s very own therotti. When you are on leave, the King doesn&apos;t move an inch. </Past>
<Future>In your next generation you will be a Gamer who re-invents a chip based video game system with two joysticks. Because of you, Mario becomes the &quot;in-thing&quot; then.</Future>
<Url>http://www.skytousolution.com/urumeen/images/image21.PNG</Url>
</ROW>
<ROW>
<SNo>22</SNo>
<Dates>Jun 09-16</Dates>
<Profession_P>Goldsmith</Profession_P>
<Profession_F>Director</Profession_F>
<Past>Hello! This is your fourth generation, in your previous generation you were a Goldsmith. Kannagi oda kaal silamba senjadhey neenga thaan-ga! </Past>
<Future>In your next generation you will be a Director who is asked for a punch dialogue and an item number in your movie. There is&apos;nt much change as to what you would experience from fans even in future!</Future>
<Url>http://www.skytousolution.com/urumeen/images/image22.PNG</Url>
</ROW>
<ROW>
<SNo>23</SNo>
<Dates>Jun 17-24</Dates>
<Profession_P>Medai koothu kalaignar</Profession_P>
<Profession_F>cosmetic surgeon</Profession_F>
<Past>Hello! This is your third generation, in your previous generation you were a Stage performer who never got your due chance to perform as the lead in Iraniyan Naadagam. You always played Iraniyan&apos;s onnu vitta chiththappaa</Past>
<Future>In your next generation you will be a cosmetic surgeon who specialises in Lip re-aligment. You have a lot of customers wanting to go back to their original look after years of various plastic surgeries.</Future>
<Url>http://www.skytousolution.com/urumeen/images/image23.PNG</Url>
</ROW>
<ROW>
<SNo>24</SNo>
<Dates>Jun 25-32</Dates>
<Profession_P>Spice Seller</Profession_P>
<Profession_F>Masseuse</Profession_F>
<Past>Hello! This is your second generation, in your previous generation you were a Spice Seller. Kaara saarama pala velaigala pannenga.. milagu vikkurengra perla. </Past>
<Future>In your next generation you will be an in-house Masseuse in an IT firm. You will massage all the stress out of tired employees.</Future>
<Url>http://www.skytousolution.com/urumeen/images/image24.PNG</Url>
</ROW>
<ROW>
<SNo>25</SNo>
<Dates>Jul 01-08</Dates>
<Profession_P>Ambattan (Barber)</Profession_P>
<Profession_F>Model</Profession_F>
<Past>Hello! This is your second generation, in your previous generation you were a Barber. Apdi enna pudungunanu yaaravadhu kettaa neraya pudungineneynu dhairiyama sollalam! Infact neenga pudunguradhu pooraavey theva illaadhadhudhan!</Past>
<Future>In your next generation you will be a Model who refuses to walk the ramp with anything but a saree/ veshti shrit</Future>
<Url>http://www.skytousolution.com/urumeen/images/image25.PNG</Url>
</ROW>
<ROW>
<SNo>26</SNo>
<Dates>Jul 09-16</Dates>
<Profession_P>Jailer</Profession_P>
<Profession_F>Laughter therapist</Profession_F>
<Past>Hello! This is your second generation, in your previous generation you were a Jailer. Indha criminalsoda deal panradhu irukkey..ayyo ayyo ayyo.. panni kooda meikalaam.. aana ivanunga vechutu neenga padra paadu konjam nanjam illa..hmm enna panradhu.. kadaisivaraikum avanungaloda kuppa kpttiye vayasaai sethu poneenga!</Past>
<Future>In your next generation you will be a Laughter therapist. You teach people how to laugh</Future>
<Url>http://www.skytousolution.com/urumeen/images/image26.PNG</Url>
</ROW>
<ROW>
<SNo>27</SNo>
<Dates>Jul 17-24</Dates>
<Profession_P>Kottai Kavalan</Profession_P>
<Profession_F>Sailor</Profession_F>
<Past>Hello! This is your second generation, in your previous generation you were a Kavalan. No, no. Antha Kavalan illa. Neja kaavalan. Ore night duty ah paatheenga. Enna onnu, ethuvume velaila illa. </Past>
<Future>In your next generation you will be a Sailor who drives a two in one fly/ peddle vehicle. </Future>
<Url>http://www.skytousolution.com/urumeen/images/image27.PNG</Url>
</ROW>
<ROW>
<SNo>28</SNo>
<Dates>Jul 25-32</Dates>
<Profession_P>Tax collector</Profession_P>
<Profession_F>Travel Guide</Profession_F>
<Past>Hello! This is your third generation, in your previous generation you were a Tax Collector. Vari vasoolikradhnunaa summava. vari, vatti, kisthi... 
Yaarai ketkirai vari... 
Etharkku ketkirai vari.. apdinu yaaravadhu kettaa.. Neenga vasool panra vari dhan naata kaapaathudhunu sollunga.. Moththathula unga kailadhan aatchiye!! Veezhchiyum!</Past>
<Future>In your next generation you will be a Travel Guide in Planet Y. </Future>
<Url>http://www.skytousolution.com/urumeen/images/image28.PNG</Url>
</ROW>
<ROW>
<SNo>29</SNo>
<Dates>Aug 01-08</Dates>
<Profession_P>Saappaatu Raaman</Profession_P>
<Profession_F>vlogger</Profession_F>
<Past>Hello! This is your second generation, in your previous generation you were a Saappaatu Raaman. Cooking evlo mukkiyamo, atha vida eating mukkiyam. Valachu valachu, rasichu rusichu neenga thingara azhaga paathaale thrishti suththi podanum!</Past>
<Future>In your next generation you will be a vlogger. You video blog on different topics like How to wear a lungi, how to sit in Indian Kakkoos etc</Future>
<Url>http://www.skytousolution.com/urumeen/images/image29.PNG</Url>
</ROW>
<ROW>
<SNo>30</SNo>
<Dates>Aug 08-16</Dates>
<Profession_P>oppanai kalaignar</Profession_P>
<Profession_F>Wine Taster</Profession_F>
<Past>Hello! This is your second generation, in your previous generation you were a make-up artist. What we see of Kings and Queens today in paintings is all day and night hard work done by you. Andhapurathu figures kooda unga kai vannam dhan. Thangamulaam poosi vaitha angam oru azhagu.. ungala vechudhan paadunaanga!</Past>
<Future>In your next generation you will be a Wine Taster</Future>
<Url>http://www.skytousolution.com/urumeen/images/image30.PNG</Url>
</ROW>
<ROW>
<SNo>31</SNo>
<Dates>Aug 17-24</Dates>
<Profession_P>kavignar</Profession_P>
<Profession_F>Time Travel Operator</Profession_F>
<Past>Hello! This is your fourth generation, in your previous generation you were a Poet. Kavidhai Kavidhai.. paadi paadi kaasa allitu pona aalu. Pugandhu paadiye vaazhndha aalunga neenga. Nalla Pozhappu!</Past>
<Future>In your next generation you will be a Time Travel Operator</Future>
<Url>http://www.skytousolution.com/urumeen/images/image31.PNG</Url>
</ROW>
<ROW>
<SNo>32</SNo>
<Dates>Aug 25-32</Dates>
<Profession_P>Sirpi</Profession_P>
<Profession_F>Producer</Profession_F>
<Past>Hello! This is your second generation, in your previous generation you were a Sculptor in Mahendravarman&apos;s period. When all his other sculptors did beautiful sculptures all over Mahabalipuram. You made the &apos;korangukku korangu paen paakkara selai&apos; and became famous overnight. </Past>
<Future>In your next generation you will be a Producer of short films that will get screened in theatres.</Future>
<Url>http://www.skytousolution.com/urumeen/images/image32.PNG</Url>
</ROW>
<ROW>
<SNo>33</SNo>
<Dates>Sep 01-08</Dates>
<Profession_P>josiyar</Profession_P>
<Profession_F>Astronaut</Profession_F>
<Past>Hello! This is your second generation, in your previous generation you were a Josiyar. Yes the one who predicts the future with just a vethala! Apdi ennadhan irukko andha vethalaikku ulla.. Andha kaalathu iPad ah irukkumo? </Past>
<Future>In your next generation you will be a Astronaut who will go to India and bring things to people settled in Planet X</Future>
<Url>http://www.skytousolution.com/urumeen/images/image33.PNG</Url>
</ROW>
<ROW>
<SNo>34</SNo>
<Dates>Sep 09-16</Dates>
<Profession_P>kuri solbavar</Profession_P>
<Profession_F>Racer</Profession_F>
<Past>Hello! This is your second generation, in your previous generation you were a dubakoor astrologer who made the King wage a war because the neighbouring country&apos;s King did not invite your King for his daughter&apos;s Kaathu kuthu. </Past>
<Future>In your next generation you will be a Racer. You race a monocycle and will win India many glories at International competitions.</Future>
<Url>http://www.skytousolution.com/urumeen/images/image34.PNG</Url>
</ROW>
<ROW>
<SNo>35</SNo>
<Dates>Sep 17-24</Dates>
<Profession_P>mandhiravathi</Profession_P>
<Profession_F>animator</Profession_F>
<Past>Hello! This is your second generation, in your previous generation you were a witch/ wizard. You know to get your way out of any situation.. Repeat, ANY. Gethula?</Past>
<Future>In your next generation you will be a animator</Future>
<Url>http://www.skytousolution.com/urumeen/images/image35.PNG</Url>
</ROW>
<ROW>
<SNo>36</SNo>
<Dates>Sep 25-32</Dates>
<Profession_P>vetaikaran</Profession_P>
<Profession_F>Solar Pannelist</Profession_F>
<Past>Hello! This is your second generation, in your previous generation you were a Vettaikaran. Antha Vettaikaaran illanga... Nalla Vettaikaaran.. kaaka enna kuruvi enna.. muyal enna.. Unga kaila gun kedachaale Shoot the kuruvi dhan!</Past>
<Future>In your next generation you will be a Solar Pannelist. You are the most busy person in the planet owing to heavy demand for your product. </Future>
<Url>http://www.skytousolution.com/urumeen/images/image36.PNG</Url>
</ROW>
<ROW>
<SNo>37</SNo>
<Dates>Oct 01-08</Dates>
<Profession_P>Mama</Profession_P>
<Profession_F>Cloud buster</Profession_F>
<Past>Hello! This is your fifth generation, in your previous generation you were a Mama. Not any mama. You were Pandiyan&apos;s mama. When he came to ask your daughter&apos;s hand in marriage. You challenged him to a duel of sangeetham. Maama, maaplai.... Your life was so historic that they even made a movie based on your life - Bale Pandiya</Past>
<Future>In your next generation you will be a Cloud buster. You will inject the sky with chemicals for it to rain, snow, shine etc</Future>
<Url>http://www.skytousolution.com/urumeen/images/image37.PNG</Url>
</ROW>
<ROW>
<SNo>38</SNo>
<Dates>Oct 09-16</Dates>
<Profession_P>Naattamai sombu thookki</Profession_P>
<Profession_F>Feelings stimulator</Profession_F>
<Past>Hello! This is your third generation, in your previous generation you were a very important person. If not for you, Nattamai would have choked in his own paakku veththalai - gallons of it. By being a sombu thooki - you restored balance in the universe and Khushboo&apos;s life. </Past>
<Future>In your next generation you will be a Feelings stimulator. Your job is to make peope feel things like happiness, sadness, love, hate etc in the midst of heavy work. </Future>
<Url>http://www.skytousolution.com/urumeen/images/image38.PNG</Url>
</ROW>
<ROW>
<SNo>39</SNo>
<Dates>Oct 17-24</Dates>
<Profession_P>Manmadhan friend-u</Profession_P>
<Profession_F>Hygienist</Profession_F>
<Past>Hello! This is your sixth generation, in your previous generation you were Manmadhan&apos;s friend. Oorla onnu rendu girlfriends vechirukkavanungale kadhari azhuvuraanunga. Neenga epdi thaan oraayiram girlfriends vechiruntha Manmadhan ku friend ah iruntheengalo!</Past>
<Future>In your next generation you will be a Hygienist. You&apos;re emplyed in-house in offices to check if people are hygienic.</Future>
<Url>http://www.skytousolution.com/urumeen/images/image39.PNG</Url>
</ROW>
<ROW>
<SNo>40</SNo>
<Dates>Oct 25-32</Dates>
<Profession_P>Magizhmathi mannan</Profession_P>
<Profession_F>Spiritual Guru</Profession_F>
<Past>Hello! This is your second generation, in your previous generation you were Magizhmathi&apos;s great mannan who was not so great when he lost the Kingdom to his cunning and obviously smarter brother Palvaal Devan.</Past>
<Future>In your next generation you will be a Spiritual Guru. You bring peace upon men &amp; women. But their families will no longer be at peace. </Future>
<Url>http://www.skytousolution.com/urumeen/images/image40.PNG</Url>
</ROW>
<ROW>
<SNo>41</SNo>
<Dates>Nov 01-08</Dates>
<Profession_P>karagatakaran</Profession_P>
<Profession_F>youtube celebrity</Profession_F>
<Past>Hello! This is your second generation, in your previous generation you were a Karagaattakaaran. Living in a period with no rose powder or lipstick, you used sengal powder to make your cheeks red and beautiful. Avlo sincere velaila. </Past>
<Future>In your next generation you will be a youtube celebrity. You sing, dance and make money out of Youtube. </Future>
<Url>http://www.skytousolution.com/urumeen/images/image41.PNG</Url>
</ROW>
<ROW>
<SNo>42</SNo>
<Dates>Nov 09-16</Dates>
<Profession_P>Mannanin Meikkaappaalar</Profession_P>
<Profession_F>Earth - Mars Space shuttle operator</Profession_F>
<Past>Hello! This is your third generation, in your previous generation you were the King&apos;s very own bodyguard. You were like his second skin, going everywhere he did, except maybe his anthapuram (to which the King didn&apos;t take you only because you were more handsome)</Past>
<Future>In your next generation you will be a Earth - Mars Space shuttle operator</Future>
<Url>http://www.skytousolution.com/urumeen/images/image42.PNG</Url>
</ROW>
<ROW>
<SNo>43</SNo>
<Dates>Nov 17-24</Dates>
<Profession_P>Padagotti</Profession_P>
<Profession_F>Future predictor</Profession_F>
<Past>Hello! This is your fifth generation, in your previous generation you were a padagotti who exported local sarakku. Sarakku means Kai, kani, not that sarakku. </Past>
<Future>In your next generation you will be a Future predictor. </Future>
<Url>http://www.skytousolution.com/urumeen/images/image43.PNG</Url>
</ROW>
<ROW>
<SNo></SNo>
<Dates>Nov 25-32</Dates>
<Profession_P>Oviyan</Profession_P>
<Profession_F>OS developer</Profession_F>
<Past>Hello! This is your fourth generation, in your previous generation you were an Oviyan. Ippo CD, internet nu evlavo options iruku. Appo aangal kuthoogalathuku iruntha orey option neenga varanja antha azhagaana oviyangal thaan. </Past>
<Future>In your next generation you will be an OS developer. Kaalam muzhukka single ah irunthu, thaanga mudiyaama, Lover ah irukka koodiya oru Operating System ah kandu pidikka poravaru neenga thaan. </Future>
<Url>http://www.skytousolution.com/urumeen/images/image44.PNG</Url>
</ROW>
<ROW>
<SNo>45</SNo>
<Dates>Dec 01-08</Dates>
<Profession_P>Karigaala Chozhan</Profession_P>
<Profession_F>Army General of Colony X245J</Profession_F>
<Past>Hello! This is your second generation, in your previous generation you were The great Karigaala Chozhan. Kaal karinjaalum, unga style-um azhagum ennaikum ungala vittu pogalanu ungaluku nenappu</Past>
<Future>In your next generation you will be the army general of Colony X245J where an useless boy falls in love with a North Indian figure and in the end the girl dies and he becomes mad. You are the one &amp; only General of that colony. </Future>
<Url>http://www.skytousolution.com/urumeen/images/image45.PNG</Url>
</ROW>
<ROW>
<SNo>46</SNo>
<Dates>Dec 09-16</Dates>
<Profession_P>Dhobi</Profession_P>
<Profession_F>Astronomer</Profession_F>
<Past>Hello! This is your fifth generation, in your previous generation you were a Dhobi who fell in love with a foreign figure. Athuvum oru Collector ooda ponnu. Summaa viduvaangala enna! Neenga podrathuku munnadi, ungala pottutanga...</Past>
<Future>In your next generation you will be an astronomer who studies a planet called Earth to see if there are any Humans there.</Future>
<Url>http://www.skytousolution.com/urumeen/images/image46.PNG</Url>
</ROW>
<ROW>
<SNo>47</SNo>
<Dates>Dec 17-24</Dates>
<Profession_P>Bruce Lee</Profession_P>
<Profession_F>Drug Lord</Profession_F>
<Past>Hello! This is your sixth generation, in your previous generation you were a boy so lean that everyone thought you were Brucelee. Antha neja Brucelee eh neenga thaan nu nenacheengalo?</Past>
<Future>In your next generation, you will be a drug Lord who will overtake the Cartel and all other drug Lords. Your secret weapon? Namma ooru Kalla Sarayam.</Future>
<Url>http://www.skytousolution.com/urumeen/images/image47.PNG</Url>
</ROW>
<ROW>
<SNo>48</SNo>
<Dates>Dec 25-32</Dates>
<Profession_P>Komali</Profession_P>
<Profession_F>The Terminator</Profession_F>
<Past>Hello! This is your sixth generation, in your previous generation you were a Komali. Pona jenmathula ungala paathu oore sirichidhu. Enna paakreenga? Intha jenmathulayum athey thaan nu thaane nenaikureenga. Aamam! </Past>
<Future>In your next generation you will be The Terminator. Kaappaatha vantha aliens ah enemies nu nenachu veratti adikarthu neenga thaan.  </Future>
<Url>http://www.skytousolution.com/urumeen/images/image48.PNG</Url>
</ROW>
</ROWSET>