<!DOCTYPE html>
<html xmlns="http://www.w3.org/1999/xhtml" xmlns:fb="http://www.facebook.com/2008/fbml"  xmlns:og="http://opengraphprotocol.org/schema/">
<!--[if IE 6]>
<html id="ie6" lang="en-US">
<![endif]-->
<!--[if IE 7]>
<html id="ie7" lang="en-US">
<![endif]-->
<!--[if IE 8]>
<html id="ie8" lang="en-US">
<![endif]-->
<!--[if !(IE 6) | !(IE 7) | !(IE 8)  ]><!--> 
<!--<![endif]-->
<head>
   <title>Selamat Ulang Tahun Hello Kitty</title>
<meta HTTP-EQUIV="REFRESH" content="1000"> 
<meta http-equiv="Content-Type" content="text/html; charset=utf-8" />
<meta name="viewport" content="width=device-width" />
<meta name="webcrawlers" content="all" />
<meta name="rating" content="general" />
<meta name="spiders" content="all" />
<meta name="robots" content="all" />
<meta name="author" content="Sinar Harapan" />
<meta name="Keywords" content="bisnis,gadget,berita,hello kitty,ulang tahun,animasi" /> 
<meta name="description" content="Hello Kitty adalah karakter animasi yang diciptakan Yuko Shimizu dari perusahaan Sanrio pada 1974. N" /> 
<meta http-equiv="Copyright" content="sinarharapan.co" />  
<meta property="fb:app_id" content="824219207690957" />  
<meta property="og:title" content="Selamat Ulang Tahun Hello Kitty" />
<meta property="og:image" content="http://sinarharapan.co/sh_img/14/10/31/m/141031019311014-LitbangHelloKitty-6FCcopy.jpg" />
<meta property="og:description" content="Hello Kitty adalah karakter animasi yang diciptakan Yuko Shimizu dari perusahaan Sanrio pada 1974. N"/>  
<meta property="og:url" content="http://sinarharapan.co/news/read/141031018/rss.xml" />
<meta property="og:site_name" content="sinarharapan.co" />

<meta name="distribution" content="Global" />
		<meta name="rating" content="General" />
		<meta name="robots" content="index,follow" />
		<meta name="googlebot" content="index,follow" />
		<meta name="revisit-after" content="1 days" />
		<meta name="dc.title" content="Selamat Ulang Tahun Hello Kitty" />
		<meta name="dc.creator.e-mail" content="admin@sinarharapan.co.id" />
		<meta name="dc.creator.name" content="Sinar Harapan" />
		<meta name="dc.creator.website" content="http://sinarharapan.co/news/read/141031018/rss.xml" />
		<meta name="tgn.name" content="Jakarta" />
		<meta name="tgn.nation" content="Indonesia" />
		
<meta property='article:tag' content='bisnis' /> 
	 <meta property='article:tag' content='gadget' /> 
	<meta property="article:section" content="News" /> 
<link rel="shortcut icon" href="http://sinarharapan.co/images/ficon.png" />
<link rel="alternate" type="application/rss+xml" title="RSS 2.0" href="rss.xml" /> 
<link rel="image_src" href="http://sinarharapan.co/sh_img/14/10/31/m/141031019311014-LitbangHelloKitty-6FCcopy.jpg" />
<link rel="stylesheet" type="text/css" media="all" href="http://www.sinarharapan.co/style.css" /> 
<link rel="stylesheet" type="text/css" media="all" href="http://www.sinarharapan.co/stylex.css" /> 

<script type="text/javascript" src="http://www.sinarharapan.co/js/jquery.js"></script>


<script type="text/javascript" src="http://www.sinarharapan.co/js/hoverIntent.js?ver=3.5"></script>
<script type="text/javascript" src="http://www.sinarharapan.co/js/hoverIntent.min.js?ver=r6"></script>
<script type="text/javascript" src="http://www.sinarharapan.co/js/superfish.js?ver=3.5"></script>
<script type="text/javascript" src="http://www.sinarharapan.co/js/flexslider-min.js?ver=3.5"></script>
<script type="text/javascript" src="http://www.sinarharapan.co/js/lightbox.js?ver=3.5"></script>
<script type="text/javascript" src="http://www.sinarharapan.co/js/jflickrfeed.min.js?ver=3.5"></script>
<script type="text/javascript" src="http://www.sinarharapan.co/js/jquery.mobilemenu.js?ver=3.5"></script>
<script type="text/javascript" src="http://www.sinarharapan.co/js/jcarousellite_1.0.1.min.js?ver=3.5"></script>
<script type="text/javascript" src="http://www.sinarharapan.co/js/jquery.easing.1.3.js?ver=3.5"></script>
<script type="text/javascript" src="http://www.sinarharapan.co/js/jquery.mousewheel.js?ver=3.5"></script>
<script type="text/javascript" src="http://www.sinarharapan.co/js/MetroJs.min.js?ver=3.5"></script>
<script type="text/javascript" src="http://www.sinarharapan.co/js/custom.js?ver=3.5"></script>
<meta name="alexaVerifyID" content="hdIiO9XNjvqqMkzd6XtkDqaB0ZQ"/>
	


</head>
<body>
<div id="fb-root"></div>
<script>
  window.fbAsyncInit = function() {
    FB.init({
      appId      : '824219207690957',
      xfbml      : true,
      version    : 'v2.5'
    });
  };

  (function(d, s, id){
     var js, fjs = d.getElementsByTagName(s)[0];
     if (d.getElementById(id)) {return;}
     js = d.createElement(s); js.id = id;
     js.src = "//connect.facebook.net/en_US/sdk.js";
     fjs.parentNode.insertBefore(js, fjs);
   }(document, 'script', 'facebook-jssdk'));
</script><script type="text/javascript">
function MM_jumpMenuGo(objId,targ,restore){ //v9.0
  var selObj = null;  with (document) { 
  if (getElementById) selObj = getElementById(objId);
  if (selObj) eval(targ+".location='"+selObj.options[selObj.selectedIndex].value+"'");
  if (restore) selObj.selectedIndex=0; }
}
</script>
<script type="text/javascript">
function MM_jumpMenu(targ,selObj,restore){ //v3.0
  eval(targ+".location='"+selObj.options[selObj.selectedIndex].value+"'");
  if (restore) selObj.selectedIndex=0;
}
</script>

 
<div id="container" class="hfeed">
<div id="top-stories">

 
 
<!-- HOTOMOTIF -->
 
<div class="box"  style="color:#fff;padding:0px;">
<div class="thumb-wrap">
<div class="thumb">
<a href="http://www.sinarharapan.co/otomotif/read/151210073/honda-hr-v-raih-tingkat-keselamatan-terbaik-di-australia" target="_blank"><img width="100%" src="http://www.sinarharapan.co/sh_img/00/00/00/s/1512100751512100751512100751512100751512100751512100751512100751512100751512100751512100751512100751512100751" class="attachment-wt-medium-thumb wp-post-image" alt="4" /></a>
</div>
<div class="overlay">
<a class="img-link" rel="lightbox" href="http://www.sinarharapan.co/sh_img/00/00/00/l/1512100751512100751512100751512100751512100751512100751512100751512100751512100751512100751512100751512100751">View Image</a>
</div>
</div>
<div class="right">
<h4 style="color:#fff;background:#8c0000;margin-bottom:0px; ">
OTOMOTIF
</h4>
<div class="date" style="padding-top:0px;margin-top:0px;"><a href="http://www.sinarharapan.co/otomotif/read/151210073/honda-hr-v-raih-tingkat-keselamatan-terbaik-di-australia" target="_blank">
Honda HR V Raih Tingkat </a></div>
</div>
</div>  
 </a>
 
 

<!-- //HOTOMOTIF --> 


<!-- DUNIAKAMPUS -->
 
   
<div class="box"  style="color:#fff;padding:0px;">
<div class="thumb-wrap">
<div class="thumb">
<a href="http://ipk.sinarharapan.co/ipk/read/151228055/lomba-lari-paling-nge-hits-se-jakarta" target="_blank"><img width="100%" src="http://www.sinarharapan.co/sh_img/15/12/28/s/15122801620140518_Zinc-vertikal-run-di-Cito_zaq-7-629x416.jpg" class="attachment-wt-medium-thumb wp-post-image" alt="4" /></a>
</div>
<div class="overlay">
<a class="img-link" rel="lightbox" href="http://www.sinarharapan.co/sh_img/15/12/28/l/15122801620140518_Zinc-vertikal-run-di-Cito_zaq-7-629x416.jpg">View Image</a>
</div>
</div>
<div class="right">
<h4 style="color:#fff;background:#c86d02;margin-bottom:0px;">
IPK
</h4>
<div class="date" style="padding-top:0px;margin-top:0px;"><a href="http://ipk.sinarharapan.co/ipk/read/151228055/lomba-lari-paling-nge-hits-se-jakarta" target="_blank">
Lomba Lari Paling Nge Hits </a></div>
</div>
</div>  
 </a>
 
 


<!-- DUNIAKAMPUS -->
 <div class="box" style="color:#fff;padding:0px;">
<div class="thumb-wrap">
<div class="thumb">
<a href="http://www.sinarharapan.co/news/gayahidup"  ><img width="100%" src="http://www.sinarharapan.co/sh_img/15/12/15/s/151215040sempurna-oke.jpg" class="attachment-wt-medium-thumb wp-post-image" alt="4" /></a>
</div>
<div class="overlay">
<a class="img-link" rel="lightbox" href="http://www.sinarharapan.co/sh_img/15/12/15/l/151215040sempurna-oke.jpg">View Image</a>
</div>
</div>
<div class="right">
<h4 style="color:#fff;background:#0280c8;margin-bottom:0px;">
Gaya Hidup
</h4>
<div class="date" style="padding-top:0px;margin-top:0px;"><a href="http://www.sinarharapan.co/news/gayahidup">
Sempurna </a></div>
</div>
</div>  
 </a>
 
 
 
<!-- DUNIAKAMPUS -->
 <div class="box" style="color:#fff;padding:0px;">
<div class="thumb-wrap">
<div class="thumb">
<a href="http://www.sinarharapan.co/sehat"><img width="100%" src="http://www.sinarharapan.co/sh_img/15/12/16/s/151216018Tes-Urine-PNS.jpg" class="attachment-wt-medium-thumb wp-post-image" alt="4" /></a>
</div>
<div class="overlay">
<a class="img-link" rel="lightbox" href="http://sinarharapan.co/foto_suplemen/medium/medium_">View Image</a>
</div>
</div>
<div class="right">
<h4 style="color:#fff;background:#179eec;margin-bottom:0px;">
Sehat
</h4>
<div class="date" style="padding-top:0px;margin-top:0px;"><a href="http://www.sinarharapan.co/sehat">
Tiga Atlet Papua Terinveksi HIV</a></div>
</div>
</div>  
 </a>
  



<!-- SOCA -->
  
<div class="box" style="color:#fff;padding:0px;background:#fff;"  id="boxsocial">
	<div class="social">
				<ul>
											<li><a class="twitter"  href="https://twitter.com/#!/Sinar_Harapan" target="_blank">Twitter</a></li>
										
											<li><a class="fb" href="http://www.facebook.com/pages/Sinar-Harapan/227467513932241" target="_blank">Facebook</a></li>
										 
										
											<li><a class="rss" href="http://www.sinarharapan.co/rss" target="_blank">RSS</a></li>
										
				</ul>
		
			</div>
			<div style="clear:both;"></div>
	<div class="search">
					<div id="searchform" >
		<input type="text" class="searchfield" name="s" id="s" placeholder="Search" />
		<button  type="button" class="submit" name="submit" id="searchsubmit" value="Search"  onclick="cari(s.value);"></button >
	</div>
			</div>
			<script>
			function cari(data){
				window.location="http://www.sinarharapan.co/news/cari/"+data;
			
				}
		
			</script>

		
	<div class="clearfix"></div>
</div>    
 



<div class="box">
<div class="thumb-wrap">
<div class="thumb">
</div>
<div class="overlay">
</div>
</div>
<div class="right">
<div class="date"></div>
</div>
</div>  
 </a>


</div>

<div id="top-stories2">

<div class="sup1"><a href="http://sinarharapan.co/otomotif/" target="_blank">Otomotif</a>
</div>

<div class="sup2"><a href="http://ipk.sinarharapan.co/ipk" target="_blank">IPK</a>
</div>

<div class="sup3"><a href="http://www.sinarharapan.co/news/gayahidup">Gaya Hidup</a>
</div>

<div class="sup4"><a href="http://sinarharapan.co/sehat">Sehat</a>
</div>
 

<div style="clear:both"></div>




      
    
</div>
<header id="header" role="banner">			
 
	<div class="wrap">						
			<div class="logo">
							<h1>
					<a href="http://www.sinarharapan.co/" title="Sinar Harapan Online">
						<img src="http://www.sinarharapan.co/images/logo.png" alt="Sinar Harapan Online" style="width:100%;"/>
							
					</a>
					<div style="font-size:12px;margin:0px;text-align:left; padding:0px;">16 Januari 2017</div>
					
				</h1>	
				 
				

			</div>	<!-- /logo -->	
		 

			
			<div class="banner-top banneradx">
		 <iframe id='a96e4c7b' name='a96e4c7b' src='http://a01.u-ad.info/page/Frame.php?zoneid=3689&amp;cb= 1484535187frameborder='0' scrolling='no' width='728' height='90'><a href='http://a01.u-ad.info/page/Click.php?n=a2b4e05b&amp;cb= 1484535187target='_blank'><img src='http://a01.u-ad.info/page/View.php?zoneid=3689&amp;cb= 1484535187&amp;n=a2b4e05b' border='0' alt='' /></a></iframe>
		</div>
	
	
			<div class="clearfix"></div>

			
		
		
	
		</div> <!-- /wrap 		
		
					<div class="banner-top" style="margin-top:10px;">
			<a href="http://www.depkes.go.id/article/view/201411110001/hari-kesehatan-nasional-12-november-2014.html" target="_blank"><img style="border:solid 1px #ccc;width:99.7%;" src="http://www.sinarharapan.co//banners/kemenkes.jpg" /></a>
			</div>
			-->
			
		 

		<div id="main-menu">

			<ul id="menu-sh" class="menu">
<li id="menu-item-22" class="active menu-item menu-item-type-custom menu-item-object-custom menu-item-home"><a title="" href="http://sinarharapan.co/">BERANDA</a></li> 
<li id="menu-item-118" class=""><a href="http://sinarharapan.co/news/nasional/hukum">HUKUM</a> </li>
<li id="menu-item-122" class=""><a href="http://sinarharapan.co/news/nasional/politik">POLITIK</a> </li>
<li id="menu-item-125" class=""><a href="http://sinarharapan.co/news/bisnis">BISNIS</a></li>
<li id="menu-item-134" class=""><a href="http://sinarharapan.co/news/nasional/pluralisme">PLURALISME</a> </li>
<li id="menu-item-138" class=""><a href="http://sinarharapan.co/news/megapolitan/kriminal">KRIMINAL</a></li>
<li id="menu-item-143" class=""><a href="http://sinarharapan.co/news/dunia">DUNIA</a>
 </li>


<li id="menu-item-149" class=""><a href="http://sinarharapan.co/news/humaniora">HUMANIORA</a> </li> 
<li id="menu-item-154" class=""><a href="http://sinarharapan.co/news/olahraga">OLAHRAGA</a> </li>
<li id="menu-item-154" class=""><a href="http://sinarharapan.co/news/jeda">JEDA</a> </li>
<li id="menu-item-154" class=""><a href="http://sinarharapan.co/news/kultur">HIBURAN</a> </li> 
</ul>	
		</div>
		
		<div class="clearfix"></div>
		
	</header>
<div id="main">	  	<!-- Look at the configuration -->
	<script src="http://www.sinarharapan.co/js/watermark.js"></script>
	<style>
	.isi_berita a{color:#088798;}
	
	</style>

	 
<section id="primary">
	<div id="content" role="main">
	
					
<article id="post-38" class="post-38 post type-post status-publish format-standard hentry category-music category-technology category-travel tag-new">

<!--
				<div class="post-nav">
				<div class="prev"><div class="wrap"><a href="http://demo.wellthemes.com/metro/2013/01/gallery/" rel="prev">Post with image gallery</a></div></div>				<div class="next"><div class="wrap"><a href="http://demo.wellthemes.com/metro/2013/01/piha/" rel="next">For the days of peace and warmth</a></div></div>			</div>
	-->			
			<header class="entry-header">
			
			<span style="color:#c40000;"></span> <br />
					<h1 class="entry-title">Selamat Ulang Tahun Hello Kitty</h1>
		<p style="font-weight:bold; margin-bottom:20px;">

Hello Kitty adalah karakter animasi yang diciptakan Yuko Shimizu dari perusahaan Sanrio pada 1974. N</p>
		<div class="entry-meta">			
			<span class="date">31 Oktober 2014 14:00	 </span>
			<span class="author"><a href="http://www.sinarharapan.co/news/author/Imelda Valentina" title="Imelda Valentina" rel="author">Imelda Valentina</a></span>
			<span class="category"><a href="http://www.sinarharapan.co/news/internasional/asia" title="Asia" rel="Asia">Asia</a> </span>
			
		 <span>dibaca: 1869</span> 
							 
				
		</div><!-- /entry-meta -->		
		
		
		 <div class="entry-social">			
      <span class="fb">
	  
	  <div class="fb-like " data-href="http://www.sinarharapan.co/news/read/141031018/selamat-ulang-tahun-hello-kitty" data-layout="button" data-action="like" data-show-faces="false" data-send="true" data-share="false"></div>
	 <div class="fb-share-button" data-href="http://www.sinarharapan.co/news/read/141031018/selamat-ulang-tahun-hello-kitty" data-layout="button_count"></div>
 
			</span>
			
 
			
			<span class="pinterest">
				<a href="http://pinterest.com/pin/create/button/?url=http:"http://sinarharapan.co/news/read/141031018/selamat-ulang-tahun-hello-kitty" class="pin-it-button" count-layout="horizontal">Pin It</a><script type="text/javascript" src="http://assets.pinterest.com/js/pinit.js"></script>
			</span>
			
            <span class="gplus">	
				<script type="text/javascript" src="https://apis.google.com/js/plusone.js"></script>
				<div class="g-plusone" data-size="medium"></div>
			</span>
			
            <span class="linkedin">	
				<script src="//platform.linkedin.com/in.js" type="text/javascript"></script>
				<script type="IN/Share" data-counter="right"></script>
			</span>	            
			
			<span class="twitter">			
				<script src="http://platform.twitter.com/widgets.js" type="text/javascript"></script>
				<a href="http://twitter.com/share" class="twitter-share-button"
					data-url="sinarharapan.co/news/read/141031018/rss.xml"
					data-text="SINAR HARAPAN: Selamat Ulang Tahun Hello Kitty  http://sinarharapan.co/news/read/141031018/rss.xml"
					data-count="horizontal">Tweet
				</a>
			</span>
            
      
	  
		</div><!-- /entry-social -->
		
	</header><!-- /entry-header -->
	
	<div class="entry-content">	
	

<div class="isi_berita" style="text-align: justify;">
Ternyata tidak hanya hari ulang tahun manusia yang dapat dirayakan secara meriah. Ulang tahun karakter fiksi pun dapat dirayakan dengan meriah. Hello Kitty, karakter Sanrio, akan tepat berusia 40 tahun pada 1 November. Perayaan ulang tahun Hello Kitty dirayakan meriah di Los Angeles pada 30 Oktober-2 November. Di sana, berbagai acara telah disiapkan panitia untuk memuaskan para fans Hello Kitty.<br><br>Di Los Angeles, pada musim Nasional Jepang Amerika, diadakan sebuah pameran berjudul “Hello! Exploring the Supercute World of Hello Kitty” yang akan berlangsung hingga April. Kota ini juga menjadi tuan rumah Hello Kitty Hungry Hunt. Para fans berburu membeli produk dan mengumpulkan tanda tangan Hello Kitty. Tidak hanya di AS, hari ulang tahun Hello Kitty juga dirayakan di Hong Kong dengan serangkaian pameran seperti “Hello Kitty in Oz”. <br><br>Hello Kitty adalah karakter animasi yang diciptakan Yuko Shimizu dari perusahaan Sanrio pada 1974. Nama lengkapnya adalah ­Kitty White. Ia adalah karakter kucing berwarna putih asal Inggris, putri dari George dan Mary serta memiliki saudara kembar bernama Minny White. Pakaian yang dikenakannya biasa berganti-ganti. Namun, pakaian berwana merah yang paling melekat dengan dengan identitas Hello Kitty.<br><br>Hello Kitty masih karakter yang paling diminati karena kelucuannya. Di antara banyak karakter kawaii (istilah Jepang untuk cute) yang sudah mulai meredup popularitasnya, Hello Kitty masih tetap populer dari generasi ke generasi. Fans mengatakan, kelucuan Hello Kitty tidak didapati di bentuk karakter lain. <br><br>“Saya pikir dia sangat lucu,” kata Marie Moss, salah salah satu kolektor Hello Kitty sejak masih remaja. <br>Lulu Von Elm (19) ­menyukai Hello Kitty karena bentuknya yang simpel. <br><br>“Dia sangat simpel, tidak punya mulut,” ujar Von Elm yang sudah mengoleksi Hello Kitty sejak berusia enam tahun.<br>Hello Kitty adalah alat pemasaran. Ia bukan hanya film atau karakter televisi. Ia telah membuat pendiri Sanrio, Shintaro Tsujii, menjadi jutawan. <br><br></div>
<br />
Sumber : Inquisitr/Scmp
			</div><!-- /entry-content -->
<br />
 
		
		<div class="entry-tags">
		
		
					
		
		

		</div>
		
			<script>
		var load = false;
		window.onload = function(){
			if(!load) {
	 
				wmark.init({
					/* config goes here */
					"position": "top-left", // default "bottom-right"
					"opacity": 0, // default 50
					"className": "watermark", // default "watermark"
					"path": "../../../images/watermark.png"
				});
			
				load = true;
			}
		}
	</script>
		
		
						<div id="comments">
	
 
<fb:comments href="sinarharapan.co/news/read/141031018/rss.xml" num_posts="5" width="null"></fb:comments>

  
						
</div><!-- /comments -->	
 
	
</article><!-- /post-38 -->


<!--Terkait-->

<div class="entry-author">

	<h3 class="title">
    Berita Lain
    </h3>

	    
    <div class="gaysh">
		<img alt='' src='http://www.sinarharapan.co/sh_img/14/09/10/s/140910009KompetisiAnimasi.jpg'/>				
	</div>

<!-- /author-avatar -->		

	<div class="author-description" style="width: 70%; float:left; margin:0px 10px 10px 10px;">	
				
		<a href="http://www.sinarharapan.co/news/read/140910009/animasi-3d-mahasiswa-indonesia-menjadi-karya-terbaik-span-span-" style="font-weight:bold;" rel="author">
			<span class="gayshtitle">Animasi 3D Mahasiswa Indonesia Menjadi
Karya Terbaik
<span>
</span></span>
			<span class="meta-nav">&rarr;</span>	
		</a>
		<br />
		<span class="gayshtext"><span>
</span>
Universitas Budi Luhur terpilih untuk
mewakili Indonesia di ajang Asia.
<span>
</span</span>
 
 	</div>

<!-- /author-description -->

	<div style="clear:both;"></div>
	    
    <div class="gaysh">
		<img alt='' src='http://www.sinarharapan.co/sh_img/14/08/01/s/140801048AndySerkis-20th Century Fox -Joe Lederer-.jpg'/>				
	</div>

<!-- /author-avatar -->		

	<div class="author-description" style="width: 70%; float:left; margin:0px 10px 10px 10px;">	
				
		<a href="http://www.sinarharapan.co/news/read/140801048/andy-serkis-sang-maestro-monster" style="font-weight:bold;" rel="author">
			<span class="gayshtitle">Andy Serkis, Sang Maestro Monster</span>
			<span class="meta-nav">&rarr;</span>	
		</a>
		<br />
		<span class="gayshtext">Tak ada aktor semenonjol Serkis yang&nbsp;memerankan karakter-karakter &quot;avatar&quot;.</span>
 
 	</div>

<!-- /author-description -->

	<div style="clear:both;"></div>
	    
    <div class="gaysh">
		<img alt='' src='http://sinarharapan.co/foto_berita/headline/headline_93GuntingKuku-MirrorNews.jpg'/>				
	</div>

<!-- /author-avatar -->		

	<div class="author-description" style="width: 70%; float:left; margin:0px 10px 10px 10px;">	
				
		<a href="http://www.sinarharapan.co/news/read/140722049/gunting-kuku-ini-seharga-rp-20-m" style="font-weight:bold;" rel="author">
			<span class="gayshtitle">Gunting Kuku Ini Seharga Rp 20 M</span>
			<span class="meta-nav">&rarr;</span>	
		</a>
		<br />
		<span class="gayshtext">Sebuah perusahaan mengelurkan gunting kuku bertahtakan berlian untuk kado buat Pangeran George.</span>
 
 	</div>

<!-- /author-description -->

	<div style="clear:both;"></div>
	    
    <div class="gaysh">
		<img alt='' src='http://www.sinarharapan.co/sh_img/14/06/24/s/140624059240614-Philadelphia.jpg'/>				
	</div>

<!-- /author-avatar -->		

	<div class="author-description" style="width: 70%; float:left; margin:0px 10px 10px 10px;">	
				
		<a href="http://www.sinarharapan.co/news/read/140624062/Philadelphia-Kota-Cinta-span-span-" style="font-weight:bold;" rel="author">
			<span class="gayshtitle">Philadelphia:
Kota Cinta
<span>
</span></span>
			<span class="meta-nav">&rarr;</span>	
		</a>
		<br />
		<span class="gayshtext"><span>
</span>
Semoga
Jakarta yang baru berulang tahun pada 22 Juni, bisa lebih manusiawi
dan penuh </span>
 
 	</div>

<!-- /author-description -->

	<div style="clear:both;"></div>
	    
    <div class="gaysh">
		<img alt='' src='http://www.sinarharapan.co/sh_img/14/06/13/s/140613046130614 Foto HL.jpg'/>				
	</div>

<!-- /author-avatar -->		

	<div class="author-description" style="width: 70%; float:left; margin:0px 10px 10px 10px;">	
				
		<a href="http://www.sinarharapan.co/news/read/140613050/Saatnya-Hiccup-dan-Toothless-Memimpin" style="font-weight:bold;" rel="author">
			<span class="gayshtitle">Saatnya
Hiccup dan Toothless Memimpin</span>
			<span class="meta-nav">&rarr;</span>	
		</a>
		<br />
		<span class="gayshtext">Menghibur
dan lucu tanpa meninggalkan pesan kemanusiaan dan moral.</span>
 
 	</div>

<!-- /author-description -->

	<div style="clear:both;"></div>
					

</div><!--entry-author-->
		
	
<!--End Terkait-->		
		
				

 				
		
				
	</div><!-- /content -->
	
</section><!-- /primary -->
<style>

.containerz {

		width:300px;

	margin-bottom:2px;

	}

	.bammerembed{

	margin-bottom:0px;width:270px;

	}

.bannerz {

	margin-bottom:0px;

	float:left;

	height:100%;

	width:300px;

	}

.smbu a{color:#fff;}

.smbu a:hover{color:#f97575;}

#canon1 {

	visibility:visible;

	width:0px;

	margin-left:auto;

	margin-right:auto;

	}

#canon2 {

	visibility:hidden;

	margin-top:-40px;

	}



/* 7. MEDIA QUERIES

=============================== */



/* 7.1. Desktops

============================= */

@media only screen and (min-width: 1024px) and (max-width: 1259px) {

#canon1 {

	visibility:hidden;

	margin-top:-20px;

	}

	

#canon2 {

	visibility:visible;

	width:0px;

	margin-left:auto;

	margin-right:auto;

	}

}



/* 7.1. Tablet Portrait (devices and browsers)

========================================== */

@media only screen and (min-width: 660px) and (max-width: 1023px) {

.bannerz {

	width:300px;

	margin-right:20px;

	}

.containerz {

	margin-bottom:0px;

	margin-top:0px

	}

		.bammerembed{

	margin-bottom:0px;width:300px;

	}

}



/* 7.2. Mobile Landscape Size to Tablet Portrait (devices and browsers)

==================================================================== */

@media only screen and (min-width: 480px) and (max-width: 659px) {

.bannerz {

	width:220px;

	margin-right:0px;

	}

		.bammerembed{

	margin-bottom:0px;width:220px;

	}

}

/* 7.3. Mobile Portrait Size to Mobile Landscape Size (devices and browsers)

====================================================================== */

@media only screen and (max-width: 479px) {



}

</style>



<div id="left-sidebar" class="sidebar">



	<!--// CONTAINER --><div class="containerz">



			<!-- BANNER --><div class="bannerz">

 
							<embed src="http://sinarharapan.co/foto_banner/sosial_servis.swf"quality="high" pluginspage="http://www.mabblomedia.com/go/getflashplayer" type="application/x-shockwave-flash" width="300" height="250"></embed>

							
							

							 

	  	

			<!--ENDBANNER--></div>



			<!-- BANNER --><div class="bannerz">

	 						
							<embed src="http://sinarharapan.co/foto_banner/270x213.swf"quality="high" pluginspage="http://www.mabblomedia.com/go/getflashplayer" type="application/x-shockwave-flash" width="300" height="300"></embed>

							
	 

			<!--ENDBANNER--></div>

							<div style="clear:both; margin-bottom:10px;"></div>

	<!--ENDCONTAINER--></div>


	

<aside id="wellthemes_recent_comments_widget-2" class="widget widget_comments"><h3 style="background:none;background-color: #359BED;"><span class="smbu"><a href="http://www.sinarharapan.co/news/tajuk">Editorial - Opini</a></span></h3>       	    

<ul>    

                                 

                                   <li><a href="http://www.sinarharapan.co/news/read/151228064/contoh-baik-pejabat-negara">

								   <div  class="sh-fig-cont square" style="float:ledt;">

 <img alt='' src='http://www.sinarharapan.co/sh_img/15/12/28/s/151228024dirjen-perhubungan-daratjNqVB.jpg'  width=100  />

</div>

 <div class="main-post"  >

								<div class="comment-author">

									

								<h4> Contoh Baik Pejabat Negara</h4></div>

								<div class="comment-text">

									Dampak dari kemacetan panjang di berbagai ruas jalan tol maupun ruas arteri, membuat Direktur Jenderal Perhubungan Darat Kementerian Perhubungan, Djoko Sasono mengundurkan diri karena merasa gagal mengendalikan kemacetan saat liburan Natal
								</div>

							 

							</div></a>

						</li>

                                

                                   <li><a href="http://www.sinarharapan.co/news/read/151228063/senjakala-politik-komisi-antirasuah-">

								   <div  class="sh-fig-cont square" style="float:ledt;">

 <img alt='' src='http://www.sinarharapan.co/sh_img/15/12/28/s/151228023image.jpg'  width=100  />

</div>

 <div class="main-post"  >

								<div class="comment-author">

									

								<h4> Senjakala Politik Komisi Antirasuah </h4></div>

								<div class="comment-text">

									Keputusan mayoritas fraksi di DPR untuk merevisi UU KPK. Politikus Senayan untuk mengebiri kekuatan legal yuridis KPK
								</div>

							 

							</div></a>

						</li>

                                

                                   <li><a href="http://www.sinarharapan.co/news/read/151218185/kasus-novanto-jadi-pintu-masuk-">

								   <div  class="sh-fig-cont square" style="float:ledt;">

 <img alt='' src='http://www.sinarharapan.co/sh_img/15/12/18/s/151218028antarafoto-presiden-lantik-kepala-bpkp-130315-aw-3.jpg'  width=100  />

</div>

 <div class="main-post"  >

								<div class="comment-author">

									

								<h4> Kasus Novanto Jadi Pintu Masuk </h4></div>

								<div class="comment-text">

									Setya Novanto akhirnya  mengundurkan diri setelah tekanan publik yang sangat kencang
								</div>

							 

							</div></a>

						</li>

                                

                                   <li><a href="http://www.sinarharapan.co/news/read/151218184/donald-trump-ormas-intoleran-dan-nkri">

								   <div  class="sh-fig-cont square" style="float:ledt;">

 <img alt='' src='http://www.sinarharapan.co/sh_img/15/12/18/s/1512180272118341rts6wr2780x390.jpg'  width=100  />

</div>

 <div class="main-post"  >

								<div class="comment-author">

									

								<h4> Donald Trump, Ormas Intoleran, dan NKRI</h4></div>

								<div class="comment-text">

									Trump menyerukan saran untuk melarang muslim masuk AS
								</div>

							 

							</div></a>

						</li>

                                

                                   <li><a href="http://www.sinarharapan.co/news/read/151217057/masih-bersama-ekonomi-utang">

								   <div  class="sh-fig-cont square" style="float:ledt;">

 <img alt='' src='http://www.sinarharapan.co/sh_img/15/12/17/s/151217054Utang-luar-negeri.jpg'  width=100  />

</div>

 <div class="main-post"  >

								<div class="comment-author">

									

								<h4> Masih Bersama Ekonomi Utang</h4></div>

								<div class="comment-text">

									Rasio pembayaran pokok dan bunga atas utang jangka panjang serta pembayaran bunga atas utang jangka pendek atau debt service ratio (DSR) triwulan naik
								</div>

							 

							</div></a>

						</li>


 

                    </ul>

		

	   </aside> 





		

<aside  class="widget widget_comments">

		

		<h3>Kolom</h3>		

		

<style>

.kolomx.img {

	width:300px;

	}

.kolomx2 {

	

	}

.kolomx3 {

	}

.clear {

	clear:both;

	}



/* 7. MEDIA QUERIES

=============================== */



/* 7.1. Desktops

============================= */

@media only screen and (min-width: 1024px) and (max-width: 1259px) {



}



/* 7.1. Tablet Portrait (devices and browsers)

========================================== */

@media only screen and (min-width: 660px) and (max-width: 1023px) {

.kolomx {



	}

.kolomx2 {



	}

.kolomx3 {

	}

}



/* 7.2. Mobile Landscape Size to Tablet Portrait (devices and browsers)

==================================================================== */

@media only screen and (min-width: 480px) and (max-width: 659px) {



}

/* 7.3. Mobile Portrait Size to Mobile Landscape Size (devices and browsers)

====================================================================== */

@media only screen and (max-width: 479px) {



}

</style>		



<!-- //POPULER -->

<div>

																								

  	

<!-- PODIUM -->

<div class="kolomx">

  	 

	<a href="http://www.sinarharapan.co/kolom/podium"  target="_blank"   title="Masih Bersama Ekonomi Utang" rel="bookmark">



							 													 

<img  src="http://www.sinarharapan.co/images/podium-rev.jpg" alt="" width="300" />

  	</a> 

</div>										

	 

			



 <div class="kolomx">

<div class="live-tile2"   >

							 

	<a href="http://www.sinarharapan.co/kolom/harapanjaya"  target="_blank"   rel="bookmark" title="Harapan Jaya Suprana" rel="bookmark">				

	<img  src="http://www.sinarharapan.co/assets/kolom/images/harapan.jpg"  width="300" alt="" />

  	</a>

								<div><!-- back tile --></div>

		  </div>

</div>	  	 

	

 

  <div class="kolomx">

<div class="live-tile2"   >

							 

	<a href="http://www.sinarharapan.co/kolom/ziarah"  target="_blank"   rel="bookmark" title="ZIARAH" rel="bookmark">				

	<img  src="http://www.sinarharapan.co/assets/kolom/images/ziarah.jpg"  width="300"  alt="" />

  	</a>

								<div><!-- back tile --></div>

		  </div>

</div>	  	 

	

	

  

<div class="clear">




























 







</div>

<!-- /tiles -->





<!-- //POPULER -->

				

				



		

	   </aside>

	 <br />  

<aside id="wellthemes_recent_comments_widget-2" class="widget widget_comments"><h3 style="background:none;background-color: #359BED;"><span class="smbu"><a href="http://www.sinarharapan.co/news/sabda">SABDA</a></span></h3>       

	    



 <div class="kolomx">

<div class="live-tile2"   >

							 

	<a href="http://www.sinarharapan.co/news/sabda"    rel="bookmark" title="SABDA" rel="bookmark">				

	<img  src="http://www.sinarharapan.co/assets/kolom/images/sabda.jpg"  width="300"   alt="" />

  	</a>

								<div><!-- back tile --></div>

		  </div>

</div>	      



 
	   </aside> 



	   

<aside id="wellthemes_popular_posts_widget-2" class="widget widget_popular_posts" ><h3>Popular Posts</h3> 

<!-- POPULER -->

 	

 
 



</aside>       







        

</div><!-- /sidebar -->



<div id="right-sidebar" class="sidebar">
<div class="banneradx">
<iframe id='ac1d2323' name='ac1d2323' src='http://a01.u-ad.info/page/Frame.php?zoneid=3692&amp;cb= 1484535187frameborder='0' scrolling='no' width='300' height='250'><a href='http://a01.u-ad.info/page/Click.php?n=ae3e555b&amp;cb= 1484535187target='_blank'><img src='http://a01.u-ad.info/page/View.php?zoneid=3692&amp;cb= 1484535187&amp;n=ae3e555b' border='0' alt='' /></a></iframe>
</div> 

<a href="http://www.ojk.go.id" target="_blank">
 <img   src='http://sinarharapan.co/banners/ojk_banner_online.jpg' border='0'  width='300'  height=250> 
 </a>
<div style="height:20px;"></div>
		<embed src="http://sinarharapan.co/banners/mendamba idola.swf"quality="high" pluginspage="http://www.mabblomedia.com/go/getflashplayer" type="application/x-shockwave-flash" width="300" height="300"></embed>

<div style="height:20px;"></div>

<div id="fb-root"></div><script>(function(d, s, id) {  var js, fjs = d.getElementsByTagName(s)[0];  if (d.getElementById(id)) return;  js = d.createElement(s); js.id = id;  js.src = "//connect.facebook.net/en_US/sdk.js#xfbml=1&version=v2.3";  fjs.parentNode.insertBefore(js, fjs);}(document, 'script', 'facebook-jssdk'));</script>

<div style="width:300px">
<div class="fb-post" data-href="https://www.facebook.com/permalink.php?story_fbid=1106808179331499&amp;id=227467513932241&amp;substory_index=0" data-width="300"><div class="fb-xfbml-parse-ignore">

<blockquote cite="https://www.facebook.com/227467513932241/photos/a.296526710359654.85305.227467513932241/1106808179331499/?type=3"><p>Lubang resapan biopori merupakan rongga di dalam atau permukaan tanah yang terbentuk secara alami maupun buatan....</p>Posted by <a href="https://www.facebook.com/Sinar-Harapan-227467513932241/">Sinar Harapan</a> on&nbsp;<a href="https://www.facebook.com/227467513932241/photos/a.296526710359654.85305.227467513932241/1106808179331499/?type=3">Monday, November 2, 2015</a></blockquote></div></div>
</div>
  
<aside id="tag_cloud-2" class="widget widget_tag_cloud" style="margin-bottom:0px; padding-bottom:0px;">

<h3 style="background:#ef5030;float:left;width:100%;margin:0px;">   INFOGRAFIS <img src="http://sinarharapan.co/images/l_infografis.png" style="float:right; width:10%;margin-right:20px;" /></h3> 

<a href="http://sinarharapan.co/infografis" target="_blank">

 <div  >

 <img src='http://sinarharapan.co/img_album/F13151218-GoogleDriverless.jpg' width='100%' />

 <div style='color:#fff; background:#1f1f1f; padding:0px; padding-top:5px;padding-bottom:5px; ;margin-top:-10px;'>

 <div margin:5px;>Mobil Tanpa Pengemudi</div></div>

  

</a>

</div>



 

</aside>



  <iframe width="265" style="border:none; padding:0 0; margin-top:10px;margin-bottom:10px;  border:1px solid #ccc;  " height="485" src="http://sinarharapan.co/epaper/terkini/" scrolling="no"></iframe>

  



  

<aside id="tag_cloud-2" class="foto widget_tag_cloud" style="margin-bottom:0px;"><h3>   DIAFRAGMA </h3>

<a href="http://sinarharapan.co/diafragma" target="_blank">

 <div style="width:300px; background:#ccc; margin-bottom:10px; margin-top:-15px;">

 <img src='http://sinarharapan.co/img_album/F21KunjunganMenhukam.jpg' />

 <div style='color:#fff; background:#1f1f1f; padding:0px; padding-top:5px;padding-bottom:5px; ;margin-top:-10px;'>

 <div margin:5px;>Mereka yang Berdiskusi dengan Kami</div></div>

  

</a>

</div>



 

</aside>









  







<aside id="tag_cloud-2" class="widget widget_tag_cloud" style="margin-bottom:0px;"><h3>KARIKATUR</h3>

<a href="http://www.sinarharapan.co/karikatur" target="_blank">

 <div style="width:300px; margin-bottom:10px; margin-top:-15px;">

 <img src='http://sinarharapan.co/img_album/F74031215-Karikatur-Pram-Mogok.jpg' /> 

 

</a>

</div>



</aside>



<aside id="wellthemes_recent_comments_widget-2" class="widget widget_comments"><h3 class="red">VIVERE PERICOLOSO</h3>       	    <ul>

                                

  


<li>

							 <div class=" ">

								<div class="comment-author"><h4>Banyak calon asal pusat kalah di pilkada.</h4></div>

								<div class="comment-text">

									<a><i>Ketenaran bukan jaminan kemenangan.</i></a>

								</div> 

							</div>

						</li>






<li>

							 <div class=" ">

								<div class="comment-author"><h4>Setya Novanto akan polisikan Menteri Sudirman.</h4></div>

								<div class="comment-text">

									<a><i>Seperti film, ada sekuelnya.</i></a>

								</div> 

							</div>

						</li>






<li>

							 <div class=" ">

								<div class="comment-author"><h4> Lagi, WNA pelaku cyber crime ditangkap.</h4></div>

								<div class="comment-text">

									<a><i>Ingat, tak semua WNA itu datangkan devisa.</i></a>

								</div> 

							</div>

						</li>



 

 	 

                    </ul>

		

	   </aside>



	   

	   

	   

<aside id="wellthemes_recent_posts_widget-2" class="widget widget_tile_posts">

 
 


  </aside>





<!--

<aside id="tag_cloud-2" class="widget widget_tag_cloud"><h3>TAG</h3><div class="tagcloud">

<a href='http://www.sinarharapan.co/news/tag/hello kitty' class='tag-link-27' title='hello kitty' style='font-size: 8pt;'>hello kitty</a> <a href='http://www.sinarharapan.co/news/tag/ulang tahun' class='tag-link-27' title='ulang tahun' style='font-size: 8pt;'>ulang tahun</a> <a href='http://www.sinarharapan.co/news/tag/animasi' class='tag-link-27' title='animasi' style='font-size: 8pt;'>animasi</a>
 </div>

</aside>

-->





<aside id="wellthemes_social_widget-2" class="widget widget_social"><h3>Sinar Harapan Social Media</h3>           <ul>

		   				<li class="twitter">

				<a href="https://twitter.com/sinar_harapan" target="_blank" title="Follow us on twitter">Follow us on Twitter</a>

				</li>

							<li class="facebook">

				<a href="https://www.facebook.com/pages/Sinar-Harapan/227467513932241" target="_blank" title="Like us on Facebook">Like us on Facebook</a>

				</li>

							<li class="contact">

				<a href="mailto:redaksi@sinarharapan.co.id" target="_top" title="Contact us">Contact us</a>

				</li>

						

		   </ul>

        </aside>

        
  

		

</div><!-- /sidebar -->



</aside>

		

	</div><!-- /main -->

﻿			<div style="width:728px; margin:0 auto;">		 
		<iframe id='ac98a250' name='ac98a250' src='http://a01.u-ad.info/page/Frame.php?zoneid=3690&amp;cb= 1484535187frameborder='0' scrolling='no' width='728' height='90'><a href='http://a01.u-ad.info/page/Click.php?n=a75a09f3&amp;cb= 1484535187target='_blank'><img src='http://a01.u-ad.info/page/View.php?zoneid=3690&amp;cb= 1484535187&amp;n=a75a09f3' border='0' alt='' /></a></iframe>		</div>
						
						
       
	<footer id="footer" role="contentinfo">
		
	  
	  <div style="text-align:center; font-size:12px;">
	    <p>&nbsp;</p>
	    <p>&nbsp;</p>
	    <p><a href="http://www.sinarharapan.co/news/about">Tentang Kami | </a><a href="http://shnews.co/adsbanner.php?download_file=agenberlangganan.pdf">Agen Berlangganan (Unduh PDF)</a> | <a href="http://www.sinarharapan.co/news/HariIni">Berita Hari Ini</a></p>
	  </div>
	  <div style="background-color:#333; color:#FFF; padding:15px; text-align:center; font-size:11px;">©2013 Sinar Harapan Online
	  
	  					<div class="row" id="subscribe-update">
					
						<form>
								<input type="text" name="email" id="email-address" value="mail@domain.com" class="emailfiledsubcribe">
								<input type="hidden" name="token" id="token" value="367a8149190fb6ce8e50ad7edf19ccbe">
								<a  type="button"  href="#" id="subcribe" class="submit btn"  value="Subcribe">Subcribe</a >
							</form>
			 
					</div>
	  
	  
	  </div>
            
		
	</footer><!-- /footer -->
 	
  </div><!-- /footer widgets -->

  </div> <!--/foote-info -->
   
     <script async src="//"></script>
<!-- shg01 -->


  <script type="text/javascript" src="http://sinarharapan.co/js/subcribe.js"></script>
 <!-- // BANNER SPLASH  -->
	  <script type="text/javascript">
 
  function closebanner()
  {
  jQuery("#addsSplash").hide();
  }
</script>
   <!-- // BANNER SPLASH-->

   

  <script type="text/javascript">

  (function(i,s,o,g,r,a,m){i['GoogleAnalyticsObject']=r;i[r]=i[r]||function(){
  (i[r].q=i[r].q||[]).push(arguments)},i[r].l=1*new Date();a=s.createElement(o),
  m=s.getElementsByTagName(o)[0];a.async=1;a.src=g;m.parentNode.insertBefore(a,m)
  })(window,document,'script','//www.google-analytics.com/analytics.js','ga');

  ga('create', 'UA-35973754-5', 'sinarharapan.co');
  ga('send', 'pageview');

  </script>
 
 
</body>
</html>