<?xml version="1.0" encoding="utf-8"?>
<?xml-stylesheet href="/xsl/rss.xsl" type="text/xsl"?>
<rss version="2.0" xmlns:content="http://purl.org/rss/1.0/modules/content/" xmlns:dc="http://purl.org/dc/elements/1.1/" xmlns:dcterms="http://purl.org/dc/terms/" xmlns:itunes="http://www.itunes.com/dtds/podcast-1.0.dtd" xmlns:wfw="http://wellformedweb.org/CommentAPI/" xmlns:atom="http://www.w3.org/2005/Atom">
  <channel>
    <title>DJ GSP's podcast</title>
    <link>http://djgsp.podomatic.com</link>
    <description>OFFICIAL WEBSITE: http://www.djgsp.com
FACEBOOK FAN PAGE:  
PODCAST: http://djgsp.podomatic.com 
SOUNDCLOUD: https://soundcloud.com/gsp-814592702
HEARTTHIS: https://hearthis.at/djgsp/
LEGITMIX: http://legitmix.com/discovery/remixer/58435/GSP
MIXCLOUD: 
http://www.mixcloud.com/georgespiliopoulos/ 
BEATPORT: http://www.beatport.com/artist/gsp/326045
YOUTUBE CHANNEL: http://www.youtube.com/djgsp</description>
    <language>en-us</language>
    <generator>podOmatic RSS Generator</generator>
    <pubDate>Sun, 15 Jan 2017 08:32:21 +0000</pubDate>
    <itunes:keywords>dj,gsp,george,spiliopoulos,greece,athens,house,progressive,london,fire,area,gravity,xlsior,mykonos,beyond</itunes:keywords>
    <itunes:subtitle></itunes:subtitle>
    <itunes:explicit>clean</itunes:explicit>
    <itunes:block>no</itunes:block>
    <itunes:image href="https://assets.podomatic.net/ts/ab/0a/12/djgsp18/pro/1400x1400_10881549.jpg"/>
    <itunes:author>DJ GSP</itunes:author>
    <itunes:summary>OFFICIAL WEBSITE: http://www.djgsp.com
FACEBOOK FAN PAGE:  
PODCAST: http://djgsp.podomatic.com 
SOUNDCLOUD: https://soundcloud.com/gsp-814592702
HEARTTHIS: https://hearthis.at/djgsp/
LEGITMIX: http://legitmix.com/discovery/remixer/58435/GSP
MIXCLOUD: 
http://www.mixcloud.com/georgespiliopoulos/ 
BEATPORT: http://www.beatport.com/artist/gsp/326045
YOUTUBE CHANNEL: http://www.youtube.com/djgsp</itunes:summary>
    <itunes:category text="Music"/>
    <atom:link href="http://djgsp.podomatic.com/rss2.xml" rel="self" type="application/rss+xml"/>
    <item>
      <title>WE NYF 2016 by GSP</title>
      <description>&lt;img src=&quot;http://assets.podomatic.net/ts/ab/0a/12/djgsp18/1400x1400_11812851.jpg&quot; alt=&quot;itunes pic&quot; /&gt;&lt;br /&gt;</description>
      <guid isPermaLink="true">http://djgsp.podomatic.com/entry/2016-11-23T16_09_50-08_00</guid>
      <comments>https://www.podomatic.com/podcasts/djgsp/episodes/2016-11-23T16_09_50-08_00</comments>
      <pubDate>Thu, 24 Nov 2016 00:09:50 +0000</pubDate>
      <dcterms:modified>2016-11-24</dcterms:modified>
      <dcterms:created>2016-11-24</dcterms:created>
      <link>https://www.podomatic.com/podcasts/djgsp/episodes/2016-11-23T16_09_50-08_00</link>
      <dc:creator>DJ GSP</dc:creator>
      <itunes:keywords></itunes:keywords>
      <enclosure url="http://djgsp.podomatic.com/enclosure/2016-11-23T16_09_50-08_00.mp3" length="189413940" type="audio/mpeg"/>
      <itunes:duration>4735</itunes:duration>
      <itunes:image href="http://assets.podomatic.net/ts/ab/0a/12/djgsp18/1400x1400_11812851.jpg"/>
      <itunes:explicit>no</itunes:explicit>
      <itunes:summary></itunes:summary>
      <itunes:subtitle></itunes:subtitle>
    </item>
    <item>
      <title>White Sunset by Palace - White Party Week Miami 2016 by GSP</title>
      <description>&lt;img src=&quot;http://assets.podomatic.net/ts/ab/0a/12/djgsp18/1400x1400_11763365.jpg&quot; alt=&quot;itunes pic&quot; /&gt;&lt;br /&gt;</description>
      <guid isPermaLink="true">http://djgsp.podomatic.com/entry/2016-10-30T17_38_41-07_00</guid>
      <comments>https://www.podomatic.com/podcasts/djgsp/episodes/2016-10-30T17_38_41-07_00</comments>
      <pubDate>Mon, 31 Oct 2016 00:38:41 +0000</pubDate>
      <dcterms:modified>2016-10-31</dcterms:modified>
      <dcterms:created>2016-10-31</dcterms:created>
      <link>https://www.podomatic.com/podcasts/djgsp/episodes/2016-10-30T17_38_41-07_00</link>
      <dc:creator>DJ GSP</dc:creator>
      <itunes:keywords></itunes:keywords>
      <enclosure url="http://djgsp.podomatic.com/enclosure/2016-10-30T17_38_41-07_00.mp3" length="163125393" type="audio/mpeg"/>
      <itunes:duration>4078</itunes:duration>
      <itunes:image href="http://assets.podomatic.net/ts/ab/0a/12/djgsp18/1400x1400_11763365.jpg"/>
      <itunes:explicit>no</itunes:explicit>
      <itunes:summary></itunes:summary>
      <itunes:subtitle></itunes:subtitle>
    </item>
    <item>
      <title>Feel Alive Halloween Set by GSP</title>
      <description>&lt;img src=&quot;http://assets.podomatic.net/ts/ab/0a/12/djgsp18/1400x1400_11729475.jpg&quot; alt=&quot;itunes pic&quot; /&gt;&lt;br /&gt;</description>
      <guid isPermaLink="true">http://djgsp.podomatic.com/entry/2016-10-09T10_30_52-07_00</guid>
      <comments>https://www.podomatic.com/podcasts/djgsp/episodes/2016-10-09T10_30_52-07_00</comments>
      <pubDate>Sun, 09 Oct 2016 17:30:52 +0000</pubDate>
      <dcterms:modified>2016-10-23</dcterms:modified>
      <dcterms:created>2016-10-13</dcterms:created>
      <link>https://www.podomatic.com/podcasts/djgsp/episodes/2016-10-09T10_30_52-07_00</link>
      <dc:creator>DJ GSP</dc:creator>
      <itunes:keywords></itunes:keywords>
      <enclosure url="http://djgsp.podomatic.com/enclosure/2016-10-09T10_30_52-07_00.mp3" length="173371631" type="audio/mpeg"/>
      <itunes:duration>4334</itunes:duration>
      <itunes:image href="http://assets.podomatic.net/ts/ab/0a/12/djgsp18/1400x1400_11729475.jpg"/>
      <itunes:explicit>no</itunes:explicit>
      <itunes:summary></itunes:summary>
      <itunes:subtitle></itunes:subtitle>
    </item>
    <item>
      <title>WE OLYMPIC GAMES by GSP</title>
      <description>&lt;img src=&quot;http://assets.podomatic.net/ts/ab/0a/12/djgsp18/1400x1400_11631586.jpg&quot; alt=&quot;itunes pic&quot; /&gt;&lt;br /&gt;</description>
      <guid isPermaLink="true">http://djgsp.podomatic.com/entry/2016-08-27T13_05_00-07_00</guid>
      <comments>https://www.podomatic.com/podcasts/djgsp/episodes/2016-08-27T13_05_00-07_00</comments>
      <pubDate>Sat, 27 Aug 2016 20:05:00 +0000</pubDate>
      <dcterms:modified>2016-10-23</dcterms:modified>
      <dcterms:created>2016-08-27</dcterms:created>
      <link>https://www.podomatic.com/podcasts/djgsp/episodes/2016-08-27T13_05_00-07_00</link>
      <dc:creator>DJ GSP</dc:creator>
      <itunes:keywords></itunes:keywords>
      <enclosure url="http://djgsp.podomatic.com/enclosure/2016-08-27T13_05_00-07_00.mp3" length="164072035" type="audio/mpeg"/>
      <itunes:duration>4101</itunes:duration>
      <itunes:image href="http://assets.podomatic.net/ts/ab/0a/12/djgsp18/1400x1400_11631586.jpg"/>
      <itunes:explicit>no</itunes:explicit>
      <itunes:summary></itunes:summary>
      <itunes:subtitle></itunes:subtitle>
    </item>
    <item>
      <title>XLSIOR Official Podcast 2016 by GSP</title>
      <description>&lt;img src=&quot;http://assets.podomatic.net/ts/ab/0a/12/djgsp18/1400x1400_11599955.jpg&quot; alt=&quot;itunes pic&quot; /&gt;&lt;br /&gt;</description>
      <guid isPermaLink="true">http://djgsp.podomatic.com/entry/2016-08-10T10_00_49-07_00</guid>
      <comments>https://www.podomatic.com/podcasts/djgsp/episodes/2016-08-10T10_00_49-07_00</comments>
      <pubDate>Wed, 10 Aug 2016 17:00:49 +0000</pubDate>
      <dcterms:modified>2016-10-23</dcterms:modified>
      <dcterms:created>2016-08-27</dcterms:created>
      <link>https://www.podomatic.com/podcasts/djgsp/episodes/2016-08-10T10_00_49-07_00</link>
      <dc:creator>DJ GSP</dc:creator>
      <itunes:keywords></itunes:keywords>
      <enclosure url="http://djgsp.podomatic.com/enclosure/2016-08-10T10_00_49-07_00.mp3" length="152782538" type="audio/mpeg"/>
      <itunes:duration>6365</itunes:duration>
      <itunes:image href="http://assets.podomatic.net/ts/ab/0a/12/djgsp18/1400x1400_11599955.jpg"/>
      <itunes:explicit>no</itunes:explicit>
      <itunes:summary></itunes:summary>
      <itunes:subtitle></itunes:subtitle>
    </item>
    <item>
      <title>Prism Festival Toronto by GSP</title>
      <description>&lt;img src=&quot;http://assets.podomatic.net/ts/ab/0a/12/djgsp18/1400x1400_11519978.jpg&quot; alt=&quot;itunes pic&quot; /&gt;&lt;br /&gt;</description>
      <guid isPermaLink="true">http://djgsp.podomatic.com/entry/2016-06-29T08_32_49-07_00</guid>
      <comments>https://www.podomatic.com/podcasts/djgsp/episodes/2016-06-29T08_32_49-07_00</comments>
      <pubDate>Wed, 29 Jun 2016 15:32:49 +0000</pubDate>
      <dcterms:modified>2016-10-23</dcterms:modified>
      <dcterms:created>2016-06-29</dcterms:created>
      <link>https://www.podomatic.com/podcasts/djgsp/episodes/2016-06-29T08_32_49-07_00</link>
      <dc:creator>DJ GSP</dc:creator>
      <itunes:keywords></itunes:keywords>
      <enclosure url="http://djgsp.podomatic.com/enclosure/2016-06-29T08_32_49-07_00.mp3" length="182438204" type="audio/mpeg"/>
      <itunes:duration>4561</itunes:duration>
      <itunes:image href="http://assets.podomatic.net/ts/ab/0a/12/djgsp18/1400x1400_11519978.jpg"/>
      <itunes:explicit>no</itunes:explicit>
      <itunes:summary></itunes:summary>
      <itunes:subtitle></itunes:subtitle>
    </item>
    <item>
      <title>UNITE MUSIC FESTIVAL Promo Podcast (San Diego Pride) by GSP</title>
      <description>&lt;img src=&quot;http://assets.podomatic.net/ts/ab/0a/12/djgsp18/1400x1400_11517403.jpg&quot; alt=&quot;itunes pic&quot; /&gt;&lt;br /&gt;</description>
      <guid isPermaLink="true">http://djgsp.podomatic.com/entry/2016-06-28T01_12_59-07_00</guid>
      <comments>https://www.podomatic.com/podcasts/djgsp/episodes/2016-06-28T01_12_59-07_00</comments>
      <pubDate>Tue, 28 Jun 2016 08:12:59 +0000</pubDate>
      <dcterms:modified>2016-10-23</dcterms:modified>
      <dcterms:created>2016-06-28</dcterms:created>
      <link>https://www.podomatic.com/podcasts/djgsp/episodes/2016-06-28T01_12_59-07_00</link>
      <dc:creator>DJ GSP</dc:creator>
      <itunes:keywords></itunes:keywords>
      <enclosure url="http://djgsp.podomatic.com/enclosure/2016-06-28T01_12_59-07_00.mp3" length="138676839" type="audio/mpeg"/>
      <itunes:duration>3467</itunes:duration>
      <itunes:image href="http://assets.podomatic.net/ts/ab/0a/12/djgsp18/1400x1400_11517403.jpg"/>
      <itunes:explicit>no</itunes:explicit>
      <itunes:summary></itunes:summary>
      <itunes:subtitle></itunes:subtitle>
    </item>
    <item>
      <title>TRADE (NYC) Exclusive Set by GSP</title>
      <description>&lt;img src=&quot;http://assets.podomatic.net/ts/ab/0a/12/djgsp18/1400x1400_11502333.jpg&quot; alt=&quot;itunes pic&quot; /&gt;&lt;br /&gt;Here is a session for TRADE Saturdays, my new residency in New York. Enjoy!</description>
      <guid isPermaLink="true">http://djgsp.podomatic.com/entry/2016-06-20T13_53_02-07_00</guid>
      <comments>https://www.podomatic.com/podcasts/djgsp/episodes/2016-06-20T13_53_02-07_00</comments>
      <pubDate>Mon, 20 Jun 2016 20:53:02 +0000</pubDate>
      <dcterms:modified>2016-10-23</dcterms:modified>
      <dcterms:created>2016-06-20</dcterms:created>
      <link>https://www.podomatic.com/podcasts/djgsp/episodes/2016-06-20T13_53_02-07_00</link>
      <dc:creator>DJ GSP</dc:creator>
      <itunes:keywords></itunes:keywords>
      <enclosure url="http://djgsp.podomatic.com/enclosure/2016-06-20T13_53_02-07_00.mp3" length="138527404" type="audio/mpeg"/>
      <itunes:duration>3462</itunes:duration>
      <itunes:image href="http://assets.podomatic.net/ts/ab/0a/12/djgsp18/1400x1400_11502333.jpg"/>
      <itunes:explicit>no</itunes:explicit>
      <itunes:summary>Here is a session for TRADE Saturdays, my new residency in New York. Enjoy!</itunes:summary>
      <itunes:subtitle>Here is a session for TRADE Saturdays, my new residency in New York. Enjoy!</itunes:subtitle>
    </item>
    <item>
      <title>RUMORS by GSP</title>
      <description>&lt;img src=&quot;http://assets.podomatic.net/ts/ab/0a/12/djgsp18/1400x1400_11446590.jpg&quot; alt=&quot;itunes pic&quot; /&gt;&lt;br /&gt;</description>
      <guid isPermaLink="true">http://djgsp.podomatic.com/entry/2016-05-24T08_40_35-07_00</guid>
      <comments>https://www.podomatic.com/podcasts/djgsp/episodes/2016-05-24T08_40_35-07_00</comments>
      <pubDate>Tue, 24 May 2016 15:40:35 +0000</pubDate>
      <dcterms:modified>2016-10-23</dcterms:modified>
      <dcterms:created>2016-05-24</dcterms:created>
      <link>https://www.podomatic.com/podcasts/djgsp/episodes/2016-05-24T08_40_35-07_00</link>
      <dc:creator>DJ GSP</dc:creator>
      <itunes:keywords></itunes:keywords>
      <enclosure url="http://djgsp.podomatic.com/enclosure/2016-05-24T08_40_35-07_00.mp3" length="130577821" type="audio/mpeg"/>
      <itunes:duration>3264</itunes:duration>
      <itunes:image href="http://assets.podomatic.net/ts/ab/0a/12/djgsp18/1400x1400_11446590.jpg"/>
      <itunes:explicit>no</itunes:explicit>
      <itunes:summary></itunes:summary>
      <itunes:subtitle></itunes:subtitle>
    </item>
    <item>
      <title>Forever Tel Aviv Pride Mix by GSP</title>
      <description>&lt;img src=&quot;http://assets.podomatic.net/ts/ab/0a/12/djgsp18/1400x1400_11433781.jpg&quot; alt=&quot;itunes pic&quot; /&gt;&lt;br /&gt;</description>
      <guid isPermaLink="true">http://djgsp.podomatic.com/entry/2016-05-18T21_20_09-07_00</guid>
      <comments>https://www.podomatic.com/podcasts/djgsp/episodes/2016-05-18T21_20_09-07_00</comments>
      <pubDate>Thu, 19 May 2016 04:20:09 +0000</pubDate>
      <dcterms:modified>2016-10-23</dcterms:modified>
      <dcterms:created>2016-05-19</dcterms:created>
      <link>https://www.podomatic.com/podcasts/djgsp/episodes/2016-05-18T21_20_09-07_00</link>
      <dc:creator>DJ GSP</dc:creator>
      <itunes:keywords></itunes:keywords>
      <enclosure url="http://djgsp.podomatic.com/enclosure/2016-05-18T21_20_09-07_00.mp3" length="167178518" type="audio/mpeg"/>
      <itunes:duration>4179</itunes:duration>
      <itunes:image href="http://assets.podomatic.net/ts/ab/0a/12/djgsp18/1400x1400_11433781.jpg"/>
      <itunes:explicit>no</itunes:explicit>
      <itunes:summary></itunes:summary>
      <itunes:subtitle></itunes:subtitle>
    </item>
    <item>
      <title>White Party Palm Springs 2016 Official Podcast by GSP</title>
      <description>&lt;img src=&quot;http://assets.podomatic.net/ts/ab/0a/12/djgsp18/1400x1400_11337720.jpg&quot; alt=&quot;itunes pic&quot; /&gt;&lt;br /&gt;</description>
      <guid isPermaLink="true">http://djgsp.podomatic.com/entry/2016-04-04T12_08_19-07_00</guid>
      <comments>https://www.podomatic.com/podcasts/djgsp/episodes/2016-04-04T12_08_19-07_00</comments>
      <pubDate>Mon, 04 Apr 2016 19:08:19 +0000</pubDate>
      <dcterms:modified>2016-10-23</dcterms:modified>
      <dcterms:created>2016-04-04</dcterms:created>
      <link>https://www.podomatic.com/podcasts/djgsp/episodes/2016-04-04T12_08_19-07_00</link>
      <dc:creator>DJ GSP</dc:creator>
      <itunes:keywords></itunes:keywords>
      <enclosure url="http://djgsp.podomatic.com/enclosure/2016-04-04T12_08_19-07_00.mp3" length="185254219" type="audio/mpeg"/>
      <itunes:duration>4631</itunes:duration>
      <itunes:image href="http://assets.podomatic.net/ts/ab/0a/12/djgsp18/1400x1400_11337720.jpg"/>
      <itunes:explicit>no</itunes:explicit>
      <itunes:summary></itunes:summary>
      <itunes:subtitle></itunes:subtitle>
    </item>
    <item>
      <title>WE Showboys by GSP</title>
      <description>&lt;img src=&quot;http://assets.podomatic.net/ts/ab/0a/12/djgsp18/1400x1400_11300302.jpg&quot; alt=&quot;itunes pic&quot; /&gt;&lt;br /&gt;</description>
      <guid isPermaLink="true">http://djgsp.podomatic.com/entry/2016-03-17T11_16_19-07_00</guid>
      <comments>https://www.podomatic.com/podcasts/djgsp/episodes/2016-03-17T11_16_19-07_00</comments>
      <pubDate>Thu, 17 Mar 2016 18:16:19 +0000</pubDate>
      <dcterms:modified>2016-10-23</dcterms:modified>
      <dcterms:created>2016-03-17</dcterms:created>
      <link>https://www.podomatic.com/podcasts/djgsp/episodes/2016-03-17T11_16_19-07_00</link>
      <dc:creator>DJ GSP</dc:creator>
      <itunes:keywords></itunes:keywords>
      <enclosure url="http://djgsp.podomatic.com/enclosure/2016-03-17T11_16_19-07_00.mp3" length="85345876" type="audio/mpeg"/>
      <itunes:duration>3556</itunes:duration>
      <itunes:image href="http://assets.podomatic.net/ts/ab/0a/12/djgsp18/1400x1400_11300302.jpg"/>
      <itunes:explicit>no</itunes:explicit>
      <itunes:summary></itunes:summary>
      <itunes:subtitle></itunes:subtitle>
    </item>
    <item>
      <title>DISTRKT C BY GSP</title>
      <description>&lt;img src=&quot;http://assets.podomatic.net/ts/ab/0a/12/djgsp18/1400x1400_11285519.jpg&quot; alt=&quot;itunes pic&quot; /&gt;&lt;br /&gt;</description>
      <guid isPermaLink="true">http://djgsp.podomatic.com/entry/2016-03-10T16_06_18-08_00</guid>
      <comments>https://www.podomatic.com/podcasts/djgsp/episodes/2016-03-10T16_06_18-08_00</comments>
      <pubDate>Fri, 11 Mar 2016 00:06:18 +0000</pubDate>
      <dcterms:modified>2016-10-23</dcterms:modified>
      <dcterms:created>2016-03-11</dcterms:created>
      <link>https://www.podomatic.com/podcasts/djgsp/episodes/2016-03-10T16_06_18-08_00</link>
      <dc:creator>DJ GSP</dc:creator>
      <itunes:keywords></itunes:keywords>
      <enclosure url="http://djgsp.podomatic.com/enclosure/2016-03-10T16_06_18-08_00.mp3" length="146880322" type="audio/mpeg"/>
      <itunes:duration>3671</itunes:duration>
      <itunes:image href="http://assets.podomatic.net/ts/ab/0a/12/djgsp18/1400x1400_11285519.jpg"/>
      <itunes:explicit>no</itunes:explicit>
      <itunes:summary></itunes:summary>
      <itunes:subtitle></itunes:subtitle>
    </item>
    <item>
      <title>WPF &amp; PALACE: ILLUMINATE MIAMI BY GSP</title>
      <description>&lt;img src=&quot;http://assets.podomatic.net/ts/ab/0a/12/djgsp18/1400x1400_11249594.jpg&quot; alt=&quot;itunes pic&quot; /&gt;&lt;br /&gt;Its a huge honour to play for WPF and PALACE in Miami and debuting in Florida! I am super excited. I present you my new promo podcast and see you there! Thank you</description>
      <guid isPermaLink="true">http://djgsp.podomatic.com/entry/2016-02-23T18_24_51-08_00</guid>
      <comments>https://www.podomatic.com/podcasts/djgsp/episodes/2016-02-23T18_24_51-08_00</comments>
      <pubDate>Wed, 24 Feb 2016 02:24:51 +0000</pubDate>
      <dcterms:modified>2016-10-23</dcterms:modified>
      <dcterms:created>2016-02-24</dcterms:created>
      <link>https://www.podomatic.com/podcasts/djgsp/episodes/2016-02-23T18_24_51-08_00</link>
      <dc:creator>DJ GSP</dc:creator>
      <itunes:keywords></itunes:keywords>
      <enclosure url="http://djgsp.podomatic.com/enclosure/2016-02-23T18_24_51-08_00.mp3" length="167324795" type="audio/mpeg"/>
      <itunes:duration>4183</itunes:duration>
      <itunes:image href="http://assets.podomatic.net/ts/ab/0a/12/djgsp18/1400x1400_11249594.jpg"/>
      <itunes:explicit>no</itunes:explicit>
      <itunes:summary>Its a huge honour to play for WPF and PALACE in Miami and debuting in Florida! I am super excited. I present you my new promo podcast and see you there! Thank you</itunes:summary>
      <itunes:subtitle>Its a huge honour to play for WPF and PALACE in Miami and debuting in Florida! I am super excited...</itunes:subtitle>
    </item>
    <item>
      <title>Carnival by GSP - The Afterhours</title>
      <description>&lt;img src=&quot;http://assets.podomatic.net/ts/ab/0a/12/djgsp18/1400x1400_11191253.jpg&quot; alt=&quot;itunes pic&quot; /&gt;&lt;br /&gt;Hello everybody. After my carnival podcast i decided to do one more. More aggressive and darker. Included many reconstructions and remixes of classics that i made and some unreleased tracks from Queen House Music. Is different from my very happy style , but doesn't miss my energy. Hope you enjoy!

Love ! &lt;3 GSP</description>
      <guid isPermaLink="true">http://djgsp.podomatic.com/entry/2016-01-28T14_07_49-08_00</guid>
      <comments>https://www.podomatic.com/podcasts/djgsp/episodes/2016-01-28T14_07_49-08_00</comments>
      <pubDate>Thu, 28 Jan 2016 22:07:49 +0000</pubDate>
      <dcterms:modified>2016-10-23</dcterms:modified>
      <dcterms:created>2016-01-28</dcterms:created>
      <link>https://www.podomatic.com/podcasts/djgsp/episodes/2016-01-28T14_07_49-08_00</link>
      <dc:creator>DJ GSP</dc:creator>
      <itunes:keywords></itunes:keywords>
      <enclosure url="http://djgsp.podomatic.com/enclosure/2016-01-28T14_07_49-08_00.mp3" length="140063215" type="audio/mpeg"/>
      <itunes:duration>4377</itunes:duration>
      <itunes:image href="http://assets.podomatic.net/ts/ab/0a/12/djgsp18/1400x1400_11191253.jpg"/>
      <itunes:explicit>no</itunes:explicit>
      <itunes:summary>Hello everybody. After my carnival podcast i decided to do one more. More aggressive and darker. Included many reconstructions and remixes of classics that i made and some unreleased tracks from Queen House Music. Is different from my very happy style , but doesn't miss my energy. Hope you enjoy!

Love ! &lt;3 GSP</itunes:summary>
      <itunes:subtitle>Hello everybody. After my carnival podcast i decided to do one more. More aggressive and darker. ...</itunes:subtitle>
    </item>
    <item>
      <title>Carnival by GSP</title>
      <description>&lt;img src=&quot;http://assets.podomatic.net/ts/ab/0a/12/djgsp18/1400x1400_11171322.jpg&quot; alt=&quot;itunes pic&quot; /&gt;&lt;br /&gt;Hello everybody. I m presenting you my promo podcast for this Carnival.Including many originals that will be soon released by Queen House Music. This Carnival i m gonna be touring in Brazil. I m so excited to be playing in all these amazing events. 

SATURDAY 6/2 
XLSIOR @ REVOLUTION
ARMAZEM DA UTOPIA - RIO DE JANEIRO 

SUNDAY 7/2
BLESSED MOULIN ROUGE
SAN SEBASTIAN - SALVADOR 

MONDAY 8/2
E*JOY
E*JOY - FLORIANOPOLIS 

TUESDAY 9/2
METROPOLE
METROPOLE - RECIFE 

Podcast tracklist:
The Cranberries - Linger (GSP Intro Remix)
Jess Glynne - Hold my hand (GSP Remix)
Belladonna - Carnaval em Rio - Soon from Queen House Music
Freddy Mercurry - Livin on my own (GSP Mash up)
Madonna - Devil&#8217;s Pray (Dinho Secco Poot Pvt Mix)
Matt Nash - Nothing Else Matters (Andre Grossi Big Room Mix)
Victor Nillo - Raise your Hands Up - Soon from Queen House Music
Well Sanchez - Get On Up - Soon from Queen House Music
David Guetta feat. Magik! - Sun Goes Down (GSP Remix)
Tony Moran feat. Deborah Cooper - Live you all over (GSP Boot Mix)
Justin Bieber - Sorry (Eduardo Lujan &amp; Luis Vazquez Remix)
Naughty Boy - Runnin' (Lose It All) (Feat. Beyonc&#233;, Arrow Benjamin) (DJ Aron Remix)
Arianna Grande - Focus (Alex Acosta Remix)
Thomas Gold - Sing 2 Me (GSP 2016 Carnival Remix)

Thank you all so much for all the support!
</description>
      <guid isPermaLink="true">http://djgsp.podomatic.com/entry/2016-01-19T18_38_25-08_00</guid>
      <comments>https://www.podomatic.com/podcasts/djgsp/episodes/2016-01-19T18_38_25-08_00</comments>
      <pubDate>Wed, 20 Jan 2016 02:38:25 +0000</pubDate>
      <dcterms:modified>2016-10-23</dcterms:modified>
      <dcterms:created>2016-01-20</dcterms:created>
      <link>https://www.podomatic.com/podcasts/djgsp/episodes/2016-01-19T18_38_25-08_00</link>
      <dc:creator>DJ GSP</dc:creator>
      <itunes:keywords>house</itunes:keywords>
      <enclosure url="http://djgsp.podomatic.com/enclosure/2016-01-19T18_38_25-08_00.mp3" length="94096684" type="audio/mpeg"/>
      <itunes:duration>3920</itunes:duration>
      <itunes:image href="http://assets.podomatic.net/ts/ab/0a/12/djgsp18/1400x1400_11171322.jpg"/>
      <itunes:explicit>no</itunes:explicit>
      <itunes:summary>Hello everybody. I m presenting you my promo podcast for this Carnival.Including many originals that will be soon released by Queen House Music. This Carnival i m gonna be touring in Brazil. I m so excited to be playing in all these amazing events. 

SATURDAY 6/2 
XLSIOR @ REVOLUTION
ARMAZEM DA UTOPIA - RIO DE JANEIRO 

SUNDAY 7/2
BLESSED MOULIN ROUGE
SAN SEBASTIAN - SALVADOR 

MONDAY 8/2
E*JOY
E*JOY - FLORIANOPOLIS 

TUESDAY 9/2
METROPOLE
METROPOLE - RECIFE 

Podcast tracklist:
The Cranberries - Linger (GSP Intro Remix)
Jess Glynne - Hold my hand (GSP Remix)
Belladonna - Carnaval em Rio - Soon from Queen House Music
Freddy Mercurry - Livin on my own (GSP Mash up)
Madonna - Devil&#8217;s Pray (Dinho Secco Poot Pvt Mix)
Matt Nash - Nothing Else Matters (Andre Grossi Big Room Mix)
Victor Nillo - Raise your Hands Up - Soon from Queen House Music
Well Sanchez - Get On Up - Soon from Queen House Music
David Guetta feat. Magik! - Sun Goes Down (GSP Remix)
Tony Moran feat. Deborah Cooper - Live you all over (GSP Boot Mix)
Justin Bieber - Sorry (Eduardo Lujan &amp; Luis Vazquez Remix)
Naughty Boy - Runnin' (Lose It All) (Feat. Beyonc&#233;, Arrow Benjamin) (DJ Aron Remix)
Arianna Grande - Focus (Alex Acosta Remix)
Thomas Gold - Sing 2 Me (GSP 2016 Carnival Remix)

Thank you all so much for all the support!
</itunes:summary>
      <itunes:subtitle>Hello everybody. I m presenting you my promo podcast for this Carnival.Including many originals t...</itunes:subtitle>
    </item>
    <item>
      <title>REVEILLON RICH Promo Set by GSP</title>
      <description>&lt;img src=&quot;http://assets.podomatic.net/ts/ab/0a/12/djgsp18/1400x1400_11109899.jpg&quot; alt=&quot;itunes pic&quot; /&gt;&lt;br /&gt;</description>
      <guid isPermaLink="true">http://djgsp.podomatic.com/entry/2015-12-18T13_31_09-08_00</guid>
      <comments>https://www.podomatic.com/podcasts/djgsp/episodes/2015-12-18T13_31_09-08_00</comments>
      <pubDate>Fri, 18 Dec 2015 21:31:09 +0000</pubDate>
      <dcterms:modified>2016-10-23</dcterms:modified>
      <dcterms:created>2015-12-18</dcterms:created>
      <link>https://www.podomatic.com/podcasts/djgsp/episodes/2015-12-18T13_31_09-08_00</link>
      <dc:creator>DJ GSP</dc:creator>
      <itunes:keywords></itunes:keywords>
      <enclosure url="http://djgsp.podomatic.com/enclosure/2015-12-18T13_31_09-08_00.mp3" length="136256431" type="audio/mpeg"/>
      <itunes:duration>4257</itunes:duration>
      <itunes:image href="http://assets.podomatic.net/ts/ab/0a/12/djgsp18/1400x1400_11109899.jpg"/>
      <itunes:explicit>no</itunes:explicit>
      <itunes:summary></itunes:summary>
      <itunes:subtitle></itunes:subtitle>
    </item>
    <item>
      <title>WE NYF 2015 BY GSP</title>
      <description>&lt;img src=&quot;http://assets.podomatic.net/ts/ab/0a/12/djgsp18/1400x1400_11095095.jpg&quot; alt=&quot;itunes pic&quot; /&gt;&lt;br /&gt;</description>
      <guid isPermaLink="true">http://djgsp.podomatic.com/entry/2015-12-11T11_38_30-08_00</guid>
      <comments>https://www.podomatic.com/podcasts/djgsp/episodes/2015-12-11T11_38_30-08_00</comments>
      <pubDate>Fri, 11 Dec 2015 19:38:30 +0000</pubDate>
      <dcterms:modified>2016-10-23</dcterms:modified>
      <dcterms:created>2015-12-11</dcterms:created>
      <link>https://www.podomatic.com/podcasts/djgsp/episodes/2015-12-11T11_38_30-08_00</link>
      <dc:creator>DJ GSP</dc:creator>
      <itunes:keywords></itunes:keywords>
      <enclosure url="http://djgsp.podomatic.com/enclosure/2015-12-11T11_38_30-08_00.mp3" length="120256115" type="audio/mpeg"/>
      <itunes:duration>3757</itunes:duration>
      <itunes:image href="http://assets.podomatic.net/ts/ab/0a/12/djgsp18/1400x1400_11095095.jpg"/>
      <itunes:explicit>no</itunes:explicit>
      <itunes:summary></itunes:summary>
      <itunes:subtitle></itunes:subtitle>
    </item>
    <item>
      <title>GSP - Way to Arena 2016</title>
      <description>&lt;img src=&quot;http://assets.podomatic.net/ts/ab/0a/12/djgsp18/1400x1400_11074880.jpg&quot; alt=&quot;itunes pic&quot; /&gt;&lt;br /&gt;</description>
      <guid isPermaLink="true">http://djgsp.podomatic.com/entry/2015-12-02T14_51_42-08_00</guid>
      <comments>https://www.podomatic.com/podcasts/djgsp/episodes/2015-12-02T14_51_42-08_00</comments>
      <pubDate>Wed, 02 Dec 2015 22:51:42 +0000</pubDate>
      <dcterms:modified>2016-10-23</dcterms:modified>
      <dcterms:created>2015-12-02</dcterms:created>
      <link>https://www.podomatic.com/podcasts/djgsp/episodes/2015-12-02T14_51_42-08_00</link>
      <dc:creator>DJ GSP</dc:creator>
      <itunes:keywords></itunes:keywords>
      <enclosure url="http://djgsp.podomatic.com/enclosure/2015-12-02T14_51_42-08_00.mp3" length="107709815" type="audio/mpeg"/>
      <itunes:duration>3365</itunes:duration>
      <itunes:image href="http://assets.podomatic.net/ts/ab/0a/12/djgsp18/1400x1400_11074880.jpg"/>
      <itunes:explicit>no</itunes:explicit>
      <itunes:summary></itunes:summary>
      <itunes:subtitle></itunes:subtitle>
    </item>
    <item>
      <title>HERO - Promo Podcast by GSP</title>
      <description>&lt;img src=&quot;http://assets.podomatic.net/ts/ab/0a/12/djgsp18/1400x1400_10978252.jpg&quot; alt=&quot;itunes pic&quot; /&gt;&lt;br /&gt;Here is my new podcast. I m super excited to do my debut in Canada starting from Montreal @ Hero Party in UNITY Club and then continuing to Fly 2.0 in Toronto. Hope you enjoy my new set influenced by the US and Brasil scene. Also includes my new production with Amannda (unreleased yet) in a special exclusive intro version. Hope you like it! Lots of love.....GSP</description>
      <guid isPermaLink="true">http://djgsp.podomatic.com/entry/2015-10-21T00_24_11-07_00</guid>
      <comments>https://www.podomatic.com/podcasts/djgsp/episodes/2015-10-21T00_24_11-07_00</comments>
      <pubDate>Wed, 21 Oct 2015 07:24:11 +0000</pubDate>
      <dcterms:modified>2016-10-23</dcterms:modified>
      <dcterms:created>2015-10-21</dcterms:created>
      <link>https://www.podomatic.com/podcasts/djgsp/episodes/2015-10-21T00_24_11-07_00</link>
      <dc:creator>DJ GSP</dc:creator>
      <itunes:keywords>area,athens,audio,beyond,george,greece,gsp,house,podcast,progressive,spiliopoulos,xlsior</itunes:keywords>
      <enclosure url="http://djgsp.podomatic.com/enclosure/2015-10-21T00_24_11-07_00.mp3" length="101030637" type="audio/mpeg"/>
      <itunes:duration>4209</itunes:duration>
      <itunes:image href="http://assets.podomatic.net/ts/ab/0a/12/djgsp18/1400x1400_10978252.jpg"/>
      <itunes:explicit>no</itunes:explicit>
      <itunes:summary>Here is my new podcast. I m super excited to do my debut in Canada starting from Montreal @ Hero Party in UNITY Club and then continuing to Fly 2.0 in Toronto. Hope you enjoy my new set influenced by the US and Brasil scene. Also includes my new production with Amannda (unreleased yet) in a special exclusive intro version. Hope you like it! Lots of love.....GSP</itunes:summary>
      <itunes:subtitle>Here is my new podcast. I m super excited to do my debut in Canada starting from Montreal @ Hero ...</itunes:subtitle>
    </item>
    <item>
      <title>R:EVOLUTION Official Podcast by GSP</title>
      <description>&lt;img src=&quot;http://assets.podomatic.net/ts/ab/0a/12/djgsp18/1400x1400_10881568.jpg&quot; alt=&quot;itunes pic&quot; /&gt;&lt;br /&gt;Celebrating one year since I ever came to Rio de Janeiro and Played for R:EVOLUTION Party and my residency at the party now, i present you this podcast! Enjoy!
Don't miss my comeback at R:EVOLUTION Party on Sunday 11th October 2015 at the Maracana Stadium!</description>
      <guid isPermaLink="true">http://djgsp.podomatic.com/entry/2015-09-10T11_17_43-07_00</guid>
      <comments>https://www.podomatic.com/podcasts/djgsp/episodes/2015-09-10T11_17_43-07_00</comments>
      <pubDate>Thu, 10 Sep 2015 18:17:43 +0000</pubDate>
      <dcterms:modified>2016-10-23</dcterms:modified>
      <dcterms:created>2015-09-10</dcterms:created>
      <link>https://www.podomatic.com/podcasts/djgsp/episodes/2015-09-10T11_17_43-07_00</link>
      <dc:creator>DJ GSP</dc:creator>
      <itunes:keywords></itunes:keywords>
      <enclosure url="http://djgsp.podomatic.com/enclosure/2015-09-10T11_17_43-07_00.mp3" length="152043590" type="audio/mpeg"/>
      <itunes:duration>4750</itunes:duration>
      <itunes:image href="http://assets.podomatic.net/ts/ab/0a/12/djgsp18/1400x1400_10881568.jpg"/>
      <itunes:explicit>no</itunes:explicit>
      <itunes:summary>Celebrating one year since I ever came to Rio de Janeiro and Played for R:EVOLUTION Party and my residency at the party now, i present you this podcast! Enjoy!
Don't miss my comeback at R:EVOLUTION Party on Sunday 11th October 2015 at the Maracana Stadium!</itunes:summary>
      <itunes:subtitle>Celebrating one year since I ever came to Rio de Janeiro and Played for R:EVOLUTION Party and my ...</itunes:subtitle>
    </item>
    <item>
      <title>XLSIOR Mykonos 2015 - (GSP Podcast X-tended)</title>
      <description>&lt;img src=&quot;http://assets.podomatic.net/ts/ab/0a/12/djgsp18/1400x1400_10809068.jpg&quot; alt=&quot;itunes pic&quot; /&gt;&lt;br /&gt;My official XLSIOR Mykonos festival Podcast for this year. I hope you enjoy!</description>
      <guid isPermaLink="true">http://djgsp.podomatic.com/entry/2015-07-11T14_16_16-07_00</guid>
      <comments>https://www.podomatic.com/podcasts/djgsp/episodes/2015-07-11T14_16_16-07_00</comments>
      <pubDate>Sat, 11 Jul 2015 21:16:16 +0000</pubDate>
      <dcterms:modified>2016-10-23</dcterms:modified>
      <dcterms:created>2015-08-08</dcterms:created>
      <link>https://www.podomatic.com/podcasts/djgsp/episodes/2015-07-11T14_16_16-07_00</link>
      <dc:creator>DJ GSP</dc:creator>
      <itunes:keywords>dj,house,beyond,fire,george,greece,gsp,london,mykonos,podcast,progressive,spiliopoulos,xlsior,festival,circuit,2015</itunes:keywords>
      <enclosure url="http://djgsp.podomatic.com/enclosure/2015-07-11T14_16_16-07_00.mp3" length="128296211" type="audio/mpeg"/>
      <itunes:duration>5345</itunes:duration>
      <itunes:image href="http://assets.podomatic.net/ts/ab/0a/12/djgsp18/1400x1400_10809068.jpg"/>
      <itunes:explicit>no</itunes:explicit>
      <itunes:summary>My official XLSIOR Mykonos festival Podcast for this year. I hope you enjoy!</itunes:summary>
      <itunes:subtitle>My official XLSIOR Mykonos festival Podcast for this year. I hope you enjoy!</itunes:subtitle>
    </item>
    <item>
      <title>Love Is In The Air [Special Pride Podcast By GSP]</title>
      <description>&lt;img src=&quot;http://assets.podomatic.net/ts/ab/0a/12/djgsp18/1400x1400_10675562.jpg&quot; alt=&quot;itunes pic&quot; /&gt;&lt;br /&gt;</description>
      <guid isPermaLink="true">http://djgsp.podomatic.com/entry/2015-06-10T15_08_20-07_00</guid>
      <comments>https://www.podomatic.com/podcasts/djgsp/episodes/2015-06-10T15_08_20-07_00</comments>
      <pubDate>Wed, 10 Jun 2015 22:08:20 +0000</pubDate>
      <dcterms:modified>2016-10-23</dcterms:modified>
      <dcterms:created>2015-06-10</dcterms:created>
      <link>https://www.podomatic.com/podcasts/djgsp/episodes/2015-06-10T15_08_20-07_00</link>
      <dc:creator>DJ GSP</dc:creator>
      <itunes:keywords></itunes:keywords>
      <enclosure url="http://djgsp.podomatic.com/enclosure/2015-06-10T15_08_20-07_00.mp3" length="150890673" type="audio/mpeg"/>
      <itunes:duration>3772</itunes:duration>
      <itunes:image href="http://assets.podomatic.net/ts/ab/0a/12/djgsp18/1400x1400_10675562.jpg"/>
      <itunes:explicit>no</itunes:explicit>
      <itunes:summary></itunes:summary>
      <itunes:subtitle></itunes:subtitle>
    </item>
    <item>
      <title>ACQUAPLAY 2015 [Promo Set] by GSP</title>
      <description>&lt;img src=&quot;http://assets.podomatic.net/ts/ab/0a/12/djgsp18/1400x1400_10513167.jpg&quot; alt=&quot;itunes pic&quot; /&gt;&lt;br /&gt;This is my promo mix for the huge event on Monday 20th of April in Sao Paulo.

Special thanks to Aron for letting me use his SIA-Beautiful people say remix, and Mauro Mozart for his edit of Elie Goulding Outside. Hope you enjoy!</description>
      <guid isPermaLink="true">http://djgsp.podomatic.com/entry/2015-04-11T19_44_00-07_00</guid>
      <comments>https://www.podomatic.com/podcasts/djgsp/episodes/2015-04-11T19_44_00-07_00</comments>
      <pubDate>Sun, 12 Apr 2015 02:44:00 +0000</pubDate>
      <dcterms:modified>2016-10-23</dcterms:modified>
      <dcterms:created>2015-04-12</dcterms:created>
      <link>https://www.podomatic.com/podcasts/djgsp/episodes/2015-04-11T19_44_00-07_00</link>
      <dc:creator>DJ GSP</dc:creator>
      <itunes:keywords></itunes:keywords>
      <enclosure url="http://djgsp.podomatic.com/enclosure/2015-04-11T19_44_00-07_00.mp3" length="82202409" type="audio/mpeg"/>
      <itunes:duration>3425</itunes:duration>
      <itunes:image href="http://assets.podomatic.net/ts/ab/0a/12/djgsp18/1400x1400_10513167.jpg"/>
      <itunes:explicit>no</itunes:explicit>
      <itunes:summary>This is my promo mix for the huge event on Monday 20th of April in Sao Paulo.

Special thanks to Aron for letting me use his SIA-Beautiful people say remix, and Mauro Mozart for his edit of Elie Goulding Outside. Hope you enjoy!</itunes:summary>
      <itunes:subtitle>This is my promo mix for the huge event on Monday 20th of April in Sao Paulo.

Special thanks t...</itunes:subtitle>
    </item>
    <item>
      <title>WE Party Metropolis by GSP</title>
      <description>&lt;img src=&quot;http://assets.podomatic.net/ts/ab/0a/12/djgsp18/1400x1400_10494043.jpg&quot; alt=&quot;itunes pic&quot; /&gt;&lt;br /&gt;WE Party London returns with a theme based on the legendary 1927 film Metropolis! A world where the fake seems real, where artificial intelligence dominates, comes down onto the Coronet Theatre as the futuristic robotic performers and avant-garde metropolitan-focused production are joined by internationally renowned WE Party special guest resident DJ Aron. Superstar London residents Steve Pitron, GSP &amp; Fat Tony form the complete main floor lineup. 
Legendary vocalist Rebeka Brown returns to London in one of her biggest events in the city to date where she takes the Coronet stage by storm. This is a must see!!! 
LINEUP: REBEKA BROWN / DJ ARON / STEVE PITRON / GSP B2B FABIO LUIGI / FAT TONY / PAUL HERON / BORJA PE&#209;A </description>
      <guid isPermaLink="true">http://djgsp.podomatic.com/entry/2015-04-04T15_46_28-07_00</guid>
      <comments>https://www.podomatic.com/podcasts/djgsp/episodes/2015-04-04T15_46_28-07_00</comments>
      <pubDate>Sat, 04 Apr 2015 22:46:28 +0000</pubDate>
      <dcterms:modified>2016-10-23</dcterms:modified>
      <dcterms:created>2015-04-04</dcterms:created>
      <link>https://www.podomatic.com/podcasts/djgsp/episodes/2015-04-04T15_46_28-07_00</link>
      <dc:creator>DJ GSP</dc:creator>
      <itunes:keywords></itunes:keywords>
      <enclosure url="http://djgsp.podomatic.com/enclosure/2015-04-04T15_46_28-07_00.mp3" length="157277061" type="audio/mpeg"/>
      <itunes:duration>3931</itunes:duration>
      <itunes:image href="http://assets.podomatic.net/ts/ab/0a/12/djgsp18/1400x1400_10494043.jpg"/>
      <itunes:explicit>no</itunes:explicit>
      <itunes:summary>WE Party London returns with a theme based on the legendary 1927 film Metropolis! A world where the fake seems real, where artificial intelligence dominates, comes down onto the Coronet Theatre as the futuristic robotic performers and avant-garde metropolitan-focused production are joined by internationally renowned WE Party special guest resident DJ Aron. Superstar London residents Steve Pitron, GSP &amp; Fat Tony form the complete main floor lineup. 
Legendary vocalist Rebeka Brown returns to London in one of her biggest events in the city to date where she takes the Coronet stage by storm. This is a must see!!! 
LINEUP: REBEKA BROWN / DJ ARON / STEVE PITRON / GSP B2B FABIO LUIGI / FAT TONY / PAUL HERON / BORJA PE&#209;A </itunes:summary>
      <itunes:subtitle>WE Party London returns with a theme based on the legendary 1927 film Metropolis! A world where t...</itunes:subtitle>
    </item>
    <item>
      <title>FESTA DA LILI [Promo Set] By GSP</title>
      <description>&lt;img src=&quot;http://assets.podomatic.net/ts/ab/0a/12/djgsp18/1400x1400_10453243.jpg&quot; alt=&quot;itunes pic&quot; /&gt;&lt;br /&gt;https://www.facebook.com/events/820429311345675/</description>
      <guid isPermaLink="true">http://djgsp.podomatic.com/entry/2015-03-21T13_08_10-07_00</guid>
      <comments>https://www.podomatic.com/podcasts/djgsp/episodes/2015-03-21T13_08_10-07_00</comments>
      <pubDate>Sat, 21 Mar 2015 20:08:10 +0000</pubDate>
      <dcterms:modified>2016-10-23</dcterms:modified>
      <dcterms:created>2015-03-21</dcterms:created>
      <link>https://www.podomatic.com/podcasts/djgsp/episodes/2015-03-21T13_08_10-07_00</link>
      <dc:creator>DJ GSP</dc:creator>
      <itunes:keywords>area,athens,audio,beyond,george,fire,xlsior,spiliopoulos,progressive,podcast,mykonos,london,house,fiest,da,lili</itunes:keywords>
      <enclosure url="http://djgsp.podomatic.com/enclosure/2015-03-21T13_08_10-07_00.mp3" length="82942830" type="audio/mpeg"/>
      <itunes:duration>3456</itunes:duration>
      <itunes:image href="http://assets.podomatic.net/ts/ab/0a/12/djgsp18/1400x1400_10453243.jpg"/>
      <itunes:explicit>no</itunes:explicit>
      <itunes:summary>https://www.facebook.com/events/820429311345675/</itunes:summary>
      <itunes:subtitle>https://www.facebook.com/events/820429311345675/</itunes:subtitle>
    </item>
    <item>
      <title>WOLFFF SHIRAZI'S BDAY FFF TLV RADIO SHOW BY GSP</title>
      <description>&lt;img src=&quot;http://assets.podomatic.net/ts/ab/0a/12/djgsp18/1400x1400_10259824.jpg&quot; alt=&quot;itunes pic&quot; /&gt;&lt;br /&gt;</description>
      <guid isPermaLink="true">http://djgsp.podomatic.com/entry/2015-01-13T19_01_32-08_00</guid>
      <comments>https://www.podomatic.com/podcasts/djgsp/episodes/2015-01-13T19_01_32-08_00</comments>
      <pubDate>Wed, 14 Jan 2015 03:01:32 +0000</pubDate>
      <dcterms:modified>2016-10-23</dcterms:modified>
      <dcterms:created>2015-01-14</dcterms:created>
      <link>https://www.podomatic.com/podcasts/djgsp/episodes/2015-01-13T19_01_32-08_00</link>
      <dc:creator>DJ GSP</dc:creator>
      <itunes:keywords></itunes:keywords>
      <enclosure url="http://djgsp.podomatic.com/enclosure/2015-01-13T19_01_32-08_00.mp3" length="174368469" type="audio/mpeg"/>
      <itunes:duration>4358</itunes:duration>
      <itunes:image href="http://assets.podomatic.net/ts/ab/0a/12/djgsp18/1400x1400_10259824.jpg"/>
      <itunes:explicit>no</itunes:explicit>
      <itunes:summary></itunes:summary>
      <itunes:subtitle></itunes:subtitle>
    </item>
    <item>
      <title>GSP'S SLAVE TO THE RHYTHM VOLUME 2</title>
      <description>&lt;img src=&quot;http://assets.podomatic.net/ts/ab/0a/12/djgsp18/1400x1400_10183377.jpg&quot; alt=&quot;itunes pic&quot; /&gt;&lt;br /&gt;Tracklist:

GSP &amp; NOOR Q FEAT. HANNAH GOLD - Your Song (Original Mix)
MASON - Exceeder (UMEK &amp; Mike Valle Remix)
GSP FEAT. ROB HARRIS - Bring It (Original Mix)
JESSIE J, NICKY MINAJ, ARIANDA GRANDE - Bang Bang (GSP Reconstruction Mix)
NICO &amp; VINZ - Am I wrong (GSP Bahia Edit)
SAM SMITH - Stay with me (GSP Reconstruction Mix)
MARTIN GARRIX - Animals (Alex Acosta vs Abel Ramos Edit)
COLDPLAY - A Sky full of stars (Sebastien Triumph &amp; Aurel Devil Mashup)
GSP - Tribal Puta (Original Mix)
EDSON PRIDE - I Try (Mauro Mozart Remix)
CEVIN FISHER FEAT. LOLEATTA HOLLOWAY - You Got Me Burning Up (Isak Salazar Remix 2013)
JAVI REINA FEAT. LADIS - I Can&#8217;t stop (GSP Mash 2014)
IVAN GOMEZ - Fuck You (Mauro Mozart Remix)
LYDIA SANZ FEAT. AMMANDA - Can we save our love
ROBYN VS O.B. - With every heartbeat (GSP MASH)</description>
      <guid isPermaLink="true">http://djgsp.podomatic.com/entry/2014-12-13T10_59_37-08_00</guid>
      <comments>https://www.podomatic.com/podcasts/djgsp/episodes/2014-12-13T10_59_37-08_00</comments>
      <pubDate>Sat, 13 Dec 2014 18:59:37 +0000</pubDate>
      <dcterms:modified>2016-10-23</dcterms:modified>
      <dcterms:created>2014-12-13</dcterms:created>
      <link>https://www.podomatic.com/podcasts/djgsp/episodes/2014-12-13T10_59_37-08_00</link>
      <dc:creator>DJ GSP</dc:creator>
      <itunes:keywords></itunes:keywords>
      <enclosure url="http://djgsp.podomatic.com/enclosure/2014-12-13T10_59_37-08_00.mp3" length="174378928" type="audio/mpeg"/>
      <itunes:duration>4359</itunes:duration>
      <itunes:image href="http://assets.podomatic.net/ts/ab/0a/12/djgsp18/1400x1400_10183377.jpg"/>
      <itunes:explicit>no</itunes:explicit>
      <itunes:summary>Tracklist:

GSP &amp; NOOR Q FEAT. HANNAH GOLD - Your Song (Original Mix)
MASON - Exceeder (UMEK &amp; Mike Valle Remix)
GSP FEAT. ROB HARRIS - Bring It (Original Mix)
JESSIE J, NICKY MINAJ, ARIANDA GRANDE - Bang Bang (GSP Reconstruction Mix)
NICO &amp; VINZ - Am I wrong (GSP Bahia Edit)
SAM SMITH - Stay with me (GSP Reconstruction Mix)
MARTIN GARRIX - Animals (Alex Acosta vs Abel Ramos Edit)
COLDPLAY - A Sky full of stars (Sebastien Triumph &amp; Aurel Devil Mashup)
GSP - Tribal Puta (Original Mix)
EDSON PRIDE - I Try (Mauro Mozart Remix)
CEVIN FISHER FEAT. LOLEATTA HOLLOWAY - You Got Me Burning Up (Isak Salazar Remix 2013)
JAVI REINA FEAT. LADIS - I Can&#8217;t stop (GSP Mash 2014)
IVAN GOMEZ - Fuck You (Mauro Mozart Remix)
LYDIA SANZ FEAT. AMMANDA - Can we save our love
ROBYN VS O.B. - With every heartbeat (GSP MASH)</itunes:summary>
      <itunes:subtitle>Tracklist:

GSP &amp; NOOR Q FEAT. HANNAH GOLD - Your Song (Original Mix)
MASON - Exceeder (UMEK &amp;...</itunes:subtitle>
    </item>
    <item>
      <title>GSP'S SLAVE TO THE RHYTHM VOL.1</title>
      <description>&lt;img src=&quot;http://assets.podomatic.net/ts/ab/0a/12/djgsp18/1400x1400_10048789.jpg&quot; alt=&quot;itunes pic&quot; /&gt;&lt;br /&gt;Hello everybody. I  m very proud to present you my new series of podcasts &quot;Slave to the rhythm&quot;. Hope you enjoy ! Thank you so much for the support!</description>
      <guid isPermaLink="true">http://djgsp.podomatic.com/entry/2014-10-26T18_02_36-07_00</guid>
      <comments>https://www.podomatic.com/podcasts/djgsp/episodes/2014-10-26T18_02_36-07_00</comments>
      <pubDate>Mon, 27 Oct 2014 01:02:36 +0000</pubDate>
      <dcterms:modified>2016-10-23</dcterms:modified>
      <dcterms:created>2014-10-27</dcterms:created>
      <link>https://www.podomatic.com/podcasts/djgsp/episodes/2014-10-26T18_02_36-07_00</link>
      <dc:creator>DJ GSP</dc:creator>
      <itunes:keywords></itunes:keywords>
      <enclosure url="http://djgsp.podomatic.com/enclosure/2014-10-26T18_02_36-07_00.mp3" length="154558049" type="audio/mpeg"/>
      <itunes:duration>4829</itunes:duration>
      <itunes:image href="http://assets.podomatic.net/ts/ab/0a/12/djgsp18/1400x1400_10048789.jpg"/>
      <itunes:explicit>no</itunes:explicit>
      <itunes:summary>Hello everybody. I  m very proud to present you my new series of podcasts &quot;Slave to the rhythm&quot;. Hope you enjoy ! Thank you so much for the support!</itunes:summary>
      <itunes:subtitle>Hello everybody. I  m very proud to present you my new series of podcasts &quot;Slave to the rhythm&quot;. ...</itunes:subtitle>
    </item>
    <item>
      <title>XLSIOR MAIN PARTY 2014 - GSP LIVE CLOSING SET @ CAVO PARADISO</title>
      <description>&lt;img src=&quot;http://assets.podomatic.net/ts/ab/0a/12/djgsp18/1400x1400_9885024.jpg&quot; alt=&quot;itunes pic&quot; /&gt;&lt;br /&gt;</description>
      <guid isPermaLink="true">http://djgsp.podomatic.com/entry/2014-08-29T07_45_56-07_00</guid>
      <comments>https://www.podomatic.com/podcasts/djgsp/episodes/2014-08-29T07_45_56-07_00</comments>
      <pubDate>Fri, 29 Aug 2014 14:45:56 +0000</pubDate>
      <dcterms:modified>2016-10-23</dcterms:modified>
      <dcterms:created>2014-08-29</dcterms:created>
      <link>https://www.podomatic.com/podcasts/djgsp/episodes/2014-08-29T07_45_56-07_00</link>
      <dc:creator>DJ GSP</dc:creator>
      <itunes:keywords></itunes:keywords>
      <enclosure url="http://djgsp.podomatic.com/enclosure/2014-08-29T07_45_56-07_00.mp3" length="145048661" type="audio/mpeg"/>
      <itunes:duration>4532</itunes:duration>
      <itunes:image href="http://assets.podomatic.net/ts/ab/0a/12/djgsp18/1400x1400_9885024.jpg"/>
      <itunes:explicit>no</itunes:explicit>
      <itunes:summary></itunes:summary>
      <itunes:subtitle></itunes:subtitle>
    </item>
    <item>
      <title>XLSIOR MYKONOS 2014 OFFICIAL PODCAST BY GSP</title>
      <description>&lt;img src=&quot;http://assets.podomatic.net/ts/ab/0a/12/djgsp18/1400x1400_9766901.jpg&quot; alt=&quot;itunes pic&quot; /&gt;&lt;br /&gt;Only 5 weeks to the biggest European Festival XLSIOR in Mykonos and the excitement hits red! The island is already overbooked, the festival almost sold out! The best venues with amazing views and sceneries are expecting the best parties and the most amazing line up of dj's to rock the island of the winds. So here is my extended 90min podcast including some of my top tracks for this summer. I would like to dedicate this podcast to my partner who supports me the most and motivates me to live, love life and be as productive as i can! Hope you like it! Looking forward to hearing your feedback and &#8230;. see you in MYKONOS !!!!</description>
      <guid isPermaLink="true">http://djgsp.podomatic.com/entry/2014-07-16T19_22_45-07_00</guid>
      <comments>https://www.podomatic.com/podcasts/djgsp/episodes/2014-07-16T19_22_45-07_00</comments>
      <pubDate>Thu, 17 Jul 2014 02:22:45 +0000</pubDate>
      <dcterms:modified>2016-10-23</dcterms:modified>
      <dcterms:created>2014-07-17</dcterms:created>
      <link>https://www.podomatic.com/podcasts/djgsp/episodes/2014-07-16T19_22_45-07_00</link>
      <dc:creator>DJ GSP</dc:creator>
      <itunes:keywords>area,athens,audio,beyond,dj,george,fire,greece,gsp,house,london,mykonos,podcast,progressive,spiliopoulos,xlsior,djgsp,we,madrid,pride,cavo,paradiso,deep</itunes:keywords>
      <enclosure url="http://djgsp.podomatic.com/enclosure/2014-07-16T19_22_45-07_00.mp3" length="135608826" type="audio/mpeg"/>
      <itunes:duration>5650</itunes:duration>
      <itunes:image href="http://assets.podomatic.net/ts/ab/0a/12/djgsp18/1400x1400_9766901.jpg"/>
      <itunes:explicit>no</itunes:explicit>
      <itunes:summary>Only 5 weeks to the biggest European Festival XLSIOR in Mykonos and the excitement hits red! The island is already overbooked, the festival almost sold out! The best venues with amazing views and sceneries are expecting the best parties and the most amazing line up of dj's to rock the island of the winds. So here is my extended 90min podcast including some of my top tracks for this summer. I would like to dedicate this podcast to my partner who supports me the most and motivates me to live, love life and be as productive as i can! Hope you like it! Looking forward to hearing your feedback and &#8230;. see you in MYKONOS !!!!</itunes:summary>
      <itunes:subtitle>Only 5 weeks to the biggest European Festival XLSIOR in Mykonos and the excitement hits red! The ...</itunes:subtitle>
    </item>
    <item>
      <title>GSP POWER PODCAST VOL.5: MADRID PRIDE EDITION</title>
      <description>&lt;img src=&quot;http://assets.podomatic.net/ts/ab/0a/12/djgsp18/1400x1400_9669802.jpg&quot; alt=&quot;itunes pic&quot; /&gt;&lt;br /&gt;HELLO! I M VERY PROUD TO PRESENT TO YOU THIS PODCAST SPECIALLY MADE FOR THIS YEARS MADRID PRIDE. CATCH ME PLAYING DURING THE PRIDE AT THE OFFICIAL XLSIOR FLOAT AND AT THE MAIN PARTY OF WE PRIDE FESTIVAL IN ONE OF THE BIGGEST CLUBS IN EUROPE: FABRIK.
I TRIED MY BEST TO MAKE THIS PODCAST VERY UPLIFTING INCLUDING MOST OF MY LATEST REMIXES AND MASH UPS AND THE LATEST PRODUCTION OF NOOR Q. AN AMAZING REMIX ON LEOMEO'S WHEN WILL I BE FAMOUS. SO PROUD TO INCLUDE THIS AMAZING REMIX IN MY PODCAST.
HOPE YOU ENJOY AND LOOKING FORWARD TO HEARING YOUR FEEDBACK!
SEE YOU IN MADRID!</description>
      <guid isPermaLink="true">http://djgsp.podomatic.com/entry/2014-06-12T08_38_40-07_00</guid>
      <comments>https://www.podomatic.com/podcasts/djgsp/episodes/2014-06-12T08_38_40-07_00</comments>
      <pubDate>Thu, 12 Jun 2014 15:38:40 +0000</pubDate>
      <dcterms:modified>2016-10-23</dcterms:modified>
      <dcterms:created>2014-06-12</dcterms:created>
      <link>https://www.podomatic.com/podcasts/djgsp/episodes/2014-06-12T08_38_40-07_00</link>
      <dc:creator>DJ GSP</dc:creator>
      <itunes:keywords>scream,paris,we,ny,festival,madrid,carnival,florianopolis,kold,pride,society,play,orange,nation,area,athens,audio,beyond,fire,george,gravity,greece,gsp,house,london,mykonos,podcast,progressive,spiliopoulos,up,xlsior,you,djgsp,vicious,deep,2014,brazil,memo</itunes:keywords>
      <enclosure url="http://djgsp.podomatic.com/enclosure/2014-06-12T08_38_40-07_00.mp3" length="82886402" type="audio/mpeg"/>
      <itunes:duration>3453</itunes:duration>
      <itunes:image href="http://assets.podomatic.net/ts/ab/0a/12/djgsp18/1400x1400_9669802.jpg"/>
      <itunes:explicit>no</itunes:explicit>
      <itunes:summary>HELLO! I M VERY PROUD TO PRESENT TO YOU THIS PODCAST SPECIALLY MADE FOR THIS YEARS MADRID PRIDE. CATCH ME PLAYING DURING THE PRIDE AT THE OFFICIAL XLSIOR FLOAT AND AT THE MAIN PARTY OF WE PRIDE FESTIVAL IN ONE OF THE BIGGEST CLUBS IN EUROPE: FABRIK.
I TRIED MY BEST TO MAKE THIS PODCAST VERY UPLIFTING INCLUDING MOST OF MY LATEST REMIXES AND MASH UPS AND THE LATEST PRODUCTION OF NOOR Q. AN AMAZING REMIX ON LEOMEO'S WHEN WILL I BE FAMOUS. SO PROUD TO INCLUDE THIS AMAZING REMIX IN MY PODCAST.
HOPE YOU ENJOY AND LOOKING FORWARD TO HEARING YOUR FEEDBACK!
SEE YOU IN MADRID!</itunes:summary>
      <itunes:subtitle>HELLO! I M VERY PROUD TO PRESENT TO YOU THIS PODCAST SPECIALLY MADE FOR THIS YEARS MADRID PRIDE. ...</itunes:subtitle>
    </item>
    <item>
      <title>GSP POWER PODCAST VOL.4: XLSIOR LOS ANGELES MEMORIAL WEEKEND</title>
      <description>&lt;img src=&quot;http://assets.podomatic.net/ts/ab/0a/12/djgsp18/1400x1400_9526479.jpg&quot; alt=&quot;itunes pic&quot; /&gt;&lt;br /&gt;</description>
      <guid isPermaLink="true">http://djgsp.podomatic.com/entry/2014-04-29T17_05_12-07_00</guid>
      <comments>https://www.podomatic.com/podcasts/djgsp/episodes/2014-04-29T17_05_12-07_00</comments>
      <pubDate>Wed, 30 Apr 2014 00:05:12 +0000</pubDate>
      <dcterms:modified>2016-10-23</dcterms:modified>
      <dcterms:created>2014-06-12</dcterms:created>
      <link>https://www.podomatic.com/podcasts/djgsp/episodes/2014-04-29T17_05_12-07_00</link>
      <dc:creator>DJ GSP</dc:creator>
      <itunes:keywords>scream,paris,we,ny,festival,madrid,carnival,florianopolis,kold,pride,society,play,orange,nation,area,athens,audio,beyond,fire,george,gravity,greece,gsp,house,london,mykonos,podcast,progressive,spiliopoulos,up,xlsior,you,djgsp,vicious,deep,2014,brazil,memo</itunes:keywords>
      <enclosure url="http://djgsp.podomatic.com/enclosure/2014-04-29T17_05_12-07_00.mp3" length="137637382" type="audio/mpeg"/>
      <itunes:duration>4301</itunes:duration>
      <itunes:image href="http://assets.podomatic.net/ts/ab/0a/12/djgsp18/1400x1400_9526479.jpg"/>
      <itunes:explicit>no</itunes:explicit>
      <itunes:summary></itunes:summary>
      <itunes:subtitle></itunes:subtitle>
    </item>
    <item>
      <title>GSP POWER PODCAST VOL.3: XLSIOR CARNIVAL EDITION FLORIANOPOLIS</title>
      <description>&lt;img src=&quot;http://assets.podomatic.net/ts/ab/0a/12/djgsp18/1400x1400_9289273.jpg&quot; alt=&quot;itunes pic&quot; /&gt;&lt;br /&gt;Hello everybody! Here is my new podcast. It contains some of the new tracks plus new remixes, mash ups and originals i will be dropping in XLSIOR Opening Party of WE Carnival Festival in Florianopolis next week, making my debut in Brazil. This is the most important and exciting gig in my career so far and I owe everything to my beloved XLSIOR Mykonos Festival and my amazing agent who believed in me from the first time! Cant wait to Floripa! See you all there, hope you enjoy this podcast and thank you all so much for all the support!

GSP</description>
      <guid isPermaLink="true">http://djgsp.podomatic.com/entry/2014-02-20T21_14_58-08_00</guid>
      <comments>https://www.podomatic.com/podcasts/djgsp/episodes/2014-02-20T21_14_58-08_00</comments>
      <pubDate>Fri, 21 Feb 2014 05:14:58 +0000</pubDate>
      <dcterms:modified>2016-10-23</dcterms:modified>
      <dcterms:created>2014-02-21</dcterms:created>
      <link>https://www.podomatic.com/podcasts/djgsp/episodes/2014-02-20T21_14_58-08_00</link>
      <dc:creator>DJ GSP</dc:creator>
      <itunes:keywords>scream,paris,we,ny,festival,madrid,carnival,florianopolis,kold,pride,society,play,orange,nation,area,athens,audio,beyond,fire,george,gravity,greece,gsp,house,london,mykonos,podcast,progressive,spiliopoulos,up,xlsior,you,djgsp,vicious,deep,2014,brazil</itunes:keywords>
      <enclosure url="http://djgsp.podomatic.com/enclosure/2014-02-20T21_14_58-08_00.mp3" length="132889407" type="audio/mpeg"/>
      <itunes:duration>4152</itunes:duration>
      <itunes:image href="http://assets.podomatic.net/ts/ab/0a/12/djgsp18/1400x1400_9289273.jpg"/>
      <itunes:explicit>no</itunes:explicit>
      <itunes:summary>Hello everybody! Here is my new podcast. It contains some of the new tracks plus new remixes, mash ups and originals i will be dropping in XLSIOR Opening Party of WE Carnival Festival in Florianopolis next week, making my debut in Brazil. This is the most important and exciting gig in my career so far and I owe everything to my beloved XLSIOR Mykonos Festival and my amazing agent who believed in me from the first time! Cant wait to Floripa! See you all there, hope you enjoy this podcast and thank you all so much for all the support!

GSP</itunes:summary>
      <itunes:subtitle>Hello everybody! Here is my new podcast. It contains some of the new tracks plus new remixes, mas...</itunes:subtitle>
    </item>
    <item>
      <title>GSP POWER PODCAST VOL.2</title>
      <description>&lt;img src=&quot;http://assets.podomatic.net/ts/ab/0a/12/djgsp18/1400x1400_9150644.jpg&quot; alt=&quot;itunes pic&quot; /&gt;&lt;br /&gt;HAPPY NEW YEAR TO EVERYBODY AND WISH THE BEST FOR 2014. A MORE CREATIVE YEAR WITH MORE MUSIC! IT'S BEEN A LONG TIME SINCE I POSTED MY LAST PODCAST. SINCE THEN IT HAS BEEN SUCH A BUSY PERIOD AND I WANTED THE NEXT ONE TO BE SPECIAL. SO HERE IT IS.  A SPECIAL THANX TO DJ ARON FOR HIS AMAZING REMIXES AND TO ALL OF YOU FOR THE SUPPORT AND LOVE YOU GIVING ME THE LAST YEARS. HOPE YOU ENJOY! </description>
      <guid isPermaLink="true">http://djgsp.podomatic.com/entry/2014-01-11T08_34_07-08_00</guid>
      <comments>https://www.podomatic.com/podcasts/djgsp/episodes/2014-01-11T08_34_07-08_00</comments>
      <pubDate>Sat, 11 Jan 2014 16:34:07 +0000</pubDate>
      <dcterms:modified>2016-10-23</dcterms:modified>
      <dcterms:created>2014-01-11</dcterms:created>
      <link>https://www.podomatic.com/podcasts/djgsp/episodes/2014-01-11T08_34_07-08_00</link>
      <dc:creator>DJ GSP</dc:creator>
      <itunes:keywords>scream,paris,we,ny,festival,madrid,carnival,florianopolis,kold,pride,society,play,orange,nation,area,athens,audio,beyond,fire,george,gravity,greece,gsp,house,london,mykonos,podcast,progressive,spiliopoulos,up,xlsior,you,djgsp</itunes:keywords>
      <enclosure url="http://djgsp.podomatic.com/enclosure/2014-01-11T08_34_07-08_00.mp3" length="135420507" type="audio/mpeg"/>
      <itunes:duration>4231</itunes:duration>
      <itunes:image href="http://assets.podomatic.net/ts/ab/0a/12/djgsp18/1400x1400_9150644.jpg"/>
      <itunes:explicit>no</itunes:explicit>
      <itunes:summary>HAPPY NEW YEAR TO EVERYBODY AND WISH THE BEST FOR 2014. A MORE CREATIVE YEAR WITH MORE MUSIC! IT'S BEEN A LONG TIME SINCE I POSTED MY LAST PODCAST. SINCE THEN IT HAS BEEN SUCH A BUSY PERIOD AND I WANTED THE NEXT ONE TO BE SPECIAL. SO HERE IT IS.  A SPECIAL THANX TO DJ ARON FOR HIS AMAZING REMIXES AND TO ALL OF YOU FOR THE SUPPORT AND LOVE YOU GIVING ME THE LAST YEARS. HOPE YOU ENJOY! </itunes:summary>
      <itunes:subtitle>HAPPY NEW YEAR TO EVERYBODY AND WISH THE BEST FOR 2014. A MORE CREATIVE YEAR WITH MORE MUSIC! IT'...</itunes:subtitle>
    </item>
    <item>
      <title>GSP POWER PODCAST VOL.1</title>
      <description>&lt;img src=&quot;http://assets.podomatic.net/ts/ab/0a/12/djgsp18/1400x1400_8954188.jpg&quot; alt=&quot;itunes pic&quot; /&gt;&lt;br /&gt;Hello! It's been a long time since i uploaded a podcast but has been a very busy and productive month. Finally I recorded a new podcast with my fresh tunes, new remixes and new mash ups! Most of you in London must have heard them during my gigs. Introducing a new podcast series for the season 2013-2014, this is the first part. Looking forward to hearing your feedback and thank you so much for all this support all these years! Hope you enjoy!</description>
      <guid isPermaLink="true">http://djgsp.podomatic.com/entry/2013-11-06T11_36_42-08_00</guid>
      <comments>https://www.podomatic.com/podcasts/djgsp/episodes/2013-11-06T11_36_42-08_00</comments>
      <pubDate>Wed, 06 Nov 2013 19:36:42 +0000</pubDate>
      <dcterms:modified>2016-10-23</dcterms:modified>
      <dcterms:created>2013-12-05</dcterms:created>
      <link>https://www.podomatic.com/podcasts/djgsp/episodes/2013-11-06T11_36_42-08_00</link>
      <dc:creator>DJ GSP</dc:creator>
      <itunes:keywords>area,athens,audio,audio/mpeg,beyond,district,districtxxx,dj,drink,electronic,energy,fire,fou,gay,george,gravity,greece,gsp,gsps,house,lift,lifts,london,me,mykonos,podcast,progressive,shark,spiliopoulos,up,xlsior,xxx,play,orange,nation,lifezone</itunes:keywords>
      <enclosure url="http://djgsp.podomatic.com/enclosure/2013-11-06T11_36_42-08_00.mp3" length="56037515" type="audio/mpeg"/>
      <itunes:duration>3502</itunes:duration>
      <itunes:image href="http://assets.podomatic.net/ts/ab/0a/12/djgsp18/1400x1400_8954188.jpg"/>
      <itunes:explicit>no</itunes:explicit>
      <itunes:summary>Hello! It's been a long time since i uploaded a podcast but has been a very busy and productive month. Finally I recorded a new podcast with my fresh tunes, new remixes and new mash ups! Most of you in London must have heard them during my gigs. Introducing a new podcast series for the season 2013-2014, this is the first part. Looking forward to hearing your feedback and thank you so much for all this support all these years! Hope you enjoy!</itunes:summary>
      <itunes:subtitle>Hello! It's been a long time since i uploaded a podcast but has been a very busy and productive m...</itunes:subtitle>
    </item>
  </channel>
</rss>
