<!DOCTYPE TEI.2 PUBLIC '-//C. M. Sperberg-McQueen//DTD
          TEI Lite 1.0 plus SWeb (XML)//EN'
          '../../../../lib/swebxml.dtd' [
<!ATTLIST list type CDATA 'bullets' >
<!ATTLIST seg  rend CDATA 'incremental' >
<!ATTLIST xref href CDATA '' >

<!ATTLIST div id ID #IMPLIED >
<!ATTLIST item id ID #IMPLIED >

<!ENTITY date.last.touched '8 July 2014'>

<!ENTITY mdash  "&#x2014;" ><!--=em dash-->
<!ENTITY not    "&#xAC;" ><!--/neg /lnot =not sign-->

<!ENTITY larr   "&#x2190;" ><!--/leftarrow /gets A: =leftward arrow-->
<!ENTITY rarr   "&#x2192;" ><!--/rightarrow /to A: =rightward arrow-->
<!ENTITY uarr   "&#x2191;" ><!--/uparrow A: =upward arrow-->
<!ENTITY darr   "&#x2193;" ><!--/downarrow A: =downward arrow-->

<!NOTATION PNG SYSTEM "img/png">
<!ENTITY ModelViewController 
  SYSTEM "../images/ModelViewController.png" NDATA PNG>
<!ENTITY archive-browser.png 
  SYSTEM "../images/Oxygen/archive-browser.png" NDATA PNG>
<!ENTITY doctype-dialog-epub3.png 
  SYSTEM "../images/Oxygen/doctype-dialog-epub3.png" NDATA PNG>
<!ENTITY doctype-dialog.png
  SYSTEM "../images/Oxygen/doctype-dialog.png" NDATA PNG>

<!ENTITY % course-info SYSTEM "../lib/course-info.ent">
%course-info;


]>
<?xml-stylesheet type="text/xsl" href="slides.xsl"?> 
<TEI.2>
<teiHeader>
<fileDesc>
<titleStmt>
<title>&full-title;</title>
<title>Slides</title>
</titleStmt>
<publicationStmt>
<p>Unpublished and confidential.</p>
</publicationStmt>
<sourceDesc>
<p>Created in electronic form.</p>
</sourceDesc>
</fileDesc>
<profileDesc>
<textClass>
<classCode>slides</classCode>
</textClass>
</profileDesc>
</teiHeader>
<text>
<front>
<titlePage>
<docTitle>
<titlePart>&full-title;</titlePart>
<titlePart>Session 2:  Getting our feet wet</titlePart>
</docTitle>
<docDate>&date.last.touched;</docDate>
</titlePage>

<div id="navbar" type="navbar">
<divGen type="toc"/>
<div>
<head>Nearby documents</head>
<!--* !!! check relative references for root and preproot !!! *-->
<list>
<item id="siteroot"><xref href="../../../..">Home</xref></item>
</list>
</div>
</div>
</front>

<body id="wetfeet">

<!--* Session n *-->

<head>Session 2: Getting our feet wet</head>

<p>In which we wade right in.</p>

<div id="helloworld">
<head>Hello, world examples</head>


<divGen type="outline" corresp="wetfeet handwork" />

<div>
<head>Exercise 1</head>

<p>Kernighan and Ritchie write
<q type="block">
The first program to write is the same for
all languages:
<q type="block">
<hi>Print the words</hi>
<q type="block">
<code>hello, world</code>
</q>
</q>
</q>
</p>
<p>Write a hello-world ebook in EPub.</p>
</div>

<div>
<head>Demystifying EPub</head>
<epigraph>
<q type="block">
Never conceal the mechanism!
</q>
<bibl>-Brecht</bibl>
</epigraph>

<p>Let's design the simplest EPub we can,
and build a hello-world example by hand.
<list>
<item>What <emph>is</emph> the simplest possible EPub?</item>
<item>For each required resource in an EPub, what is the simplest
possible form?</item>
<item>What is the required structure / organization of the
resources?</item>
<item>How do we bundle the resources?</item>
</list>
<seg>N.B. if you have never used command-line tools or text
editors, this example may not de-mystify much.</seg>
<seg>Sorry.  Be patient; we'll get to GUI tools in a 
moment.</seg></p>

<note>
<p>The tools we will use are standard tools for most technical people,
but outside the focus of the class. If the tools mentioned, or their
equivalents, are familiar to you, you will be able to follow along
hands-on.  If not, just watch someone else, and do your best to
understand what is happening.</p>
</note>
</div>


</div>

<div id="handwork">
<head>Building an EPub by hand</head>


<divGen type="outline" corresp="wetfeet handwork" />

<div>
<head>Minimum required to declare victory</head>
<p>What is the smallest possible EPub 3.0 [or 2.0] document?
A zip file containing:
<list>
<item>one content document (or more)</item>
<item>one <code>./mimetype</code> file</item>
<item>one <code>./META-INF/</code> directory, containing
<list>
<item><code>container.xml</code> (unencrypted)
</item>
</list></item>
<item>one package document (XML, name <emph>should</emph> match <code>*.opf</code>)</item>
<item>one navigation document</item>
</list>
N.B. All files either uncompressed or Deflate-compressed; filenames in UTF8.
</p>
<p>Let's make these files, one by one.</p>

</div>

<div>
<head>A minimal content document</head>
<p>XHTML or SVG (within EPub subset).</p>
<p>E.g. <code>helloworld.xhtml</code>:
<eg><![CDATA[<html xmlns="http://www.w3.org/1999/xhtml">
<head>
<title>Hello, world</title>
</head>
<body>
<h1>Hello, world!</h1>
<p>This is a very simple HTML document.</p>
</body>
</html>]]></eg>
</p>
</div>

<div>
<head>Minimum <code>mimetype</code> file</head>
<p>The <code>./mimetype</code> file:
<list>
<item>first file in ZIP file</item>
<item>uncompressed, unencrypted</item>
<item>containing string <q><code>application/epub+zip</code></q></item>
<item>no leading whitespace, no Byte Order Mark, no uppercase</item>
<item>[in 2.0] no trailing whitespace</item>
</list>
</p>

<note>
<p>The rules about the <code>mimetype</code> file ensure that in all
EPub files, bytes 31-38 read <code>mimetype</code> and bytes 39-58
read <code>application/epub+zip</code>.  This can be helpful to
software other than EPub readers.</p>
</note>
</div>

<div>
<head>Minimal <code>container.xml</code></head>
<p>File <code>META-INF/container.xml</code> contains
pointer to <emph>package document</emph>:
<eg><![CDATA[<container version="1.0" 
	   xmlns="urn:oasis:names:tc:opendocument:xmlns:container">
  <rootfiles>
    <rootfile full-path="OEBPS/Hello world.opf"
	      media-type="application/oebps-package+xml" />
  </rootfiles>
</container>]]></eg></p>
<p>Path must be relative to root directory.</p>
<p>N.B. <q><code>/"*:&lt;>?\</code></q> forbidden in file names
(also DEL, C0, C1, PUA, some others ...).
Full stop forbidden as last character.</p>
</div>

<div>
<head>Some potholes</head>
<p>Relative URIs resolve in standard ways
(usually relative to the entity with the reference),
<emph>but</emph>:
<list>
<item>URIs in <code>./META-INF/</code> directory
take the <emph>root directory</emph> as base URI,
<emph>not</emph> the <code>./META-INF/</code> directory.</item>
</list>
</p>

</div>

<div>
<head>Minimal package document</head>
<p>At a minimum, the package document (here <code>hello.opf</code>)
contains, in the root <code>package</code> element:
<list>
<item><code>metadata</code> (bibliographic description of book)</item>
<item><code>manifest</code> (lists all the files in the book)</item>
<item><code>spine</code> (specifies a reading order for the book)</item>
</list>
</p>
<p>E.g.<eg><![CDATA[<package xmlns="http://www.idpf.org/2007/opf"
  unique-identifier="alice"
  version="3.0">
  <metadata> ... </metadata>
  <manifest> ... </manifest>
  <spine> ... </spine>  
</package>]]></eg>
</p>
</div>

<div>
<head>Minimal package metadata</head>
<p>At a minimum, the package document <code>metadata</code> element has:
<list>
<item><code>dc:identifier</code> (e.g. UUID, DOI, ISBN, ISSN),
referred to from <code>package/@unique-identifier</code></item>
<item><code>dc:title</code></item>
<item><code>dc:language</code></item>
<item><code>meta</code> with <code>property="dcterms:modified"</code>
containing UTC timestamp for book (e.g. <code>2014-07-08T11:00:00Z</code>)</item>
</list>
</p>
</div>
<div>
<head>Package metadata example</head>
<p>E.g.<eg><![CDATA[<metadata 
  xmlns:dc="http://purl.org/dc/elements/1.1/"
  xmlns:dcterms="http://purl.org/dc/terms/">
  <dc:identifier id="alice"      
    >http://blackmesatech.com/2014/epub3/hello-00</dc:identifier>
  <dc:title>Hello world:  a trivial EPub 3.0 book</dc:title>
  <dc:language>en</dc:language>
  <meta property="dcterms:modified">2014-06-26T02:00:00Z</meta>
</metadata>]]></eg></p>
</div>

<div>
<head>Minimal package manifest</head>
<p>The package document <code>manifest</code> element has
an <code>item</code> element for each resource in the
publication; required attributes are:
<list>
<item><code>id</code> a unique identifer</item>
<item><code>href</code> an IRI (usually* relative, no fragment identifier)</item>
<item><code>media-type</code> (e.g. 
<code>application/xhtml+xml</code>, 
<code>image/svg+xml</code>,
<code>image/jpeg</code>, ...)</item>
<item><code>properties</code> with value <code>nav</code> (for <emph>one</emph> item)</item>
</list>
</p>
</div>
<div>
<head>Package manifest example</head>
<p>E.g.<eg><![CDATA[<manifest>
  <item id="bob" href="helloworld.xhtml" 
    media-type="application/xhtml+xml"></item>
  <item id="carol" href="nav.xhtml" 
    media-type="application/xhtml+xml" 
    properties="nav"/>
</manifest>]]></eg></p>
<note>
<p>N.B. audio and video may be remote, so they may have absolute IRIs; 
other resources must be local to the EPub, so they must have relative IRIs.
</p>
</note>
</div>

<div>
<head>Minimal package spine</head>
<p>The package document <code>spine</code> element lists
a subset of resources in the default reading order.  
Attributes on <code>itemref</code> child:
<list>
<item><code>idref</code> points to the ID of a resource (required)</item>
<item><code>linear</code> yes/no (default: yes)</item>
<item><code>properties</code> (values:  <code>page-spread-left</code>, 
<code>page-spread-right</code>)</item>
</list>
</p>
<p>E.g.<eg><![CDATA[<spine>
  <itemref idref="carol"/><!--* the toc *-->
  <itemref idref="bob"/><!--* the doc *-->
</spine>]]></eg></p>
<note><p>Some things about the spine change between 2.0 and 3.0.</p>
<p>In 2.0, no item may appear more than once in the spine
(so you can't have the sequence A, B, C, A, D, E, A).  3.0 seems
to have removed this constraint (but it does not appear in the list
of 2.0/3.0 changes).</p>
<p>In 2.0, SVG documents cannot appear in the spine; they must
be wrapped in XHTML documents.  In 3.0 the spine can contain both
XHTML and SVG documents.</p>
<p>In 2.0, the spine is required to include all reachable content documents
(and a reader which finds reachable content not listed in the spine is
recommended to add it to the spine); in 3.0 the spine explicitly lists 
<q>an ordered subset of the Publication Resources listed in the 
<code>manifest</code></q>.</p>
<p>You may choose to list the toc in the spine
(as shown here), or to omit it.</p>
</note>
</div>

<div>
<head>Minimal package spine (2.0)</head>
<p>In EPub 2.0, the <code>spine</code> element
must carry a <code>toc</code> attribute
which points to an NCX (Navigation Center,
Extended) file.</p>
<p>Cf. the 3.0 navigation document.
</p>
<p>E.g.<eg><![CDATA[<spine toc="ncxdoc">
  <itemref idref="bob"/>
</spine>]]></eg></p>

<note><p>Don't list the NCX file on an <code>itemref</code>
child of <code>spine</code>.
If you want a formatted table of contents as part
of the book's base sequence, use an XHTML document.</p></note>
</div>

<div>
<head>Minimal navigation document (3.0)</head>
<p>The navigation document identified by <code>properties="nav"</code> in the
manifest must contains exactly one HTML5 <code>nav</code> element
with <code>epub:type="toc"</code>. 
</p>
</div>
<div>
<head>Minimal 3.0 navigation example</head>
<p>E.g.<eg><![CDATA[<?xml version="1.0" encoding="UTF-8"?>
<!DOCTYPE html>
<html xmlns="http://www.w3.org/1999/xhtml"
  xmlns:epub="http://www.idpf.org/2007/ops">
    <head><title>Hello, world</title></head>
    <body>
      <p>This is the navigation document.</p>
      <nav epub:type="toc">
        <ol>
          <li><a href="helloworld.xhtml">Greetings</a></li>
        </ol>
      </nav>
    </body>
</html>]]></eg>
</p>
</div>

<div>
<head>Minimal NCX document (2.0)</head>
<p>A 2.0 EPub must contain exactly one NCX document,
pointed to by the <code>toc</code> attribute on the 
<code>spine</code> element.</p>
</div>
<div>
<head>Minimal NCX example</head>
<p><eg><![CDATA[<?xml version="1.0" encoding="UTF-8"?>
<ncx xmlns="http://www.daisy.org/z3986/2005/ncx/" 
  version="2005-1" xml:lang="en-US">
  <head><meta name="dtb:uid" 
      content="http://blackmesatech.com/2014/07/hello-2.0"/>
  </head>
  <docTitle><text>Hello, world (a 2.0 epub)</text></docTitle>
  <navMap>
    <navPoint id="doc" playOrder="1">
      <navLabel><text>Text of this work</text></navLabel>
      <content src="helloworld.xhtml"/>
    </navPoint>
  </navMap>
</ncx>]]></eg>
</p>
<note><p>The spec does not constrain the filename of the NCX 
document, but some 2.0 software apparently expects the extension
<code>.ncx</code> and most people will prefer to humor that
software.</p>
</note>
</div>

<div>
<head>Resource structure (review)</head>
<p>Remember:
<list>
<item><code>mimetype</code> file at top level</item>
<item><code>META-INF/</code> directory at top level</item>
<item><code>container.xml</code> file in <code>META-INF/</code></item>
<item>package file name <emph>should</emph> end in <code>.opf</code>,
name and location otherwise unconstrained</item>
<item>other material called what you like, located where you like</item>
</list>
</p>
</div>

<div>
<head>Bundling by hand</head>
<p>To bundle using <code>zip</code>:
<list type="ordered">
<item><code>zip ../my.epub --compression-method store --no-extra mimetype</code> 
(makes <code>mimetype</code> appear first, uncompressed)</item>
<item><code>zip ../my.epub --compression-method deflate -r META-INF/ 
hello.opf helloworld.xhtml nav.xhtml</code> 
(adds everything else, using deflation)</item>
</list>
</p>
<note><p>Terser versions of the zip commands are
<code>zip ../my.epub -Zs -X mimetype</code>
and 
<code>zip ../my.epub -Zd -r * -x mimetype</code>
</p></note>
</div>

<div>
<head>Simple testing</head>
<p>Open in an EPub reader and see what it looks like.</p>
</div>


</div>


<div id="tools">
<head>Tools for building epubs</head>
<p>Recommendation:  download
<xref href="http://www.pagina-online.de/produkte/epub-checker/">pagina EPUB-Checker</xref>
(GUI for epubcheck)
from 
<xref href="http://www.pagina-online.de/produkte/epub-checker/"
>http://www.pagina-online.de/produkte/epub-checker/</xref>
</p>

<divGen type="outline" corresp="wetfeet tools" />

<div>
<head>Some tools (an unsystematic list)</head>
<list>
<item>validators</item>
<item>zippers</item>
<item>editors</item>
</list>
</div>
<div>
<head>Validators</head>
<p>
<list>
<item><xref href="https://github.com/IDPF/epubcheck">epubcheck</xref>
command-line tool; two add-on GUIs:<list>
<item><xref href="http://www.pagina-online.de/produkte/epub-checker/">pagina EPUB-Checker</xref>
(GUI for epubcheck)</item>
<item><xref href="https://itunes.apple.com/us/app/epub-checker/id453480324">ePub Checker</xref> (Mac GUI for epubcheck, $1.99)</item>
</list></item>
<item><xref href="http://code.google.com/p/flightcrew/">Flight Crew</xref>
GUI and command-line tool
(<xref href="http://sigildev.blogspot.com/2010/10/introducing-flightcrew-epub-validator.html"
>description</xref>) EPub 2.0 only</item>
</list>
</p>
<p>
See also editors, below.</p>
</div>
<div>
<head>Zippers</head>
<p>Aids for zipping ebooks:
<list>
<item><xref href="https://github.com/IDPF/epubcheck">epubcheck</xref>
command-line tool (use <code>-mode exp -save</code>); GUI wrapper:
<list>
<item><xref href="https://itunes.apple.com/us/app/epub-packager/id468997015?mt=12">ePub Packager</xref> ($3.99)</item>
</list></item>
</list>
And see editors, below.
</p>

</div>

<div>
<head>Using <code>epubcheck</code> to check a zipped EPub</head>
<p>
<list type="ordered">
<item>Locate the EPub (e.g. hello.epub).</item>
<item>Invoke <code>epubcheck</code> Java .jar file (or GUI interface for it):
<code>java -jar ...your-path-to-jar-here.../epubcheck-3.0.1.jar 
./hello.epub</code></item>
</list>
</p><note><p>N.B. 
<emph>The epubcheck software expects a path, not a file name.</emph>
So <code>./hello.epub</code>
works fine (assuming an EPub of that name exists), but
<code>hello.epub</code> produces a null pointer exception.
</p></note>
</div>

<div>
<head>Exercise 2</head>

<p>Use <code>epubcheck</code> (CLI or GUI) to check the hello-world EPub
built in exercise 1.</p>
<p>(Optional) Introduce errors into it and see what the checker
says.  For example, zip it all at once, or zip the <code>mimetype</code>
file without <code>--no-extra</code> / <code>-X</code>.</p>
</div>

<div>
<head>Using <code>epubcheck</code> to check an EPub before zipping</head>
<p>
<list type="ordered">
<item>Build a directory structure for the EPub (as for hello-world
example).</item>
<item>Invoke <code>epubcheck</code> Java .jar file (or GUI interface for it):
<code>java -jar ...your-path-to-jar-here.../epubcheck-3.0.1.jar 
-mode exp ./hello-2.0</code></item>
</list>
</p>

</div>

<div>
<head>Using <code>epubcheck</code> to zip up an EPub</head>
<p>
<list type="ordered">
<item>Build a directory structure for the EPub (as for hello-world
example).</item>
<item>Add <code>-save</code> option to your invocation:
<code>java -jar ...jar-path.../epubcheck-3.0.1.jar 
-mode exp -save ./hello-2.0</code></item>
</list>
</p>
<note><p>N.B. The Pagina GUI doesn't seem to support this,
in its current version.</p></note>
</div>

<div>
<head>Exercise 3</head>

<p>Use <code>epubcheck</code> (CLI) to check the 
<emph>directory</emph> containing the parts of the hello-world
example.</p>
<p>(Optional) Introduce errors into it and see what the checker
says.</p>
</div>

<div>
<head>Supporting both 2.0 and 3.0</head>
<p>To make an EPub 3.0 book that can also
be read by an EPub 2.0 reading system:
<list>
<item>add a 2.0 table of contents (.ncx file)</item>
<item>in package description (.opf) document, point to .ncx file using <code>toc</code> attribute
on spine</item>
</list>
</p>
</div>

<div>
<head>Minimal package spine (2.0)</head>
<p>In EPub 2.0, the <code>spine</code> element
must carry a <code>toc</code> attribute
which points to an NCX (Navigation Center,
Extended) file.</p>
<p>Cf. the 3.0 navigation document.
</p>
<p>E.g.<eg><![CDATA[<spine toc="ncxdoc">
  <itemref idref="bob"/>
</spine>]]></eg></p>

<note><p>Don't list the NCX file on an <code>itemref</code>
child of <code>spine</code>.
If you want a formatted table of contents as part
of the book's base sequence, use an XHTML document.</p></note>
</div>

<div>
<head>Minimal NCX document (2.0)</head>
<p>A 2.0 EPub must contain exactly one NCX document,
pointed to by the <code>toc</code> attribute on the 
<code>spine</code> element.</p>
</div>
<div>
<head>Minimal NCX example</head>
<p><eg><![CDATA[<?xml version="1.0" encoding="UTF-8"?>
<ncx xmlns="http://www.daisy.org/z3986/2005/ncx/" 
  version="2005-1" xml:lang="en-US">
  <head><meta name="dtb:uid" 
      content="http://blackmesatech.com/2014/07/hello-2.0"/>
  </head>
  <docTitle><text>Hello, world (a 2.0 epub)</text></docTitle>
  <navMap>
    <navPoint id="doc" playOrder="1">
      <navLabel><text>Text of this work</text></navLabel>
      <content src="helloworld.xhtml"/>
    </navPoint>
  </navMap>
</ncx>]]></eg>
</p>
<note><p>The spec does not constrain the filename of the NCX 
document, but some 2.0 software apparently expects the extension
<code>.ncx</code> and most people will prefer to humor that
software.</p>
</note>
</div>

<div>
<head>Exercise 4</head>

<p>Add 2.0 toc to the hello-world ePub ...</p>
<p><emph>Hint:</emph>  make the 2.0 and 3.0 tocs different somehow.</p>
<p>Open in a reader and see which toc it uses.
</p>
</div>


</div>

<div id="prose">
<head>A normal basic ebook</head>

<divGen type="outline" corresp="wetfeet handwork" />

<div>
<head>More typical EPub 3.0</head>
<p>A typical non-minimal EPub:
<list>
<item>one <code>./mimetype</code> file (as above)</item>
<item>one <code>./META-INF/</code> directory, containing
<list>
<item><code>container.xml</code></item>
<item>optional <code>metadata.xml</code> (for container-level metadata;
may be standardized in future)</item>
<item>optional <code>signatures.xml</code> (for digital signatures; schema)</item>
<item>optional <code>encryption.xml</code> (for DRM, font obfuscation; schema)</item>
<item>optional <code>rights.xml</code> (for DRM; may be standardized in future)</item>
<item>allowed <code>manifest.xml</code> (as in ODF; no schema)</item>
</list></item>
<item>one package document (XML, name <emph>should</emph> match <code>*.opf</code>)</item>
<item>one content document (or more)</item>
<item>one navigation document</item>
</list>
</p>

</div>

<div>
<head>Editors</head>
<p>Open source:
<list>
<item>Calibre (produces EPub 2.0 only)</item>
<item>* Sigil (produces EPub 2.0 only; moribund)</item>
</list>
</p>
<p>Commercial: 
<list>
<item><xref href="http://www.oxygenxml.com/">Oxygen</xref> XML editor / IDE</item>
<item>* <xref href="http://www.atlantiswordprocessor.com/">Atlantis Word Processor</xref> (Windows)</item>
<item>* <xref href="http://jutoh.com/">Jutoh</xref></item>
<item>* <xref href="">Playwrite</xref></item>
</list>
* Not seen.
</p>
<p>For this tutorial, you may use any editor(s) you like;
I'll be using Oxygen.</p>

</div>

<div>
<head>Building an EPub with Oxygen</head>
<p>
<list type="ordered">
<item>Prepare the XHTML content.  Make all <!--* style and image *-->
links relative.</item>
<item>In Oxygen, ask to open a new document:
<list>
<item><code>File</code> / <code>New ...</code></item>
<item>In project, right-click on directory, select <code>New ...</code> /
<code>File ...</code></item>
</list></item>
<item>Choose (Global Templates ...) EPub 3.0.
<figure entity="doctype-dialog-epub3.png"/>
</item>
<item>Supply a filename.</item>
</list>
</p>
</div>

<div>
<head>The Oxygen archive browser</head>
<p>
At this point, you should see an Archive Browser:
<figure entity="archive-browser.png"/>
</p>
<p>
Tools at the top for validation,
new folders, new files, 
copying files in from outside, etc.</p>
</div>

<div>
<head>Editing an EPub with Oxygen</head>
<p>
<list>
<item>Edit and validate files in the EPub in the usual way.</item>
<item>Validate the EPub using the <code>Validate ...</code> tool in the
Archive Browser</item>
</list>
</p>
<p>
You'll need to:
<list>
<item>replace <code>chapter1.xhtml</code> with your own content</item>
<item>(possibly) given further content,
<list>
<item>import into EPub</item>
<item>add to package-file manifest</item>
<item>add to package-file spine</item>
<item>add to both tocs (nav and ncx)</item>
</list>
</item>
<item>(possibly) replace <code>stylesheet.css</code> with your own CSS</item>
<item>(possibly) import images (and add to manifest)</item>
</list>
</p>
</div>

<div>
<head>Exercise 5</head>

<p>Create a simple EPub for the Book of Ruth.</p>
<p>Data in <xref href="../samples/ruth/">samples</xref> directory.</p>
<p>Advice:  keep it simple, use monolingual 
<xref href="../samples/ruth/ruth.av.xhtml">English</xref> (AV), 
<xref href="../samples/ruth/ruth.fr-segond-1910.xhtml">French</xref> (Segond),
German (Luther <xref href="../samples/ruth/ruth.de-1534.xhtml">1534</xref>,
<xref href="../samples/ruth/ruth.de-1545.xhtml">1545</xref>,
<xref href="../samples/ruth/ruth.de-1545.xhtml">1912</xref>),
or 
<xref href="../samples/ruth/ruth.la.xhtml">Latin</xref> (Vulgata).</p>
</div>

<div>
<head>Exercise 5 (optional extensions)</head>

<p>Optionally (time and interest permitting) ...
<list>
<item>Add an image to the cover page.</item>
<item>Single XHTML file for Ruth? Or one per chapter?
Try both; compare.</item>
<item>Make the table of contents point to the chapters.</item>
<item>Our copy of the <xref href="../samples/ruth/ruth.la.xhtml">Vulgate</xref> 
has headings over the parts of the story.  Make the toc point to them.</item>
<item>Make visible differences in the two tocs (nav file and NCX);
experiment with different readers to see which reader sees which 
toc.</item>
</list></p>
</div>


</div>

<div id="elab">
<head>Elaborations</head>
<p>Topics to pursue (time permitting)
or omit.</p>


<div>
<head>Other notes on container.xml</head>
<p>Foreign elements and attributes must be ignored.</p>
</div>

<div>
<head>Manifest item properties</head>
<p>The <code>manifest/item/@properties</code> 
attribute can take many special values.  Some of
interest here:
<list>
<item><code>cover-image</code>: resource is cover image</item>
<item><code>mathml</code> resource contains MathML</item>
<item><code>nav</code> resource is the navigation document</item>
<item><code>scripted</code> resource contains scripted content or HTML 5 forms</item>
<item><code>svg</code> resource contains SVG*</item>
<item><code>switch</code> resource used <code>epub:switch</code></item>
</list></p>

<note><p>The <code>svg</code> property may be omitted
for SVG documents.</p></note>

</div>

<div>
<head>EPub 2.0 / 3.0 changes</head>
<p>Some highlights:
<list>
<item>Shift from XHTML 1.1 to XHTML 5 (extended and restricted)</item>
<item>Remove DTBook (DAISY)</item>
<item>Allow SVG in spine (no longer needs XHTML wrapper)</item>
<item>Add MathML</item>
<item>Simplify <code>epub:switch</code></item>
<item>Replace NCX with XHTML navigation documents</item>
<item>Allow restricted JS scripting (was discouraged)</item>
<item>Add triggers (for declarative audio, video without scripting)</item>
<item>Move from subset of CSS 2 to CSS 2.1 with some CSS 3 modules</item>
<item>Support OpenFont and WOFF embedding, obfuscation</item>
<item>Support audio, video, synchronization</item>
<item>Restrictions on out-of-document references</item>
<item>Remove support for XML 1.1</item>
<item>Remove out-of-line XML Islands</item>
<item>Remove tours (bye-bye, Vannevar?)</item>
</list>
</p>
</div>

<div>
<head>Multiple roots</head>
<p>In <code>container.xml</code> 
<code>rootfile</code> element can repeat.  E.g.
<eg><![CDATA[<container version="1.0" 
	   xmlns="urn:oasis:names:tc:opendocument:xmlns:container">
  <rootfiles>
    <rootfile full-path="XHTML/Hello world.opf"
	      media-type="application/oebps-package+xml" />
    <rootfile full-path="SVG/Hello world.opf"
	      media-type="application/oebps-package+xml" />
  </rootfiles>
</container>]]></eg></p>
<p><q>The Publications stored in an OCF <emph>should</emph> be 
different renditions of the same Manifestation</q>
(my emphasis).</p>

</div>

</div>




</body>
</text>
</TEI.2>
<!-- Keep this comment at the end of the file
Local variables:
mode: xml
sgml-default-dtd-file:"/Library/SGML/Public/Emacs/sweb.ced"
sgml-omittag:t
sgml-shorttag:t
End:
-->
