<rss xmlns:atom="http://www.w3.org/2005/Atom" xmlns:itunes="http://www.itunes.com/dtds/podcast-1.0.dtd" version="2.0">
<channel>
<title>World of Warcraft: The Tomb of Sargeras</title>
<link>http://us.battle.net/wow/en/legion/#media</link>
<description>
Blizzard Entertainment presents: World of Warcraft: The Tomb of Sargeras, written by Robert Brooks, narrated by Steven Pacey. 
</description>
<docs>http://blogs.law.harvard.edu/tech/rss</docs>
<language>en</language>
<pubDate>Tue, 19 Jul 2016 15:00:00 -0700</pubDate>
<lastBuildDate>Tue, 19 Jul 2016 15:00:00 -0700</lastBuildDate>
<itunes:author>Blizzard Entertainment</itunes:author>
<itunes:image href="http://bnetcmsus-a.akamaihd.net/cms/content_folder_media/mv/MV2B48OYFETY1468974370746.jpg"/>
<itunes:explicit>no</itunes:explicit>
<itunes:owner>
<itunes:name>Blizzard Entertainment</itunes:name>
<itunes:email>rbrower@blizzard.com</itunes:email>
</itunes:owner>
<itunes:new-feed-url>http://bnetcmsus-a.akamaihd.net/cms/content_folder_media/s9/S9Y0JQTIA8YI1468967136536.xml</itunes:new-feed-url>
<itunes:block>no</itunes:block>
<itunes:category text="Games &amp; Hobbies"/>
<item>
<title>Teaser Trailer</title>
<link>
http://bnetcmsus-a.akamaihd.net/cms/content_folder_media/yy/YYP96AQO23QF1468952453895.mp3
</link>
<description>
<![CDATA[
Coming soon -- The Tomb of Sargeras, written by Robert Brooks, narrated by Steven Pacey.
]]>
</description>
<pubDate>Tue, 19 Jul 2016 15:30:00 -0700</pubDate>
<enclosure url="http://bnetcmsus-a.akamaihd.net/cms/content_folder_media/yy/YYP96AQO23QF1468952453895.mp3" length="1525412" type="audio/mpeg"/>
<itunes:author>Blizzard Entertainment</itunes:author>
<itunes:subtitle>
Coming soon -- The Tomb of Sargeras, written by Robert Brooks, narrated by Steven Pacey. For a complete transcript and more, visit http://Blizz.ly/LegionMedia
</itunes:subtitle>
<itunes:summary>
<![CDATA[
Coming soon -- The Tomb of Sargeras, written by Robert Brooks, narrated by Steven Pacey. For a complete transcript and more, visit http://Blizz.ly/LegionMedia
]]>
</itunes:summary>
<itunes:explicit>no</itunes:explicit>
<itunes:duration>00:00:38</itunes:duration>
</item>
<item>
<title>Part One: The Fate of Another</title>
<link>
https://bnetcmsus-a.akamaihd.net/cms/content_folder_media/5g/5GKGW91O8YPK1470073528057.mp3
</link>
<description>
<![CDATA[
The Tomb of Sargeras, written by Robert Brooks, narrated by Steven Pacey.
]]>
</description>
<pubDate>Mon, 1 Aug 2016 14:55:00 -0700</pubDate>
<enclosure url="https://bnetcmsus-a.akamaihd.net/cms/content_folder_media/5g/5GKGW91O8YPK1470073528057.mp3" length="1525412" type="audio/mpeg"/>
<itunes:author>Blizzard Entertainment</itunes:author>
<itunes:subtitle>
The Tomb of Sargeras Part One: The Fate of Another, written by Robert Brooks, narrated by Steven Pacey. For a complete transcript and more, visit http://Blizz.ly/LegionMedia
</itunes:subtitle>
<itunes:summary>
<![CDATA[
The Tomb of Sargeras Part One: The Fate of Another, written by Robert Brooks, narrated by Steven Pacey. For a complete transcript and more, visit http://Blizz.ly/LegionMedia
]]>
</itunes:summary>
<itunes:explicit>no</itunes:explicit>
<itunes:duration>00:26:00</itunes:duration>
</item>
<item>
<title>Part Two: Old Friends</title>
<link>
https://bnetcmsus-a.akamaihd.net/cms/content_folder_media/HNDK2110QJQO1470073603146.mp3
</link>
<description>
<![CDATA[
The Tomb of Sargeras, written by Robert Brooks, narrated by Steven Pacey.
]]>
</description>
<pubDate>Tue, 2 Aug 2016 14:55:00 -0700</pubDate>
<enclosure url="https://bnetcmsus-a.akamaihd.net/cms/content_folder_media/HNDK2110QJQO1470073603146.mp3" length="1525412" type="audio/mpeg"/>
<itunes:author>Blizzard Entertainment</itunes:author>
<itunes:subtitle>
The Tomb of Sargeras Part Two: Old Friends, written by Robert Brooks, narrated by Steven Pacey. For a complete transcript and more, visit http://Blizz.ly/LegionMedia
</itunes:subtitle>
<itunes:summary>
<![CDATA[
The Tomb of Sargeras Part Two: Old Friends, written by Robert Brooks, narrated by Steven Pacey. For a complete transcript and more, visit http://Blizz.ly/LegionMedia
]]>
</itunes:summary>
<itunes:explicit>no</itunes:explicit>
<itunes:duration>00:19:26</itunes:duration>
</item>

<item>
<title>Part Three: The Tomb's Fury</title>
<link>
https://bnetcmsus-a.akamaihd.net/cms/content_folder_media/MJMG8I2K1OG61470073788016.mp3
</link>
<description>
<![CDATA[
The Tomb of Sargeras, written by Robert Brooks, narrated by Steven Pacey.
]]>
</description>
<pubDate>Wed, 3 Aug 2016 14:55:00 -0700</pubDate>
<enclosure url="https://bnetcmsus-a.akamaihd.net/cms/content_folder_media/MJMG8I2K1OG61470073788016.mp3" length="1525412" type="audio/mpeg"/>
<itunes:author>Blizzard Entertainment</itunes:author>
<itunes:subtitle>
The Tomb of Sargeras Part Three: The Tomb's Fury, written by Robert Brooks, narrated by Steven Pacey. For a complete transcript and more, visit http://Blizz.ly/LegionMedia
</itunes:subtitle>
<itunes:summary>
<![CDATA[
The Tomb of Sargeras Part Three: The Tomb's Fury, written by Robert Brooks, narrated by Steven Pacey. For a complete transcript and more, visit http://Blizz.ly/LegionMedia
]]>
</itunes:summary>
<itunes:explicit>no</itunes:explicit>
<itunes:duration>00:26:08</itunes:duration>
</item>

<item>
<title>Part Four: Standing Alone</title>
<link>
https://bnetcmsus-a.akamaihd.net/cms/content_folder_media/VOXTLTSV06E51470073942749.mp3
</link>
<description>
<![CDATA[
The Tomb of Sargeras, written by Robert Brooks, narrated by Steven Pacey.
]]>
</description>
<pubDate>Thu, 4 Aug 2016 14:55:00 -0700</pubDate>
<enclosure url="https://bnetcmsus-a.akamaihd.net/cms/content_folder_media/VOXTLTSV06E51470073942749.mp3" length="1525412" type="audio/mpeg"/>
<itunes:author>Blizzard Entertainment</itunes:author>
<itunes:subtitle>
The Tomb of Sargeras Part Four: Standing Alone, written by Robert Brooks, narrated by Steven Pacey. For a complete transcript and more, visit http://Blizz.ly/LegionMedia
</itunes:subtitle>
<itunes:summary>
<![CDATA[
The Tomb of Sargeras Part Four: Standing Alone, written by Robert Brooks, narrated by Steven Pacey. For a complete transcript and more, visit http://Blizz.ly/LegionMedia
]]>
</itunes:summary>
<itunes:explicit>no</itunes:explicit>
<itunes:duration>00:20:16</itunes:duration>
</item>
</channel>
</rss>