<?xml version="1.0" encoding="utf-8"?>
<rss xmlns:atom="http://www.w3.org/2005/Atom" xmlns:itunes="http://www.itunes.com/dtds/podcast-1.0.dtd" xmlns:itunesu="http://www.itunesu.com/feed" version="2.0">
	<channel>
		<link>http://stpaulscolumbus.dioms.org/sermons.xml</link>
		<language>en-US</language>
		<copyright>&#xA9; 2017</copyright>
		<webMaster>St. Paul's Episcopal Church</webMaster>
		<managingEditor>St. Paul's Episcopal Church</managingEditor>
		<image>
			<url>http://s3.amazonaws.com/dfc_attachments/images/3415783/Podcast__1_.jpg</url>
			<title>St Paul's Columbus</title>
		</image>
		<itunes:owner>
			<itunes:name>St. Paul's Episcopal Church</itunes:name>
			<itunes:email>stpaulscolumbus@gmail.com</itunes:email>
		</itunes:owner>
		<itunes:category text="Religion &amp; Spirituality">
			<itunes:category text="Christianity" />
		</itunes:category>
		<itunes:explicit>no</itunes:explicit>
		<itunes:image href="http://s3.amazonaws.com/dfc_attachments/images/3415783/Podcast__1_.jpg" />
		<pubDate>Fri, 18 May 2012 00:00:00 EST</pubDate> <!-- http://www.timeanddate.com/worldclock/city.html?n=805 - Use 24 hour clock -->
		<title>Sermons</title>
		<itunes:author>St. Paul's Episcopal Church</itunes:author>
		<description>St. Paul's Episcopal Church Columbus, MS invites you to participate in our sermons through this podcast.</description>
		<itunes:summary>St. Paul's Episcopal Church Columbus, MS invites you to participate in our sermons through this podcast.</itunes:summary>
		<itunes:subtitle>Sermons and Music</itunes:subtitle>


<!-- Always add the newest ITEM to the top of the list -->
		<item>
			<title>St. Paul's Annual Meeting</title>
			<description>Lord God, we acknowledge you as the source of all that we have and all that we are. Your son Jesus taught us to live generously. His life illustrated for us the principal that joy and fulfillment comes not by acquiring material things, but by living. 
</description>
			<itunes:summary>Lord God, we acknowledge you as the source of all that we have and all that we are. Your son Jesus taught us to live generously. His life illustrated for us the principal that joy and fulfillment comes not by acquiring material things, but by living. 
</itunes:summary>
			<itunes:subtitle>Stewardship Prayer 2017</itunes:subtitle>
			<enclosure url="http://s3.amazonaws.com/dfc_attachments/public/documents/3232104/Jan_8__2017_Annual_Meeting.mp3" type="audio/mpeg" length="1" />
			<guid>http://s3.amazonaws.com/dfc_attachments/public/documents/3232104/Jan_8__2017_Annual_Meeting.mp3</guid> <!-- GUID URL is identical to Enclosure URL -->
			<itunes:duration>55:00</itunes:duration>
			<pubDate>Sun, 08 Jan 2017 00:00:00 +0000</pubDate> <!-- http://www.timeanddate.com/worldclock/city.html?n=805 - Use 24 hour clock -->
		</item>
		<item>
			<title>The Holy Name Sunday</title>
			<description>When the angels had left them and gone into heaven, the shepherds said to one another, "Let us go now to Bethlehem and see this thing that has taken place, which the Lord has made known to us." So they went with haste and found Mary and Joseph, and the child lying in the manger. When they saw this, they made known what had been told them about this child; and all who heard it were amazed at what the shepherds told them. But Mary treasured all these words and pondered them in her heart. The shepherds returned, glorifying and praising God for all they had heard and seen, as it had been told them. After eight days had passed, it was time to circumcise the child; and he was called Jesus, the name given by the angel before he was conceived in the womb.</description>
			<itunes:summary>When the angels had left them and gone into heaven, the shepherds said to one another, "Let us go now to Bethlehem and see this thing that has taken place, which the Lord has made known to us." So they went with haste and found Mary and Joseph, and the child lying in the manger. When they saw this, they made known what had been told them about this child; and all who heard it were amazed at what the shepherds told them. But Mary treasured all these words and pondered them in her heart. The shepherds returned, glorifying and praising God for all they had heard and seen, as it had been told them. After eight days had passed, it was time to circumcise the child; and he was called Jesus, the name given by the angel before he was conceived in the womb.</itunes:summary>
			<itunes:subtitle>Luke 2:15-21</itunes:subtitle>
			<enclosure url="http://s3.amazonaws.com/dfc_attachments/public/documents/3231752/Jan_1__2017.mp3" type="audio/mpeg" length="1" />
			<guid>http://s3.amazonaws.com/dfc_attachments/public/documents/3231752/Jan_1__2017.mp3</guid> <!-- GUID URL is identical to Enclosure URL -->
			<itunes:duration></itunes:duration>
			<pubDate>Sun, 01 Jan 2017 00:00:00 +0000</pubDate> <!-- http://www.timeanddate.com/worldclock/city.html?n=805 - Use 24 hour clock -->
		</item>
		<item>
			<title>The Second Sunday of Advent</title>
			<description>In those days John the Baptist appeared in the wilderness of Judea, proclaiming, “Repent, for the kingdom of heaven has come near.” This is the one of whom the prophet Isaiah spoke when he said,
“The voice of one crying out in the wilderness: 
‘Prepare the way of the Lord, 
make his paths straight.’”
Now John wore clothing of camel’s hair with a leather belt around his waist, and his food was locusts and wild honey. Then the people of Jerusalem and all Judea were going out to him, and all the region along the Jordan, and they were baptized by him in the river Jordan, confessing their sins.

But when he saw many Pharisees and Sadducees coming for baptism, he said to them, “You brood of vipers! Who warned you to flee from the wrath to come? Bear fruit worthy of repentance. Do not presume to say to yourselves, ‘We have Abraham as our ancestor’; for I tell you, God is able from these stones to raise up children to Abraham. Even now the ax is lying at the root of the trees; every tree therefore that does not bear good fruit is cut down and thrown into the fire.
“I baptize you with water for repentance, but one who is more powerful than I is coming after me; I am not worthy to carry his sandals. He will baptize you with the Holy Spirit and fire. His winnowing fork is in his hand, and he will clear his threshing floor and will gather his wheat into the granary; but the chaff he will burn with unquenchable fire.”</description>
			<itunes:summary>In those days John the Baptist appeared in the wilderness of Judea, proclaiming, “Repent, for the kingdom of heaven has come near.” This is the one of whom the prophet Isaiah spoke when he said,
“The voice of one crying out in the wilderness: 
‘Prepare the way of the Lord, 
make his paths straight.’”
Now John wore clothing of camel’s hair with a leather belt around his waist, and his food was locusts and wild honey. Then the people of Jerusalem and all Judea were going out to him, and all the region along the Jordan, and they were baptized by him in the river Jordan, confessing their sins.

But when he saw many Pharisees and Sadducees coming for baptism, he said to them, “You brood of vipers! Who warned you to flee from the wrath to come? Bear fruit worthy of repentance. Do not presume to say to yourselves, ‘We have Abraham as our ancestor’; for I tell you, God is able from these stones to raise up children to Abraham. Even now the ax is lying at the root of the trees; every tree therefore that does not bear good fruit is cut down and thrown into the fire.
“I baptize you with water for repentance, but one who is more powerful than I is coming after me; I am not worthy to carry his sandals. He will baptize you with the Holy Spirit and fire. His winnowing fork is in his hand, and he will clear his threshing floor and will gather his wheat into the granary; but the chaff he will burn with unquenchable fire.”</itunes:summary>
			<itunes:subtitle>Matthew 3:1-12</itunes:subtitle>
			<enclosure url="http://s3.amazonaws.com/dfc_attachments/public/documents/3230760/December_4__2016.mp3" type="audio/mpeg" length="1" />
			<guid>http://s3.amazonaws.com/dfc_attachments/public/documents/3230760/December_4__2016.mp3</guid> <!-- GUID URL is identical to Enclosure URL -->
			<itunes:duration></itunes:duration>
			<pubDate>Sun, 04 Dec 2016 00:00:00 +0000</pubDate> <!-- http://www.timeanddate.com/worldclock/city.html?n=805 - Use 24 hour clock -->
		</item>
		<item>
			<title>The First Sunday in Advent</title>
			<description>Jesus said to the disciples, “But about that day and hour no one knows, neither the angels of heaven, nor the Son, but only the Father. For as the days of Noah were, so will be the coming of the Son of Man. For as in those days before the flood they were eating and drinking, marrying and giving in marriage, until the day Noah entered the ark, and they knew nothing until the flood came and swept them all away, so too will be the coming of the Son of Man. Then two will be in the field; one will be taken and one will be left. Two women will be grinding meal together; one will be taken and one will be left. Keep awake therefore, for you do not know on what day your Lord is coming. But understand this: if the owner of the house had known in what part of the night the thief was coming, he would have stayed awake and would not have let his house be broken into. Therefore you also must be ready, for the Son of Man is coming at an unexpected hour.”</description>
			<itunes:summary>Jesus said to the disciples, “But about that day and hour no one knows, neither the angels of heaven, nor the Son, but only the Father. For as the days of Noah were, so will be the coming of the Son of Man. For as in those days before the flood they were eating and drinking, marrying and giving in marriage, until the day Noah entered the ark, and they knew nothing until the flood came and swept them all away, so too will be the coming of the Son of Man. Then two will be in the field; one will be taken and one will be left. Two women will be grinding meal together; one will be taken and one will be left. Keep awake therefore, for you do not know on what day your Lord is coming. But understand this: if the owner of the house had known in what part of the night the thief was coming, he would have stayed awake and would not have let his house be broken into. Therefore you also must be ready, for the Son of Man is coming at an unexpected hour.”</itunes:summary>
			<itunes:subtitle>Matthew 24:36-44</itunes:subtitle>
			<enclosure url="http://s3.amazonaws.com/dfc_attachments/public/documents/3230755/November27__2016.mp3" type="audio/mpeg" length="1" />
			<guid>http://s3.amazonaws.com/dfc_attachments/public/documents/3230755/November27__2016.mp3</guid> <!-- GUID URL is identical to Enclosure URL -->
			<itunes:duration></itunes:duration>
			<pubDate>Sun, 27 Nov 2016 00:00:00 +0000</pubDate> <!-- http://www.timeanddate.com/worldclock/city.html?n=805 - Use 24 hour clock -->
		</item>
		<item>
			<title>Christ the King Sunday</title>
			<description>When they came to the place that is called The Skull, they crucified Jesus there with the criminals, one on his right and one on his left. Then Jesus said, "Father, forgive them; for they do not know what they are doing." And they cast lots to divide his clothing. The people stood by, watching Jesus on the cross; but the leaders scoffed at him, saying, "He saved others; let him save himself if he is the Messiah of God, his chosen one!" The soldiers also mocked him, coming up and offering him sour wine, and saying, "If you are the King of the Jews, save yourself!" There was also an inscription over him, "This is the King of the Jews."

One of the criminals who were hanged there kept deriding him and saying, "Are you not the Messiah? Save yourself and us!" But the other rebuked him, saying, "Do you not fear God, since you are under the same sentence of condemnation? And we indeed have been condemned justly, for we are getting what we deserve for our deeds, but this man has done nothing wrong." Then he said, "Jesus, remember me when you come into your kingdom." He replied, "Truly I tell you, today you will be with me in Paradise."</description>
			<itunes:summary>When they came to the place that is called The Skull, they crucified Jesus there with the criminals, one on his right and one on his left. Then Jesus said, "Father, forgive them; for they do not know what they are doing." And they cast lots to divide his clothing. The people stood by, watching Jesus on the cross; but the leaders scoffed at him, saying, "He saved others; let him save himself if he is the Messiah of God, his chosen one!" The soldiers also mocked him, coming up and offering him sour wine, and saying, "If you are the King of the Jews, save yourself!" There was also an inscription over him, "This is the King of the Jews."

One of the criminals who were hanged there kept deriding him and saying, "Are you not the Messiah? Save yourself and us!" But the other rebuked him, saying, "Do you not fear God, since you are under the same sentence of condemnation? And we indeed have been condemned justly, for we are getting what we deserve for our deeds, but this man has done nothing wrong." Then he said, "Jesus, remember me when you come into your kingdom." He replied, "Truly I tell you, today you will be with me in Paradise."</itunes:summary>
			<itunes:subtitle>Luke 23:33-43 What Kind of King is Christ?</itunes:subtitle>
			<enclosure url="http://s3.amazonaws.com/dfc_attachments/public/documents/3230180/Novemeber_20__2016.mp3" type="audio/mpeg" length="1" />
			<guid>http://s3.amazonaws.com/dfc_attachments/public/documents/3230180/Novemeber_20__2016.mp3</guid> <!-- GUID URL is identical to Enclosure URL -->
			<itunes:duration></itunes:duration>
			<pubDate>Tue, 22 Nov 2016 00:00:00 +0000</pubDate> <!-- http://www.timeanddate.com/worldclock/city.html?n=805 - Use 24 hour clock -->
		</item>
		<item>
			<title>The Twenty Fifth Sunday After Pentecost</title>
			<description>Some Sadducees, those who say there is no resurrection, came to Jesus and asked him a question, "Teacher, Moses wrote for us that if a man's brother dies, leaving a wife but no children, the man shall marry the widow and raise up children for his brother. Now there were seven brothers; the first married, and died childless; then the second and the third married her, and so in the same way all seven died childless. Finally the woman also died. In the resurrection, therefore, whose wife will the woman be? For the seven had married her."

Jesus said to them, "Those who belong to this age marry and are given in marriage; but those who are considered worthy of a place in that age and in the resurrection from the dead neither marry nor are given in marriage. Indeed they cannot die anymore, because they are like angels and are children of God, being children of the resurrection. And the fact that the dead are raised Moses himself showed, in the story about the bush, where he speaks of the Lord as the God of Abraham, the God of Isaac, and the God of Jacob. Now he is God not of the dead, but of the living; for to him all of them are alive."</description>
			<itunes:summary>Some Sadducees, those who say there is no resurrection, came to Jesus and asked him a question, "Teacher, Moses wrote for us that if a man's brother dies, leaving a wife but no children, the man shall marry the widow and raise up children for his brother. Now there were seven brothers; the first married, and died childless; then the second and the third married her, and so in the same way all seven died childless. Finally the woman also died. In the resurrection, therefore, whose wife will the woman be? For the seven had married her."

Jesus said to them, "Those who belong to this age marry and are given in marriage; but those who are considered worthy of a place in that age and in the resurrection from the dead neither marry nor are given in marriage. Indeed they cannot die anymore, because they are like angels and are children of God, being children of the resurrection. And the fact that the dead are raised Moses himself showed, in the story about the bush, where he speaks of the Lord as the God of Abraham, the God of Isaac, and the God of Jacob. Now he is God not of the dead, but of the living; for to him all of them are alive."</itunes:summary>
			<itunes:subtitle>Luke 20:27-38</itunes:subtitle>
			<enclosure url="" type="audio/mpeg" length="1" />
			<guid></guid> <!-- GUID URL is identical to Enclosure URL -->
			<itunes:duration></itunes:duration>
			<pubDate>Tue, 08 Nov 2016 00:00:00 +0000</pubDate> <!-- http://www.timeanddate.com/worldclock/city.html?n=805 - Use 24 hour clock -->
		</item>
		<item>
			<title>The Twenty Fourth Sunday After Pentecost</title>
			<description>Jesus entered Jericho and was passing through it. A man was there named Zacchaeus; he was a chief tax collector and was rich. He was trying to see who Jesus was, but on account of the crowd he could not, because he was short in stature. So he ran ahead and climbed a sycamore tree to see him, because he was going to pass that way. When Jesus came to the place, he looked up and said to him, "Zacchaeus, hurry and come down; for I must stay at your house today." So he hurried down and was happy to welcome him. All who saw it began to grumble and said, "He has gone to be the guest of one who is a sinner." Zacchaeus stood there and said to the Lord, "Look, half of my possessions, Lord, I will give to the poor; and if I have defrauded anyone of anything, I will pay back four times as much." Then Jesus said to him, "Today salvation has come to this house, because he too is a son of Abraham. For the Son of Man came to seek out and to save the lost."</description>
			<itunes:summary>Jesus entered Jericho and was passing through it. A man was there named Zacchaeus; he was a chief tax collector and was rich. He was trying to see who Jesus was, but on account of the crowd he could not, because he was short in stature. So he ran ahead and climbed a sycamore tree to see him, because he was going to pass that way. When Jesus came to the place, he looked up and said to him, "Zacchaeus, hurry and come down; for I must stay at your house today." So he hurried down and was happy to welcome him. All who saw it began to grumble and said, "He has gone to be the guest of one who is a sinner." Zacchaeus stood there and said to the Lord, "Look, half of my possessions, Lord, I will give to the poor; and if I have defrauded anyone of anything, I will pay back four times as much." Then Jesus said to him, "Today salvation has come to this house, because he too is a son of Abraham. For the Son of Man came to seek out and to save the lost."</itunes:summary>
			<itunes:subtitle>Luke 19:1-10</itunes:subtitle>
			<enclosure url="http://s3.amazonaws.com/dfc_attachments/public/documents/3229404/Oct30.mp3" type="audio/mpeg" length="1" />
			<guid>http://s3.amazonaws.com/dfc_attachments/public/documents/3229404/Oct30.mp3</guid> <!-- GUID URL is identical to Enclosure URL -->
			<itunes:duration></itunes:duration>
			<pubDate>Sun, 30 Oct 2016 00:00:00 +0000</pubDate> <!-- http://www.timeanddate.com/worldclock/city.html?n=805 - Use 24 hour clock -->
		</item>
		<item>
			<title>The Twenty Third Sunday After Pentecost </title>
			<description>Jesus told this parable to some who trusted in themselves that they were righteous and regarded others with contempt: "Two men went up to the temple to pray, one a Pharisee and the other a tax collector. The Pharisee, standing by himself, was praying thus, `God, I thank you that I am not like other people: thieves, rogues, adulterers, or even like this tax collector. I fast twice a week; I give a tenth of all my income.' But the tax collector, standing far off, would not even look up to heaven, but was beating his breast and saying, `God, be merciful to me, a sinner!' I tell you, this man went down to his home justified rather than the other; for all who exalt themselves will be humbled, but all who humble themselves will be exalted."</description>
			<itunes:summary>Jesus told this parable to some who trusted in themselves that they were righteous and regarded others with contempt: "Two men went up to the temple to pray, one a Pharisee and the other a tax collector. The Pharisee, standing by himself, was praying thus, `God, I thank you that I am not like other people: thieves, rogues, adulterers, or even like this tax collector. I fast twice a week; I give a tenth of all my income.' But the tax collector, standing far off, would not even look up to heaven, but was beating his breast and saying, `God, be merciful to me, a sinner!' I tell you, this man went down to his home justified rather than the other; for all who exalt themselves will be humbled, but all who humble themselves will be exalted."</itunes:summary>
			<itunes:subtitle>Luke 18 9-14 The Pharisee and the Tax Collector</itunes:subtitle>
			<enclosure url="http://s3.amazonaws.com/dfc_attachments/public/documents/3229403/Oct23.mp3" type="audio/mpeg" length="1" />
			<guid>http://s3.amazonaws.com/dfc_attachments/public/documents/3229403/Oct23.mp3</guid> <!-- GUID URL is identical to Enclosure URL -->
			<itunes:duration></itunes:duration>
			<pubDate>Sun, 23 Oct 2016 00:00:00 +0000</pubDate> <!-- http://www.timeanddate.com/worldclock/city.html?n=805 - Use 24 hour clock -->
		</item>
		<item>
			<title>The Twenty Second Sunday after Pentacost</title>
			<description>Jesus told his disciples a parable about their need to pray always and not to lose heart. He said, "In a certain city there was a judge who neither feared God nor had respect for people. In that city there was a widow who kept coming to him and saying, `Grant me justice against my opponent.' For a while he refused; but later he said to himself, `Though I have no fear of God and no respect for anyone, yet because this widow keeps bothering me, I will grant her justice, so that she may not wear me out by continually coming.'" And the Lord said, "Listen to what the unjust judge says. And will not God grant justice to his chosen ones who cry to him day and night? Will he delay long in helping them? I tell you, he will quickly grant justice to them. And yet, when the Son of Man comes, will he find faith on earth?"</description>
			<itunes:summary>Jesus told his disciples a parable about their need to pray always and not to lose heart. He said, "In a certain city there was a judge who neither feared God nor had respect for people. In that city there was a widow who kept coming to him and saying, `Grant me justice against my opponent.' For a while he refused; but later he said to himself, `Though I have no fear of God and no respect for anyone, yet because this widow keeps bothering me, I will grant her justice, so that she may not wear me out by continually coming.'" And the Lord said, "Listen to what the unjust judge says. And will not God grant justice to his chosen ones who cry to him day and night? Will he delay long in helping them? I tell you, he will quickly grant justice to them. And yet, when the Son of Man comes, will he find faith on earth?"</itunes:summary>
			<itunes:subtitle>Luke 18:1-8</itunes:subtitle>
			<enclosure url="http://s3.amazonaws.com/dfc_attachments/public/documents/3229405/Oct16.mp3" type="audio/mpeg" length="1" />
			<guid>http://s3.amazonaws.com/dfc_attachments/public/documents/3229405/Oct16.mp3</guid> <!-- GUID URL is identical to Enclosure URL -->
			<itunes:duration></itunes:duration>
			<pubDate>Sun, 16 Oct 2016 00:00:00 +0000</pubDate> <!-- http://www.timeanddate.com/worldclock/city.html?n=805 - Use 24 hour clock -->
		</item>
		<item>
			<title>The Twenty-First Sunday After Pentecost </title>
			<description>On the way to Jerusalem Jesus was going through the region between Samaria and Galilee. As he entered a village, ten lepers approached him. Keeping their distance, they called out, saying, “Jesus, Master, have mercy on us!” When he saw them, he said to them, “Go and show yourselves to the priests.” And as they went, they were made clean. Then one of them, when he saw that he was healed, turned back, praising God with a loud voice. He prostrated himself at Jesus’ feet and thanked him. And he was a Samaritan. Then Jesus asked, “Were not ten made clean? But the other nine, where are they? Was none of them found to return and give praise to God except this foreigner?” Then he said to him, “Get up and go on your way; your faith has made you well.”</description>
			<itunes:summary>On the way to Jerusalem Jesus was going through the region between Samaria and Galilee. As he entered a village, ten lepers approached him. Keeping their distance, they called out, saying, “Jesus, Master, have mercy on us!” When he saw them, he said to them, “Go and show yourselves to the priests.” And as they went, they were made clean. Then one of them, when he saw that he was healed, turned back, praising God with a loud voice. He prostrated himself at Jesus’ feet and thanked him. And he was a Samaritan. Then Jesus asked, “Were not ten made clean? But the other nine, where are they? Was none of them found to return and give praise to God except this foreigner?” Then he said to him, “Get up and go on your way; your faith has made you well.”</itunes:summary>
			<itunes:subtitle>Luke 17:11-19 Thank You</itunes:subtitle>
			<enclosure url="http://s3.amazonaws.com/dfc_attachments/public/documents/3228515/Oct9.mp3" type="audio/mpeg" length="1" />
			<guid>http://s3.amazonaws.com/dfc_attachments/public/documents/3228515/Oct9.mp3</guid> <!-- GUID URL is identical to Enclosure URL -->
			<itunes:duration></itunes:duration>
			<pubDate>Sun, 09 Oct 2016 00:00:00 +0000</pubDate> <!-- http://www.timeanddate.com/worldclock/city.html?n=805 - Use 24 hour clock -->
		</item>
		<item>
			<title>The Nineteenth Sunday After Pentecost</title>
			<description>Jesus said, "There was a rich man who was dressed in purple and fine linen and who feasted sumptuously every day. And at his gate lay a poor man named Lazarus, covered with sores, who longed to satisfy his hunger with what fell from the rich man's table; even the dogs would come and lick his sores. The poor man died and was carried away by the angels to be with Abraham. The rich man also died and was buried. In Hades, where he was being tormented, he looked up and saw Abraham far away with Lazarus by his side. He called out, `Father Abraham, have mercy on me, and send Lazarus to dip the tip of his finger in water and cool my tongue; for I am in agony in these flames.' But Abraham said, `Child, remember that during your lifetime you received your good things, and Lazarus in like manner evil things; but now he is comforted here, and you are in agony. Besides all this, between you and us a great chasm has been fixed, so that those who might want to pass from here to you cannot do so, and no one can cross from there to us.' He said, `Then, father, I beg you to send him to my father's house-- for I have five brothers-- that he may warn them, so that they will not also come into this place of torment.' Abraham replied, `They have Moses and the prophets; they should listen to them.' He said, `No, father Abraham; but if someone goes to them from the dead, they will repent.' He said to him, `If they do not listen to Moses and the prophets, neither will they be convinced even if someone rises from the dead.'"</description>
			<itunes:summary>Jesus said, "There was a rich man who was dressed in purple and fine linen and who feasted sumptuously every day. And at his gate lay a poor man named Lazarus, covered with sores, who longed to satisfy his hunger with what fell from the rich man's table; even the dogs would come and lick his sores. The poor man died and was carried away by the angels to be with Abraham. The rich man also died and was buried. In Hades, where he was being tormented, he looked up and saw Abraham far away with Lazarus by his side. He called out, `Father Abraham, have mercy on me, and send Lazarus to dip the tip of his finger in water and cool my tongue; for I am in agony in these flames.' But Abraham said, `Child, remember that during your lifetime you received your good things, and Lazarus in like manner evil things; but now he is comforted here, and you are in agony. Besides all this, between you and us a great chasm has been fixed, so that those who might want to pass from here to you cannot do so, and no one can cross from there to us.' He said, `Then, father, I beg you to send him to my father's house-- for I have five brothers-- that he may warn them, so that they will not also come into this place of torment.' Abraham replied, `They have Moses and the prophets; they should listen to them.' He said, `No, father Abraham; but if someone goes to them from the dead, they will repent.' He said to him, `If they do not listen to Moses and the prophets, neither will they be convinced even if someone rises from the dead.'"</itunes:summary>
			<itunes:subtitle>Is it a Sin to be Rich?</itunes:subtitle>
			<enclosure url="http://s3.amazonaws.com/dfc_attachments/public/documents/3228518/Sept25.mp3" type="audio/mpeg" length="1" />
			<guid>http://s3.amazonaws.com/dfc_attachments/public/documents/3228518/Sept25.mp3</guid> <!-- GUID URL is identical to Enclosure URL -->
			<itunes:duration></itunes:duration>
			<pubDate>Sun, 25 Sep 2016 00:00:00 +0000</pubDate> <!-- http://www.timeanddate.com/worldclock/city.html?n=805 - Use 24 hour clock -->
		</item>
		<item>
			<title>The Eighteenth Sunday After Pentecost</title>
			<description>Jesus said to the disciples, "There was a rich man who had a manager, and charges were brought to him that this man was squandering his property. So he summoned him and said to him, `What is this that I hear about you? Give me an accounting of your management, because you cannot be my manager any longer.' Then the manager said to himself, `What will I do, now that my master is taking the position away from me? I am not strong enough to dig, and I am ashamed to beg. I have decided what to do so that, when I am dismissed as manager, people may welcome me into their homes.' So, summoning his master's debtors one by one, he asked the first, `How much do you owe my master?' He answered, `A hundred jugs of olive oil.' He said to him, `Take your bill, sit down quickly, and make it fifty.' Then he asked another, `And how much do you owe?' He replied, `A hundred containers of wheat.' He said to him, `Take your bill and make it eighty.' And his master commended the dishonest manager because he had acted shrewdly; for the children of this age are more shrewd in dealing with their own generation than are the children of light. And I tell you, make friends for yourselves by means of dishonest wealth so that when it is gone, they may welcome you into the eternal homes. "Whoever is faithful in a very little is faithful also in much; and whoever is dishonest in a very little is dishonest also in much. If then you have not been faithful with the dishonest wealth, who will entrust to you the true riches? And if you have not been faithful with what belongs to another, who will give you what is your own? No slave can serve two masters; for a slave will either hate the one and love the other, or be devoted to the one and despise the other. You cannot serve God and wealth."
</description>
			<itunes:summary>Jesus said to the disciples, "There was a rich man who had a manager, and charges were brought to him that this man was squandering his property. So he summoned him and said to him, `What is this that I hear about you? Give me an accounting of your management, because you cannot be my manager any longer.' Then the manager said to himself, `What will I do, now that my master is taking the position away from me? I am not strong enough to dig, and I am ashamed to beg. I have decided what to do so that, when I am dismissed as manager, people may welcome me into their homes.' So, summoning his master's debtors one by one, he asked the first, `How much do you owe my master?' He answered, `A hundred jugs of olive oil.' He said to him, `Take your bill, sit down quickly, and make it fifty.' Then he asked another, `And how much do you owe?' He replied, `A hundred containers of wheat.' He said to him, `Take your bill and make it eighty.' And his master commended the dishonest manager because he had acted shrewdly; for the children of this age are more shrewd in dealing with their own generation than are the children of light. And I tell you, make friends for yourselves by means of dishonest wealth so that when it is gone, they may welcome you into the eternal homes. "Whoever is faithful in a very little is faithful also in much; and whoever is dishonest in a very little is dishonest also in much. If then you have not been faithful with the dishonest wealth, who will entrust to you the true riches? And if you have not been faithful with what belongs to another, who will give you what is your own? No slave can serve two masters; for a slave will either hate the one and love the other, or be devoted to the one and despise the other. You cannot serve God and wealth."
</itunes:summary>
			<itunes:subtitle>Luke 16:1-13 The Parable of the Dishonest Manager</itunes:subtitle>
			<enclosure url="http://s3.amazonaws.com/dfc_attachments/public/documents/3228517/Sept18.mp3" type="audio/mpeg" length="1" />
			<guid>http://s3.amazonaws.com/dfc_attachments/public/documents/3228517/Sept18.mp3</guid> <!-- GUID URL is identical to Enclosure URL -->
			<itunes:duration></itunes:duration>
			<pubDate>Sun, 18 Sep 2016 00:00:00 +0000</pubDate> <!-- http://www.timeanddate.com/worldclock/city.html?n=805 - Use 24 hour clock -->
		</item>
		<item>
			<title>The Seventeenth Sunday After Pentecost</title>
			<description>All the tax collectors and sinners were coming near to listen to Jesus. And the Pharisees and the scribes were grumbling and saying, "This fellow welcomes sinners and eats with them."
So he told them this parable: "Which one of you, having a hundred sheep and losing one of them, does not leave the ninety-nine in the wilderness and go after the one that is lost until he finds it? When he has found it, he lays it on his shoulders and rejoices. And when he comes home, he calls together his friends and neighbors, saying to them, `Rejoice with me, for I have found my sheep that was lost.' Just so, I tell you, there will be more joy in heaven over one sinner who repents than over ninety-nine righteous persons who need no repentance. "Or what woman having ten silver coins, if she loses one of them, does not light a lamp, sweep the house, and search carefully until she finds it? When she has found it, she calls together her friends and neighbors, saying, `Rejoice with me, for I have found the coin that I had lost.' Just so, I tell you, there is joy in the presence of the angels of God over one sinner who repents."
</description>
			<itunes:summary>All the tax collectors and sinners were coming near to listen to Jesus. And the Pharisees and the scribes were grumbling and saying, "This fellow welcomes sinners and eats with them."
So he told them this parable: "Which one of you, having a hundred sheep and losing one of them, does not leave the ninety-nine in the wilderness and go after the one that is lost until he finds it? When he has found it, he lays it on his shoulders and rejoices. And when he comes home, he calls together his friends and neighbors, saying to them, `Rejoice with me, for I have found my sheep that was lost.' Just so, I tell you, there will be more joy in heaven over one sinner who repents than over ninety-nine righteous persons who need no repentance. "Or what woman having ten silver coins, if she loses one of them, does not light a lamp, sweep the house, and search carefully until she finds it? When she has found it, she calls together her friends and neighbors, saying, `Rejoice with me, for I have found the coin that I had lost.' Just so, I tell you, there is joy in the presence of the angels of God over one sinner who repents."
</itunes:summary>
			<itunes:subtitle>Luke 15:1-10</itunes:subtitle>
			<enclosure url="http://s3.amazonaws.com/dfc_attachments/public/documents/3228516/Sept11.mp3" type="audio/mpeg" length="1" />
			<guid>http://s3.amazonaws.com/dfc_attachments/public/documents/3228516/Sept11.mp3</guid> <!-- GUID URL is identical to Enclosure URL -->
			<itunes:duration></itunes:duration>
			<pubDate>Sun, 11 Sep 2016 00:00:00 +0000</pubDate> <!-- http://www.timeanddate.com/worldclock/city.html?n=805 - Use 24 hour clock -->
		</item>
		<item>
			<title>The Fifteenth Sunday After Pentecost</title>
			<description>On one occasion when Jesus was going to the house of a leader of the Pharisees to eat a meal on the sabbath, they were watching him closely.
When he noticed how the guests chose the places of honor, he told them a parable. "When you are invited by someone to a wedding banquet, do not sit down at the place of honor, in case someone more distinguished than you has been invited by your host; and the host who invited both of you may come and say to you, `Give this person your place,' and then in disgrace you would start to take the lowest place. But when you are invited, go and sit down at the lowest place, so that when your host comes, he may say to you, `Friend, move up higher'; then you will be honored in the presence of all who sit at the table with you. For all who exalt themselves will be humbled, and those who humble themselves will be exalted."
He said also to the one who had invited him, "When you give a luncheon or a dinner, do not invite your friends or your brothers or your relatives or rich neighbors, in case they may invite you in return, and you would be repaid. But when you give a banquet, invite the poor, the crippled, the lame, and the blind. And you will be blessed, because they cannot repay you, for you will be repaid at the resurrection of the righteous."</description>
			<itunes:summary>On one occasion when Jesus was going to the house of a leader of the Pharisees to eat a meal on the sabbath, they were watching him closely.
When he noticed how the guests chose the places of honor, he told them a parable. "When you are invited by someone to a wedding banquet, do not sit down at the place of honor, in case someone more distinguished than you has been invited by your host; and the host who invited both of you may come and say to you, `Give this person your place,' and then in disgrace you would start to take the lowest place. But when you are invited, go and sit down at the lowest place, so that when your host comes, he may say to you, `Friend, move up higher'; then you will be honored in the presence of all who sit at the table with you. For all who exalt themselves will be humbled, and those who humble themselves will be exalted."
He said also to the one who had invited him, "When you give a luncheon or a dinner, do not invite your friends or your brothers or your relatives or rich neighbors, in case they may invite you in return, and you would be repaid. But when you give a banquet, invite the poor, the crippled, the lame, and the blind. And you will be blessed, because they cannot repay you, for you will be repaid at the resurrection of the righteous."</itunes:summary>
			<itunes:subtitle>Luke 14:1, 7-14 Humility and Hospitality</itunes:subtitle>
			<enclosure url="http://s3.amazonaws.com/dfc_attachments/public/documents/3228520/Aug28.mp3" type="audio/mpeg" length="1" />
			<guid>http://s3.amazonaws.com/dfc_attachments/public/documents/3228520/Aug28.mp3</guid> <!-- GUID URL is identical to Enclosure URL -->
			<itunes:duration></itunes:duration>
			<pubDate>Sun, 28 Aug 2016 00:00:00 +0000</pubDate> <!-- http://www.timeanddate.com/worldclock/city.html?n=805 - Use 24 hour clock -->
		</item>
		<item>
			<title>The Fourteenth Sunday After Pentecost </title>
			<description>Now he was teaching in one of the synagogues on the sabbath. And just then there appeared a woman with a spirit that had crippled her for eighteen years. She was bent over and was quite unable to stand up straight. When Jesus saw her, he called her over and said, “Woman, you are set free from your ailment.” When he laid his hands on her, immediately she stood up straight and began praising God. But the leader of the synagogue, indignant because Jesus had cured on the sabbath, kept saying to the crowd, “There are six days on which work ought to be done; come on those days and be cured, and not on the sabbath day.” But the Lord answered him and said, “You hypocrites! Does not each of you on the sabbath untie his ox or his donkey from the manger, and lead it away to give it water? And ought not this woman, a daughter of Abraham whom Satan bound for eighteen long years, be set free from this bondage on the sabbath day?” When he said this, all his opponents were put to shame; and the entire crowd was rejoicing at all the wonderful things that he was doing.</description>
			<itunes:summary>Now he was teaching in one of the synagogues on the sabbath. And just then there appeared a woman with a spirit that had crippled her for eighteen years. She was bent over and was quite unable to stand up straight. When Jesus saw her, he called her over and said, “Woman, you are set free from your ailment.” When he laid his hands on her, immediately she stood up straight and began praising God. But the leader of the synagogue, indignant because Jesus had cured on the sabbath, kept saying to the crowd, “There are six days on which work ought to be done; come on those days and be cured, and not on the sabbath day.” But the Lord answered him and said, “You hypocrites! Does not each of you on the sabbath untie his ox or his donkey from the manger, and lead it away to give it water? And ought not this woman, a daughter of Abraham whom Satan bound for eighteen long years, be set free from this bondage on the sabbath day?” When he said this, all his opponents were put to shame; and the entire crowd was rejoicing at all the wonderful things that he was doing.</itunes:summary>
			<itunes:subtitle>Luke 13:10-17 Jesus Heals a Crippled Woman</itunes:subtitle>
			<enclosure url="http://s3.amazonaws.com/dfc_attachments/public/documents/3228519/Aug21.mp3" type="audio/mpeg" length="1" />
			<guid>http://s3.amazonaws.com/dfc_attachments/public/documents/3228519/Aug21.mp3</guid> <!-- GUID URL is identical to Enclosure URL -->
			<itunes:duration></itunes:duration>
			<pubDate>Sun, 21 Aug 2016 00:00:00 +0000</pubDate> <!-- http://www.timeanddate.com/worldclock/city.html?n=805 - Use 24 hour clock -->
		</item>
		<item>
			<title>The Thirteenth Sunday After Pentecost </title>
			<description>Jesus said, "I came to bring fire to the earth, and how I wish it were already kindled! I have a baptism with which to be baptized, and what stress I am under until it is completed! Do you think that I have come to bring peace to the earth? No, I tell you, but rather division! From now on five in one household will be divided, three against two and two against three; they will be divided: father against son and son against father, mother against daughter and daughter against mother, mother-in-law against her daughter-in-law and daughter-in-law against mother-in-law." He also said to the crowds, "When you see a cloud rising in the west, you immediately say, `It is going to rain'; and so it happens. And when you see the south wind blowing, you say, `There will be scorching heat'; and it happens. You hypocrites! You know how to interpret the appearance of earth and sky, but why do you not know how to interpret the present time?" Optional parts of the readings are set off in square brackets.</description>
			<itunes:summary>Jesus said, "I came to bring fire to the earth, and how I wish it were already kindled! I have a baptism with which to be baptized, and what stress I am under until it is completed! Do you think that I have come to bring peace to the earth? No, I tell you, but rather division! From now on five in one household will be divided, three against two and two against three; they will be divided: father against son and son against father, mother against daughter and daughter against mother, mother-in-law against her daughter-in-law and daughter-in-law against mother-in-law." He also said to the crowds, "When you see a cloud rising in the west, you immediately say, `It is going to rain'; and so it happens. And when you see the south wind blowing, you say, `There will be scorching heat'; and it happens. You hypocrites! You know how to interpret the appearance of earth and sky, but why do you not know how to interpret the present time?" Optional parts of the readings are set off in square brackets.</itunes:summary>
			<itunes:subtitle>Luke 12:49-56 Faith in Action</itunes:subtitle>
			<enclosure url="http://s3.amazonaws.com/dfc_attachments/public/documents/3226068/Aug14.mp3" type="audio/mpeg" length="1" />
			<guid>http://s3.amazonaws.com/dfc_attachments/public/documents/3226068/Aug14.mp3</guid> <!-- GUID URL is identical to Enclosure URL -->
			<itunes:duration>12:47</itunes:duration>
			<pubDate>Tue, 16 Aug 2016 00:00:00 +0000</pubDate> <!-- http://www.timeanddate.com/worldclock/city.html?n=805 - Use 24 hour clock -->
		</item>
		<item>
			<title>The Twelfth Sunday after Pentecost</title>
			<description>“Do not be afraid, little flock, for it is your Father’s good pleasure to give you the kingdom. Sell your possessions, and give alms. Make purses for yourselves that do not wear out, an unfailing treasure in heaven, where no thief comes near and no moth destroys. For where your treasure is, there your heart will be also.
Watchful Slaves
“Be dressed for action and have your lamps lit; be like those who are waiting for their master to return from the wedding banquet, so that they may open the door for him as soon as he comes and knocks. Blessed are those slaves whom the master finds alert when he comes; truly I tell you, he will fasten his belt and have them sit down to eat, and he will come and serve them. If he comes during the middle of the night, or near dawn, and finds them so, blessed are those slaves.
“But know this: if the owner of the house had known at what hour the thief was coming, he would not have let his house be broken into. You also must be ready, for the Son of Man is coming at an unexpected hour.”</description>
			<itunes:summary>“Do not be afraid, little flock, for it is your Father’s good pleasure to give you the kingdom. Sell your possessions, and give alms. Make purses for yourselves that do not wear out, an unfailing treasure in heaven, where no thief comes near and no moth destroys. For where your treasure is, there your heart will be also.
Watchful Slaves
“Be dressed for action and have your lamps lit; be like those who are waiting for their master to return from the wedding banquet, so that they may open the door for him as soon as he comes and knocks. Blessed are those slaves whom the master finds alert when he comes; truly I tell you, he will fasten his belt and have them sit down to eat, and he will come and serve them. If he comes during the middle of the night, or near dawn, and finds them so, blessed are those slaves.
“But know this: if the owner of the house had known at what hour the thief was coming, he would not have let his house be broken into. You also must be ready, for the Son of Man is coming at an unexpected hour.”</itunes:summary>
			<itunes:subtitle>Luke 12:32-40 Watchful Slaves</itunes:subtitle>
			<enclosure url="http://s3.amazonaws.com/dfc_attachments/public/documents/3225876/August7.mp3" type="audio/mpeg" length="1" />
			<guid>http://s3.amazonaws.com/dfc_attachments/public/documents/3225876/August7.mp3</guid> <!-- GUID URL is identical to Enclosure URL -->
			<itunes:duration></itunes:duration>
			<pubDate>Sun, 07 Aug 2016 00:00:00 +0000</pubDate> <!-- http://www.timeanddate.com/worldclock/city.html?n=805 - Use 24 hour clock -->
		</item>
		<item>
			<title>The Eleventh Sunday after Pentecost</title>
			<description>Someone in the crowd said to him, “Teacher, tell my brother to divide the family inheritance with me.” But he said to him, “Friend, who set me to be a judge or arbitrator over you?” And he said to them, “Take care! Be on your guard against all kinds of greed; for one’s life does not consist in the abundance of possessions.” Then he told them a parable: “The land of a rich man produced abundantly. And he thought to himself, ‘What should I do, for I have no place to store my crops?’ Then he said, ‘I will do this: I will pull down my barns and build larger ones, and there I will store all my grain and my goods. And I will say to my soul, Soul, you have ample goods laid up for many years; relax, eat, drink, be merry.’ But God said to him, ‘You fool! This very night your life is being demanded of you. And the things you have prepared, whose will they be?’ So it is with those who store up treasures for themselves but are not rich toward God.”</description>
			<itunes:summary>Someone in the crowd said to him, “Teacher, tell my brother to divide the family inheritance with me.” But he said to him, “Friend, who set me to be a judge or arbitrator over you?” And he said to them, “Take care! Be on your guard against all kinds of greed; for one’s life does not consist in the abundance of possessions.” Then he told them a parable: “The land of a rich man produced abundantly. And he thought to himself, ‘What should I do, for I have no place to store my crops?’ Then he said, ‘I will do this: I will pull down my barns and build larger ones, and there I will store all my grain and my goods. And I will say to my soul, Soul, you have ample goods laid up for many years; relax, eat, drink, be merry.’ But God said to him, ‘You fool! This very night your life is being demanded of you. And the things you have prepared, whose will they be?’ So it is with those who store up treasures for themselves but are not rich toward God.”</itunes:summary>
			<itunes:subtitle>Luke 12:13-21 &quot;The Parable of the Rich Fool&quot;</itunes:subtitle>
			<enclosure url="http://s3.amazonaws.com/dfc_attachments/public/documents/3225878/July31.mp3" type="audio/mpeg" length="1" />
			<guid>http://s3.amazonaws.com/dfc_attachments/public/documents/3225878/July31.mp3</guid> <!-- GUID URL is identical to Enclosure URL -->
			<itunes:duration></itunes:duration>
			<pubDate>Sun, 31 Jul 2016 00:00:00 +0000</pubDate> <!-- http://www.timeanddate.com/worldclock/city.html?n=805 - Use 24 hour clock -->
		</item>
		<item>
			<title>The Tenth Sunday after Pentecost</title>
			<description>He was praying in a certain place, and after he had finished, one of his disciples said to him, “Lord, teach us to pray, as John taught his disciples.”
He said to them, “When you pray, say:
Father, hallowed be your name.
Your kingdom come.
Give us each day our daily bread.
And forgive us our sins,
for we ourselves forgive everyone indebted to us.
And do not bring us to the time of trial.”
Perseverance in Prayer
And he said to them, “Suppose one of you has a friend, and you go to him at midnight and say to him, ‘Friend, lend me three loaves of bread; for a friend of mine has arrived, and I have nothing to set before him.’ And he answers from within, ‘Do not bother me; the door has already been locked, and my children are with me in bed; I cannot get up and give you anything.’ I tell you, even though he will not get up and give him anything because he is his friend, at least because of his persistence he will get up and give him whatever he needs.
“So I say to you, Ask, and it will be given you; search, and you will find; knock, and the door will be opened for you. For everyone who asks receives, and everyone who searches finds, and for everyone who knocks, the door will be opened. Is there anyone among you who, if your child asks for a fish, will give a snake instead of a fish? Or if the child asks for an egg, will give a scorpion? If you then, who are evil, know how to give good gifts to your children, how much more will the heavenly Father give the Holy Spirit to those who ask him!”</description>
			<itunes:summary>He was praying in a certain place, and after he had finished, one of his disciples said to him, “Lord, teach us to pray, as John taught his disciples.”
He said to them, “When you pray, say:
Father, hallowed be your name.
Your kingdom come.
Give us each day our daily bread.
And forgive us our sins,
for we ourselves forgive everyone indebted to us.
And do not bring us to the time of trial.”
Perseverance in Prayer
And he said to them, “Suppose one of you has a friend, and you go to him at midnight and say to him, ‘Friend, lend me three loaves of bread; for a friend of mine has arrived, and I have nothing to set before him.’ And he answers from within, ‘Do not bother me; the door has already been locked, and my children are with me in bed; I cannot get up and give you anything.’ I tell you, even though he will not get up and give him anything because he is his friend, at least because of his persistence he will get up and give him whatever he needs.
“So I say to you, Ask, and it will be given you; search, and you will find; knock, and the door will be opened for you. For everyone who asks receives, and everyone who searches finds, and for everyone who knocks, the door will be opened. Is there anyone among you who, if your child asks for a fish, will give a snake instead of a fish? Or if the child asks for an egg, will give a scorpion? If you then, who are evil, know how to give good gifts to your children, how much more will the heavenly Father give the Holy Spirit to those who ask him!”</itunes:summary>
			<itunes:subtitle>Luke 11:1-13 &quot;Perseverance in Prayer&quot;</itunes:subtitle>
			<enclosure url="http://s3.amazonaws.com/dfc_attachments/public/documents/3225877/July24.mp3" type="audio/mpeg" length="1" />
			<guid>http://s3.amazonaws.com/dfc_attachments/public/documents/3225877/July24.mp3</guid> <!-- GUID URL is identical to Enclosure URL -->
			<itunes:duration></itunes:duration>
			<pubDate>Sun, 24 Jul 2016 00:00:00 +0000</pubDate> <!-- http://www.timeanddate.com/worldclock/city.html?n=805 - Use 24 hour clock -->
		</item>
		<item>
			<title>The Ninth Sunday after Pentecost</title>
			<description>Now as they went on their way, he entered a certain village, where a woman named Martha welcomed him into her home. She had a sister named Mary, who sat at the Lord’s feet and listened to what he was saying. But Martha was distracted by her many tasks; so she came to him and asked, “Lord, do you not care that my sister has left me to do all the work by myself? Tell her then to help me.” But the Lord answered her, “Martha, Martha, you are worried and distracted by many things; there is need of only one thing. Mary has chosen the better part, which will not be taken away from her."</description>
			<itunes:summary>Now as they went on their way, he entered a certain village, where a woman named Martha welcomed him into her home. She had a sister named Mary, who sat at the Lord’s feet and listened to what he was saying. But Martha was distracted by her many tasks; so she came to him and asked, “Lord, do you not care that my sister has left me to do all the work by myself? Tell her then to help me.” But the Lord answered her, “Martha, Martha, you are worried and distracted by many things; there is need of only one thing. Mary has chosen the better part, which will not be taken away from her."</itunes:summary>
			<itunes:subtitle>Luke 10:38-42 &quot;Jesus visits Mary and Martha&quot;</itunes:subtitle>
			<enclosure url="http://s3.amazonaws.com/dfc_attachments/public/documents/3225069/July17.mp3" type="audio/mpeg" length="1" />
			<guid>http://s3.amazonaws.com/dfc_attachments/public/documents/3225069/July17.mp3</guid> <!-- GUID URL is identical to Enclosure URL -->
			<itunes:duration></itunes:duration>
			<pubDate>Sun, 17 Jul 2016 00:00:00 +0000</pubDate> <!-- http://www.timeanddate.com/worldclock/city.html?n=805 - Use 24 hour clock -->
		</item>
		<item>
			<title>The Eighth Sunday after Pentecost</title>
			<description>Just then a lawyer stood up to test Jesus. “Teacher,” he said, “what must I do to inherit eternal life?” He said to him, “What is written in the law? What do you read there?” He answered, “You shall love the Lord your God with all your heart, and with all your soul, and with all your strength, and with all your mind; and your neighbor as yourself.” And he said to him, “You have given the right answer; do this, and you will live.”
 But wanting to justify himself, he asked Jesus, “And who is my neighbor?” Jesus replied, “A man was going down from Jerusalem to Jericho, and fell into the hands of robbers, who stripped him, beat him, and went away, leaving him half dead. Now by chance a priest was going down that road; and when he saw him, he passed by on the other side. So likewise a Levite, when he came to the place and saw him, passed by on the other side. But a Samaritan while traveling came near him; and when he saw him, he was moved with pity. He went to him and bandaged his wounds, having poured oil and wine on them. Then he put him on his own animal, brought him to an inn, and took care of him. The next day he took out two denarii, gave them to the innkeeper, and said, ‘Take care of him; and when I come back, I will repay you whatever more you spend. ’ Which of these three, do you think, was a neighbor to the man who fell into the hands of the robbers?” He said, “The one who showed him mercy.” Jesus said to him, “Go and do likewise."</description>
			<itunes:summary>Just then a lawyer stood up to test Jesus. “Teacher,” he said, “what must I do to inherit eternal life?” He said to him, “What is written in the law? What do you read there?” He answered, “You shall love the Lord your God with all your heart, and with all your soul, and with all your strength, and with all your mind; and your neighbor as yourself.” And he said to him, “You have given the right answer; do this, and you will live.”
 But wanting to justify himself, he asked Jesus, “And who is my neighbor?” Jesus replied, “A man was going down from Jerusalem to Jericho, and fell into the hands of robbers, who stripped him, beat him, and went away, leaving him half dead. Now by chance a priest was going down that road; and when he saw him, he passed by on the other side. So likewise a Levite, when he came to the place and saw him, passed by on the other side. But a Samaritan while traveling came near him; and when he saw him, he was moved with pity. He went to him and bandaged his wounds, having poured oil and wine on them. Then he put him on his own animal, brought him to an inn, and took care of him. The next day he took out two denarii, gave them to the innkeeper, and said, ‘Take care of him; and when I come back, I will repay you whatever more you spend. ’ Which of these three, do you think, was a neighbor to the man who fell into the hands of the robbers?” He said, “The one who showed him mercy.” Jesus said to him, “Go and do likewise."</itunes:summary>
			<itunes:subtitle>Luke 10:25-37 &quot;The Parable of the Good Samaritan&quot;</itunes:subtitle>
			<enclosure url="http://s3.amazonaws.com/dfc_attachments/public/documents/3224884/July10.mp3" type="audio/mpeg" length="1" />
			<guid>http://s3.amazonaws.com/dfc_attachments/public/documents/3224884/July10.mp3</guid> <!-- GUID URL is identical to Enclosure URL -->
			<itunes:duration></itunes:duration>
			<pubDate>Sun, 10 Jul 2016 00:00:00 +0000</pubDate> <!-- http://www.timeanddate.com/worldclock/city.html?n=805 - Use 24 hour clock -->
		</item>
		<item>
			<title>The Seventh Sunday after Pentecost</title>
			<description>Those who are taught the word must share in all good things with their teacher.
 Do not be deceived; God is not mocked, for you reap whatever you sow. If you sow to your own flesh, you will reap corruption from the flesh; but if you sow to the Spirit, you will reap eternal life from the Spirit. So let us not grow weary in doing what is right, for we will reap at harvest time, if we do not give up. So then, whenever we have an opportunity, let us work for the good of all, and especially for those of the family of faith.
 See what large letters I make when I am writing in my own hand! It is those who want to make a good showing in the flesh that try to compel you to be circumcised—only that they may not be persecuted for the cross of Christ. Even the circumcised do not themselves obey the law, but they want you to be circumcised so that they may boast about your flesh. May I never boast of anything except the cross of our Lord Jesus Christ, by which the world has been crucified to me, and I to the world. For neither circumcision nor uncircumcision is anything; but a new creation is everything! As for those who will follow this rule—peace be upon them, and mercy, and upon the Israel of God.</description>
			<itunes:summary>Those who are taught the word must share in all good things with their teacher.
 Do not be deceived; God is not mocked, for you reap whatever you sow. If you sow to your own flesh, you will reap corruption from the flesh; but if you sow to the Spirit, you will reap eternal life from the Spirit. So let us not grow weary in doing what is right, for we will reap at harvest time, if we do not give up. So then, whenever we have an opportunity, let us work for the good of all, and especially for those of the family of faith.
 See what large letters I make when I am writing in my own hand! It is those who want to make a good showing in the flesh that try to compel you to be circumcised—only that they may not be persecuted for the cross of Christ. Even the circumcised do not themselves obey the law, but they want you to be circumcised so that they may boast about your flesh. May I never boast of anything except the cross of our Lord Jesus Christ, by which the world has been crucified to me, and I to the world. For neither circumcision nor uncircumcision is anything; but a new creation is everything! As for those who will follow this rule—peace be upon them, and mercy, and upon the Israel of God.</itunes:summary>
			<itunes:subtitle>Galatians 6:7-16 &quot;Bear One Another's Burdens&quot;</itunes:subtitle>
			<enclosure url="http://s3.amazonaws.com/dfc_attachments/public/documents/3224730/July3.mp3" type="audio/mpeg" length="1" />
			<guid>http://s3.amazonaws.com/dfc_attachments/public/documents/3224730/July3.mp3</guid> <!-- GUID URL is identical to Enclosure URL -->
			<itunes:duration></itunes:duration>
			<pubDate>Sun, 03 Jul 2016 00:00:00 +0000</pubDate> <!-- http://www.timeanddate.com/worldclock/city.html?n=805 - Use 24 hour clock -->
		</item>
		<item>
			<title>The Sixth Sunday after Pentecost</title>
			<description>For freedom Christ has set us free. Stand firm, therefore, and do not submit again to a yoke of slavery. For you were called to freedom, brothers and sisters; only do not use your freedom as an opportunity for self- indulgence, but through love become slaves to one another. For the whole law is summed up in a single commandment, “You shall love your neighbor as yourself.” If, however, you bite and devour one another, take care that you are not consumed by one another.
 Live by the Spirit, I say, and do not gratify the desires of the flesh. For what the flesh desires is opposed to the Spirit, and what the Spirit desires is opposed to the flesh; for these are opposed to each other, to prevent you from doing what you want. But if you are led by the Spirit, you are not subject to the law. Now the works of the flesh are obvious:fornication, impurity, licentiousness, idolatry, sorcery, enmities, strife, jealousy, anger, quarrels, dissensions, factions, envy, drunkenness, carousing, and things like these. I am warning you, as I warned you before:those who do such things will not inherit the kingdom of God.
By contrast, the fruit of the Spirit is love, joy, peace, patience, kindness, generosity, faithfulness, gentleness, and self- control. There is no law against such things. And those who belong to Christ Jesus have crucified the flesh with its passions and desires. If we live by the Spirit, let us also be guided by the Spirit. Let us not become conceited, competing against one another, envying one another.</description>
			<itunes:summary>For freedom Christ has set us free. Stand firm, therefore, and do not submit again to a yoke of slavery. For you were called to freedom, brothers and sisters; only do not use your freedom as an opportunity for self- indulgence, but through love become slaves to one another. For the whole law is summed up in a single commandment, “You shall love your neighbor as yourself.” If, however, you bite and devour one another, take care that you are not consumed by one another.
 Live by the Spirit, I say, and do not gratify the desires of the flesh. For what the flesh desires is opposed to the Spirit, and what the Spirit desires is opposed to the flesh; for these are opposed to each other, to prevent you from doing what you want. But if you are led by the Spirit, you are not subject to the law. Now the works of the flesh are obvious:fornication, impurity, licentiousness, idolatry, sorcery, enmities, strife, jealousy, anger, quarrels, dissensions, factions, envy, drunkenness, carousing, and things like these. I am warning you, as I warned you before:those who do such things will not inherit the kingdom of God.
By contrast, the fruit of the Spirit is love, joy, peace, patience, kindness, generosity, faithfulness, gentleness, and self- control. There is no law against such things. And those who belong to Christ Jesus have crucified the flesh with its passions and desires. If we live by the Spirit, let us also be guided by the Spirit. Let us not become conceited, competing against one another, envying one another.</itunes:summary>
			<itunes:subtitle>Galatians 5:1, 13-26 "Fruits of the Spirit"</itunes:subtitle>
			<enclosure url="http://s3.amazonaws.com/dfc_attachments/public/documents/3224451/June26.mp3" type="audio/mpeg" length="1" />
			<guid>http://s3.amazonaws.com/dfc_attachments/public/documents/3224451/June26.mp3</guid> <!-- GUID URL is identical to Enclosure URL -->
			<itunes:duration></itunes:duration>
			<pubDate>Sun, 26 Jun 2016 00:00:00 +0000</pubDate> <!-- http://www.timeanddate.com/worldclock/city.html?n=805 - Use 24 hour clock -->
		</item>
		<item>
			<title>The Fifth Sunday after Pentecost</title>
			<description>One of the Pharisees asked Jesus to eat with him, and he went into the Pharisee’s house and took his place at the table. And a woman in the city, who was a sinner, having learned that he was eating in the Pharisee’s house, brought an alabaster jar of ointment. She stood behind him at his feet, weeping, and began to bathe his feet with her tears and to dry them with her hair. Then she continued kissing his feet and anointing them with the ointment. Now when the Pharisee who had invited him saw it, he said to himself, “If this man were a prophet, he would have known who and what kind of woman this is who is touching him—that she is a sinner.” Jesus spoke up and said to him, “Simon, I have something to say to you.” “Teacher,” he replied, “speak.” “A certain creditor had two debtors; one owed five hundred denarii, and the other fifty. When they could not pay, he canceled the debts for both of them. Now which of them will love him more?” Simon answered, “I suppose the one for whom he canceled the greater debt.” And Jesus said to him, “You have judged rightly.” Then turning toward the woman, he said to Simon, “Do you see this woman? I entered your house; you gave me no water for my feet, but she has bathed my feet with her tears and dried them with her hair. You gave me no kiss, but from the time I came in she has not stopped kissing my feet. You did not anoint my head with oil, but she has anointed my feet with ointment. Therefore, I tell you, her sins, which were many, have been forgiven; hence she has shown great love. But the one to whom little is forgiven, loves little.” Then he said to her, “Your sins are forgiven.” But those who were at the table with him began to say among themselves, “Who is this who even forgives sins?” And he said to the woman, “Your faith has saved you; go in peace.”
 Soon afterwards he went on through cities and villages, proclaiming and bringing the good news of the kingdom of God. The twelve were with him, as well as some women who had been cured of evil spirits and infirmities:Mary, called Magdalene, from whom seven demons had gone out, and Joanna, the wife of Herod’s steward Chuza, and Susanna, and many others, who provided for them out of their resources.</description>
			<itunes:summary>One of the Pharisees asked Jesus to eat with him, and he went into the Pharisee’s house and took his place at the table. And a woman in the city, who was a sinner, having learned that he was eating in the Pharisee’s house, brought an alabaster jar of ointment. She stood behind him at his feet, weeping, and began to bathe his feet with her tears and to dry them with her hair. Then she continued kissing his feet and anointing them with the ointment. Now when the Pharisee who had invited him saw it, he said to himself, “If this man were a prophet, he would have known who and what kind of woman this is who is touching him—that she is a sinner.” Jesus spoke up and said to him, “Simon, I have something to say to you.” “Teacher,” he replied, “speak.” “A certain creditor had two debtors; one owed five hundred denarii, and the other fifty. When they could not pay, he canceled the debts for both of them. Now which of them will love him more?” Simon answered, “I suppose the one for whom he canceled the greater debt.” And Jesus said to him, “You have judged rightly.” Then turning toward the woman, he said to Simon, “Do you see this woman? I entered your house; you gave me no water for my feet, but she has bathed my feet with her tears and dried them with her hair. You gave me no kiss, but from the time I came in she has not stopped kissing my feet. You did not anoint my head with oil, but she has anointed my feet with ointment. Therefore, I tell you, her sins, which were many, have been forgiven; hence she has shown great love. But the one to whom little is forgiven, loves little.” Then he said to her, “Your sins are forgiven.” But those who were at the table with him began to say among themselves, “Who is this who even forgives sins?” And he said to the woman, “Your faith has saved you; go in peace.”
 Soon afterwards he went on through cities and villages, proclaiming and bringing the good news of the kingdom of God. The twelve were with him, as well as some women who had been cured of evil spirits and infirmities:Mary, called Magdalene, from whom seven demons had gone out, and Joanna, the wife of Herod’s steward Chuza, and Susanna, and many others, who provided for them out of their resources.</itunes:summary>
			<itunes:subtitle>Luke 7:36-8:3</itunes:subtitle>
			<enclosure url="http://s3.amazonaws.com/dfc_attachments/public/documents/3224450/June19.mp3" type="audio/mpeg" length="1" />
			<guid>http://s3.amazonaws.com/dfc_attachments/public/documents/3224450/June19.mp3</guid> <!-- GUID URL is identical to Enclosure URL -->
			<itunes:duration></itunes:duration>
			<pubDate>Sun, 19 Jun 2016 00:00:00 +0000</pubDate> <!-- http://www.timeanddate.com/worldclock/city.html?n=805 - Use 24 hour clock -->
		</item>
		<item>
			<title>The Fourth Sunday after Pentecost</title>
			<description>When the wife of Uriah heard that her husband was dead, she made lamentation for him. When the mourning was over, David sent and brought her to his house, and she became his wife, and bore him a son.
But the thing that David had done displeased the Lord, and the Lord sent Nathan to David. He came to him, and said to him, “There were two men in a certain city, the one rich and the other poor. The rich man had very many flocks and herds; but the poor man had nothing but one little ewe lamb, which he had bought. He brought it up, and it grew up with him and with his children; it used to eat of his meager fare, and drink from his cup, and lie in his bosom, and it was like a daughter to him. Now there came a traveler to the rich man, and he was loath to take one of his own flock or herd to prepare for the wayfarer who had come to him, but he took the poor man’s lamb, and prepared that for the guest who had come to him.” Then David’s anger was greatly kindled against the man. He said to Nathan, “As the Lord lives, the man who has done this deserves to die; he shall restore the lamb fourfold, because he did this thing, and because he had no pity.”
 Nathan said to David, “You are the man! Thus says the Lord, the God of Israel:I anointed you king over Israel, and I rescued you from the hand of Saul; I gave you your master’s house, and your master’s wives into your bosom, and gave you the house of Israel and of Judah; and if that had been too little, I would have added as much more. Why have you despised the word of the Lord, to do what is evil in his sight? You have struck down Uriah the Hittite with the sword, and have taken his wife to be your wife, and have killed him with the sword of the Ammonites. Now therefore the sword shall never depart from your house, for you have despised me, and have taken the wife of Uriah the Hittite to be your wife. David said to Nathan, “I have sinned against the Lord.” Nathan said to David, “Now the Lord has put away your sin; you shall not die. Nevertheless, because by this deed you have utterly scorned the Lord, the child that is born to you shall die.” Then Nathan went to his house. The Lord struck the child that Uriah’s wife bore to David, and it became very ill.</description>
			<itunes:summary>When the wife of Uriah heard that her husband was dead, she made lamentation for him. When the mourning was over, David sent and brought her to his house, and she became his wife, and bore him a son.
But the thing that David had done displeased the Lord, and the Lord sent Nathan to David. He came to him, and said to him, “There were two men in a certain city, the one rich and the other poor. The rich man had very many flocks and herds; but the poor man had nothing but one little ewe lamb, which he had bought. He brought it up, and it grew up with him and with his children; it used to eat of his meager fare, and drink from his cup, and lie in his bosom, and it was like a daughter to him. Now there came a traveler to the rich man, and he was loath to take one of his own flock or herd to prepare for the wayfarer who had come to him, but he took the poor man’s lamb, and prepared that for the guest who had come to him.” Then David’s anger was greatly kindled against the man. He said to Nathan, “As the Lord lives, the man who has done this deserves to die; he shall restore the lamb fourfold, because he did this thing, and because he had no pity.”
 Nathan said to David, “You are the man! Thus says the Lord, the God of Israel:I anointed you king over Israel, and I rescued you from the hand of Saul; I gave you your master’s house, and your master’s wives into your bosom, and gave you the house of Israel and of Judah; and if that had been too little, I would have added as much more. Why have you despised the word of the Lord, to do what is evil in his sight? You have struck down Uriah the Hittite with the sword, and have taken his wife to be your wife, and have killed him with the sword of the Ammonites. Now therefore the sword shall never depart from your house, for you have despised me, and have taken the wife of Uriah the Hittite to be your wife. David said to Nathan, “I have sinned against the Lord.” Nathan said to David, “Now the Lord has put away your sin; you shall not die. Nevertheless, because by this deed you have utterly scorned the Lord, the child that is born to you shall die.” Then Nathan went to his house. The Lord struck the child that Uriah’s wife bore to David, and it became very ill.</itunes:summary>
			<itunes:subtitle>2 Samuel 11:26-12:10, 13-15 &quot;Nathan condemns David&quot;</itunes:subtitle>
			<enclosure url="http://s3.amazonaws.com/dfc_attachments/public/documents/3224449/June12.mp3" type="audio/mpeg" length="1" />
			<guid>http://s3.amazonaws.com/dfc_attachments/public/documents/3224449/June12.mp3</guid> <!-- GUID URL is identical to Enclosure URL -->
			<itunes:duration></itunes:duration>
			<pubDate>Sun, 12 Jun 2016 00:00:00 +0000</pubDate> <!-- http://www.timeanddate.com/worldclock/city.html?n=805 - Use 24 hour clock -->
		</item>
		<item>
			<title>Second Sunday After Pentecost</title>
			<description>Paul an apostle—sent neither by human commission nor from human authorities, but through Jesus Christ and God the Father, who raised him from the dead— and all the members of God’s family who are with me,To the churches of Galatia: Grace to you and peace from God our Father and the Lord Jesus Christ, who gave himself for our sins to set us free from the present evil age, according to the will of our God and Father, to whom be the glory forever and ever. Amen.  I am astonished that you are so quickly deserting the one who called you in the grace of Christ and are turning to a different gospel— not that there is another gospel, but there are some who are confusing you and want to pervert the gospel of Christ. But even if we or an angel from heaven should proclaim to you a gospel contrary to what we proclaimed to you, let that one be accursed! As we have said before, so now I repeat, if anyone proclaims to you a gospel contrary to what you received, let that one be accursed! Am I now seeking human approval, or God’s approval? Or am I trying to please people? If I were still pleasing people, I would not be a servant of Christ. For I want you to know, brothers and sisters, that the gospel that was proclaimed by me is not of human origin; for I did not receive it from a human source, nor was I taught it, but I received it through a revelation of Jesus Christ.</description>
			<itunes:summary>Paul an apostle—sent neither by human commission nor from human authorities, but through Jesus Christ and God the Father, who raised him from the dead— and all the members of God’s family who are with me,To the churches of Galatia: Grace to you and peace from God our Father and the Lord Jesus Christ, who gave himself for our sins to set us free from the present evil age, according to the will of our God and Father, to whom be the glory forever and ever. Amen.  I am astonished that you are so quickly deserting the one who called you in the grace of Christ and are turning to a different gospel— not that there is another gospel, but there are some who are confusing you and want to pervert the gospel of Christ. But even if we or an angel from heaven should proclaim to you a gospel contrary to what we proclaimed to you, let that one be accursed! As we have said before, so now I repeat, if anyone proclaims to you a gospel contrary to what you received, let that one be accursed! Am I now seeking human approval, or God’s approval? Or am I trying to please people? If I were still pleasing people, I would not be a servant of Christ. For I want you to know, brothers and sisters, that the gospel that was proclaimed by me is not of human origin; for I did not receive it from a human source, nor was I taught it, but I received it through a revelation of Jesus Christ.</itunes:summary>
			<itunes:subtitle>Galatians 1:1-12 "There is No Other Gospel"</itunes:subtitle>
			<enclosure url="http://s3.amazonaws.com/dfc_attachments/public/documents/3223798/May29.mp3" type="audio/mpeg" length="1" />
			<guid>http://s3.amazonaws.com/dfc_attachments/public/documents/3223798/May29.mp3</guid> <!-- GUID URL is identical to Enclosure URL -->
			<itunes:duration></itunes:duration>
			<pubDate>Sun, 29 May 2016 00:00:00 +0000</pubDate> <!-- http://www.timeanddate.com/worldclock/city.html?n=805 - Use 24 hour clock -->
		</item>
		<item>
			<title>Trinity Sunday</title>
			<description>Therefore, since we are justified by faith, we have peace with God through our Lord Jesus Christ, through whom we have obtained access to this grace in which we stand; and we boast in our hope of sharing the glory of God. And not only that, but we also boast in our sufferings, knowing that suffering produces endurance, and endurance produces character, and character produces hope, and hope does not disappoint us, because God’s love has been poured into our hearts through the Holy Spirit that has been given to us.</description>
			<itunes:summary>Therefore, since we are justified by faith, we have peace with God through our Lord Jesus Christ, through whom we have obtained access to this grace in which we stand; and we boast in our hope of sharing the glory of God. And not only that, but we also boast in our sufferings, knowing that suffering produces endurance, and endurance produces character, and character produces hope, and hope does not disappoint us, because God’s love has been poured into our hearts through the Holy Spirit that has been given to us.</itunes:summary>
			<itunes:subtitle>Romans 5:1-5 "Results of Justification"</itunes:subtitle>
			<enclosure url="http://s3.amazonaws.com/dfc_attachments/public/documents/3223799/May22.mp3" type="audio/mpeg" length="1" />
			<guid>http://s3.amazonaws.com/dfc_attachments/public/documents/3223799/May22.mp3</guid> <!-- GUID URL is identical to Enclosure URL -->
			<itunes:duration></itunes:duration>
			<pubDate>Sun, 22 May 2016 00:00:00 +0000</pubDate> <!-- http://www.timeanddate.com/worldclock/city.html?n=805 - Use 24 hour clock -->
		</item>
		<item>
			<title>The Day of Pentecost</title>
			<description>When the day of Pentecost had come, they were all together in one place. And suddenly from heaven there came a sound like the rush of a violent wind, and it filled the entire house where they were sitting. Divided tongues, as of fire, appeared among them, and a tongue rested on each of them. All of them were filled with the Holy Spirit and began to speak in other languages, as the Spirit gave them ability.
 Now there were devout Jews from every nation under heaven living in Jerusalem. And at this sound the crowd gathered and was bewildered, because each one heard them speaking in the native language of each. Amazed and astonished, they asked, “Are not all these who are speaking Galileans? And how is it that we hear, each of us, in our own native language? Parthians, Medes, Elamites, and residents of Mesopotamia, Judea and Cappadocia, Pontus and Asia, Phrygia and Pamphylia, Egypt and the parts of Libya belonging to Cyrene, and visitors from Rome, both Jews and proselytes, Cretans and Arabs—in our own languages we hear them speaking about God’s deeds of power.” All were amazed and perplexed, saying to one another, “What does this mean?” But others sneered and said, “They are filled with new wine.”
 But Peter, standing with the eleven, raised his voice and addressed them, “Men of Judea and all who live in Jerusalem, let this be known to you, and listen to what I say. Indeed, these are not drunk, as you suppose, for it is only nine o’clock in the morning. No, this is what was spoken through the prophet Joel:
 ‘In the last days it will be, God declares,
that I will pour out my Spirit upon all flesh,
and your sons and your daughters shall prophesy,
and your young men shall see visions,
and your old men shall dream dreams.
 Even upon my slaves, both men and women,
in those days I will pour out my Spirit;
and they shall prophesy.
 And I will show portents in the heaven above
and signs on the earth below,
blood, and fire, and smoky mist.
 The sun shall be turned to darkness
and the moon to blood,
before the coming of the Lord’s great and glorious day.
 Then everyone who calls on the name of the Lord shall be saved'</description>
			<itunes:summary>When the day of Pentecost had come, they were all together in one place. And suddenly from heaven there came a sound like the rush of a violent wind, and it filled the entire house where they were sitting. Divided tongues, as of fire, appeared among them, and a tongue rested on each of them. All of them were filled with the Holy Spirit and began to speak in other languages, as the Spirit gave them ability.
 Now there were devout Jews from every nation under heaven living in Jerusalem. And at this sound the crowd gathered and was bewildered, because each one heard them speaking in the native language of each. Amazed and astonished, they asked, “Are not all these who are speaking Galileans? And how is it that we hear, each of us, in our own native language? Parthians, Medes, Elamites, and residents of Mesopotamia, Judea and Cappadocia, Pontus and Asia, Phrygia and Pamphylia, Egypt and the parts of Libya belonging to Cyrene, and visitors from Rome, both Jews and proselytes, Cretans and Arabs—in our own languages we hear them speaking about God’s deeds of power.” All were amazed and perplexed, saying to one another, “What does this mean?” But others sneered and said, “They are filled with new wine.”
 But Peter, standing with the eleven, raised his voice and addressed them, “Men of Judea and all who live in Jerusalem, let this be known to you, and listen to what I say. Indeed, these are not drunk, as you suppose, for it is only nine o’clock in the morning. No, this is what was spoken through the prophet Joel:
 ‘In the last days it will be, God declares,
that I will pour out my Spirit upon all flesh,
and your sons and your daughters shall prophesy,
and your young men shall see visions,
and your old men shall dream dreams.
 Even upon my slaves, both men and women,
in those days I will pour out my Spirit;
and they shall prophesy.
 And I will show portents in the heaven above
and signs on the earth below,
blood, and fire, and smoky mist.
 The sun shall be turned to darkness
and the moon to blood,
before the coming of the Lord’s great and glorious day.
 Then everyone who calls on the name of the Lord shall be saved'</itunes:summary>
			<itunes:subtitle>Acts 2:1-21 "The Coming of the Holy Spirit"</itunes:subtitle>
			<enclosure url="http://s3.amazonaws.com/dfc_attachments/public/documents/3223082/May152016.mp3" type="audio/mpeg" length="1" />
			<guid>http://s3.amazonaws.com/dfc_attachments/public/documents/3223082/May152016.mp3</guid> <!-- GUID URL is identical to Enclosure URL -->
			<itunes:duration>18:26</itunes:duration>
			<pubDate>Sun, 15 May 2016 00:00:00 +0000</pubDate> <!-- http://www.timeanddate.com/worldclock/city.html?n=805 - Use 24 hour clock -->
		</item>
		<item>
			<title>The Seventh Sunday of Easter</title>
			<description>“I ask not only on behalf of these, but also on behalf of those who will believe in me through their word, that they may all be one. As you, Father, are in me and I am in you, may they also be in us, so that the world may believe that you have sent me. The glory that you have given me I have given them, so that they may be one, as we are one, I in them and you in me, that they may become completely one, so that the world may know that you have sent me and have loved them even as you have loved me. Father, I desire that those also, whom you have given me, may be with me where I am, to see my glory, which you have given me because you loved me before the foundation of the world.
 “Righteous Father, the world does not know you, but I know you; and these know that you have sent me. I made your name known to them, and I will make it known, so that the love with which you have loved me may be in them, and I in them."</description>
			<itunes:summary>“I ask not only on behalf of these, but also on behalf of those who will believe in me through their word, that they may all be one. As you, Father, are in me and I am in you, may they also be in us, so that the world may believe that you have sent me. The glory that you have given me I have given them, so that they may be one, as we are one, I in them and you in me, that they may become completely one, so that the world may know that you have sent me and have loved them even as you have loved me. Father, I desire that those also, whom you have given me, may be with me where I am, to see my glory, which you have given me because you loved me before the foundation of the world.
 “Righteous Father, the world does not know you, but I know you; and these know that you have sent me. I made your name known to them, and I will make it known, so that the love with which you have loved me may be in them, and I in them."</itunes:summary>
			<itunes:subtitle>John 17:20-26 "Jesus Prays for his Disciples"</itunes:subtitle>
			<enclosure url="http://s3.amazonaws.com/dfc_attachments/public/documents/3223081/May82016.mp3" type="audio/mpeg" length="1" />
			<guid>http://s3.amazonaws.com/dfc_attachments/public/documents/3223081/May82016.mp3</guid> <!-- GUID URL is identical to Enclosure URL -->
			<itunes:duration>14:28</itunes:duration>
			<pubDate>Sun, 08 May 2016 00:00:00 +0000</pubDate> <!-- http://www.timeanddate.com/worldclock/city.html?n=805 - Use 24 hour clock -->
		</item>
		<item>
			<title>The Sixth Sunday of Easter</title>
			<description>After this there was a festival of the Jews, and Jesus went up to Jerusalem.
 Now in Jerusalem by the Sheep Gate there is a pool, called in Hebrew Beth- zatha, which has five porticoes. In these lay many invalids—blind, lame, and paralyzed. One man was there who had been ill for thirty- eight years. When Jesus saw him lying there and knew that he had been there a long time, he said to him, “Do you want to be made well?” The sick man answered him, “Sir, I have no one to put me into the pool when the water is stirred up; and while I am making my way, someone else steps down ahead of me.” Jesus said to him, “Stand up, take your mat and walk.” At once the man was made well, and he took up his mat and began to walk.</description>
			<itunes:summary>After this there was a festival of the Jews, and Jesus went up to Jerusalem.
 Now in Jerusalem by the Sheep Gate there is a pool, called in Hebrew Beth- zatha, which has five porticoes. In these lay many invalids—blind, lame, and paralyzed. One man was there who had been ill for thirty- eight years. When Jesus saw him lying there and knew that he had been there a long time, he said to him, “Do you want to be made well?” The sick man answered him, “Sir, I have no one to put me into the pool when the water is stirred up; and while I am making my way, someone else steps down ahead of me.” Jesus said to him, “Stand up, take your mat and walk.” At once the man was made well, and he took up his mat and began to walk.</itunes:summary>
			<itunes:subtitle>John 5:1-9 "Jesus Heals on the Sabbath"</itunes:subtitle>
			<enclosure url="http://s3.amazonaws.com/dfc_attachments/public/documents/3222571/May1.mp3" type="audio/mpeg" length="1" />
			<guid>http://s3.amazonaws.com/dfc_attachments/public/documents/3222571/May1.mp3</guid> <!-- GUID URL is identical to Enclosure URL -->
			<itunes:duration>9:50</itunes:duration>
			<pubDate>Sun, 01 May 2016 00:00:00 +0000</pubDate> <!-- http://www.timeanddate.com/worldclock/city.html?n=805 - Use 24 hour clock -->
		</item>

	</channel>
</rss>

<!--
XML Character Entity References:
& (ampersand)       =   &amp;
< (less than)       =   &lt;
> (greater than)    =   &gt;
" (quotation mark)  =   &quot;
' (apostrophe)      =   &apos;

iTunesU Category Codes:
http://deimos.apple.com/rsrc/doc/UsingiTunesUPublicSiteManager/AboutCategoryPages/chapter_8_section_3.html

iTunesU Supported Enclosures:
	audio/mpeg                          .mp3
	audio/x-m4a                         .m4a .m4b
	video/mp4                           .mp4
	video/x-m4v                         .m4v

Podcast Supported Enclosures:
 Audio Enclosure Types:
	audio/mpeg                          .mpg .mpeg .mp2 .mp3
	audio/x-m4a                         .m4a .m4b

 Video Enclosure Types:
	video/mp4                           .mp4
	video/x-m4v                         .m4v
	application/x-shockwave-flash       .swf
	video/quicktime                     .mov .qt
	video/mpeg                          .mpg .mpeg .mp2

-->