<!DOCTYPE html PUBLIC "-//W3C//DTD XHTML 1.0 Transitional//EN" "http://www.w3.org/TR/xhtml1/DTD/xhtml1-transitional.dtd">

	<!--[if lt IE 7 ]><html xmlns="http://www.w3.org/1999/xhtml" class="ie6"><![endif]-->
	<!--[if IE 7 ]><html xmlns="http://www.w3.org/1999/xhtml" class="ie7"><![endif]-->
	<!--[if IE 8 ]><html xmlns="http://www.w3.org/1999/xhtml" class="ie8"><![endif]-->
	<!--[if IE 9 ]><html xmlns="http://www.w3.org/1999/xhtml" class="ie9"><![endif]-->
	<!--[if (gt IE 9)|!(IE)]><! -->


<!-- 0.2.12-SNAPSHOT build 23331 --><html xmlns="http://www.w3.org/1999/xhtml">

	<!--<![endif]-->

<head>
	<title>11. World nuclear forces : SIPRI Yearbook 2015 </title>

	<meta content="text/html; charset=utf-8" http-equiv="Content-Type"></meta>
	
	<link media="" href="/assets/virtualcss/20161019/H4sIAAAAAAAAAFvzloG1$002fAIDAwMrg4p$002bYnFxakmxfnJJhb6RgaGZoYGhpX5ycbF$002bSmpaYmlOiR6QzeAOV5UDZBQklmQgqc3P1c9MS0wuyS$002bq1C8oSgVqTSwoyMlM0s$002fNrMjMQzVIRr84OzMP1SKgllTcssUllTmpYFl5LLL5ZalFRZkpYAUAbWLFAdYAAAA$003d.css" type="text/css" rel="stylesheet"></link><link href="/applib/newsrss;jsessionid=01B4287876556AF29A306E2DBF46DA85" title="News (RSS 2.0)" type="application/rss+xml" rel="alternate"></link>
	<meta name="description" content="The authoritative source of data and analysis for security and conflicts, military spending, non-proliferation, arms control, and disarmament" />
<meta name="keywords" content="SIPRI, SIPRI Yearbook, armaments, disarmament, international security, nuclear weapons, conflict, crime, criminal violence, peace, global, expenditure, data, arms, weapons, security" />


	
	<link type="image/x-icon" href="/skin/20161019/favicon.ico" rel="shortcut icon"></link>
	
	
		
	
	
		
	
	
	
	
		
	

	
	
		<link class="nocombine" media="print" href="/skin/20161019/css/print.css" type="text/css" rel="stylesheet" xmlns=""></link>
	
	
	

	

		

	
	 
	
	
	
	
	
		
	
	<link media="screen" type="text/css" href="http://gab.cookie.oup.com/aws-cookie/jquery.fancybox-1.3.4_1.css" rel="stylesheet"></link> 
	<noscript>We use cookies to enhance your experience on our website. By continuing to use our website, you are agreeing to our use of cookies. You can change your cookie settings at any time. <a target="_blank" href="http://global.oup.com/cookiepolicy/">Find out more</a></noscript> 

</head>
<body class="bookDetail page-viewoxchap unauthenticated">
	
	
	<div class="twoColumnOmega" id="contentWrapper">
		<div id="headerWrap"><div id="header">
	
	
	<div id="headerUtilityBar">
		<ul id="loginNav">
		
			
				<li id="loginLink"><a onclick="showLightbox('/login;jsessionid=01B4287876556AF29A306E2DBF46DA85', '550', '250', '&amp;nbsp');return false;" id="signIn" href="#">Sign in</a>&#160;to mySIPRIyearbook to save searches and organise your favourite content.</li>
				<li id="signUp">Not registered? <a onclick="showLightbox('/signup;jsessionid=01B4287876556AF29A306E2DBF46DA85', '500', '500', '&amp;nbsp');return false;" title="Sign Up" href="#">Sign up.</a></li>
			
			
		</ul>
	
		


		
	</div>

	<div id="headerLogo"><a href="/"><span>SIPRI Yearbook Online: Armaments, Disarmament and International Security</span></a></div>

	<div id="quickSearch">
		<form id="quickLinks" action="/search">
			<input value="" id="context" type="hidden"></input>
			
			<div id="quickSearchFilters">
				<a class="quickLabel" href="/browse" id="showSearch">Publications</a>
				<a style="display: none;" class="quickLabel" href="/searchSecondary" id="showSearchsecondary">Pages</a>
				<ul>
					<li><a id="showSearchOption" href="#" onclick="switchQuicksearch('/search', 'showSearch');return false;">Publications</a></li>
					<li><a id="showSearchsecondaryOption" href="#" onclick="switchQuicksearch('/searchsecondary', 'showSearchsecondary');">Pages</a></li>
				</ul>
			</div>
			<input name="q" id="q" value="Search" type="text"></input>
			<input name="searchBtn" id="searchBtn" value="Search" type="submit"></input>
			<div id="quickSearchItems">
				<a class="advanced" href="/advancedsearch;jsessionid=01B4287876556AF29A306E2DBF46DA85">Advanced search</a>
				<a id="helpBtn" href="/help;jsessionid=01B4287876556AF29A306E2DBF46DA85#viewoxchap"><span>Help</span></a>
			</div>
		</form>
	</div>
	
	<div id="navigation">
		<ul id="homenav">
			<li class="homeNav first"><a href="/">Home</a></li>
			<li class="browseNav expandable last"><a href="/page/browsenavigation">Browse</a>
				<ul>
    <li><a href="/view/9780198787280/sipri-9780198787280-miscMatter-005.xml">SIPRI&nbsp;Yearbook 2016</a></li>
    <li><a href="/view/9780198737810/sipri-9780198737810-miscMatter-5.xml">SIPRI&nbsp;Yearbook 2015</a></li>
    <li><a href="/view/9780198712596/sipri-9780198712596-miscMatter-5.xml">SIPRI&nbsp;Yearbook 2014</a></li>
    <li><a href="/view/9780199678433/sipri-9780199678433-miscMatter-5.xml">SIPRI&nbsp;Yearbook 2013</a></li>
    <li><a href="/view/9780199650583/sipri-9780199650583-miscMatter-5.xml">SIPRI&nbsp;Yearbook 2012</a></li>
    <li><a href="/view/9780199695522/sipri-9780199695522-miscMatter-5.xml">SIPRI&nbsp;Yearbook 2011</a></li>
    <li><a href="/view/9780199581122/sipri-9780199581122-miscMatter-5.xml">SIPRI Yearbook 2010</a></li>
</ul>
			</li>
		</ul>
		


	<ul id="mainnav">
		
		
			
				<li class="expandable first">
					
					<a href="/page/About/about;jsessionid=01B4287876556AF29A306E2DBF46DA85"><span>About</span></a>
					
						
					
					
	<ul id="child_0">
		
		
			
				<li class="first">
					
					<a href="/page/digitalbrochure/digital-brochure;jsessionid=01B4287876556AF29A306E2DBF46DA85"><span>Digital Brochure</span></a>
					
						
					
					
				</li>
			
		
			
				<li class="last">
					
					<a href="/page/FAQs/faqs;jsessionid=01B4287876556AF29A306E2DBF46DA85"><span>FAQs</span></a>
					
					
				</li>
			
		
		
	</ul>

				</li>
			
		
			
				<li class="">
					
					<a href="/page/news;jsessionid=01B4287876556AF29A306E2DBF46DA85"><span>News</span></a>
					
						
					
					
				</li>
			
		
			
				<li class="expandable">
					
					<a href="/page/subscriber-services;jsessionid=01B4287876556AF29A306E2DBF46DA85"><span>Subscriber Services</span></a>
					
						
					
					
	<ul id="child_1">
		
		
			
				<li class="first">
					
					<a href="/page/howtosubscribe/how-to-subscribe;jsessionid=01B4287876556AF29A306E2DBF46DA85"><span>How to Subscribe</span></a>
					
						
					
					
				</li>
			
		
			
				<li class="last">
					
					<a href="/page/marc-records;jsessionid=01B4287876556AF29A306E2DBF46DA85"><span>MARC Records</span></a>
					
					
				</li>
			
		
		
	</ul>

				</li>
			
		
			
				<li class="last">
					
					<a href="/page/takeatour/take-a-tour;jsessionid=01B4287876556AF29A306E2DBF46DA85"><span>Take a Tour</span></a>
					
					
				</li>
			
		
		
	</ul>



		
		<div id="personalNav">
			
<ul class="contentDropdown " id="savedEntries">
	<li>
		<a onclick="return false;" href="#">My content <span class="count">(1)</span></a>
		
			<div class="dropdown">
				<div class="dropdownOuterWrapper">
				<div class="dropdownInnerWrapper">
					
					
					
					<div class="recentViewedSection section">
						<h3 class="last">Recently viewed <span class="count">(1)</span></h3>
						
						<ul>
							
							<li><span class="criteria"><a title="11. World nuclear forces : SIPRI Yearbook 2015" href="/view/9780198737810/sipri-9780198737810-chapter-11.xml">11. World nuclear forc...</a></span>
								
							</li>
						
						</ul>
						
					</div>
					</div>
				</div>
				<div class="bot"></div>
			</div>
		
	</li>
</ul>


			
	<ul class="contentDropdown empty" id="mySearches">
		<li>
			<a onclick="return false;" href="#">My Searches <span class="count">(0)</span></a>
			
		</li>
	</ul>		

		</div>
	</div>

	</div></div>
		<div id="columnWrapper">
			<div id="columnsTop"><div class="cap"></div></div>
			<div class="clearfix" id="pageBody">
				

	<div id="columnOne">
	
		<!-- shows if user has allGroup access, for testing -->
		
	
		
		
		
		<div id="searchWithinDocument" class="module searchModule">
			<form id="searchWithinDocumentForm" action="/search">
				<input value="/9780198737810/sipri-9780198737810.xml" name="source" id="source" type="hidden"></input>
				<input name="q" id="q_within" type="text"></input>
				<input value="GO" id="searchWithinDocumentSubmit" type="submit"></input>
			</form>
		</div>
		
		
		
		<div id="tocWrapper">
			<div>
			
				<div id="toc">
					<h3>Contents</h3>
					<a href="/view/9780198737810/sipri-9780198737810.xml"><span class="title">SIPRI Yearbook 2015</span></a><ul><li class=" miscType first"><a href="/view/9780198737810/sipri-9780198737810-miscMatter-2.xml">SIPRI Yearbook 2015</a></li><li class=" miscType"><a href="/view/9780198737810/sipri-9780198737810-miscMatter-5.xml">Contents</a></li><li class=" miscType"><a href="/view/9780198737810/sipri-9780198737810-miscMatter-6.xml">Preface</a></li><li class="expandable miscType"><a href="/view/9780198737810/sipri-9780198737810-miscMatter-7.xml">Abbreviations and conventions</a><ul>

<li class=" sectionType"><a href="/view/9780198737810/sipri-9780198737810-miscMatter-7-div1-2.xml">Conventions</a></li><li class=" sectionType"><a href="/view/9780198737810/sipri-9780198737810-miscMatter-7-div1-3.xml">Geographical regions and subregions</a></li>
</ul></li><li class=" miscType"><a href="/view/9780198737810/sipri-9780198737810-miscMatter-8.xml">SIPRI Yearbook online</a></li><li class=" sectionType"><a href="/view/9780198737810/sipri-9780198737810-part-1-div1-1.xml">Introduction</a></li><li class="expandable chapterType"><a href="/view/9780198737810/sipri-9780198737810-chapter-1.xml">1. Introduction: international security, armaments and disarmament</a><ul>


<li class=""><a href="/view/9780198737810/sipri-9780198737810-chapter-1.xml">I. The erosion of state legitimacy</a></li><li class=" sectionType"><a href="/view/9780198737810/sipri-9780198737810-chapter-1-div1-2.xml">II. Security governance</a></li><li class=" sectionType"><a href="/view/9780198737810/sipri-9780198737810-chapter-1-div1-3.xml">III. Dynamics of peace and conflict</a></li>
</ul></li><li class=" sectionType"><a href="/view/9780198737810/sipri-9780198737810-part-2-div1-5.xml">Part I. Security and conflicts, 2014</a></li><li class="expandable chapterType"><a href="/view/9780198737810/sipri-9780198737810-chapter-2.xml">2. The armed conflicts in Syria and Iraq</a><ul>


<li class=""><a href="/view/9780198737810/sipri-9780198737810-chapter-2.xml">Overview</a></li><li class=" sectionType"><a href="/view/9780198737810/sipri-9780198737810-chapter-2-div1-2.xml">I. The Syrian and Iraqi civil wars</a></li><li class=" sectionType"><a href="/view/9780198737810/sipri-9780198737810-chapter-2-div1-3.xml">II. The socio-economic impact of the Syrian civil war</a></li><li class=" sectionType"><a href="/view/9780198737810/sipri-9780198737810-chapter-2-div1-4.xml">III. Arms transfers and the use of force against the Islamic State</a></li>
</ul></li><li class="expandable chapterType"><a href="/view/9780198737810/sipri-9780198737810-chapter-3.xml">3. The Ukraine conflict and its implications</a><ul>


<li class=""><a href="/view/9780198737810/sipri-9780198737810-chapter-3.xml">Overview</a></li><li class=" sectionType"><a href="/view/9780198737810/sipri-9780198737810-chapter-3-div1-2.xml">I. The Ukraine crisis: from popular protest to major conflict</a></li><li class=" sectionType"><a href="/view/9780198737810/sipri-9780198737810-chapter-3-div1-3.xml">II. The application of European confidence-building measures and confidence- and security-building measures in Ukraine</a></li><li class=" sectionType"><a href="/view/9780198737810/sipri-9780198737810-chapter-3-div1-4.xml">III. The impact of the crisis in Ukraine on arms transfers</a></li><li class=" sectionType"><a href="/view/9780198737810/sipri-9780198737810-chapter-3-div1-5.xml">IV. Military spending in Europe in the wake of the Ukraine crisis</a></li>
</ul></li><li class="expandable chapterType"><a href="/view/9780198737810/sipri-9780198737810-chapter-4.xml">4. Armed conflict</a><ul>


<li class=""><a href="/view/9780198737810/sipri-9780198737810-chapter-4.xml">Overview</a></li><li class=" sectionType"><a href="/view/9780198737810/sipri-9780198737810-chapter-4-div1-2.xml">I. Gender, peace and armed conflict</a></li><li class=" sectionType"><a href="/view/9780198737810/sipri-9780198737810-chapter-4-div1-3.xml">II. The diversity of peace and war in Africa</a></li><li class=" sectionType"><a href="/view/9780198737810/sipri-9780198737810-chapter-4-div1-4.xml">III. Patterns of organized violence, 2004–13</a></li><li class=" sectionType"><a href="/view/9780198737810/sipri-9780198737810-chapter-4-div1-5.xml">IV. The Global Peace Index 2014</a></li>
</ul></li><li class="expandable chapterType"><a href="/view/9780198737810/sipri-9780198737810-chapter-5.xml">5. Peace operations and conflict management</a><ul>


<li class=""><a href="/view/9780198737810/sipri-9780198737810-chapter-5.xml">Overview</a></li><li class=" sectionType"><a href="/view/9780198737810/sipri-9780198737810-chapter-5-div1-2.xml">I. Global and regional trends in peace operations</a></li><li class=" sectionType"><a href="/view/9780198737810/sipri-9780198737810-chapter-5-div1-3.xml">II. New peace operations</a></li><li class=" sectionType"><a href="/view/9780198737810/sipri-9780198737810-chapter-5-div1-4.xml">III. The end of the International Security Assistance Force in Afghanistan</a></li><li class=" sectionType"><a href="/view/9780198737810/sipri-9780198737810-chapter-5-div1-5.xml">IV. Table of multilateral peace operations, 2014</a></li>
</ul></li><li class="expandable chapterType"><a href="/view/9780198737810/sipri-9780198737810-chapter-6.xml">6. European security</a><ul>


<li class=""><a href="/view/9780198737810/sipri-9780198737810-chapter-6.xml">Overview</a></li><li class=" sectionType"><a href="/view/9780198737810/sipri-9780198737810-chapter-6-div1-2.xml">I. The European security order under strain</a></li><li class=" sectionType"><a href="/view/9780198737810/sipri-9780198737810-chapter-6-div1-3.xml">II. The military dimension of Euro–Atlantic security frameworks: the European Union and NATO</a></li><li class=" sectionType"><a href="/view/9780198737810/sipri-9780198737810-chapter-6-div1-4.xml">III. The growth in European foreign terrorist fighters</a></li>
</ul></li><li class="expandable chapterType"><a href="/view/9780198737810/sipri-9780198737810-chapter-7.xml">7. Trends in East Asian security</a><ul>


<li class=""><a href="/view/9780198737810/sipri-9780198737810-chapter-7.xml">Overview</a></li><li class=" sectionType"><a href="/view/9780198737810/sipri-9780198737810-chapter-7-div1-2.xml">I. Defence and security cooperation in the context of the US rebalance towards the Asia–Pacific</a></li><li class=" sectionType"><a href="/view/9780198737810/sipri-9780198737810-chapter-7-div1-3.xml">II. Maritime disputes in the South and East China seas</a></li><li class=" sectionType"><a href="/view/9780198737810/sipri-9780198737810-chapter-7-div1-4.xml">III. China’s security diplomacy initiatives</a></li><li class=" sectionType"><a href="/view/9780198737810/sipri-9780198737810-chapter-7-div1-5.xml">IV. Japan’s national defence policy reforms</a></li><li class=" sectionType"><a href="/view/9780198737810/sipri-9780198737810-chapter-7-div1-6.xml">V. China’s international counterterrorism cooperation</a></li><li class=" sectionType"><a href="/view/9780198737810/sipri-9780198737810-chapter-7-div1-7.xml">VI. Russia’s evolving role in North East Asian security</a></li>
</ul></li><li class="expandable chapterType"><a href="/view/9780198737810/sipri-9780198737810-chapter-8.xml">8. Security and development: a primer</a><ul>


<li class=""><a href="/view/9780198737810/sipri-9780198737810-chapter-8.xml">Overview</a></li><li class=" sectionType"><a href="/view/9780198737810/sipri-9780198737810-chapter-8-div1-2.xml">I. Beyond fragile states: understanding security and development through a systems approach</a></li><li class=" sectionType"><a href="/view/9780198737810/sipri-9780198737810-chapter-8-div1-3.xml">II. Violence against healthcare in fragile systems</a></li><li class=" sectionType"><a href="/view/9780198737810/sipri-9780198737810-chapter-8-div1-4.xml">III. Gender, security and development</a></li>
</ul></li><li class=" sectionType"><a href="/view/9780198737810/sipri-9780198737810-part-3-div1-40.xml">Part II. Military spending and armaments, 2014</a></li><li class="expandable chapterType"><a href="/view/9780198737810/sipri-9780198737810-chapter-9.xml">9. Military expenditure</a><ul>


<li class=""><a href="/view/9780198737810/sipri-9780198737810-chapter-9.xml">Overview</a></li><li class=" sectionType"><a href="/view/9780198737810/sipri-9780198737810-chapter-9-div1-2.xml">I. Global developments in military expenditure</a></li><li class=" sectionType"><a href="/view/9780198737810/sipri-9780198737810-chapter-9-div1-3.xml">II. US military expenditure</a></li><li class=" sectionType"><a href="/view/9780198737810/sipri-9780198737810-chapter-9-div1-4.xml">III. The availability of military expenditure data</a></li><li class=" sectionType"><a href="/view/9780198737810/sipri-9780198737810-chapter-9-div1-5.xml">IV. The reporting of military expenditure data to the United Nations</a></li><li class=" sectionType"><a href="/view/9780198737810/sipri-9780198737810-chapter-9-div1-6.xml">V. Military expenditure data, 2005–14</a></li>
</ul></li><li class="expandable chapterType"><a href="/view/9780198737810/sipri-9780198737810-chapter-10.xml">10. International arms transfers and arms production</a><ul>


<li class=""><a href="/view/9780198737810/sipri-9780198737810-chapter-10.xml">Overview</a></li><li class=" sectionType"><a href="/view/9780198737810/sipri-9780198737810-chapter-10-div1-2.xml">I. Developments in arms transfers, 2014</a></li><li class=" sectionType"><a href="/view/9780198737810/sipri-9780198737810-chapter-10-div1-3.xml">II. Arms transfers and tensions in North East Asia</a></li><li class=" sectionType"><a href="/view/9780198737810/sipri-9780198737810-chapter-10-div1-4.xml">III. Transparency in arms transfers</a></li><li class=" sectionType"><a href="/view/9780198737810/sipri-9780198737810-chapter-10-div1-5.xml">IV. The financial value of states’ arms exports</a></li><li class=" sectionType"><a href="/view/9780198737810/sipri-9780198737810-chapter-10-div1-6.xml">V. Arms production and military services</a></li>
</ul></li><li class="expandable current currentParent chapterType"><a href="/view/9780198737810/sipri-9780198737810-chapter-11.xml">11. World nuclear forces</a><ul>


<li class=" current"><a href="/view/9780198737810/sipri-9780198737810-chapter-11.xml">Overview</a></li><li class=" sectionType"><a href="/view/9780198737810/sipri-9780198737810-chapter-11-div1-2.xml">I. US nuclear forces</a></li><li class=" sectionType"><a href="/view/9780198737810/sipri-9780198737810-chapter-11-div1-3.xml">II. Russian nuclear forces</a></li><li class=" sectionType"><a href="/view/9780198737810/sipri-9780198737810-chapter-11-div1-4.xml">III. British nuclear forces</a></li><li class=" sectionType"><a href="/view/9780198737810/sipri-9780198737810-chapter-11-div1-5.xml">IV. French nuclear forces</a></li><li class=" sectionType"><a href="/view/9780198737810/sipri-9780198737810-chapter-11-div1-6.xml">V. Chinese nuclear forces</a></li><li class=" sectionType"><a href="/view/9780198737810/sipri-9780198737810-chapter-11-div1-7.xml">VI. Indian nuclear forces</a></li><li class=" sectionType"><a href="/view/9780198737810/sipri-9780198737810-chapter-11-div1-8.xml">VII. Pakistani nuclear forces</a></li><li class=" sectionType"><a href="/view/9780198737810/sipri-9780198737810-chapter-11-div1-9.xml">VIII. Israeli nuclear forces</a></li><li class=" sectionType"><a href="/view/9780198737810/sipri-9780198737810-chapter-11-div1-10.xml">IX. North Korea’s military nuclear capabilities</a></li><li class=" sectionType"><a href="/view/9780198737810/sipri-9780198737810-chapter-11-div1-11.xml">X. Global stocks and production of fissile materials, 2014</a></li>
</ul></li><li class=" sectionType"><a href="/view/9780198737810/sipri-9780198737810-part-4-div1-64.xml">Part III. Non-proliferation, arms control and disarmament, 2014</a></li><li class="expandable chapterType"><a href="/view/9780198737810/sipri-9780198737810-chapter-12.xml">12. Nuclear arms control and non-proliferation</a><ul>


<li class=""><a href="/view/9780198737810/sipri-9780198737810-chapter-12.xml">Overview</a></li><li class=" sectionType"><a href="/view/9780198737810/sipri-9780198737810-chapter-12-div1-2.xml">I. Iran’s nuclear programme and international concerns</a></li><li class=" sectionType"><a href="/view/9780198737810/sipri-9780198737810-chapter-12-div1-3.xml">II. Russian–US nuclear arms control</a></li><li class=" sectionType"><a href="/view/9780198737810/sipri-9780198737810-chapter-12-div1-4.xml">III. Developments in multilateral arms control and disarmament</a></li><li class=" sectionType"><a href="/view/9780198737810/sipri-9780198737810-chapter-12-div1-5.xml">IV. International cooperation to enhance nuclear security</a></li>
</ul></li><li class="expandable chapterType"><a href="/view/9780198737810/sipri-9780198737810-chapter-13.xml">13. Chemical and biological security threats</a><ul>


<li class=""><a href="/view/9780198737810/sipri-9780198737810-chapter-13.xml">Overview</a></li><li class=" sectionType"><a href="/view/9780198737810/sipri-9780198737810-chapter-13-div1-2.xml">I. Infectious diseases and international security</a></li><li class=" sectionType"><a href="/view/9780198737810/sipri-9780198737810-chapter-13-div1-3.xml">II. Biological arms control</a></li><li class=" sectionType"><a href="/view/9780198737810/sipri-9780198737810-chapter-13-div1-4.xml">III. Chemical arms control and disarmament</a></li><li class=" sectionType"><a href="/view/9780198737810/sipri-9780198737810-chapter-13-div1-5.xml">IV. Chemical disarmament in conflict areas</a></li>
</ul></li><li class="expandable chapterType"><a href="/view/9780198737810/sipri-9780198737810-chapter-14.xml">14. Conventional arms control and military confidence building</a><ul>


<li class=""><a href="/view/9780198737810/sipri-9780198737810-chapter-14.xml">Overview</a></li><li class=" sectionType"><a href="/view/9780198737810/sipri-9780198737810-chapter-14-div1-2.xml">I. Humanitarian arms control</a></li><li class=" sectionType"><a href="/view/9780198737810/sipri-9780198737810-chapter-14-div1-3.xml">II. Small arms control measures</a></li><li class=" sectionType"><a href="/view/9780198737810/sipri-9780198737810-chapter-14-div1-4.xml">III. Confidence- and security-building measures in Europe</a></li>
</ul></li><li class="expandable chapterType"><a href="/view/9780198737810/sipri-9780198737810-chapter-15.xml">15. Dual-use and arms trade controls</a><ul>


<li class=""><a href="/view/9780198737810/sipri-9780198737810-chapter-15.xml">Overview</a></li><li class=" sectionType"><a href="/view/9780198737810/sipri-9780198737810-chapter-15-div1-2.xml">I. The Arms Trade Treaty</a></li><li class=" sectionType"><a href="/view/9780198737810/sipri-9780198737810-chapter-15-div1-3.xml">II. Multilateral arms embargoes</a></li><li class=" sectionType"><a href="/view/9780198737810/sipri-9780198737810-chapter-15-div1-4.xml">III. The export control regimes</a></li><li class=" sectionType"><a href="/view/9780198737810/sipri-9780198737810-chapter-15-div1-5.xml">IV. EU export control developments</a></li>
</ul></li><li class=" sectionType"><a href="/view/9780198737810/sipri-9780198737810-part-5-div1-84.xml">Annexes</a></li><li class="expandable chapterType"><a href="/view/9780198737810/sipri-9780198737810-chapter-16.xml">Annex A. Arms control and disarmament agreements</a><ul>


<li class=" sectionType"><a href="/view/9780198737810/sipri-9780198737810-chapter-16-div1-2.xml">Notes</a></li><li class=" sectionType"><a href="/view/9780198737810/sipri-9780198737810-chapter-16-div1-3.xml">I. Universal treaties</a></li><li class=" sectionType"><a href="/view/9780198737810/sipri-9780198737810-chapter-16-div1-4.xml">II. Regional treaties</a></li><li class=" sectionType"><a href="/view/9780198737810/sipri-9780198737810-chapter-16-div1-5.xml">III. Bilateral treaties</a></li>
</ul></li><li class="expandable chapterType"><a href="/view/9780198737810/sipri-9780198737810-chapter-17.xml">Annex B. International security cooperation bodies</a><ul>


<li class=" sectionType"><a href="/view/9780198737810/sipri-9780198737810-chapter-17-div1-2.xml">I. Bodies with a global focus or membership</a></li><li class=" sectionType"><a href="/view/9780198737810/sipri-9780198737810-chapter-17-div1-3.xml">II. Bodies with a regional focus or membership</a></li><li class=" sectionType"><a href="/view/9780198737810/sipri-9780198737810-chapter-17-div1-4.xml">III. Strategic trade control regimes</a></li>
</ul></li><li class=" chapterType"><a href="/view/9780198737810/sipri-9780198737810-chapter-18.xml">Annex C. Chronology 2014</a></li><li class=" miscType"><a href="/view/9780198737810/sipri-9780198737810-miscMatter-9.xml">About the authors</a></li><li class=" miscType last"><a href="/view/9780198737810/sipri-9780198737810-miscMatter-10.xml">Errata</a></li></ul>
				</div>
			
			</div>
		</div>
		

		
		<div>
			
		</div>
		
		
		
		<div>
		
		</div>
		
		
		
		<div>
		
		</div>
		
		
		
	</div>
		
	<div class="mainBase" id="mainContent">

		<div id="topControls">
			
			
			

<div class="pageLinks" id="pageLinks">
	<ul class="actions">
		<li class="print first"><a onclick="ntptLinkTag('account_id=&amp;supplier_tag=Safari&amp;siteid=SIPRI&amp;jsessionid=01B4287876556AF29A306E2DBF46DA85&amp;turnaway_id=ATHENS_NONE%2CIP_BADCRED%2CLIBCARD_NONE%2CREFERRER_NONE%2CSHIB_NONE%2CUSERPASS_NONE&amp;ev=PRINT');" href="/view/9780198737810/sipri-9780198737810-chapter-11.xml?print"><span>Print</span></a></li>
		
			<li class="save">
	<a onclick="ntptEventTag('account_id=&amp;supplier_tag=Safari&amp;siteid=SIPRI&amp;jsessionid=01B4287876556AF29A306E2DBF46DA85&amp;turnaway_id=ATHENS_NONE%2CIP_BADCRED%2CLIBCARD_NONE%2CREFERRER_NONE%2CSHIB_NONE%2CUSERPASS_NONE&amp;ev=SAVE');showLightbox('/signup;jsessionid=01B4287876556AF29A306E2DBF46DA85', '500', '500', '&amp;nbsp');return false;" title="Save" href="#"><span>Save</span></a>
</li>
		
		
		
			<li class="cite"><a onclick="ntptEventTag('account_id=&amp;supplier_tag=Safari&amp;siteid=SIPRI&amp;jsessionid=01B4287876556AF29A306E2DBF46DA85&amp;turnaway_id=ATHENS_NONE%2CIP_BADCRED%2CLIBCARD_NONE%2CREFERRER_NONE%2CSHIB_NONE%2CUSERPASS_NONE&amp;ev=CITE');showLightbox('/cite/$002f9780198737810$002fsipri-9780198737810-chapter-11.xml;jsessionid=01B4287876556AF29A306E2DBF46DA85', '500', '500', '&amp;nbsp');return false;" href="#"><span>Cite</span></a></li>
		
		
			<li class="email"><a onclick="showLightbox('/sipri/viewoxchap:email/11.$0020World$0020nuclear$0020forces$0020:$0020SIPRI$0020Yearbook$00202015/http:$002f$002fwww.sipriyearbook.org$002fview$002f9780198737810$002fsipri-9780198737810-chapter-11.xml$003fp$003demailAMyrq9oQrMNB.$0026d$003d$002f9780198737810$002fsipri-9780198737810-chapter-11.xml;jsessionid=01B4287876556AF29A306E2DBF46DA85?t:ac=9780198737810/sipri-9780198737810-chapter-11.xml', '700', '525', '&amp;nbsp');return false;" href="#"><span>Email</span></a></li>
		
		<li class="share last">
<a onmouseover="addthis.init.defer();" href="http://www.addthis.com/bookmark.php?v=250&amp;pub=" class="addthis_button">
	
		<span>Share</span><img style="border:0" alt="Share" height="16" width="83" src="http://s7.addthis.com/static/btn/sm-share-en.gif"/>
		
	
</a>
<script type="text/javascript">
var addthis_config = { services_exclude: 'email' };
</script>
</li>
	</ul>
	<ul class="fontResizer" id="fontResizer">
	<li class="textNormal"><span class="text">Text size: </span><a title="Normal Text Size" onclick="return false;" href="#" class="selected">A</a></li>
	<li class="textLarge"><a title="Large Text Size" onclick="return false;" href="#">A</a></li>
</ul>
</div>




		</div>

		<div id="readPanel">
			
				
			<div id="topSmartNav" class="smartNavWrapper">
	<div class="smartNav">
		<ul>
			
			<li class="read" style="width: 1.0%;">
				<a href="/view/9780198737810/sipri-9780198737810-miscMatter-2.xml" title="SIPRI Yearbook 2015">
					<span>SIPRI Yearbook 2015</span>
				</a>
			</li>
			
			<li class="read" style="width: 1.0%;">
				<a href="/view/9780198737810/sipri-9780198737810-miscMatter-5.xml" title="Contents">
					<span>Contents</span>
				</a>
			</li>
			
			<li class="read" style="width: 1.0%;">
				<a href="/view/9780198737810/sipri-9780198737810-miscMatter-6.xml" title="Preface">
					<span>Preface</span>
				</a>
			</li>
			
			<li class="read" style="width: 1.0%;">
				<a href="/view/9780198737810/sipri-9780198737810-miscMatter-7-div1-2.xml" title="Conventions">
					<span>Conventions</span>
				</a>
			</li>
			
			<li class="read" style="width: 1.0%;">
				<a href="/view/9780198737810/sipri-9780198737810-miscMatter-7-div1-3.xml" title="Geographical regions and subregions">
					<span>Geographical regions and subregions</span>
				</a>
			</li>
			
			<li class="read" style="width: 1.0%;">
				<a href="/view/9780198737810/sipri-9780198737810-miscMatter-8.xml" title="SIPRI Yearbook online">
					<span>SIPRI Yearbook online</span>
				</a>
			</li>
			
			<li class="read" style="width: 1.0%;">
				<a href="/view/9780198737810/sipri-9780198737810-part-1-div1-1.xml" title="Introduction">
					<span>Introduction</span>
				</a>
			</li>
			
			<li class="read" style="width: 1.0%;">
				<a href="/view/9780198737810/sipri-9780198737810-chapter-1.xml" title="I. The erosion of state legitimacy">
					<span>I. The erosion of state legitimacy</span>
				</a>
			</li>
			
			<li class="read" style="width: 1.0%;">
				<a href="/view/9780198737810/sipri-9780198737810-chapter-1-div1-2.xml" title="II. Security governance">
					<span>II. Security governance</span>
				</a>
			</li>
			
			<li class="read" style="width: 1.0%;">
				<a href="/view/9780198737810/sipri-9780198737810-chapter-1-div1-3.xml" title="III. Dynamics of peace and conflict">
					<span>III. Dynamics of peace and conflict</span>
				</a>
			</li>
			
			<li class="read" style="width: 1.0%;">
				<a href="/view/9780198737810/sipri-9780198737810-part-2-div1-5.xml" title="Part I. Security and conflicts, 2014">
					<span>Part I. Security and conflicts, 2014</span>
				</a>
			</li>
			
			<li class="read" style="width: 1.0%;">
				<a href="/view/9780198737810/sipri-9780198737810-chapter-2.xml" title="Overview">
					<span>Overview</span>
				</a>
			</li>
			
			<li class="read" style="width: 1.0%;">
				<a href="/view/9780198737810/sipri-9780198737810-chapter-2-div1-2.xml" title="I. The Syrian and Iraqi civil wars">
					<span>I. The Syrian and Iraqi civil wars</span>
				</a>
			</li>
			
			<li class="read" style="width: 1.0%;">
				<a href="/view/9780198737810/sipri-9780198737810-chapter-2-div1-3.xml" title="II. The socio-economic impact of the Syrian civil war">
					<span>II. The socio-economic impact of the Syrian civil war</span>
				</a>
			</li>
			
			<li class="read" style="width: 1.0%;">
				<a href="/view/9780198737810/sipri-9780198737810-chapter-2-div1-4.xml" title="III. Arms transfers and the use of force against the Islamic State">
					<span>III. Arms transfers and the use of force against the Islamic State</span>
				</a>
			</li>
			
			<li class="read" style="width: 1.0%;">
				<a href="/view/9780198737810/sipri-9780198737810-chapter-3.xml" title="Overview">
					<span>Overview</span>
				</a>
			</li>
			
			<li class="read" style="width: 1.0%;">
				<a href="/view/9780198737810/sipri-9780198737810-chapter-3-div1-2.xml" title="I. The Ukraine crisis: from popular protest to major conflict">
					<span>I. The Ukraine crisis: from popular protest to major conflict</span>
				</a>
			</li>
			
			<li class="read" style="width: 1.0%;">
				<a href="/view/9780198737810/sipri-9780198737810-chapter-3-div1-3.xml" title="II. The application of European confidence-building measures and confidence- and security-building measures in Ukraine">
					<span>II. The application of European confidence-building measures and confidence- and security-building measures in Ukraine</span>
				</a>
			</li>
			
			<li class="read" style="width: 1.0%;">
				<a href="/view/9780198737810/sipri-9780198737810-chapter-3-div1-4.xml" title="III. The impact of the crisis in Ukraine on arms transfers">
					<span>III. The impact of the crisis in Ukraine on arms transfers</span>
				</a>
			</li>
			
			<li class="read" style="width: 1.0%;">
				<a href="/view/9780198737810/sipri-9780198737810-chapter-3-div1-5.xml" title="IV. Military spending in Europe in the wake of the Ukraine crisis">
					<span>IV. Military spending in Europe in the wake of the Ukraine crisis</span>
				</a>
			</li>
			
			<li class="read" style="width: 1.0%;">
				<a href="/view/9780198737810/sipri-9780198737810-chapter-4.xml" title="Overview">
					<span>Overview</span>
				</a>
			</li>
			
			<li class="read" style="width: 1.0%;">
				<a href="/view/9780198737810/sipri-9780198737810-chapter-4-div1-2.xml" title="I. Gender, peace and armed conflict">
					<span>I. Gender, peace and armed conflict</span>
				</a>
			</li>
			
			<li class="read" style="width: 1.0%;">
				<a href="/view/9780198737810/sipri-9780198737810-chapter-4-div1-3.xml" title="II. The diversity of peace and war in Africa">
					<span>II. The diversity of peace and war in Africa</span>
				</a>
			</li>
			
			<li class="read" style="width: 1.0%;">
				<a href="/view/9780198737810/sipri-9780198737810-chapter-4-div1-4.xml" title="III. Patterns of organized violence, 2004–13">
					<span>III. Patterns of organized violence, 2004–13</span>
				</a>
			</li>
			
			<li class="read" style="width: 1.0%;">
				<a href="/view/9780198737810/sipri-9780198737810-chapter-4-div1-5.xml" title="IV. The Global Peace Index 2014">
					<span>IV. The Global Peace Index 2014</span>
				</a>
			</li>
			
			<li class="read" style="width: 1.0%;">
				<a href="/view/9780198737810/sipri-9780198737810-chapter-5.xml" title="Overview">
					<span>Overview</span>
				</a>
			</li>
			
			<li class="read" style="width: 1.0%;">
				<a href="/view/9780198737810/sipri-9780198737810-chapter-5-div1-2.xml" title="I. Global and regional trends in peace operations">
					<span>I. Global and regional trends in peace operations</span>
				</a>
			</li>
			
			<li class="read" style="width: 1.0%;">
				<a href="/view/9780198737810/sipri-9780198737810-chapter-5-div1-3.xml" title="II. New peace operations">
					<span>II. New peace operations</span>
				</a>
			</li>
			
			<li class="read" style="width: 1.0%;">
				<a href="/view/9780198737810/sipri-9780198737810-chapter-5-div1-4.xml" title="III. The end of the International Security Assistance Force in Afghanistan">
					<span>III. The end of the International Security Assistance Force in Afghanistan</span>
				</a>
			</li>
			
			<li class="read" style="width: 1.0%;">
				<a href="/view/9780198737810/sipri-9780198737810-chapter-5-div1-5.xml" title="IV. Table of multilateral peace operations, 2014">
					<span>IV. Table of multilateral peace operations, 2014</span>
				</a>
			</li>
			
			<li class="read" style="width: 1.0%;">
				<a href="/view/9780198737810/sipri-9780198737810-chapter-6.xml" title="Overview">
					<span>Overview</span>
				</a>
			</li>
			
			<li class="read" style="width: 1.0%;">
				<a href="/view/9780198737810/sipri-9780198737810-chapter-6-div1-2.xml" title="I. The European security order under strain">
					<span>I. The European security order under strain</span>
				</a>
			</li>
			
			<li class="read" style="width: 1.0%;">
				<a href="/view/9780198737810/sipri-9780198737810-chapter-6-div1-3.xml" title="II. The military dimension of Euro–Atlantic security frameworks: the European Union and NATO">
					<span>II. The military dimension of Euro–Atlantic security frameworks: the European Union and NATO</span>
				</a>
			</li>
			
			<li class="read" style="width: 1.0%;">
				<a href="/view/9780198737810/sipri-9780198737810-chapter-6-div1-4.xml" title="III. The growth in European foreign terrorist fighters">
					<span>III. The growth in European foreign terrorist fighters</span>
				</a>
			</li>
			
			<li class="read" style="width: 1.0%;">
				<a href="/view/9780198737810/sipri-9780198737810-chapter-7.xml" title="Overview">
					<span>Overview</span>
				</a>
			</li>
			
			<li class="read" style="width: 1.0%;">
				<a href="/view/9780198737810/sipri-9780198737810-chapter-7-div1-2.xml" title="I. Defence and security cooperation in the context of the US rebalance towards the Asia–Pacific">
					<span>I. Defence and security cooperation in the context of the US rebalance towards the Asia–Pacific</span>
				</a>
			</li>
			
			<li class="read" style="width: 1.0%;">
				<a href="/view/9780198737810/sipri-9780198737810-chapter-7-div1-3.xml" title="II. Maritime disputes in the South and East China seas">
					<span>II. Maritime disputes in the South and East China seas</span>
				</a>
			</li>
			
			<li class="read" style="width: 1.0%;">
				<a href="/view/9780198737810/sipri-9780198737810-chapter-7-div1-4.xml" title="III. China’s security diplomacy initiatives">
					<span>III. China’s security diplomacy initiatives</span>
				</a>
			</li>
			
			<li class="read" style="width: 1.0%;">
				<a href="/view/9780198737810/sipri-9780198737810-chapter-7-div1-5.xml" title="IV. Japan’s national defence policy reforms">
					<span>IV. Japan’s national defence policy reforms</span>
				</a>
			</li>
			
			<li class="read" style="width: 1.0%;">
				<a href="/view/9780198737810/sipri-9780198737810-chapter-7-div1-6.xml" title="V. China’s international counterterrorism cooperation">
					<span>V. China’s international counterterrorism cooperation</span>
				</a>
			</li>
			
			<li class="read" style="width: 1.0%;">
				<a href="/view/9780198737810/sipri-9780198737810-chapter-7-div1-7.xml" title="VI. Russia’s evolving role in North East Asian security">
					<span>VI. Russia’s evolving role in North East Asian security</span>
				</a>
			</li>
			
			<li class="read" style="width: 1.0%;">
				<a href="/view/9780198737810/sipri-9780198737810-chapter-8.xml" title="Overview">
					<span>Overview</span>
				</a>
			</li>
			
			<li class="read" style="width: 1.0%;">
				<a href="/view/9780198737810/sipri-9780198737810-chapter-8-div1-2.xml" title="I. Beyond fragile states: understanding security and development through a systems approach">
					<span>I. Beyond fragile states: understanding security and development through a systems approach</span>
				</a>
			</li>
			
			<li class="read" style="width: 1.0%;">
				<a href="/view/9780198737810/sipri-9780198737810-chapter-8-div1-3.xml" title="II. Violence against healthcare in fragile systems">
					<span>II. Violence against healthcare in fragile systems</span>
				</a>
			</li>
			
			<li class="read" style="width: 1.0%;">
				<a href="/view/9780198737810/sipri-9780198737810-chapter-8-div1-4.xml" title="III. Gender, security and development">
					<span>III. Gender, security and development</span>
				</a>
			</li>
			
			<li class="read" style="width: 1.0%;">
				<a href="/view/9780198737810/sipri-9780198737810-part-3-div1-40.xml" title="Part II. Military spending and armaments, 2014">
					<span>Part II. Military spending and armaments, 2014</span>
				</a>
			</li>
			
			<li class="read" style="width: 1.0%;">
				<a href="/view/9780198737810/sipri-9780198737810-chapter-9.xml" title="Overview">
					<span>Overview</span>
				</a>
			</li>
			
			<li class="read" style="width: 1.0%;">
				<a href="/view/9780198737810/sipri-9780198737810-chapter-9-div1-2.xml" title="I. Global developments in military expenditure">
					<span>I. Global developments in military expenditure</span>
				</a>
			</li>
			
			<li class="read" style="width: 1.0%;">
				<a href="/view/9780198737810/sipri-9780198737810-chapter-9-div1-3.xml" title="II. US military expenditure">
					<span>II. US military expenditure</span>
				</a>
			</li>
			
			<li class="read" style="width: 1.0%;">
				<a href="/view/9780198737810/sipri-9780198737810-chapter-9-div1-4.xml" title="III. The availability of military expenditure data">
					<span>III. The availability of military expenditure data</span>
				</a>
			</li>
			
			<li class="read" style="width: 1.0%;">
				<a href="/view/9780198737810/sipri-9780198737810-chapter-9-div1-5.xml" title="IV. The reporting of military expenditure data to the United Nations">
					<span>IV. The reporting of military expenditure data to the United Nations</span>
				</a>
			</li>
			
			<li class="read" style="width: 1.0%;">
				<a href="/view/9780198737810/sipri-9780198737810-chapter-9-div1-6.xml" title="V. Military expenditure data, 2005–14">
					<span>V. Military expenditure data, 2005–14</span>
				</a>
			</li>
			
			<li class="read" style="width: 1.0%;">
				<a href="/view/9780198737810/sipri-9780198737810-chapter-10.xml" title="Overview">
					<span>Overview</span>
				</a>
			</li>
			
			<li class="read" style="width: 1.0%;">
				<a href="/view/9780198737810/sipri-9780198737810-chapter-10-div1-2.xml" title="I. Developments in arms transfers, 20141">
					<span>I. Developments in arms transfers, 20141</span>
				</a>
			</li>
			
			<li class="read" style="width: 1.0%;">
				<a href="/view/9780198737810/sipri-9780198737810-chapter-10-div1-3.xml" title="II. Arms transfers and tensions in North East Asia">
					<span>II. Arms transfers and tensions in North East Asia</span>
				</a>
			</li>
			
			<li class="read" style="width: 1.0%;">
				<a href="/view/9780198737810/sipri-9780198737810-chapter-10-div1-4.xml" title="III. Transparency in arms transfers">
					<span>III. Transparency in arms transfers</span>
				</a>
			</li>
			
			<li class="read" style="width: 1.0%;">
				<a href="/view/9780198737810/sipri-9780198737810-chapter-10-div1-5.xml" title="IV. The financial value of states’ arms exports">
					<span>IV. The financial value of states’ arms exports</span>
				</a>
			</li>
			
			<li class="read" style="width: 1.0%;">
				<a href="/view/9780198737810/sipri-9780198737810-chapter-10-div1-6.xml" title="V. Arms production and military services">
					<span>V. Arms production and military services</span>
				</a>
			</li>
			
			<li class="current" style="width: 1.0%;">
				<a href="/view/9780198737810/sipri-9780198737810-chapter-11.xml" title="Overview">
					<span>Overview</span>
				</a>
			</li>
			
			<li class="notread" style="width: 1.0%;">
				<a href="/view/9780198737810/sipri-9780198737810-chapter-11-div1-2.xml" title="I. US nuclear forces">
					<span>I. US nuclear forces</span>
				</a>
			</li>
			
			<li class="notread" style="width: 1.0%;">
				<a href="/view/9780198737810/sipri-9780198737810-chapter-11-div1-3.xml" title="II. Russian nuclear forces">
					<span>II. Russian nuclear forces</span>
				</a>
			</li>
			
			<li class="notread" style="width: 1.0%;">
				<a href="/view/9780198737810/sipri-9780198737810-chapter-11-div1-4.xml" title="III. British nuclear forces">
					<span>III. British nuclear forces</span>
				</a>
			</li>
			
			<li class="notread" style="width: 1.0%;">
				<a href="/view/9780198737810/sipri-9780198737810-chapter-11-div1-5.xml" title="IV. French nuclear forces">
					<span>IV. French nuclear forces</span>
				</a>
			</li>
			
			<li class="notread" style="width: 1.0%;">
				<a href="/view/9780198737810/sipri-9780198737810-chapter-11-div1-6.xml" title="V. Chinese nuclear forces">
					<span>V. Chinese nuclear forces</span>
				</a>
			</li>
			
			<li class="notread" style="width: 1.0%;">
				<a href="/view/9780198737810/sipri-9780198737810-chapter-11-div1-7.xml" title="VI. Indian nuclear forces">
					<span>VI. Indian nuclear forces</span>
				</a>
			</li>
			
			<li class="notread" style="width: 1.0%;">
				<a href="/view/9780198737810/sipri-9780198737810-chapter-11-div1-8.xml" title="VII. Pakistani nuclear forces">
					<span>VII. Pakistani nuclear forces</span>
				</a>
			</li>
			
			<li class="notread" style="width: 1.0%;">
				<a href="/view/9780198737810/sipri-9780198737810-chapter-11-div1-9.xml" title="VIII. Israeli nuclear forces">
					<span>VIII. Israeli nuclear forces</span>
				</a>
			</li>
			
			<li class="notread" style="width: 1.0%;">
				<a href="/view/9780198737810/sipri-9780198737810-chapter-11-div1-10.xml" title="IX. North Korea’s military nuclear capabilities">
					<span>IX. North Korea’s military nuclear capabilities</span>
				</a>
			</li>
			
			<li class="notread" style="width: 1.0%;">
				<a href="/view/9780198737810/sipri-9780198737810-chapter-11-div1-11.xml" title="X. Global stocks and production of fissile materials, 2014">
					<span>X. Global stocks and production of fissile materials, 2014</span>
				</a>
			</li>
			
			<li class="notread" style="width: 1.0%;">
				<a href="/view/9780198737810/sipri-9780198737810-part-4-div1-64.xml" title="Part III. Non-proliferation, arms control and disarmament, 2014">
					<span>Part III. Non-proliferation, arms control and disarmament, 2014</span>
				</a>
			</li>
			
			<li class="notread" style="width: 1.0%;">
				<a href="/view/9780198737810/sipri-9780198737810-chapter-12.xml" title="Overview">
					<span>Overview</span>
				</a>
			</li>
			
			<li class="notread" style="width: 1.0%;">
				<a href="/view/9780198737810/sipri-9780198737810-chapter-12-div1-2.xml" title="I. Iran’s nuclear programme and international concerns">
					<span>I. Iran’s nuclear programme and international concerns</span>
				</a>
			</li>
			
			<li class="notread" style="width: 1.0%;">
				<a href="/view/9780198737810/sipri-9780198737810-chapter-12-div1-3.xml" title="II. Russian–US nuclear arms control">
					<span>II. Russian–US nuclear arms control</span>
				</a>
			</li>
			
			<li class="notread" style="width: 1.0%;">
				<a href="/view/9780198737810/sipri-9780198737810-chapter-12-div1-4.xml" title="III. Developments in multilateral arms control and disarmament">
					<span>III. Developments in multilateral arms control and disarmament</span>
				</a>
			</li>
			
			<li class="notread" style="width: 1.0%;">
				<a href="/view/9780198737810/sipri-9780198737810-chapter-12-div1-5.xml" title="IV. International cooperation to enhance nuclear security">
					<span>IV. International cooperation to enhance nuclear security</span>
				</a>
			</li>
			
			<li class="notread" style="width: 1.0%;">
				<a href="/view/9780198737810/sipri-9780198737810-chapter-13.xml" title="Overview">
					<span>Overview</span>
				</a>
			</li>
			
			<li class="notread" style="width: 1.0%;">
				<a href="/view/9780198737810/sipri-9780198737810-chapter-13-div1-2.xml" title="I. Infectious diseases and international security">
					<span>I. Infectious diseases and international security</span>
				</a>
			</li>
			
			<li class="notread" style="width: 1.0%;">
				<a href="/view/9780198737810/sipri-9780198737810-chapter-13-div1-3.xml" title="II. Biological arms control">
					<span>II. Biological arms control</span>
				</a>
			</li>
			
			<li class="notread" style="width: 1.0%;">
				<a href="/view/9780198737810/sipri-9780198737810-chapter-13-div1-4.xml" title="III. Chemical arms control and disarmament">
					<span>III. Chemical arms control and disarmament</span>
				</a>
			</li>
			
			<li class="notread" style="width: 1.0%;">
				<a href="/view/9780198737810/sipri-9780198737810-chapter-13-div1-5.xml" title="IV. Chemical disarmament in conflict areas">
					<span>IV. Chemical disarmament in conflict areas</span>
				</a>
			</li>
			
			<li class="notread" style="width: 1.0%;">
				<a href="/view/9780198737810/sipri-9780198737810-chapter-14.xml" title="Overview">
					<span>Overview</span>
				</a>
			</li>
			
			<li class="notread" style="width: 1.0%;">
				<a href="/view/9780198737810/sipri-9780198737810-chapter-14-div1-2.xml" title="I. Humanitarian arms control">
					<span>I. Humanitarian arms control</span>
				</a>
			</li>
			
			<li class="notread" style="width: 1.0%;">
				<a href="/view/9780198737810/sipri-9780198737810-chapter-14-div1-3.xml" title="II. Small arms control measures">
					<span>II. Small arms control measures</span>
				</a>
			</li>
			
			<li class="notread" style="width: 1.0%;">
				<a href="/view/9780198737810/sipri-9780198737810-chapter-14-div1-4.xml" title="III. Confidence- and security-building measures in Europe">
					<span>III. Confidence- and security-building measures in Europe</span>
				</a>
			</li>
			
			<li class="notread" style="width: 1.0%;">
				<a href="/view/9780198737810/sipri-9780198737810-chapter-15.xml" title="Overview">
					<span>Overview</span>
				</a>
			</li>
			
			<li class="notread" style="width: 1.0%;">
				<a href="/view/9780198737810/sipri-9780198737810-chapter-15-div1-2.xml" title="I. The Arms Trade Treaty">
					<span>I. The Arms Trade Treaty</span>
				</a>
			</li>
			
			<li class="notread" style="width: 1.0%;">
				<a href="/view/9780198737810/sipri-9780198737810-chapter-15-div1-3.xml" title="II. Multilateral arms embargoes">
					<span>II. Multilateral arms embargoes</span>
				</a>
			</li>
			
			<li class="notread" style="width: 1.0%;">
				<a href="/view/9780198737810/sipri-9780198737810-chapter-15-div1-4.xml" title="III. The export control regimes">
					<span>III. The export control regimes</span>
				</a>
			</li>
			
			<li class="notread" style="width: 1.0%;">
				<a href="/view/9780198737810/sipri-9780198737810-chapter-15-div1-5.xml" title="IV. EU export control developments">
					<span>IV. EU export control developments</span>
				</a>
			</li>
			
			<li class="notread" style="width: 1.0%;">
				<a href="/view/9780198737810/sipri-9780198737810-part-5-div1-84.xml" title="Annexes">
					<span>Annexes</span>
				</a>
			</li>
			
			<li class="notread" style="width: 1.0%;">
				<a href="/view/9780198737810/sipri-9780198737810-chapter-16-div1-2.xml" title="Notes">
					<span>Notes</span>
				</a>
			</li>
			
			<li class="notread" style="width: 1.0%;">
				<a href="/view/9780198737810/sipri-9780198737810-chapter-16-div1-3.xml" title="I. Universal treaties">
					<span>I. Universal treaties</span>
				</a>
			</li>
			
			<li class="notread" style="width: 1.0%;">
				<a href="/view/9780198737810/sipri-9780198737810-chapter-16-div1-4.xml" title="II. Regional treaties">
					<span>II. Regional treaties</span>
				</a>
			</li>
			
			<li class="notread" style="width: 1.0%;">
				<a href="/view/9780198737810/sipri-9780198737810-chapter-16-div1-5.xml" title="III. Bilateral treaties">
					<span>III. Bilateral treaties</span>
				</a>
			</li>
			
			<li class="notread" style="width: 1.0%;">
				<a href="/view/9780198737810/sipri-9780198737810-chapter-17-div1-2.xml" title="I. Bodies with a global focus or membership">
					<span>I. Bodies with a global focus or membership</span>
				</a>
			</li>
			
			<li class="notread" style="width: 1.0%;">
				<a href="/view/9780198737810/sipri-9780198737810-chapter-17-div1-3.xml" title="II. Bodies with a regional focus or membership">
					<span>II. Bodies with a regional focus or membership</span>
				</a>
			</li>
			
			<li class="notread" style="width: 1.0%;">
				<a href="/view/9780198737810/sipri-9780198737810-chapter-17-div1-4.xml" title="III. Strategic trade control regimes">
					<span>III. Strategic trade control regimes</span>
				</a>
			</li>
			
			<li class="notread" style="width: 1.0%;">
				<a href="/view/9780198737810/sipri-9780198737810-chapter-18.xml" title="Annex C. Chronology 2014">
					<span>Annex C. Chronology 2014</span>
				</a>
			</li>
			
			<li class="notread" style="width: 1.0%;">
				<a href="/view/9780198737810/sipri-9780198737810-miscMatter-9.xml" title="About the authors">
					<span>About the authors</span>
				</a>
			</li>
			
			<li class="notread" style="width: 1.0%;">
				<a href="/view/9780198737810/sipri-9780198737810-miscMatter-10.xml" title="Errata">
					<span>Errata</span>
				</a>
			</li>
			
		</ul>
	</div>
	<div style="left: 58.0%;" id="statusBarArrow"><!--  --></div>
</div>
			
		
		
		
		
			<div class="mainContentAfterPageLinks">
				<ul class="actions">
					
						<li class="nextLink first first"><a title="I. US nuclear forces" href="/view/9780198737810/sipri-9780198737810-chapter-11-div1-2.xml"><span>Next »</span></a></li>
					
					
						<li class="prevLink last"><a title="V. Arms production and military services" href="/view/9780198737810/sipri-9780198737810-chapter-10-div1-6.xml"><span>« Previous</span></a></li>
					
				</ul>
			</div>
		
		
		
		
		<div class="sourceTitle">
			<h1>SIPRI Yearbook 2015</h1>
		</div>
		
		<div class="chapterContent">
			<h1 id="pagetitle"><span class="enumerator">11.</span> World nuclear forces</h1><dl class="metaInfo"><dt class="chapterTitle">Chapter:</dt><dd class="chapterTitle"><span class="enumerator">11.</span> World nuclear forces</dd><dt class="source">Source:</dt><dd class="source">SIPRI Yearbook 2015</dd><dt class="author">Author(s):</dt><dd class="author">Shannon N.&nbsp;Kile, Hans M.&nbsp;Kristensen, Phillip&nbsp;Patton Schell, Alexander&nbsp;Glaser, Zia&nbsp;Mian</dd></dl><p id="sipri-9780198737810-chapter-11-p-4"><i>At the start of 2015, nine states—the United States, Russia, the United Kingdom, France, China, India, Pakistan, Israel and the Democratic People’s Republic of Korea (DPRK, or North Korea)— possessed approximately 15 850 nuclear weapons, of which 4300 were deployed with operational forces (see</i> <i>table</i> <a href="/view/9780198737810/sipri-9780198737810-chapter-11.xml#sipri-9780198737810-chapter-11-tableGroup-1"><i>11.1</i></a><i>). Roughly 1800 of these weapons are kept in a state of high operational alert</i>.</p>
		</div>
		
		<dl class="citations" id="citations">
			<dt class="mla">Citation (MLA):</dt><dd class="mla">
	<?xml version="1.0" encoding="UTF-8"?>Kile, Shannon N., Hans M. Kristensen, Phillip Patton Schell, Alexander Glaser, and Zia Mian.
						
					"11. World nuclear forces."
				<em>SIPRI Yearbook</em>.
			SIPRI. 
			Oxford: Oxford University Press.
			2016.
			 Web.
			16 Jan. 2017. 
			&lt;http://www.sipriyearbook.org/view/9780198737810/sipri-9780198737810-chapter-11.xml&gt;.
		
</dd>
			<dt class="apa">Citation (APA):</dt><dd class="apa">
	<?xml version="1.0" encoding="UTF-8"?>Kile, S., Kristensen, H., Patton Schell, P., Glaser, A., &amp; Mian, Z. (2016). 11. World nuclear forces. In <em>SIPRI, SIPRI Yearbook 2015: Armaments, Disarmament and International Security.</em> Oxford: Oxford University Press.
			Retrieved 16 Jan. 2017, from http://www.sipriyearbook.org/view/9780198737810/sipri-9780198737810-chapter-11.xml
</dd>
			<dt class="chicago">Citation (Chicago):</dt><dd class="chicago">
	<?xml version="1.0" encoding="UTF-8"?>Kile, Shannon N., Hans M. Kristensen, Phillip Patton Schell, Alexander Glaser, and Zia Mian.
						
					"11. World nuclear forces."
				
					In <em>SIPRI Yearbook 2015: Armaments, Disarmament and International Security, SIPRI.</em>
			(Oxford: Oxford University Press,
			2016).
			Retrieved 16 Jan. 2017, from http://www.sipriyearbook.org/view/9780198737810/sipri-9780198737810-chapter-11.xml
</dd>
		</dl>
		
		
			<div class="mainContentAfterPageLinks">
				<ul class="actions">
					
						<li class="nextLink"><a title="I. US nuclear forces" href="/view/9780198737810/sipri-9780198737810-chapter-11-div1-2.xml"><span>Next »</span></a></li>
					
					
						<li class="prevLink last"><a title="V. Arms production and military services" href="/view/9780198737810/sipri-9780198737810-chapter-10-div1-6.xml"><span>« Previous</span></a></li>
					
				</ul>
			</div>
		
	
	
		
				<div class="contentRestrictedMessage">The SIPRI Yearbook online requires a subscription or purchase to access its full text (purchase of a print copy of the 2010-2016 yearbooks also provides access to some content). Unsubscribed users can however freely search the site and view the abstracts and keywords for each book and chapter.<br/>Please <a href="/">log in</a> to access full text content, or <a href="http://ukcatalogue.oup.com/nav/p/category/academic/series/politics/sipriys.do?page=1&thumbby=10&thumbby_crawl=10&sortby=pubDateDescend&sortType=1" target="_blank">find out more</a> about how to subscribe.<br/>If you think you should have access to this service, please contact your librarian.<br/><br/></div>
				
				
			
			<div id="bottomSmartNav" class="smartNavWrapper">
	<div class="smartNav">
		<ul>
			
			<li class="read" style="width: 1.0%;">
				<a href="/view/9780198737810/sipri-9780198737810-miscMatter-2.xml" title="SIPRI Yearbook 2015">
					<span>SIPRI Yearbook 2015</span>
				</a>
			</li>
			
			<li class="read" style="width: 1.0%;">
				<a href="/view/9780198737810/sipri-9780198737810-miscMatter-5.xml" title="Contents">
					<span>Contents</span>
				</a>
			</li>
			
			<li class="read" style="width: 1.0%;">
				<a href="/view/9780198737810/sipri-9780198737810-miscMatter-6.xml" title="Preface">
					<span>Preface</span>
				</a>
			</li>
			
			<li class="read" style="width: 1.0%;">
				<a href="/view/9780198737810/sipri-9780198737810-miscMatter-7-div1-2.xml" title="Conventions">
					<span>Conventions</span>
				</a>
			</li>
			
			<li class="read" style="width: 1.0%;">
				<a href="/view/9780198737810/sipri-9780198737810-miscMatter-7-div1-3.xml" title="Geographical regions and subregions">
					<span>Geographical regions and subregions</span>
				</a>
			</li>
			
			<li class="read" style="width: 1.0%;">
				<a href="/view/9780198737810/sipri-9780198737810-miscMatter-8.xml" title="SIPRI Yearbook online">
					<span>SIPRI Yearbook online</span>
				</a>
			</li>
			
			<li class="read" style="width: 1.0%;">
				<a href="/view/9780198737810/sipri-9780198737810-part-1-div1-1.xml" title="Introduction">
					<span>Introduction</span>
				</a>
			</li>
			
			<li class="read" style="width: 1.0%;">
				<a href="/view/9780198737810/sipri-9780198737810-chapter-1.xml" title="I. The erosion of state legitimacy">
					<span>I. The erosion of state legitimacy</span>
				</a>
			</li>
			
			<li class="read" style="width: 1.0%;">
				<a href="/view/9780198737810/sipri-9780198737810-chapter-1-div1-2.xml" title="II. Security governance">
					<span>II. Security governance</span>
				</a>
			</li>
			
			<li class="read" style="width: 1.0%;">
				<a href="/view/9780198737810/sipri-9780198737810-chapter-1-div1-3.xml" title="III. Dynamics of peace and conflict">
					<span>III. Dynamics of peace and conflict</span>
				</a>
			</li>
			
			<li class="read" style="width: 1.0%;">
				<a href="/view/9780198737810/sipri-9780198737810-part-2-div1-5.xml" title="Part I. Security and conflicts, 2014">
					<span>Part I. Security and conflicts, 2014</span>
				</a>
			</li>
			
			<li class="read" style="width: 1.0%;">
				<a href="/view/9780198737810/sipri-9780198737810-chapter-2.xml" title="Overview">
					<span>Overview</span>
				</a>
			</li>
			
			<li class="read" style="width: 1.0%;">
				<a href="/view/9780198737810/sipri-9780198737810-chapter-2-div1-2.xml" title="I. The Syrian and Iraqi civil wars">
					<span>I. The Syrian and Iraqi civil wars</span>
				</a>
			</li>
			
			<li class="read" style="width: 1.0%;">
				<a href="/view/9780198737810/sipri-9780198737810-chapter-2-div1-3.xml" title="II. The socio-economic impact of the Syrian civil war">
					<span>II. The socio-economic impact of the Syrian civil war</span>
				</a>
			</li>
			
			<li class="read" style="width: 1.0%;">
				<a href="/view/9780198737810/sipri-9780198737810-chapter-2-div1-4.xml" title="III. Arms transfers and the use of force against the Islamic State">
					<span>III. Arms transfers and the use of force against the Islamic State</span>
				</a>
			</li>
			
			<li class="read" style="width: 1.0%;">
				<a href="/view/9780198737810/sipri-9780198737810-chapter-3.xml" title="Overview">
					<span>Overview</span>
				</a>
			</li>
			
			<li class="read" style="width: 1.0%;">
				<a href="/view/9780198737810/sipri-9780198737810-chapter-3-div1-2.xml" title="I. The Ukraine crisis: from popular protest to major conflict">
					<span>I. The Ukraine crisis: from popular protest to major conflict</span>
				</a>
			</li>
			
			<li class="read" style="width: 1.0%;">
				<a href="/view/9780198737810/sipri-9780198737810-chapter-3-div1-3.xml" title="II. The application of European confidence-building measures and confidence- and security-building measures in Ukraine">
					<span>II. The application of European confidence-building measures and confidence- and security-building measures in Ukraine</span>
				</a>
			</li>
			
			<li class="read" style="width: 1.0%;">
				<a href="/view/9780198737810/sipri-9780198737810-chapter-3-div1-4.xml" title="III. The impact of the crisis in Ukraine on arms transfers">
					<span>III. The impact of the crisis in Ukraine on arms transfers</span>
				</a>
			</li>
			
			<li class="read" style="width: 1.0%;">
				<a href="/view/9780198737810/sipri-9780198737810-chapter-3-div1-5.xml" title="IV. Military spending in Europe in the wake of the Ukraine crisis">
					<span>IV. Military spending in Europe in the wake of the Ukraine crisis</span>
				</a>
			</li>
			
			<li class="read" style="width: 1.0%;">
				<a href="/view/9780198737810/sipri-9780198737810-chapter-4.xml" title="Overview">
					<span>Overview</span>
				</a>
			</li>
			
			<li class="read" style="width: 1.0%;">
				<a href="/view/9780198737810/sipri-9780198737810-chapter-4-div1-2.xml" title="I. Gender, peace and armed conflict">
					<span>I. Gender, peace and armed conflict</span>
				</a>
			</li>
			
			<li class="read" style="width: 1.0%;">
				<a href="/view/9780198737810/sipri-9780198737810-chapter-4-div1-3.xml" title="II. The diversity of peace and war in Africa">
					<span>II. The diversity of peace and war in Africa</span>
				</a>
			</li>
			
			<li class="read" style="width: 1.0%;">
				<a href="/view/9780198737810/sipri-9780198737810-chapter-4-div1-4.xml" title="III. Patterns of organized violence, 2004–13">
					<span>III. Patterns of organized violence, 2004–13</span>
				</a>
			</li>
			
			<li class="read" style="width: 1.0%;">
				<a href="/view/9780198737810/sipri-9780198737810-chapter-4-div1-5.xml" title="IV. The Global Peace Index 2014">
					<span>IV. The Global Peace Index 2014</span>
				</a>
			</li>
			
			<li class="read" style="width: 1.0%;">
				<a href="/view/9780198737810/sipri-9780198737810-chapter-5.xml" title="Overview">
					<span>Overview</span>
				</a>
			</li>
			
			<li class="read" style="width: 1.0%;">
				<a href="/view/9780198737810/sipri-9780198737810-chapter-5-div1-2.xml" title="I. Global and regional trends in peace operations">
					<span>I. Global and regional trends in peace operations</span>
				</a>
			</li>
			
			<li class="read" style="width: 1.0%;">
				<a href="/view/9780198737810/sipri-9780198737810-chapter-5-div1-3.xml" title="II. New peace operations">
					<span>II. New peace operations</span>
				</a>
			</li>
			
			<li class="read" style="width: 1.0%;">
				<a href="/view/9780198737810/sipri-9780198737810-chapter-5-div1-4.xml" title="III. The end of the International Security Assistance Force in Afghanistan">
					<span>III. The end of the International Security Assistance Force in Afghanistan</span>
				</a>
			</li>
			
			<li class="read" style="width: 1.0%;">
				<a href="/view/9780198737810/sipri-9780198737810-chapter-5-div1-5.xml" title="IV. Table of multilateral peace operations, 2014">
					<span>IV. Table of multilateral peace operations, 2014</span>
				</a>
			</li>
			
			<li class="read" style="width: 1.0%;">
				<a href="/view/9780198737810/sipri-9780198737810-chapter-6.xml" title="Overview">
					<span>Overview</span>
				</a>
			</li>
			
			<li class="read" style="width: 1.0%;">
				<a href="/view/9780198737810/sipri-9780198737810-chapter-6-div1-2.xml" title="I. The European security order under strain">
					<span>I. The European security order under strain</span>
				</a>
			</li>
			
			<li class="read" style="width: 1.0%;">
				<a href="/view/9780198737810/sipri-9780198737810-chapter-6-div1-3.xml" title="II. The military dimension of Euro–Atlantic security frameworks: the European Union and NATO">
					<span>II. The military dimension of Euro–Atlantic security frameworks: the European Union and NATO</span>
				</a>
			</li>
			
			<li class="read" style="width: 1.0%;">
				<a href="/view/9780198737810/sipri-9780198737810-chapter-6-div1-4.xml" title="III. The growth in European foreign terrorist fighters">
					<span>III. The growth in European foreign terrorist fighters</span>
				</a>
			</li>
			
			<li class="read" style="width: 1.0%;">
				<a href="/view/9780198737810/sipri-9780198737810-chapter-7.xml" title="Overview">
					<span>Overview</span>
				</a>
			</li>
			
			<li class="read" style="width: 1.0%;">
				<a href="/view/9780198737810/sipri-9780198737810-chapter-7-div1-2.xml" title="I. Defence and security cooperation in the context of the US rebalance towards the Asia–Pacific">
					<span>I. Defence and security cooperation in the context of the US rebalance towards the Asia–Pacific</span>
				</a>
			</li>
			
			<li class="read" style="width: 1.0%;">
				<a href="/view/9780198737810/sipri-9780198737810-chapter-7-div1-3.xml" title="II. Maritime disputes in the South and East China seas">
					<span>II. Maritime disputes in the South and East China seas</span>
				</a>
			</li>
			
			<li class="read" style="width: 1.0%;">
				<a href="/view/9780198737810/sipri-9780198737810-chapter-7-div1-4.xml" title="III. China’s security diplomacy initiatives">
					<span>III. China’s security diplomacy initiatives</span>
				</a>
			</li>
			
			<li class="read" style="width: 1.0%;">
				<a href="/view/9780198737810/sipri-9780198737810-chapter-7-div1-5.xml" title="IV. Japan’s national defence policy reforms">
					<span>IV. Japan’s national defence policy reforms</span>
				</a>
			</li>
			
			<li class="read" style="width: 1.0%;">
				<a href="/view/9780198737810/sipri-9780198737810-chapter-7-div1-6.xml" title="V. China’s international counterterrorism cooperation">
					<span>V. China’s international counterterrorism cooperation</span>
				</a>
			</li>
			
			<li class="read" style="width: 1.0%;">
				<a href="/view/9780198737810/sipri-9780198737810-chapter-7-div1-7.xml" title="VI. Russia’s evolving role in North East Asian security">
					<span>VI. Russia’s evolving role in North East Asian security</span>
				</a>
			</li>
			
			<li class="read" style="width: 1.0%;">
				<a href="/view/9780198737810/sipri-9780198737810-chapter-8.xml" title="Overview">
					<span>Overview</span>
				</a>
			</li>
			
			<li class="read" style="width: 1.0%;">
				<a href="/view/9780198737810/sipri-9780198737810-chapter-8-div1-2.xml" title="I. Beyond fragile states: understanding security and development through a systems approach">
					<span>I. Beyond fragile states: understanding security and development through a systems approach</span>
				</a>
			</li>
			
			<li class="read" style="width: 1.0%;">
				<a href="/view/9780198737810/sipri-9780198737810-chapter-8-div1-3.xml" title="II. Violence against healthcare in fragile systems">
					<span>II. Violence against healthcare in fragile systems</span>
				</a>
			</li>
			
			<li class="read" style="width: 1.0%;">
				<a href="/view/9780198737810/sipri-9780198737810-chapter-8-div1-4.xml" title="III. Gender, security and development">
					<span>III. Gender, security and development</span>
				</a>
			</li>
			
			<li class="read" style="width: 1.0%;">
				<a href="/view/9780198737810/sipri-9780198737810-part-3-div1-40.xml" title="Part II. Military spending and armaments, 2014">
					<span>Part II. Military spending and armaments, 2014</span>
				</a>
			</li>
			
			<li class="read" style="width: 1.0%;">
				<a href="/view/9780198737810/sipri-9780198737810-chapter-9.xml" title="Overview">
					<span>Overview</span>
				</a>
			</li>
			
			<li class="read" style="width: 1.0%;">
				<a href="/view/9780198737810/sipri-9780198737810-chapter-9-div1-2.xml" title="I. Global developments in military expenditure">
					<span>I. Global developments in military expenditure</span>
				</a>
			</li>
			
			<li class="read" style="width: 1.0%;">
				<a href="/view/9780198737810/sipri-9780198737810-chapter-9-div1-3.xml" title="II. US military expenditure">
					<span>II. US military expenditure</span>
				</a>
			</li>
			
			<li class="read" style="width: 1.0%;">
				<a href="/view/9780198737810/sipri-9780198737810-chapter-9-div1-4.xml" title="III. The availability of military expenditure data">
					<span>III. The availability of military expenditure data</span>
				</a>
			</li>
			
			<li class="read" style="width: 1.0%;">
				<a href="/view/9780198737810/sipri-9780198737810-chapter-9-div1-5.xml" title="IV. The reporting of military expenditure data to the United Nations">
					<span>IV. The reporting of military expenditure data to the United Nations</span>
				</a>
			</li>
			
			<li class="read" style="width: 1.0%;">
				<a href="/view/9780198737810/sipri-9780198737810-chapter-9-div1-6.xml" title="V. Military expenditure data, 2005–14">
					<span>V. Military expenditure data, 2005–14</span>
				</a>
			</li>
			
			<li class="read" style="width: 1.0%;">
				<a href="/view/9780198737810/sipri-9780198737810-chapter-10.xml" title="Overview">
					<span>Overview</span>
				</a>
			</li>
			
			<li class="read" style="width: 1.0%;">
				<a href="/view/9780198737810/sipri-9780198737810-chapter-10-div1-2.xml" title="I. Developments in arms transfers, 20141">
					<span>I. Developments in arms transfers, 20141</span>
				</a>
			</li>
			
			<li class="read" style="width: 1.0%;">
				<a href="/view/9780198737810/sipri-9780198737810-chapter-10-div1-3.xml" title="II. Arms transfers and tensions in North East Asia">
					<span>II. Arms transfers and tensions in North East Asia</span>
				</a>
			</li>
			
			<li class="read" style="width: 1.0%;">
				<a href="/view/9780198737810/sipri-9780198737810-chapter-10-div1-4.xml" title="III. Transparency in arms transfers">
					<span>III. Transparency in arms transfers</span>
				</a>
			</li>
			
			<li class="read" style="width: 1.0%;">
				<a href="/view/9780198737810/sipri-9780198737810-chapter-10-div1-5.xml" title="IV. The financial value of states’ arms exports">
					<span>IV. The financial value of states’ arms exports</span>
				</a>
			</li>
			
			<li class="read" style="width: 1.0%;">
				<a href="/view/9780198737810/sipri-9780198737810-chapter-10-div1-6.xml" title="V. Arms production and military services">
					<span>V. Arms production and military services</span>
				</a>
			</li>
			
			<li class="current" style="width: 1.0%;">
				<a href="/view/9780198737810/sipri-9780198737810-chapter-11.xml" title="Overview">
					<span>Overview</span>
				</a>
			</li>
			
			<li class="notread" style="width: 1.0%;">
				<a href="/view/9780198737810/sipri-9780198737810-chapter-11-div1-2.xml" title="I. US nuclear forces">
					<span>I. US nuclear forces</span>
				</a>
			</li>
			
			<li class="notread" style="width: 1.0%;">
				<a href="/view/9780198737810/sipri-9780198737810-chapter-11-div1-3.xml" title="II. Russian nuclear forces">
					<span>II. Russian nuclear forces</span>
				</a>
			</li>
			
			<li class="notread" style="width: 1.0%;">
				<a href="/view/9780198737810/sipri-9780198737810-chapter-11-div1-4.xml" title="III. British nuclear forces">
					<span>III. British nuclear forces</span>
				</a>
			</li>
			
			<li class="notread" style="width: 1.0%;">
				<a href="/view/9780198737810/sipri-9780198737810-chapter-11-div1-5.xml" title="IV. French nuclear forces">
					<span>IV. French nuclear forces</span>
				</a>
			</li>
			
			<li class="notread" style="width: 1.0%;">
				<a href="/view/9780198737810/sipri-9780198737810-chapter-11-div1-6.xml" title="V. Chinese nuclear forces">
					<span>V. Chinese nuclear forces</span>
				</a>
			</li>
			
			<li class="notread" style="width: 1.0%;">
				<a href="/view/9780198737810/sipri-9780198737810-chapter-11-div1-7.xml" title="VI. Indian nuclear forces">
					<span>VI. Indian nuclear forces</span>
				</a>
			</li>
			
			<li class="notread" style="width: 1.0%;">
				<a href="/view/9780198737810/sipri-9780198737810-chapter-11-div1-8.xml" title="VII. Pakistani nuclear forces">
					<span>VII. Pakistani nuclear forces</span>
				</a>
			</li>
			
			<li class="notread" style="width: 1.0%;">
				<a href="/view/9780198737810/sipri-9780198737810-chapter-11-div1-9.xml" title="VIII. Israeli nuclear forces">
					<span>VIII. Israeli nuclear forces</span>
				</a>
			</li>
			
			<li class="notread" style="width: 1.0%;">
				<a href="/view/9780198737810/sipri-9780198737810-chapter-11-div1-10.xml" title="IX. North Korea’s military nuclear capabilities">
					<span>IX. North Korea’s military nuclear capabilities</span>
				</a>
			</li>
			
			<li class="notread" style="width: 1.0%;">
				<a href="/view/9780198737810/sipri-9780198737810-chapter-11-div1-11.xml" title="X. Global stocks and production of fissile materials, 2014">
					<span>X. Global stocks and production of fissile materials, 2014</span>
				</a>
			</li>
			
			<li class="notread" style="width: 1.0%;">
				<a href="/view/9780198737810/sipri-9780198737810-part-4-div1-64.xml" title="Part III. Non-proliferation, arms control and disarmament, 2014">
					<span>Part III. Non-proliferation, arms control and disarmament, 2014</span>
				</a>
			</li>
			
			<li class="notread" style="width: 1.0%;">
				<a href="/view/9780198737810/sipri-9780198737810-chapter-12.xml" title="Overview">
					<span>Overview</span>
				</a>
			</li>
			
			<li class="notread" style="width: 1.0%;">
				<a href="/view/9780198737810/sipri-9780198737810-chapter-12-div1-2.xml" title="I. Iran’s nuclear programme and international concerns">
					<span>I. Iran’s nuclear programme and international concerns</span>
				</a>
			</li>
			
			<li class="notread" style="width: 1.0%;">
				<a href="/view/9780198737810/sipri-9780198737810-chapter-12-div1-3.xml" title="II. Russian–US nuclear arms control">
					<span>II. Russian–US nuclear arms control</span>
				</a>
			</li>
			
			<li class="notread" style="width: 1.0%;">
				<a href="/view/9780198737810/sipri-9780198737810-chapter-12-div1-4.xml" title="III. Developments in multilateral arms control and disarmament">
					<span>III. Developments in multilateral arms control and disarmament</span>
				</a>
			</li>
			
			<li class="notread" style="width: 1.0%;">
				<a href="/view/9780198737810/sipri-9780198737810-chapter-12-div1-5.xml" title="IV. International cooperation to enhance nuclear security">
					<span>IV. International cooperation to enhance nuclear security</span>
				</a>
			</li>
			
			<li class="notread" style="width: 1.0%;">
				<a href="/view/9780198737810/sipri-9780198737810-chapter-13.xml" title="Overview">
					<span>Overview</span>
				</a>
			</li>
			
			<li class="notread" style="width: 1.0%;">
				<a href="/view/9780198737810/sipri-9780198737810-chapter-13-div1-2.xml" title="I. Infectious diseases and international security">
					<span>I. Infectious diseases and international security</span>
				</a>
			</li>
			
			<li class="notread" style="width: 1.0%;">
				<a href="/view/9780198737810/sipri-9780198737810-chapter-13-div1-3.xml" title="II. Biological arms control">
					<span>II. Biological arms control</span>
				</a>
			</li>
			
			<li class="notread" style="width: 1.0%;">
				<a href="/view/9780198737810/sipri-9780198737810-chapter-13-div1-4.xml" title="III. Chemical arms control and disarmament">
					<span>III. Chemical arms control and disarmament</span>
				</a>
			</li>
			
			<li class="notread" style="width: 1.0%;">
				<a href="/view/9780198737810/sipri-9780198737810-chapter-13-div1-5.xml" title="IV. Chemical disarmament in conflict areas">
					<span>IV. Chemical disarmament in conflict areas</span>
				</a>
			</li>
			
			<li class="notread" style="width: 1.0%;">
				<a href="/view/9780198737810/sipri-9780198737810-chapter-14.xml" title="Overview">
					<span>Overview</span>
				</a>
			</li>
			
			<li class="notread" style="width: 1.0%;">
				<a href="/view/9780198737810/sipri-9780198737810-chapter-14-div1-2.xml" title="I. Humanitarian arms control">
					<span>I. Humanitarian arms control</span>
				</a>
			</li>
			
			<li class="notread" style="width: 1.0%;">
				<a href="/view/9780198737810/sipri-9780198737810-chapter-14-div1-3.xml" title="II. Small arms control measures">
					<span>II. Small arms control measures</span>
				</a>
			</li>
			
			<li class="notread" style="width: 1.0%;">
				<a href="/view/9780198737810/sipri-9780198737810-chapter-14-div1-4.xml" title="III. Confidence- and security-building measures in Europe">
					<span>III. Confidence- and security-building measures in Europe</span>
				</a>
			</li>
			
			<li class="notread" style="width: 1.0%;">
				<a href="/view/9780198737810/sipri-9780198737810-chapter-15.xml" title="Overview">
					<span>Overview</span>
				</a>
			</li>
			
			<li class="notread" style="width: 1.0%;">
				<a href="/view/9780198737810/sipri-9780198737810-chapter-15-div1-2.xml" title="I. The Arms Trade Treaty">
					<span>I. The Arms Trade Treaty</span>
				</a>
			</li>
			
			<li class="notread" style="width: 1.0%;">
				<a href="/view/9780198737810/sipri-9780198737810-chapter-15-div1-3.xml" title="II. Multilateral arms embargoes">
					<span>II. Multilateral arms embargoes</span>
				</a>
			</li>
			
			<li class="notread" style="width: 1.0%;">
				<a href="/view/9780198737810/sipri-9780198737810-chapter-15-div1-4.xml" title="III. The export control regimes">
					<span>III. The export control regimes</span>
				</a>
			</li>
			
			<li class="notread" style="width: 1.0%;">
				<a href="/view/9780198737810/sipri-9780198737810-chapter-15-div1-5.xml" title="IV. EU export control developments">
					<span>IV. EU export control developments</span>
				</a>
			</li>
			
			<li class="notread" style="width: 1.0%;">
				<a href="/view/9780198737810/sipri-9780198737810-part-5-div1-84.xml" title="Annexes">
					<span>Annexes</span>
				</a>
			</li>
			
			<li class="notread" style="width: 1.0%;">
				<a href="/view/9780198737810/sipri-9780198737810-chapter-16-div1-2.xml" title="Notes">
					<span>Notes</span>
				</a>
			</li>
			
			<li class="notread" style="width: 1.0%;">
				<a href="/view/9780198737810/sipri-9780198737810-chapter-16-div1-3.xml" title="I. Universal treaties">
					<span>I. Universal treaties</span>
				</a>
			</li>
			
			<li class="notread" style="width: 1.0%;">
				<a href="/view/9780198737810/sipri-9780198737810-chapter-16-div1-4.xml" title="II. Regional treaties">
					<span>II. Regional treaties</span>
				</a>
			</li>
			
			<li class="notread" style="width: 1.0%;">
				<a href="/view/9780198737810/sipri-9780198737810-chapter-16-div1-5.xml" title="III. Bilateral treaties">
					<span>III. Bilateral treaties</span>
				</a>
			</li>
			
			<li class="notread" style="width: 1.0%;">
				<a href="/view/9780198737810/sipri-9780198737810-chapter-17-div1-2.xml" title="I. Bodies with a global focus or membership">
					<span>I. Bodies with a global focus or membership</span>
				</a>
			</li>
			
			<li class="notread" style="width: 1.0%;">
				<a href="/view/9780198737810/sipri-9780198737810-chapter-17-div1-3.xml" title="II. Bodies with a regional focus or membership">
					<span>II. Bodies with a regional focus or membership</span>
				</a>
			</li>
			
			<li class="notread" style="width: 1.0%;">
				<a href="/view/9780198737810/sipri-9780198737810-chapter-17-div1-4.xml" title="III. Strategic trade control regimes">
					<span>III. Strategic trade control regimes</span>
				</a>
			</li>
			
			<li class="notread" style="width: 1.0%;">
				<a href="/view/9780198737810/sipri-9780198737810-chapter-18.xml" title="Annex C. Chronology 2014">
					<span>Annex C. Chronology 2014</span>
				</a>
			</li>
			
			<li class="notread" style="width: 1.0%;">
				<a href="/view/9780198737810/sipri-9780198737810-miscMatter-9.xml" title="About the authors">
					<span>About the authors</span>
				</a>
			</li>
			
			<li class="notread" style="width: 1.0%;">
				<a href="/view/9780198737810/sipri-9780198737810-miscMatter-10.xml" title="Errata">
					<span>Errata</span>
				</a>
			</li>
			
		</ul>
	</div>
	<div style="left: 58.0%;" id="statusBarArrow"><!--  --></div>
</div>
		</div>

		
	</div>


			</div><!-- end pageBody -->
			<div id="columnsBottom"><div class="cap"></div></div>
		</div>
		<div id="footerWrap"><div id="footer">
	
	<div id="footerAccounts">
		<div id="siprifootlogo"><a href="http://www.sipri.org/">Stockholm International Peace Research Institute</a></div><div id="oupfootlogo"><a href="http://www.oup.com/">Oxford University Press</a></div>
		
	</div>
	<div id="footerDetail">
		<div id="footerCopyright"><a href="/page/sipri">Copyright</a> &copy; SIPRI 2010-2016 All rights reserved.
</div>
		


	<ul id="footerNav">
		
		
			
				<li class="first">
					
					<a href="/page/Privacy$0020Policy$0020and$0020Legal$0020Notice/privacy-policy-and-legal-notice;jsessionid=01B4287876556AF29A306E2DBF46DA85"><span>Privacy Policy and Legal Notice</span></a>
					
						
					
					
				</li>
			
		
			
				<li class="">
					
					<a href="/page/credits;jsessionid=01B4287876556AF29A306E2DBF46DA85"><span>Credits</span></a>
					
						
					
					
				</li>
			
		
			
				<li class="last">
					
					<a href="/page/contactus/contact-us;jsessionid=01B4287876556AF29A306E2DBF46DA85"><span>Contact us</span></a>
					
					
				</li>
			
		
		
				
				
			
	</ul>



	</div>
	<div id="footerLogoWrap">
		
		<p class="attribution">Powered by: </p>
		<div id="footerLogo"><a href="http://pubfactory.ifactory.com"><span>PubFactory</span></a></div>
		
		
	</div>

	</div></div>
	</div><script src="/assets/virtual/H4sIAAAAAAAAAKXOQWrDMBAFUBHoqnfIqpRSiMYuaSCrrkrPMVbGsRzZEpoJcXqmXC13iFSwSxZNC91pvp7$002b6HRWd59KzeZKqXv1DMhMwsAm2iBo9s7vGV51qQu9hBC9eDkG0i0rfdtepdk$002f3fZU12TkSz6MUjAQSzxOaAyyehxV5dDsKhs3E5uS7Ba$002fti06YsYtXS83MsBLUa7KolxDm2bvd5ZajFm9T8qlQ0Bpvq3xHdgajfi0K8TUDRiCsxV0drA9w8H2G3$002fINR$002f$002fqXF220jlh1w0$002f$002bnX6Um$002bf$002fvrIoxomp5SGGkcUsEF3DzDNScCAAA$003d.js" type="text/javascript"></script><script type="text/javascript" src="/assets/ctx/20161019/js/urchin.js"></script><script type="text/javascript">urchinTracker();</script><script>
        var oupcookiepolicy_siteid = 'sipri';                        // the website id
        var oupcookiepolicy_messagetype = 'implied';                        // type of alert message e.g, implied / explicit
        var oupcookiepolicy_preferredlanguage = 'en';                       // preferred language of the website
        var oupcookiepolicy_impliedmessageclass = 'cookiepolicyimplied';    // the css class for implied alert message
        var oupcookiepolicy_documentroot='/';                               // the document root the cookie is set to
    </script><script src="http://global.oup.com/system/cookiepolicy/js/jquery-1.7.2-min.js" type="text/javascript"></script><script src="http://gab.cookie.oup.com/aws-cookie/oupcookiepolicy.fancybox.js" type="text/javascript"></script><script src="http://gab.cookie.oup.com/aws-cookie/oup.cookiepolicy.pack.js" type="text/javascript"></script><script src="http://s7.addthis.com/js/250/addthis_widget.js#async=1&amp;username=" id="addthisscript" type="text/javascript"></script>

	

	
	
	
	
	
<script type="text/javascript" src="/skin/20161019/js/skin.js"></script><!-- BEGIN: Scholarly iQ Page Tag --><!-- Copyright 2001-2010, IBM Corporation All rights reserved. --><script id="NTPT_PGEXTRA" language="Javascript">var NTPT_PGEXTRA='source_title_id=10.1093%2Fsipri%2F9780198737810.003.0011&account_id=&supplier_tag=Safari&event_type=RESTRICTED&jsessionid=01B4287876556AF29A306E2DBF46DA85&siteid=SIPRI&turnaway_id=ATHENS_NONE%2CIP_BADCRED%2CLIBCARD_NONE%2CREFERRER_NONE%2CSHIB_NONE%2CUSERPASS_NONE&';</script><script src="http://ouptag.scholarlyiq.com/ntpagetag.js" language="Javascript"></script><noscript id="page_tag">&lt;img alt="" vspace="0" hspace="0" border="0" width="1" height="1" src="http://ouptag.scholarlyiq.com/ntpagetag.gif?js=0&gt;</noscript><!-- END: Scholarly iQ Page Tag --><script type="text/javascript">
<!--
document.domLoaded=false;
document.observe('dom:loaded',function() { setDomLoaded.defer();});
// -->
</script><script type="text/javascript">Tapestry.onDOMLoaded(function() {
new FontResizer('fontResizer');
new TOC('toc');
enableHighlightAndFind();
popoutContent($$('#readPanel .suppressable'), 'Click to display'); popoutLinks();
fakeValue('q_within', 'Search within book');
});
</script></body>
</html>