<!DOCTYPE html>
<html>
    <head>
        <title data-template="config:app-title">eXist-db Documentation - HTML Templating Module</title>
        <meta name="viewport" content="width=device-width, initial-scale=1.0" />
        <meta xmlns="http://www.w3.org/1999/xhtml" name="description" content="eXist 2.0 documentation application." />
        <meta xmlns="http://www.w3.org/1999/xhtml" name="creator" content="Joe Wicentowski" />
        <meta xmlns="http://www.w3.org/1999/xhtml" name="creator" content="Wolfgang Meier" />
        <link rel="shortcut icon" href="$shared/resources/images/exist_icon_16x16.ico" />
        <link rel="stylesheet" type="text/css" href="$shared/resources/css/exist-2.2.css" />
        <link rel="stylesheet" type="text/css" href="resources/css/doc.css" />
    </head>
    <body id="grey-top" class="site:expand-links?base=http://exist-db.org/">
        <div class="grey-bot">
            <div class="container" id="main-container">
                <div class="row">
                    <div class="col-md-12" id="header"><a href="/exist/" id="logo">eXistDB</a>
                    </div>
                </div>
            </div>
            <nav class="navbar navbar-default" role="navigation">
                <div class="container"><button type="button" class="navbar-toggle" data-toggle="collapse" data-target="#navbar-collapse-1"><span class="sr-only">Toggle navigation</span><span class="icon-bar"></span><span class="icon-bar"></span><span class="icon-bar"></span></button>
                    <div class="navbar-collapse collapse" id="navbar-collapse-1">
                        <ul class="nav navbar-nav">
                            <li class="dropdown" id="about"><a href="#" class="dropdown-toggle" data-toggle="dropdown">Home</a>
                                <ul class="dropdown-menu">
                                    <li><a href="/exist/apps/dashboard/index.html">Dashboard</a>
                                    </li>
                                    <li><a href="http://exist-db.org">eXist-db.org</a>
                                    </li>
                                </ul>
                            </li>
                            <li class="dropdown" id="demo"><a href="#" class="dropdown-toggle" data-toggle="dropdown">Demo</a>
                                <ul class="dropdown-menu">
                                    <li><a href="/exist/apps/demo/index.html">Overview</a>
                                    </li>
                                    <li><a href="/exist/apps/demo/examples/basic/basics.html">Basic XQuery Examples</a>
                                    </li>
                                    <li><a href="/exist/apps/demo/examples/basic/xquery3.html">XQuery 3.0 Examples</a>
                                    </li>
                                    <li><a href="/exist/apps/demo/examples/web/index.html">Web Examples</a>
                                    </li>
                                    <li><a href="/exist/apps/demo/examples/urlrewriting/index.html">URL Rewriting</a>
                                    </li>
                                    <li><a href="/exist/apps/demo/examples/special/index.html">Special Features</a>
                                    </li>
                                    <li><a href="/exist/apps/demo/examples/templating/templates.html">Templating</a>
                                    </li>
                                    <li><a href="/exist/apps/demo/cex-demo.html">Content Extraction</a>
                                    </li>
                                    <li><a href="/exist/apps/demo/examples/tests/test.html">Unit Testing</a>
                                    </li>
                                    <li><a href="/exist/apps/demo/examples/contacts/html/home.html?browseContacts">RestXQ and
                                            AngularJS</a>
                                    </li>
                                    <li><a href="/exist/apps/demo/examples/contacts/html/home.html">Contacts RestXQ Demo</a>
                                    </li>
                                </ul>
                            </li>
                            <li class="dropdown" id="documentation"><a href="#" class="dropdown-toggle" data-toggle="dropdown">Documentation</a>
                                <ul class="dropdown-menu">
                                    <li><a href="/exist/apps/doc/documentation.xml">Documentation</a>
                                    </li>
                                    <li><a href="/exist/apps/fundocs/index.html">XQuery Functions</a>
                                    </li>
                                    <li><a href="/exist/apps/doc/getting-help.xml">Get Support</a>
                                    </li>
                                    <li><a href="http://exist-db.org/exist/apps/wiki/">News / Wiki</a>
                                    </li>
                                    <li><a href="http://en.wikibooks.org/wiki/XQuery">XQuery Wikibook</a>
                                    </li>
                                </ul>
                            </li>
                            <li class="dropdown" id="development"><a href="#" class="dropdown-toggle" data-toggle="dropdown">Development</a>
                                <ul class="dropdown-menu">
                                    <li><a href="/exist/apps/eXide/index.html">eXide</a>
                                    </li>
                                    <li><a href="http://exist-db.org/api/index.html">Javadocs</a>
                                    </li>
                                    <li><a href="https://github.com/eXist-db/exist/issues">Bug Tracker</a>
                                    </li>
                                    <li><a href="https://github.com/eXist-db/exist">Source code</a>
                                    </li>
                                    <li><a href="https://github.com/eXist-db/exist#contributing-to-exist">Submit
                                            Patches</a>
                                    </li>
                                </ul>
                            </li>
                            <li class="dropdown" id="administration"><a href="#" class="dropdown-toggle" data-toggle="dropdown">Administration</a>
                                <ul class="dropdown-menu">
                                    <li><a href="/exist/apps/dashboard/index.html">Dashboard</a>
                                    </li>
                                    <li><a href="/exist/webstart/exist.jnlp">Webstart Client</a>
                                    </li>
                                    <li><a href="/exist/apps/monex/">Monitoring and Profiling</a>
                                    </li>
                                </ul>
                            </li>
                        </ul>
                        <form class="navbar-form navbar-right form-group" role="search" action="search.html" method="GET"><input type="text" name="q" class="search-query form-control" placeholder="Search Documentation" />
                        </form>
                    </div>
                </div>
            </nav>
            <div class="container">
                <div id="main" class="row">
    
        <div class="col-md-9" id="content">
            <div class="content">
                <article>
                                <h1 class="front-title"><a name="D2.2"></a>HTML Templating Module</h1>
                                <section><a name="D2.2.2"></a>
                                    <h2><a name="D2.2.2"></a>Introduction</h2>
                                    <p>The main goal of the HTML templating framework in eXist-db is a clean separation
                of concerns. Generating entire pages in XQuery is quick and dirty, but makes
                maintenance and code sharing difficult. Ideally people should be able to look at the
                HTML view of an application and modify its look and feel without knowing
                XQuery. The application logic - written in XQuery - should be kept
                separate. Likewise, the XQuery developer should only deal with the minimal
                amount of HTML which is generated dynamically.</p>
                                    <p>The templating module also handles most of the HTTP processing an application
                requires. It does so using sophisticated features like automatic parameter injection
                and type conversion. The goal was to remove repeating code like:</p>
                                    <div class="code" data-language="xquery">let $query := request:get-parameter("query", ())
let $field := request:get-parameter("field", ())
...</div>
                                    <p>In fact you should not see many calls to the HTTP request or session module inside
                a templating function. It is all handled by parameter injection. </p>
                                    <div class="alert alert-success">
                                        <p>Working examples for the templating module can be found in the <a href="/exist/apps/demo/examples/templating/templates.html">demo
                    application</a>.</p>
                                    </div>
                                </section>
                                <section><a name="D2.2.3"></a>
                                    <h2><a name="D2.2.3"></a>Writing the HTML</h2>
                                    <p>The templating module is mainly based on conventions. Wherever possible it tries
                to make a best guess instead of requiring additional code or annotations to be
                written. This works as long as the conventions used are sufficiently clear.</p>
                                    <p>The input for the templating framework is always a plain HTML file. The module
                scans the HTML view for elements with class (or data-template, see below) attributes
                following a simple convention and tries to translate them into XQuery function
                calls. By using class attributes, the HTML remains sufficiently clean and does not
                get messed up with application code. A web designer could take the HTML files and
                work on them without being bothered by the extra class names.</p>
                                    <p>In the simplest case, a template call inside a class attribute is just the name of
                a function known in the XQuery context. To start with the usual "Hello world"
                example:</p>
                                    <div class="code" data-language="xquery">&lt;div class="demo:hello grey-box"&gt;Greet the user&lt;/div&gt;</div>
                                    <p>When the module encounters demo:hello, it will try to find a function named
                "demo:hello" in all the modules known to the XQuery. If the function's signature
                follows a certain convention (see below), it will be called and the div will either
                be replaced or enhanced by whatever the function returns.</p>
                                    <p>Please note that the additional class "grey-box" does not interfere with the
                template call and is just ignored. "grey-box" might be a class used for styling, so
                we don't want to remove it. The templating framework will only take a closer look at
                class names which follow the <code xmlns:exist="http://exist.sourceforge.net/NS/exist" exist:id="2.2.3.7.2">prefix:local-name</code> pattern.</p>
                                    <p>It is also possible to pass static parameters to a template call. Those are
                encoded like URI parameters, e.g.: <code xmlns:exist="http://exist.sourceforge.net/NS/exist" exist:id="2.2.3.8.2">demo:hello?language=de</code>. A
                static parameter will be passed to the XQuery function as a fallback value if it
                cannot be determined by looking at the HTTP context (see below).</p>
                                    <section><a name="D2.2.3.9"></a>
                                        <h3><a name="D2.2.3.9"></a>HTML5 Method</h3>
                                        <p>Instead of "abusing" class attributes to encode template calls or other
                    application-specific information, HTML5 provides a standard method for adding
                    data to an element, using <span class="option">data</span> attributes. This approach is
                    supported in newer versions of the templating framework (beginning with version
                    0.3.0 of the shared-resources package, which contains the source of the
                    templating).</p>
                                        <p>The <span class="option">data</span> attributes must follow a certain naming pattern. The
                    templating function to call has to be specified in an attribute:
                        <span class="option">data-template</span>, while optional parameters would go into one
                    or more attributes of the form: <span class="option">data-template-xxx</span>. For example,
                    you could change the pre-HTML5 style template call:</p>
                                        <div class="code" data-language="xml">&lt;div class="demo:hello?language=de"&gt;&lt;/div&gt;</div>
                                        <p>into</p>
                                        <div class="code" data-language="xml">&lt;div data-template="demo:hello" data-template-language="de"&gt;&lt;/div&gt;</div>
                                        <p>The templating framework supports both alternatives.</p>
                                    </section>
                                </section>
                                <section><a name="D2.2.4"></a>
                                    <h2><a name="D2.2.4"></a>Templating Functions</h2>
                                    <p>A templating function is an ordinary XQuery function in a module which takes at
                least two parameters (of a certain type), though additional parameters are allowed.
                If a function does not follow this convention, it will simply be ignored by the
                templating framework. For example, our "Hello world!" function could be defined as
                follows:</p>
                                    <div class="code" data-language="xquery">declare function demo:hello($node as node(), $model as map(*), $language as xs:string, $user as xs:string) as element(div) {
    &lt;div&gt;
    {
        switch($language)
            case "de" return
                "Hallo " || $user
            case "it" return
                "Ciao " || $user
            default return
                "Hello " || $user
    }
    &lt;/div&gt;
};
            </div>
                                    <p>The two required parameters here are <code xmlns:exist="http://exist.sourceforge.net/NS/exist" exist:id="2.2.4.4.2">$node</code> and <code xmlns:exist="http://exist.sourceforge.net/NS/exist" exist:id="2.2.4.4.4">$model</code>.
                $node contains the HTML node currently being processed: in this case, the div
                element. $model is an XQuery map with application data. It will be empty for now,
                but we'll see later why it is important.</p>
                                </section>
                                <section><a name="D2.2.5"></a>
                                    <h2><a name="D2.2.5"></a>Parameter Injection and Type Conversion</h2>
                                    <p>The additional parameters, <code xmlns:exist="http://exist.sourceforge.net/NS/exist" exist:id="2.2.5.2.2">$language</code> and <code xmlns:exist="http://exist.sourceforge.net/NS/exist" exist:id="2.2.5.2.4">$user</code>, will be
                injected automatically. The templating framework tries to make a best guess about how
                to fill those parameters with values. It checks the following 3 contexts for
                parameters with the same name (in the order below):</p>
                                    <ol>
                                        <li>
                                            <p>if the current <em>HTTP request</em> contains a (non-empty)
                        parameter with the same name as the parameter variable, it is used to set
                        the value of the variable</p>
                                        </li>
                                        <li>
                                            <p>if the <em>HTTP session</em> contains an attribute with the
                        same name as the parameter variable, the variable's value will be set to
                        it</p>
                                        </li>
                                        <li>
                                            <p>if the <em>static parameters</em> passed to the template call
                        contain a parameter matching the variable name, it will be used</p>
                                        </li>
                                    </ol>
                                    <p>If neither 1. nor 2. lead to a non-empty value, the function signature
                will thus be checked for an annotation <code xmlns:exist="http://exist.sourceforge.net/NS/exist" exist:id="2.2.5.4.2">%templates:default("name", "value1",
                    ..., "valueN")</code>. The first parameter of the annotation should
                match the name of the parameter variable. All other parameters of the
                annotation are taken as values for the variable.</p>
                                    <p>If "language" is passed as a parameter in the HTTP request, it will overwrite
                the static parameter we provided because the HTTP request is checked first. 
            </p>
                                    <p>The templating framework will attempt automatic type conversion for all
                parameters. If the parameter has a declared type of xs:integer, it will try to cast
                a parameter it finds into an integer. If the type is node(), the parameter value
                will be parsed into XML. These conversions may fail and you may get an error if you
                are passing a parameter with the wrong type.</p>
                                </section>
                                <section><a name="D2.2.6"></a>
                                    <h2><a name="D2.2.6"></a>Additional Annotations</h2>
                                    <p>Our "Hello world" example above does not preserve the div from which
                it was called, but replaces it with a new one which lacks the "grey-box" class.
                This is the default behavior. To preserve the enclosing div, we should
                add the XQuery annotation <code xmlns:exist="http://exist.sourceforge.net/NS/exist" exist:id="2.2.6.2.2">%templates:wrap</code> to the function
                signature.</p>
                                    <p>A second annotation can be used to provide a default value for a parameter:
                    <code xmlns:exist="http://exist.sourceforge.net/NS/exist" exist:id="2.2.6.3.2">%templates:default("parameter", "value1", "value2", ...)</code>. For
                example, we may want to set the $language parameter to "en" if the value cannot be
                determined
                otherwise:<div class="code" data-language="xquery">declare 
    %templates:wrap %templates:default("language", "en")
function demo:hello($node as node(), $model as map(*), $language as xs:string, $user as xs:string) as xs:string {
    switch($language)
        case "de" return
            "Hallo " || $user
        case "it" return
            "Ciao " || $user
        default return
            "Hello " || $user
};</div>
                                    </p>
                                    <p>As you can see, we could remove the wrapping div and just return a string now.
            </p>
                                </section>
                                <section><a name="D2.2.7"></a>
                                    <h2><a name="D2.2.7"></a>Using the Model to Keep Application Data</h2>
                                    <p>In a more complex application, a view will have many templating functions, which
                all access the same data. For example, take a typical search page: there might be
                one HTML element to display the number of hits, one to show the query, and another
                one for printing out the results. All those components need to access the search
                result. How do you do this in a templating framework?</p>
                                    <p>This is where the <code xmlns:exist="http://exist.sourceforge.net/NS/exist" exist:id="2.2.7.3.2">$model</code> parameter becomes important. It is passed to
                all template functions and they can add data to it, which will then be available to
                nested template calls. A search page could thus contain HTML like this:</p>
                                    <div class="code" data-language="xml">&lt;div class="demo:search"&gt;
    &lt;p&gt;Found &lt;span class="demo:hit-count"&gt;&lt;/span&gt; hits&lt;/p&gt;
    &lt;ul class="demo:result-list"&gt;&lt;/ul&gt;
&lt;/div&gt;</div>
                                    <p> The <code xmlns:exist="http://exist.sourceforge.net/NS/exist" exist:id="2.2.7.5.2">demo:hit-count</code> and <code xmlns:exist="http://exist.sourceforge.net/NS/exist" exist:id="2.2.7.5.4">demo:result-list</code> occur inside
                the div calling <code xmlns:exist="http://exist.sourceforge.net/NS/exist" exist:id="2.2.7.5.6">demo:search</code>. They are thus nested template calls.
                    <code xmlns:exist="http://exist.sourceforge.net/NS/exist" exist:id="2.2.7.5.8">demo:search</code> would probably perform the actual search operation
                based on the parameters passed by the user. But instead of directly printing the
                search result in HTML, it delegates this to the nested templates. demo:search might
                be implemented as: </p>
                                    <div class="code" data-language="xquery">declare 
    %templates:wrap
function demo:search($node as node(), $model as map(*), $query as xs:string) as map(*) {
    let $result :=
        for $hit in collection($config:app-root)//SCENE[ft:query(., $query)]
        order by ft:score($hit) descending
        return $hit
    return
        map { "result" := $result }
};</div>
                                    <p><code xmlns:exist="http://exist.sourceforge.net/NS/exist" exist:id="2.2.7.7.1">demo:search</code> differs from the functions we have seen so far in that it
                returns an XQuery map and not HTML or an atomic type. If a templating function
                returns a map, the templating framework will proceed as follows:</p>
                                    <ol>
                                        <li>
                                            <p>add the returned map to the current <code xmlns:exist="http://exist.sourceforge.net/NS/exist" exist:id="2.2.7.8.1.1.2">$model</code> map (adding it
                        to the map entries produced by any ancestor templates calling it)</p>
                                        </li>
                                        <li>
                                            <p>resume processing the children of the current HTML node</p>
                                        </li>
                                    </ol>
                                    <p>The <code xmlns:exist="http://exist.sourceforge.net/NS/exist" exist:id="2.2.7.9.2">demo:hit-count</code> and <code xmlns:exist="http://exist.sourceforge.net/NS/exist" exist:id="2.2.7.9.4">demo:result-list</code> can thus access
                the query results in the <code xmlns:exist="http://exist.sourceforge.net/NS/exist" exist:id="2.2.7.9.6">$model</code> map passed to them:</p>
                                    <div class="code" data-language="xquery">declare function demo:hit-count($node as node(), $model as map(*)) as xs:integer {
    count($model("result"))
};</div>
                                    <section><a name="D2.2.7.11"></a>
                                        <h3><a name="D2.2.7.11"></a>Manual Processing Control</h3>
                                        <p>Inside a templating function, you can also call <code xmlns:exist="http://exist.sourceforge.net/NS/exist" exist:id="2.2.7.11.2.2">templates:process($nodes
                        as node()*, $model as map(*))</code> to let the templating module process
                    the given node sequence. You just need to make sure you are not running into an
                    endless loop by calling <code xmlns:exist="http://exist.sourceforge.net/NS/exist" exist:id="2.2.7.11.2.4">templates:process</code> on the currently
                    processed node. A common pattern is to trigger <code xmlns:exist="http://exist.sourceforge.net/NS/exist" exist:id="2.2.7.11.2.6">templates:process</code> on
                    the children of the current node:</p>
                                        <div class="code" data-language="xquery">templates:process($node/node(), $model)</div>
                                        <p>This is comparable to calling <span class="sgmltag">&lt;xsl:apply-templates&gt;</span> in XSLT
                    and will have the same effect as returning a map (see the section above), but
                    with your templating function having full control.</p>
                                        <p>For example, it is sometimes necessary to first process all the descendant
                    nodes of the current element, then apply some action to the processed tree. The
                    documentation app has a function, <code xmlns:exist="http://exist.sourceforge.net/NS/exist" exist:id="2.2.7.11.5.2">config:expand-links</code>, which scans
                    the final document tree for links and expands them. The function is implemented
                    as follows:</p>
                                        <div class="code" data-language="xquery">declare %templates:wrap function config:expand-links($node as node(), $model as map(*), $base as xs:string?) {
    for $node in templates:process($node/node(), $model)
    return
        config:expand-links($node, $base)
};</div>
                                    </section>
                                </section>
                                <section><a name="D2.2.8"></a>
                                    <h2><a name="D2.2.8"></a>Set-Up</h2>
                                    <p>The templating module is entirely implemented in XQuery. It provides a single
                public function, <code xmlns:exist="http://exist.sourceforge.net/NS/exist" exist:id="2.2.8.2.2">templates:apply</code>. A complete main module which calls
                the templating framework to process an HTML file passed in the HTTP request body could look as
                follows:</p>
                                    <div class="code" data-language="xquery">(:~
 : This is the main XQuery which will (by default) be called by controller.xql
 : to process any URI ending with ".html". It receives the HTML from
 : the controller and passes it to the templating framework.
 :)
xquery version "3.0";

import module namespace templates="http://exist-db.org/xquery/templates" at "templates.xql";

(: 
 : The following modules provide functions which will be called by the 
 : templating framework.
 :)
import module namespace app="http://my.domain/myapp" at "app.xql";

declare option exist:serialize "method=html5 media-type=text/html";

(:
 : We have to provide a lookup function to templates:apply to help it
 : find functions in the imported application modules. The templates
 : module cannot see the application modules, but the inline function
 : below does see them.
 :)
let $lookup := function($functionName as xs:string, $arity as xs:int) {
    try {
        function-lookup(xs:QName($functionName), $arity)
    } catch * {
        ()
    }
}
(:
 : The HTML is passed in the request from the controller.
 : Run it through the templating framework and return the result.
 :)
let $content := request:get-data()
return
    templates:apply($content, $lookup, ())</div>
                                    <p>This module would be called from the URL rewriting controller. For example, we
                could add a rule to <code>controller.xql</code> to pass any .html resource
                to the above main query (saved to <code>modules/view.xql</code>):</p>
                                    <div class="code" data-language="xquery">(: Pass all requests to HTML files through view.xql, which handles HTML templating :)
if (ends-with($exist:resource, ".html")) then
    &lt;dispatch xmlns="http://exist.sourceforge.net/NS/exist"&gt;
        &lt;view&gt;
			&lt;forward url="{$exist:controller}/modules/view.xql"&gt;
                &lt;set-attribute name="$exist:prefix" value="{$exist:prefix}"/&gt;
                &lt;set-attribute name="$exist:controller" value="{$exist:controller}"/&gt;
            &lt;/forward&gt;
        &lt;/view&gt;
        &lt;error-handler&gt;
            &lt;forward url="{$exist:controller}/error-page.html" method="get"/&gt;
            &lt;forward url="{$exist:controller}/modules/view.xql"/&gt;
        &lt;/error-handler&gt;
    &lt;/dispatch&gt;</div>
                                    <p>The only part of the main module code which might look a bit unusual is the inline
                lookup function: the templating module uses dynamic function calls to execute
                template functions in application modules. But unfortunately, XQuery modules can
                only "see" functions in their own context. There is thus no way for the templating
                module to determine what functions are defined in application modules which are
                outside its context. We thus need to "help" it by providing a callback function to
                resolve function references. The lookup function is defined in the main context and
                can thus access all the modules imported into the main module.</p>
                                    <p>Normally you can just copy and paste the main module code as given above. To adopt
                it to your own application, just import your application modules and you're
                done.</p>
                                </section>
                                <section><a name="D2.2.9"></a>
                                    <h2><a name="D2.2.9"></a>Integration with eXide</h2>
                                    <p>The "New Application" templates in eXide already include the HTML templating
                module and configure the URL rewriting to call it for any path ending in
                    <code>.html</code>. Using eXide is thus the easiest way to get started
                with the templating framework. Please consult the <a href="development-starter.xml">Getting Started with Web Application
                    Development</a> guide to read more.</p>
                                </section>
                                <section><a name="D2.2.10"></a>
                                    <h2><a name="D2.2.10"></a>Where to Find the Module?</h2>
                                    <p>If you generate your application with eXide, a copy of the HTML templating module
                will be included, so you can customize it. If you rather want to make sure you have
                the latest version of the templating module: the <a href="https://github.com/eXist-db/shared-resources">shared-resources</a>
                application also exports the module.  This will always be the latest version. You
                could thus define a dependency on the shared-resources app (see the <a href="repo.xml">packaging documentation</a>). In this case you can just
                import the module by its namespace URI, but without specifying a location.</p>
                                    <div class="code" data-language="xquery">import module namespace templates="http://exist-db.org/xquery/templates";</div>
                                    <p>The documentation and demo applications all read the templating module from
                shared-resources.</p>
                                </section>
                                <section><a name="D2.2.11"></a>
                                    <h2><a name="D2.2.11"></a>Pre-defined Template Commands</h2>
                                    <p>The templating module defines a number of general-purpose templating functions,
                which are described below for reference. <code xmlns:exist="http://exist.sourceforge.net/NS/exist" exist:id="2.2.11.2.2">templates:surround</code> is probably
                the most powerful one and used by almost all HTML views.</p>
                                    <section><a name="D2.2.11.3"></a>
                                        <h3><a name="D2.2.11.3"></a>templates:include</h3>
                                        <div class="code" data-language="xquery">templates:include?path=path-to-xml-resource</div>
                                        <p>Includes the content of the resource given by path into the current element.
                    The path is always interpreted relative to the current application directory or
                    collection.</p>
                                    </section>
                                    <section><a name="D2.2.11.4"></a>
                                        <h3><a name="D2.2.11.4"></a>templates:each</h3>
                                        <div class="code" data-language="xquery">templates:each?from=map-key&amp;amp;to=map-key</div>
                                        <p>Retrieve the sequence identified by the map key <span class="option">from</span> from the
                        <code xmlns:exist="http://exist.sourceforge.net/NS/exist" exist:id="2.2.11.4.3.4">$model</code> map. If it exists, iterate over the items in the
                    sequence and process any nested content once. During each iteration, the current
                    item is added to the <code xmlns:exist="http://exist.sourceforge.net/NS/exist" exist:id="2.2.11.4.3.6">$model</code> map using the key
                    <span class="option">to</span>.</p>
                                    </section>
                                    <section><a name="D2.2.11.5"></a>
                                        <h3><a name="D2.2.11.5"></a>templates:if-parameter-set</h3>
                                        <div class="code" data-language="xquery">templates:if-parameter-set?param=request-parameter</div>
                                        <p>Conditionally includes its content only if the given request parameter is set
                    and is not empty.</p>
                                    </section>
                                    <section><a name="D2.2.11.6"></a>
                                        <h3><a name="D2.2.11.6"></a>templates:if-parameter-unset</h3>
                                        <div class="code" data-language="xquery">templates:if-parameter-unset?param=request-parameter</div>
                                        <p>Conditionally includes its content only if the given request parameter is not
                    set or is empty.</p>
                                    </section>
                                    <section><a name="D2.2.11.7"></a>
                                        <h3><a name="D2.2.11.7"></a>templates:surround</h3>
                                        <div class="code" data-language="xquery">templates:surround?with=xml-resource&amp;at=id&amp;using=id</div>
                                        <p>Surrounds its content with the contents of the XML resource specified in
                    "with". The "at" parameter determines where the content is inserted into the
                    surrounding XML. It should match an existing HTML id in the template.</p>
                                        <p>The "using" parameter is optional and specifies the id of an element in the
                    "with" resource. The current content will be surrounded by this element. If the
                    parameter is missing, the entire document given in "with" will be used.</p>
                                        <p>The surround template instruction is used by all pages of the <a href="/exist/apps/demo/index.html">Demo</a>
                    application. The header, basic page structure and menus are the same for all
                    pages. Each page thus only contains a simple div with a template
                    instruction:</p>
                                        <div class="code" data-language="xquery">templates:surround?with=templates/page.html&amp;at=content</div>
                                        <p>The instruction takes the content of the current element and injects it into
                    the template page.</p>
                                    </section>
                                    <section><a name="D2.2.11.8"></a>
                                        <h3><a name="D2.2.11.8"></a>templates:form-control</h3>
                                        <div class="code" data-language="xquery">templates:form-control</div>
                                        <p>Use on &lt;input&gt; and &lt;select&gt; elements: checks the HTTP request for
                    a parameter matching the name of the form control and fills it into the value of
                    an input or selects the corresponding option of a select.</p>
                                    </section>
                                    <section><a name="D2.2.11.9"></a>
                                        <h3><a name="D2.2.11.9"></a>templates:load-source</h3>
                                        <div class="code" data-language="xquery">templates:load-source</div>
                                        <p>Normally used with an &lt;a&gt; element: opens the document referenced in the
                    href attribute in eXide.</p>
                                    </section>
                                </section>
                            </article>
            </div>
        </div>
        <div class="col-md-3" id="sidebar">
            <div class="well">
                <div>
                                <h3>Contents</h3>
                                <ul class="toc">
                                    <li><a href="#D2.2.2">Introduction</a>
                                    </li>
                                    <li><a href="#D2.2.3">Writing the HTML</a>
                                        <ul class="toc">
                                            <li><a href="#D2.2.3.9">HTML5 Method</a>
                                            </li>
                                        </ul>
                                    </li>
                                    <li><a href="#D2.2.4">Templating Functions</a>
                                    </li>
                                    <li><a href="#D2.2.5">Parameter Injection and Type Conversion</a>
                                    </li>
                                    <li><a href="#D2.2.6">Additional Annotations</a>
                                    </li>
                                    <li><a href="#D2.2.7">Using the Model to Keep Application Data</a>
                                        <ul class="toc">
                                            <li><a href="#D2.2.7.11">Manual Processing Control</a>
                                            </li>
                                        </ul>
                                    </li>
                                    <li><a href="#D2.2.8">Set-Up</a>
                                    </li>
                                    <li><a href="#D2.2.9">Integration with eXide</a>
                                    </li>
                                    <li><a href="#D2.2.10">Where to Find the Module?</a>
                                    </li>
                                    <li><a href="#D2.2.11">Pre-defined Template Commands</a>
                                        <ul class="toc">
                                            <li><a href="#D2.2.11.3">templates:include</a>
                                            </li>
                                            <li><a href="#D2.2.11.4">templates:each</a>
                                            </li>
                                            <li><a href="#D2.2.11.5">templates:if-parameter-set</a>
                                            </li>
                                            <li><a href="#D2.2.11.6">templates:if-parameter-unset</a>
                                            </li>
                                            <li><a href="#D2.2.11.7">templates:surround</a>
                                            </li>
                                            <li><a href="#D2.2.11.8">templates:form-control</a>
                                            </li>
                                            <li><a href="#D2.2.11.9">templates:load-source</a>
                                            </li>
                                        </ul>
                                    </li>
                                </ul>
                            </div>
            </div>
        </div>
    
</div>
            </div>
        </div>
        <div class="container">
            <div class="row">
                <div class="col-md-12"><a href="http://exist-db.org" id="poweredby"></a>
                </div>
            </div>
        </div>
        <div id="footer">
            <div class="container">
                <ul>
                    <li><a href="http://exist-db.org">eXist-db.org</a>
                    </li>
                    <li><a href="/exist/apps/doc/documentation.xml">Documentation</a>
                    </li>
                    <li><a href="/exist/apps/demo/index.html">Demo</a>
                    </li>
                    <li class="hidden-xs-inline"><a href="/exist/status">Status</a>
                    </li>
                    <li><a href="/exist/apps/doc/legal.xml">Legal</a>
                    </li>
                </ul>
                <div id="copyright" class="hidden-xs">
                    <p>Copyright eXist-db Project 2014</p>
                </div>
            </div>
        </div>
        <script src="$shared/resources/scripts/jquery/jquery-1.7.1.min.js" type="text/javascript"></script>
        <script src="$shared/resources/scripts/bootstrap-3.0.3.min.js" type="text/javascript"></script>
        <script src="$shared/resources/scripts/ace/ace.js" type="text/javascript"></script>
        <script src="$shared/resources/scripts/ace/mode-javascript.js" type="text/javascript"></script>
        <script src="$shared/resources/scripts/ace/mode-text.js" type="text/javascript"></script>
        <script src="$shared/resources/scripts/ace/mode-xquery.js" type="text/javascript"></script>
        <script src="$shared/resources/scripts/ace/mode-java.js" type="text/javascript"></script>
        <script src="$shared/resources/scripts/ace/mode-css.js" type="text/javascript"></script>
        <script src="$shared/resources/scripts/ace/mode-xml.js" type="text/javascript"></script>
        <script src="$shared/resources/scripts/ace/theme-tomorrow_night.js" type="text/javascript"></script>
        <script src="$shared/resources/scripts/highlight.js" type="text/javascript"></script>
        <script type="text/javascript">
            $(document).ready(function () {
                $(".code").highlight();
            });
        </script>
    </body>
</html>