<?xml version="1.0" encoding="UTF-8"?>
<?xml-stylesheet type="text/xsl" href="http://houston.itamaraty.gov.br/template/Page.xsl"?>
<kitweb version="1.0">
	<component type="page" fileName="temporary_special_visas.xml" rootUrl="http://houston.itamaraty.gov.br/en-us/">
            <title>Temporary Special Visas</title>
	    <author>Consulate General of Brazil in Houston</author>
            <coauthor>96702</coauthor>
	    <keywords/>
	    <pubDate>2014-07-21 12:49:11</pubDate>
            
	<content><![CDATA[<p align="center">
	<strong><u><a name="TEMPORARY SPECIAL VISAS (TE)"></a></u></strong><strong><u>TEMPORARY SPECIAL VISAS (TE)</u></strong></p>
<div>
	1.&nbsp;&nbsp;&nbsp;&nbsp;&nbsp; <a href="http://houston.itamaraty.gov.br/en-us/temporary_special_visas.xml#WHO%20IS%20ELIGIBLE%20FOR%20A%20TEMPORARY%20SPECIAL%20VISA?">Who is eligible for a temporary special visa?</a></div>
<div>
	2.&nbsp;&nbsp;&nbsp;&nbsp;&nbsp; <a href="http://houston.itamaraty.gov.br/en-us/temporary_special_visas.xml#WHAT%20ARE%20THE%20TEMPORARY%20SPECIAL%20VISA%20REQUIREMENTS?">What are the temporary special visa requirements?</a></div>
<div>
	<a href="http://houston.itamaraty.gov.br/en-us/temporary_special_visas.xml#STANDARD%20REQUIREMENTS">- Standard requirements for all temporary special visas</a></div>
<div>
	<a href="http://houston.itamaraty.gov.br/en-us/temporary_special_visas.xml#OTHER%20REQUIREMENTS">- Other requirements for a temporary special visa</a></div>
<div>
	<span name="decodeable"><a href="http://houston.itamaraty.gov.br/en-us/temporary_special_visas.xml#SPECIFIC%20REQUIREMENTS">- Specific requirements for a temporary special visa based on the purpose of the visit to Brazil</a></span></div>
<div>
	<a href="https://sistemas.mre.gov.br/kitweb/#Checklist"><span name="decodeable">- Checklist</span></a></div>
<div>
	3.&nbsp;&nbsp;&nbsp;&nbsp;&nbsp; <a href="http://houston.itamaraty.gov.br/en-us/temporary_special_visas.xml#HOW%20MUCH%20DOES%20THE%20VISA%20COST?">How much does the visa cost?</a></div>
<div>
	4.&nbsp;&nbsp;&nbsp;&nbsp;&nbsp; <a href="http://houston.itamaraty.gov.br/en-us/temporary_special_visas.xml#HOW%20CAN%20I%20SUBMIT%20A%20VISA%20APPLICATION?">How can I submit a visa application? How long will it take to process a visa application?</a></div>
<div>
	<div>
		<span name="decodeable">5.&nbsp;&nbsp;&nbsp;&nbsp;&nbsp; <a href="http://houston.itamaraty.gov.br/en-us/temporary_special_visas.xml#5.%20HOW%20CAN%20I%20OBTAIN%20A%20WORK%20PERMIT?">How can I obtain a work permit?</a></span></div>
	<div>
		<span name="decodeable">6.&nbsp;&nbsp;&nbsp;&nbsp;&nbsp; <a href="http://houston.itamaraty.gov.br/en-us/temporary_special_visas.xml#HOW%20DO%20I%20KNOW%20IF%20MY%20WORK%20PERMIT%20HAS%20ALREADY%20BEEN%20GRANTED?">How do I know if my work permit has already been granted?</a></span></div>
</div>
<div>
	7.&nbsp;&nbsp;&nbsp;&nbsp;&nbsp; <a href="http://houston.itamaraty.gov.br/en-us/temporary_special_visas.xml#NOTES">Notes</a></div>
<p>
	Please read the <a href="http://houston.itamaraty.gov.br/en-us/applying_for_a_visa.xml">general information</a> on how to apply for a Brazilian visa.</p>
<p>
	<strong><em>Brazilian citizens even those with dual citizenship must enter and exit Brazil with a Brazilian passport.</em></strong></p>
<p>
	<strong>1. <a name="WHO IS ELIGIBLE FOR A TEMPORARY SPECIAL VISA?"></a></strong><strong>WHO IS ELIGIBLE FOR A TEMPORARY SPECIAL VISA?</strong></p>
<p>
	Members of the organization, participants, volunteers, attendees, spectators and members of the press of FIFA World Cup 2014:</p>
<p style="margin-left:10.6pt;">
	A.1) <u>Temporary Special Courtesy Visa</u>: for accredited personnel and volunteers of the FIFA World Cup 2014. <em><u>Condition(s)</u></em>: maximum validity of the Visa is December 31st, 2014;</p>
<p style="margin-left:10.6pt;">
	A.2) <u>Temporary Special Tourist Visa</u>: for spectators with purchased tickets to attend the FIFA World Cup 2014. <em><u>Condition(s)</u></em>: maximum validity is 90 days. Non-Extendable. Must enter Brazil by July 13th, 2014. May be extended to dependents without purchased tickets.</p>
<div style="margin-left: 40px;">
	<u><strong>Note</strong></u>: Those going to Brazil at the same time as the World Cup without proof of purchased tickets do not qualify for a VITUR-TE. In this case, you must apply for a regular <a href="http://houston.itamaraty.gov.br/en-us/tourist_visa.xml">tourist visa</a>.</div>
<p style="margin-left:10.6pt;">
	A.3) <u>Temporary Special Business Visa</u>: for members of the press covering the FIFA World Cup 2014. <em><u>Condition(s)</u></em>: maximum validity is 90 days. Non-Extendable. Must enter Brazil by July 13th, 2014. May be extended to dependents.</p>
<p style="margin-left:10.6pt;">
	A.4) <u>Temporary Special VITEM III</u>: for athletes and artists participating in the FIFA World Cup 2014. <em><u>Condition(s)</u></em>: requires a previously approved <a href="http://houston.itamaraty.gov.br/en-us/temporary_special_visas.xml#5.%20HOW%20CAN%20I%20OBTAIN%20A%20WORK%20PERMIT?">work permit</a> on behalf of the applicant.</p>
<p style="margin-left:10.6pt;">
	A.5) <u>Temporary Special VITEM V</u>: for professionals working for the organization of the FIFA World Cup 2014. <em><u>Condition(s)</u></em>: requires a previously approved <a href="http://houston.itamaraty.gov.br/en-us/temporary_special_visas.xml#5.%20HOW%20CAN%20I%20OBTAIN%20A%20WORK%20PERMIT?">work permit</a> on behalf of the applicant. May be extended to dependents for stays over 6 months.</p>
<p style="margin-left:10.6pt;">
	A.6) <u>Temporary Special VITEM VI</u>: for international correspondents covering the FIFA World Cup 2014. <em><u>Condition(s)</u></em>: requires prior consultation to the Ministry of External Relations. May be extended to dependents for stays over 6 months.</p>
<p>
	<a href="http://houston.itamaraty.gov.br/en-us/temporary_special_visas.xml#TEMPORARY%20SPECIAL%20VISAS%20%28TE%29">Back to top.</a></p>
<p>
	<strong>2. <a name="WHAT ARE THE TEMPORARY SPECIAL VISA REQUIREMENTS?"></a></strong><strong>WHAT ARE THE </strong><strong>TEMPORARY SPECIAL VISA</strong><strong> REQUIREMENTS?</strong></p>
<p>
	Temporary special visa applications must be accompanied by the following documents at the time the visa application is submitted at this Consulate:</p>
<p>
	<u><a name="STANDARD REQUIREMENTS"></a>STANDARD REQUIREMENTS FOR ALL </u><u>TEMPORARY SPECIAL VISAS</u></p>
<p style="margin-left:36.0pt;">
	A)&nbsp;&nbsp;&nbsp;&nbsp; <strong><u>Applicant&#39;s Passport</u></strong>: original, valid for at least another 6 months on submission date, with at least two blank visa pages. The Consulate reserves the right not to accept soiled, damaged or defaced passports. Amendments and Endorsements pages are for the sole use of issuing country authorities and visas will not be placed on those pages;</p>
<p style="margin-left:36.0pt;">
	B)&nbsp;&nbsp;&nbsp;&nbsp;&nbsp; <strong><u>Visa Application Form</u></strong>: printed receipt page of the <a href="http://houston.itamaraty.gov.br/en-us/visa_application_form.xml">visa application form</a> filled out and successfully submitted online duly signed by the&nbsp;passport holder (or parents/legal guardian of a minor) and with the photo attached on the appropriate boxes;</p>
<p style="margin-left:36.0pt;">
	C)&nbsp;&nbsp;&nbsp;&nbsp;&nbsp; <strong><u>Photograph</u></strong>: one professional 2&quot; x 2&quot; passport photo of the applicant in color. Snapshots, photocopies and computer pictures are not accepted. Photos must be:</p>
<ul>
	<li style="margin-left: 40px;">
		Recent: taken within the last 6 months to reflect your current appearance;</li>
	<li style="margin-left: 40px;">
		Front view: taken in full-face view directly facing the camera. Your full face must be visible. Your head must be centered and not tilted. There cannot be any apparel casting shadows on your face or glare on your glasses;</li>
	<li style="margin-left: 40px;">
		Clear: blurry, underexposed, overexposed and low quality photos are not accepted;</li>
	<li style="margin-left: 40px;">
		With a plain white or off-white background;</li>
	<li style="margin-left: 40px;">
		With a neutral facial expression and both eyes open.</li>
</ul>
<p style="margin-left:54.0pt;">
	<a href="https://scedv.serpro.gov.br/frscedv/orientacoes/ICAO200811EN.pdf">Click here for sample pictures</a>.</p>
<p style="margin-left:54.0pt;">
	Please glue the photo onto the visa application receipt page;</p>
<p>
	<u><a name="OTHER REQUIREMENTS"></a>OTHER REQUIREMENTS FOR A TEMPORARY SPECIAL VISA</u></p>
<p>
	<strong><em><u>If the visa application will not be submitted in person</u></em></strong><strong><u>:</u></strong></p>
<p style="margin-left:36.0pt;">
	<span name="decodeable">D)&nbsp;&nbsp;&nbsp;&nbsp;&nbsp;&nbsp; <strong><u>Proof of jurisdiction</u></strong>: notarized copy of one of the following: driver&rsquo;s license, utility bills, copy of lease, bank statements and in some cases school transcripts are all acceptable documents as proof of jurisdiction.</span></p>
<p>
	<strong><u>If the applicant will not be applying with a US passport</u></strong>:</p>
<p style="margin-left:36.0pt;">
	E)&nbsp;&nbsp;&nbsp;&nbsp;&nbsp;&nbsp; <strong><u>Proof of Legal Residency</u></strong>: notarized copy of visa or permanent resident card or US passport or US birth certificate.</p>
<p>
	<strong><u>If the applicant is under 18 years of age:</u></strong></p>
<p style="margin-left:36.0pt;">
	F)&nbsp;&nbsp;&nbsp;&nbsp;&nbsp; Please verify the <a href="http://houston.itamaraty.gov.br/en-us/special_requirements_for_minors.xml">special requirements for minors</a>.</p>
<p>
	<span name="decodeable"><strong><u>If you will be applying for a visa on a passport issued by Afghanistan, Central African Republic, Iran, Iraq, Jordan, Kosovo, Lebanon, Libya, Nepal, Nigeria, North Korea, Pakistan, Palestine, Senegal, South Sudan, Sudan or Syria:</u></strong></span></p>
<p style="margin-left: 40px;">
	<span name="decodeable">G)&nbsp;&nbsp;&nbsp;&nbsp;&nbsp;&nbsp;&nbsp;&nbsp;<strong><u>Detailed information</u></strong> on applicant&#39;s place of lodging in Brazil (hotel reservation or letter from Brazilian host), flight and notarized bank statements reflecting the past 3 months are required.</span></p>
<p style="margin-left: 40px;">
	<span name="decodeable"><strong><u>ATTENTION</u>: Kosovo </strong><strong>passport holders</strong> will have their visa&nbsp;issued on a &ldquo;<a href="http://houston.itamaraty.gov.br/en-us/laissez-passer.xml">laissez-passer</a>&rdquo;.</span></p>
<p>
	<span name="decodeable"><u><a name="SPECIFIC REQUIREMENTS"></a>SPECIFIC REQUIREMENTS FOR A TEMPORARY SPECIAL VISA BASED ON THE PURPOSE OF THE VISIT TO BRAZIL</u></span></p>
<p>
	<strong>For spectators (Case A.2)</strong></p>
<p style="margin-left: 40px;">
	<strong>H) <em><u>Proof of purchased tickets</u></em></strong>: &quot;<u><em><strong>ticket certificate</strong></em></u>&quot; for an official match of the FIFA World Cup 2014.</p>
<p style="margin-left: 40px;">
	<strong><u>Note 1:</u></strong> Alternatively, <u>can also be accepted</u>*:</p>
<ul style="margin-left: 40px;">
	<li>
		<u><strong>H.1)</strong></u> Copy of <u>email confirmation</u> of purchased ticket(s) <u>from FIFA</u>; <strong><u>and</u></strong></li>
	<li>
		<u><strong>H.2)</strong></u> Copy of <u>purchased airline ticket(s) to Brazil</u> with travel dates during the World Cup 2014;</li>
</ul>
<p style="margin-left: 80px;">
	* It is possible that once ticket certificates are issued to the general public, only ticket certificates will be accepted as proof of of purchased tickets. If complementary instructions on this matter are received, they will be published on our website.</p>
<p style="margin-left: 40px;">
	<strong><u>Note 2:</u></strong> <a href="http://houston.itamaraty.gov.br/en-us/dependents.xml">Dependents</a> without proof of purchased tickets under their own names must present <u>proof of dependency</u> such as marriage license (for spouses) and birth certificate (unmarried children under 21). These documents can only be accepted in their original or notarized copy.</p>
<p style="margin-left: 40px;">
	<strong><u>Note 3:</u></strong> <u>Groups</u> that had one person buy multiple <u>tickets on behalf of friends and extended family members</u> will have to present a ticket certificate in the name of each applicant or <u>requirements H.1 and H.2 plus the print out from FIFA ticketing website listing guest names</u>.</p>
<p>
	<strong>For accredited personnel and volunteers (Case A.1)</strong></p>
<p style="margin-left: 40px;">
	<strong>I) <em><u>Invitation Letter</u></em></strong> from FIFA or the Brazilian Committee organizing the FIFA World Cup 2014.</p>
<p>
	<strong>For accredited members of the press (Case A.3)</strong></p>
<p style="margin-left: 40px;">
	<strong>J) <em><u>Documented proof of accreditation</u></em></strong> with the FIFA World Cup 2014 Press Committee.</p>
<p>
	<strong>For participating athletes and artists (Case A.4)</strong></p>
<p style="margin-left: 40px;">
	<strong>K) <em><u>Work permit authorization</u></em></strong> from the Brazilian Ministry of Labor.</p>
<p>
	<strong>For professionals working for the organization (Case A.5)</strong></p>
<p style="margin-left: 40px;">
	<strong>L) <em><u>Work permit authorization</u></em></strong> from the Brazilian Ministry of Labor.</p>
<p>
	<strong style="font-size: 1em;">For international correspondents (Case A.6)</strong></p>
<p style="margin-left: 40px;">
	<strong><u>M) <em>Original Notarized Business Letter</em></u></strong> from the media enterprise (employer or sponsoring company) <strong>in the USA,</strong> on their <u>letterhead stationery</u> and <u>signed by a senior manager </u>(original signature acknowledged by a notary public) stating the following information:</p>
<p style="margin-left: 80px;">
	●&nbsp;&nbsp;&nbsp; Details about the nature of business of the U.S. company;</p>
<p style="margin-left: 80px;">
	●&nbsp;&nbsp;&nbsp; Applicant&rsquo;s title and/or functions with the U.S. company;</p>
<p style="margin-left: 80px;">
	●&nbsp;&nbsp;&nbsp;&nbsp;<strong><u>Detailed information concerning nature of activities to be conducted in Brazil</u></strong>;</p>
<p style="margin-left: 80px;">
	●&nbsp;&nbsp;&nbsp; Name(s) and address(es) of Brazilian media office the where the applicant is going to be working from. If applicable, also name(s) of person(s) to be contacted in Brazil, phone number(s) and his/her/their functions with the Brazilian company(ies);</p>
<p style="margin-left: 80px;">
	●&nbsp;&nbsp;&nbsp; Expected travel dates of trip to Brazil;</p>
<p style="margin-left: 80px;">
	●&nbsp;&nbsp;&nbsp; Responsibility of the U.S. company for applicant&#39;s stay in Brazil and his/her return to the country of origin;</p>
<p style="margin-left: 80px;">
	<em><u>NOTE:&nbsp; business letters MUST HAVE ALL of the above mentioned information.</u></em></p>
<p style="margin-left: 80px;">
	<em><u>Business letters missing any of the required information and/or without original signature WILL NOT be accepted and therefore visa application WILL NOT be processed.</u></em></p>
<p style="margin-left: 40px;">
	<u><strong>N) <em>Letter of accreditation</em></strong></u> with the FIFA World Cup 2014 Press Committee.</p>
<p style="margin-left: 40px;">
	Note: this visa requires Consultation.</p>
<p>
	<u><a name="Checklist"></a>CHECKLIST</u></p>
<p>
	Case A.2) <a href="http://sistemas.mre.gov.br/kitweb/datafiles/Houston/en-us/file/Checklist%20-%20VITUR-TE-FIFA.doc">Temporary Special Tourist Visas for FIFA World Cup 2014 spectators</a>.</p>
<p>
	<a href="http://houston.itamaraty.gov.br/en-us/temporary_special_visas.xml#TEMPORARY%20SPECIAL%20VISAS%20%28TE%29" style="font-size: 1em;">Back to top.</a></p>
<p>
	<strong>3. <a name="HOW MUCH DOES THE VISA COST?"></a></strong><strong>HOW MUCH DOES THE VISA COST?</strong></p>
<p>
	Temporary Special visas are free of all consular charges.</p>
<p>
	<a href="http://houston.itamaraty.gov.br/en-us/temporary_special_visas.xml#TEMPORARY%20SPECIAL%20VISAS%20%28TE%29">Back to top.</a></p>
<p>
	<strong><a name="HOW CAN I SUBMIT A VISA APPLICATION?"></a></strong><strong>4. </strong><strong><strong>HOW CAN I SUBMIT A VISA APPLICATION? </strong></strong><strong><strong>HOW LONG WILL IT TAKE TO PROCESS A VISA APPLICATION?</strong></strong></p>
<p>
	Temporary Special Visas may be submitted directly to the Consulate during a previously <a href="http://houston.itamaraty.gov.br/en-us/appointment_instructions.xml">scheduled appointment</a> or through an <a href="http://houston.itamaraty.gov.br/en-us/agencies_and_groups.xml">affiliated visa agency</a>. The Consulate General of Brazil in Houston does not accept visa applications by mail.</p>
<p>
	<span style="color:#ff0000;">If you are not being able to secure an appointment or if you need to have your VITUR-TE issued sooner than the current available appointment,&nbsp; <u>please send an email to the Visa Department (visa.houston@itamaraty.gov.br)</u> informing how many visa applications are to be submitted, applicants&#39; nationalities and city of residence in order for the Consulate to better assist you.</span></p>
<p>
	<span style="color:#ff0000;"><u>Groups of 7 or more submitting VITUR-TE directly to the Consulate,</u><span name="decodeable">must also fill out a </span></span><span name="decodeable"><a href="https://sistemas.mre.gov.br/kitweb/datafiles/Houston/en-us/file/CONTROL LIST - TE - COPA - GROUPS.doc"><span style="color:#ff0000;">TE control list form</span></a><span style="color:#ff0000;">.</span></span></p>
<p>
	<a href="http://houston.itamaraty.gov.br/en-us/temporary_special_visas.xml#TEMPORARY%20SPECIAL%20VISAS%20%28TE%29">Back to top.</a></p>
<p>
	<strong><strong><a name="5. HOW CAN I OBTAIN A WORK PERMIT?"></a></strong>5. </strong><strong><strong>HOW CAN I OBTAIN A WORK PERMIT?</strong></strong></p>
<p>
	A work permit process is to be submitted by the Brazilian sponsoring company to the Brazilian Ministry of Labor to be analyzed. A work permit request for those involved with the FIFA World Cup and FIFA Confederations Cup should be analyzed within 5 business days.</p>
<p>
	Further information on how to apply for a work permit is to be obtained with the sponsoring company&#39;s lawyer or at the <a href="http://portal.mte.gov.br/trab_estrang_ing/">Ministry of Labor&#39;s Website (http://portal.mte.gov.br/trab_estrang_ing/)</a>. A <a href="http://portal.mte.gov.br/data/files/8A7C812D2E7318C8012EBB201FE9165B/Procedure_Guide_2011.pdf">procedure guide</a> is available.</p>
<p>
	If you need assistance on legalizing or authenticating documents for a work permit process, please look for information on the <a href="http://houston.itamaraty.gov.br/en-us/legalization_and_authentication_of_documents.xml">Consular Services</a> section of our website. Questions on these matters must be addressed to the Assistance to Brazilians and Legalization Department at consular.houston@itamaraty.gov.br.</p>
<p>
	<a href="http://houston.itamaraty.gov.br/en-us/vitem_v_%28work_visa%29.xml#VITEM%20V%20%28Work%20Visa%29">Back to top.</a></p>
<p>
	<strong><a name="HOW DO I KNOW IF MY WORK PERMIT HAS ALREADY BEEN GRANTED?"></a>6. </strong><strong><strong>HOW DO I KNOW IF MY WORK PERMIT HAS ALREADY BEEN GRANTED?</strong></strong></p>
<p>
	You may verify the status of a work permit process by following these steps:</p>
<ol>
	<li>
		Go to the&nbsp;<a href="http://portal.mte.gov.br/trab_estrang_ing/" target="_blank">Ministry of Labor&#39;s website</a> <a href="http://portal.mte.gov.br/trab_estrang_ing/">(http://portal.mte.gov.br/trab_estrang_ing/)</a>.</li>
	<li>
		Click on <a href="http://migranteweb.mte.gov.br/migranteweb/publico/consultarProcessoInternet/consultarProcesso.seam" target="_blank" title="Process Consultation">Process Consultation.</a></li>
	<li>
		Select <span id="subviewCorpoPagina:pesquisarProcessoForm:painelPesquisarProcesso">either</span>:</li>
</ol>
<ul>
	<li>
		&quot;N&ordm; Processo&quot; and input the work permit process number; or</li>
	<li>
		&quot;<span id="subviewCorpoPagina:pesquisarProcessoForm:painelPesquisarProcesso">Nome</span> do Estrangeiro&quot; and input the name of the applicant.</li>
</ul>
<ol>
	<li>
		Click on &quot;Pesquisar&quot; to search the database.</li>
	<li>
		If the work permit already submitted at the Ministry of Labor, it will show the information concerning its process. It will show its current status which can be:</li>
</ol>
<ul>
	<li>
		<u>&ldquo;ENCAMINHADO PARA AN&Aacute;LISE&rdquo;, or &ldquo;EXIG&Ecirc;NCIA&rdquo;, or &ldquo;JUNTADA DE DOCUMENTO&rdquo;, or &ldquo;PROPOSTA DE DEFERIMENTO&rdquo;</u>: which mean it is being analized.</li>
	<li>
		<u><em>&ldquo;DEFERIDO&rdquo; or &ldquo;AGUARDANDO PUBLICA&Ccedil;&Atilde;O&rdquo;</em></u>: which means it was approved.</li>
	<li>
		<u><em>&ldquo;PUBLICADO&rdquo;</em></u>: which means it was published in the official gazette and sent to the Ministry of External Relations to be sent out to the consular office assigned to issue the &ldquo;work visa&rdquo; for that specific &ldquo;work permit&rdquo; process.</li>
</ul>
<p>
	The work permit authorization is usually available to the consular office assigned to it about a week after it was published in Brazil. Only then you may contact the Visa Department to confirm if the work permit is available at this consulate or not (visa.houston@itamaraty.gov.br). Please do not send more than one message per week concerning the same work permit.</p>
<p>
	<strong><a name="NOTES"></a></strong><strong>7. </strong><strong>NOTES</strong></p>
<p>
	Visa applications for media correspondents (cases A.6 and B.6) will require prior consultation to the Ministry of External Relations. <span name="decodeable"><span style="font-size:12px;">Consultation will take at least 2 additional business days to process the visa application.</span></span></p>
<p>
	<strong><u>ATTENTION: TE -VITEM V&nbsp; and&nbsp; </u></strong><strong><u>TE-VITEM VI visa holders must be registered with the Federal Police within the first 30 days of their arrival regardless of the length of their stay in Brazil. A Visa Form will be issued in order to proceed with the registration. The form must be an original. Please be diligent. Failing to register in time will result in daily fines.</u></strong></p>
<p>
	<span name="decodeable"><span name="decodeable"><strong>VIDIP, VISOF and VICOR visa holders granted stays for over 90 days will have to be registered with the Ministry of External Relations within the first 30 days of their arrival depending on the length of their stay in Brazil. A Visa Form will be issued in order to proceed with the registration. The form must be an original. Please be diligent. </strong></span></span></p>
<p>
	Currently there are no mandatory vaccines required to visit Brazil. It is recommended to take a <a href="http://houston.itamaraty.gov.br/en-us/vaccines_and_immunization.xml">yellow fever</a> shot prior to entering Brazil <a href="http://houston.itamaraty.gov.br/en-us/vaccines_and_immunization.xml">under certain circumstances.</a></p>
<p>
	<strong>Incomplete applications will be returned at the expense of the applicant. The Consulate may at any time request further information or additional documents deemed necessary. General conditions are subject to change without prior notice.</strong></p>
<p>
	<strong>Please note that a visa is not an applicant&rsquo;s right and may be denied. It does not guarantee the right of entry or stay in Brazil and can be cancelled at the discretion of the Brazilian immigration authorities.</strong></p>
<p>
	<a href="http://houston.itamaraty.gov.br/en-us/temporary_special_visas.xml#TEMPORARY SPECIAL VISAS (TE)">Back to top.</a></p>
]]></content></component>
</kitweb>
