<?xml version="1.0" encoding="UTF-8"?>
<?xml-stylesheet type="text/xsl" media="screen" href="/~d/styles/rss2enclosuresfull.xsl"?><?xml-stylesheet type="text/css" media="screen" href="http://feeds.feedburner.com/~d/styles/itemcontent.css"?><rss xmlns:media="http://search.yahoo.com/mrss/" xmlns:atom="http://www.w3.org/2005/Atom" xmlns:dc="http://purl.org/dc/elements/1.1/" xmlns:itunes="http://www.itunes.com/dtds/podcast-1.0.dtd" xmlns:feedburner="http://rssnamespace.org/feedburner/ext/1.0" version="2.0" xml:base="http://www.pri.org/"> <channel> <title>PRI's The World: Latest Edition</title>
 <description>Host Marco Werman and his team of producers bring you the world's most interesting stories in an hour that reminds us just how small our planet really is. PRI's The World, the radio program, is heard on over 300 stations across North America.</description>
 <link>http://www.pri.org/</link>
 
 <language>en-us</language>
 <copyright>© 2016 Public Radio International</copyright>
 <itunes:subtitle>Host Marco Werman and his team of producers bring you the world's most interesting stories in an hour that reminds us just how small our planet really is. PRI's The World, the radio program, is heard on over 300 stations across North America.</itunes:subtitle>
 
 <itunes:image href="https://cdn1.pri.org/sites/default/files/TW_LatestEdition1400.jpg" />
 <itunes:author>PRI</itunes:author>
 <itunes:explicit>no</itunes:explicit>
 <itunes:owner> <itunes:email>digitalmedia@pri.org</itunes:email>
</itunes:owner>
 <atom10:link xmlns:atom10="http://www.w3.org/2005/Atom" rel="self" type="application/rss+xml" href="http://feeds.feedburner.com/pri/theworld" /><feedburner:info uri="pri/theworld" /><atom10:link xmlns:atom10="http://www.w3.org/2005/Atom" rel="hub" href="http://pubsubhubbub.appspot.com/" /><media:copyright>© 2016 Public Radio International</media:copyright><media:thumbnail url="https://cdn1.pri.org/sites/default/files/TW_LatestEdition1400.jpg" /><media:category scheme="http://www.itunes.com/dtds/podcast-1.0.dtd">News &amp; Politics</media:category><itunes:category text="News &amp; Politics" /><feedburner:feedFlare href="http://www.podnova.com/add.srf?url=http%3A%2F%2Ffeeds.feedburner.com%2Fpri%2Ftheworld" src="http://www.podnova.com/img_chicklet_podnova.gif">Subscribe with Podnova</feedburner:feedFlare><feedburner:feedFlare href="http://www.netvibes.com/subscribe.php?url=http%3A%2F%2Ffeeds.feedburner.com%2Fpri%2Ftheworld" src="//www.netvibes.com/img/add2netvibes.gif">Subscribe with Netvibes</feedburner:feedFlare><feedburner:feedFlare href="http://www.pageflakes.com/subscribe.aspx?url=http%3A%2F%2Ffeeds.feedburner.com%2Fpri%2Ftheworld" src="http://www.pageflakes.com/ImageFile.ashx?instanceId=Static_4&amp;fileName=ATP_blu_91x17.gif">Subscribe with Pageflakes</feedburner:feedFlare><feedburner:feedFlare href="https://add.my.yahoo.com/rss?url=http%3A%2F%2Ffeeds.feedburner.com%2Fpri%2Ftheworld" src="http://us.i1.yimg.com/us.yimg.com/i/us/my/addtomyyahoo4.gif">Subscribe with My Yahoo!</feedburner:feedFlare><feedburner:feedFlare href="http://odeo.com/listen/subscribe?feed=http%3A%2F%2Ffeeds.feedburner.com%2Fpri%2Ftheworld" src="http://odeo.com/img/badge-channel-black.gif">Subscribe with ODEO</feedburner:feedFlare><feedburner:feedFlare href="http://www.thefreedictionary.com/_/hp/AddRSS.aspx?http%3A%2F%2Ffeeds.feedburner.com%2Fpri%2Ftheworld" src="http://img.tfd.com/hp/addToTheFreeDictionary.gif">Subscribe with The Free Dictionary</feedburner:feedFlare><feedburner:feedFlare href="http://www.bitty.com/manual/?contenttype=rssfeed&amp;contentvalue=http%3A%2F%2Ffeeds.feedburner.com%2Fpri%2Ftheworld" src="http://www.bitty.com/img/bittychicklet_91x17.gif">Subscribe with Bitty Browser</feedburner:feedFlare><feedburner:feedFlare href="http://www.podcastready.com/oneclick_bookmark.php?url=http%3A%2F%2Ffeeds.feedburner.com%2Fpri%2Ftheworld" src="http://www.podcastready.com/images/podcastready_button.gif">Subscribe with Podcast Ready</feedburner:feedFlare><feedburner:feedFlare href="http://www.dailyrotation.com/index.php?feed=http%3A%2F%2Ffeeds.feedburner.com%2Fpri%2Ftheworld" src="http://www.dailyrotation.com/rss-dr2.gif">Subscribe with Daily Rotation</feedburner:feedFlare><item> <title>No more ‘wet foot, dry foot,’ the NBA in Mexico, the ‘first cousin’ of English</title>
 <link>http://www.pri.org/programs/pris-world/no-more-wet-foot-dry-foot-nba-mexico-first-cousin-english</link>
 <description>We begin today with President Barack Obama’s decision to scrap the "wet foot, dry foot" policy for Cuban migrants. Also, Frisian, a language spoken in a small corner of The Netherlands that's like a "first cousin" to English. Plus, bringing polo back to India.&lt;img src="http://feeds.feedburner.com/~r/pri/theworld/~4/N0O5pw57LCw" height="1" width="1" alt=""/&gt;</description>
 <author>PRI's The World</author>
 
 <guid isPermaLink="false">http://www.pri.org/programs/pris-world/no-more-wet-foot-dry-foot-nba-mexico-first-cousin-english</guid>
 <pubDate>Fri, 13 Jan 2017 16:29:13 -0500</pubDate>
 <source url="http://www.pri.org/programs/3704/episodes/feed">PRI's The World: Latest Edition</source>
 <itunes:subtitle>We begin today with President Barack Obama’s decision to scrap the "wet foot, dry foot" policy for Cuban migrants. Also, Frisian, a language spoken in a small corner of The Netherlands that's like a "first cousin" to English. Plus, bringing polo back to India.</itunes:subtitle>
 <itunes:summary>We begin today with President Barack Obama’s decision to scrap the "wet foot, dry foot" policy for Cuban migrants. Also, Frisian, a language spoken in a small corner of The Netherlands that's like a "first cousin" to English. Plus, bringing polo back to India.</itunes:summary>
 <itunes:author>PRI's The World</itunes:author>
<media:content url="http://feedproxy.google.com/~r/pri/theworld/~5/maVDhEufCKA/01132017full.mp3" fileSize="21511193" type="audio/mpeg" /><itunes:explicit>no</itunes:explicit><enclosure url="http://feedproxy.google.com/~r/pri/theworld/~5/maVDhEufCKA/01132017full.mp3" length="21511193" type="audio/mpeg" /><feedburner:origEnclosureLink>http://www.podtrac.com/pts/redirect.mp3/cdn.pri.org/sites/default/files/pris-world/episode-audio/01132017full.mp3</feedburner:origEnclosureLink></item>
 <item> <title>The Trump dossier, confirmation hearings, the fictitious country of San Escobar.</title>
 <link>http://www.pri.org/programs/pris-world/trump-dossier-confirmation-hearings-fictitious-country-san-escobar</link>
 <description>Today, more on those unverified allegations against President-elect Donald Trump, and why a BBC reporter didn't go public with them. Also, remembering when the late Princess Diana walked through a minefield, literally. And the beautiful but fictitious country of San Escobar.&lt;img src="http://feeds.feedburner.com/~r/pri/theworld/~4/xh27LkRunyQ" height="1" width="1" alt=""/&gt;</description>
 <author>PRI's The World</author>
 
 <guid isPermaLink="false">http://www.pri.org/programs/pris-world/trump-dossier-confirmation-hearings-fictitious-country-san-escobar</guid>
 <pubDate>Thu, 12 Jan 2017 16:40:01 -0500</pubDate>
 <source url="http://www.pri.org/programs/3704/episodes/feed">PRI's The World: Latest Edition</source>
 <itunes:subtitle>Today, more on those unverified allegations against President-elect Donald Trump, and why a BBC reporter didn't go public with them. Also, remembering when the late Princess Diana walked through a minefield, literally. And the beautiful but fictitious country of San Escobar.</itunes:subtitle>
 <itunes:summary>Today, more on those unverified allegations against President-elect Donald Trump, and why a BBC reporter didn't go public with them. Also, remembering when the late Princess Diana walked through a minefield, literally. And the beautiful but fictitious country of San Escobar.</itunes:summary>
 <itunes:author>PRI's The World</itunes:author>
<media:content url="http://feedproxy.google.com/~r/pri/theworld/~5/8Cd6CozoTYU/01122017full_0.mp3" fileSize="21736884" type="audio/mpeg" /><itunes:explicit>no</itunes:explicit><enclosure url="http://feedproxy.google.com/~r/pri/theworld/~5/8Cd6CozoTYU/01122017full_0.mp3" length="21736884" type="audio/mpeg" /><feedburner:origEnclosureLink>http://www.podtrac.com/pts/redirect.mp3/cdn.pri.org/sites/default/files/pris-world/episode-audio/01122017full_0.mp3</feedburner:origEnclosureLink></item>
 <item> <title>Trump's press conference, Russia's history of 'kompromat,' the future of nuclear power</title>
 <link>http://www.pri.org/programs/pris-world/trumps-press-conference-russias-history-kompromat-future-nuclear-power</link>
 <description>President-elect Donald Trump calls the publishing of leaked allegations against him "a disgrace." Also, an American businessman on the dark side of Russia's Vladimir Putin. And Norway's long goodbye to FM radio.&lt;img src="http://feeds.feedburner.com/~r/pri/theworld/~4/DhFviE9LIF8" height="1" width="1" alt=""/&gt;</description>
 <author>PRI's The World</author>
 
 <guid isPermaLink="false">http://www.pri.org/programs/pris-world/trumps-press-conference-russias-history-kompromat-future-nuclear-power</guid>
 <pubDate>Wed, 11 Jan 2017 16:38:02 -0500</pubDate>
 <source url="http://www.pri.org/programs/3704/episodes/feed">PRI's The World: Latest Edition</source>
 <itunes:subtitle>President-elect Donald Trump calls the publishing of leaked allegations against him "a disgrace." Also, an American businessman on the dark side of Russia's Vladimir Putin. And Norway's long goodbye to FM radio.</itunes:subtitle>
 <itunes:summary>President-elect Donald Trump calls the publishing of leaked allegations against him "a disgrace." Also, an American businessman on the dark side of Russia's Vladimir Putin. And Norway's long goodbye to FM radio.</itunes:summary>
 <itunes:author>PRI's The World</itunes:author>
<media:content url="http://feedproxy.google.com/~r/pri/theworld/~5/NNg3uLFVkx4/01112017full.mp3" fileSize="21623182" type="audio/mpeg" /><itunes:explicit>no</itunes:explicit><enclosure url="http://feedproxy.google.com/~r/pri/theworld/~5/NNg3uLFVkx4/01112017full.mp3" length="21623182" type="audio/mpeg" /><feedburner:origEnclosureLink>http://www.podtrac.com/pts/redirect.mp3/cdn.pri.org/sites/default/files/pris-world/episode-audio/01112017full.mp3</feedburner:origEnclosureLink></item>
 <item> <title>Obama's 'Science' article, World Cup expansion, lost Army musicals</title>
 <link>http://www.pri.org/programs/pris-world/obamas-science-article-world-cup-expansion-lost-army-musicals</link>
 <description>Today, we look at how President Obama is making the case for strong climate change policies with an article in the journal Science. Meanwhile, Kenyans are saying farewell to "their" president. Plus, there's a black market for Krispy Kreme donuts in Juarez, Mexico.&lt;img src="http://feeds.feedburner.com/~r/pri/theworld/~4/M06t1M6laVg" height="1" width="1" alt=""/&gt;</description>
 <author>PRI's The World</author>
 
 <guid isPermaLink="false">http://www.pri.org/programs/pris-world/obamas-science-article-world-cup-expansion-lost-army-musicals</guid>
 <pubDate>Tue, 10 Jan 2017 16:12:04 -0500</pubDate>
 <source url="http://www.pri.org/programs/3704/episodes/feed">PRI's The World: Latest Edition</source>
 <itunes:subtitle>Today, we look at how President Obama is making the case for strong climate change policies with an article in the journal Science. Meanwhile, Kenyans are saying farewell to "their" president. Plus, there's a black market for Krispy Kreme donuts in Juarez, Mexico.</itunes:subtitle>
 <itunes:summary>Today, we look at how President Obama is making the case for strong climate change policies with an article in the journal Science. Meanwhile, Kenyans are saying farewell to "their" president. Plus, there's a black market for Krispy Kreme donuts in Juarez, Mexico.</itunes:summary>
 <itunes:author>PRI's The World</itunes:author>
<media:content url="http://feedproxy.google.com/~r/pri/theworld/~5/xY4SyoCcQlk/01102017full.mp3" fileSize="22053865" type="audio/mpeg" /><itunes:explicit>no</itunes:explicit><enclosure url="http://feedproxy.google.com/~r/pri/theworld/~5/xY4SyoCcQlk/01102017full.mp3" length="22053865" type="audio/mpeg" /><feedburner:origEnclosureLink>http://www.podtrac.com/pts/redirect.mp3/cdn.pri.org/sites/default/files/pris-world/episode-audio/01102017full.mp3</feedburner:origEnclosureLink></item>
 <item> <title>The impact of Iran's Rafsanjani, shadowy Russian intelligence, Nazi villains in Scandinavian novels</title>
 <link>http://www.pri.org/programs/pris-world/impact-irans-rafsanjani-shadowy-russian-intelligence-nazi-villains-scandinavian</link>
 <description>Iranians mourn the passing of former President Akbar Rafsanjani. Also, meet the Hadhads, a family of Syrian refugees who've succeeded in restarted their chocolate business in Canada. And TIL: They grow saffron in Vermont!&lt;img src="http://feeds.feedburner.com/~r/pri/theworld/~4/W1NAxWQhmxA" height="1" width="1" alt=""/&gt;</description>
 <author>PRI's The World</author>
 
 <guid isPermaLink="false">http://www.pri.org/programs/pris-world/impact-irans-rafsanjani-shadowy-russian-intelligence-nazi-villains-scandinavian</guid>
 <pubDate>Mon, 09 Jan 2017 15:59:35 -0500</pubDate>
 <source url="http://www.pri.org/programs/3704/episodes/feed">PRI's The World: Latest Edition</source>
 <itunes:subtitle>Iranians mourn the passing of former President Akbar Rafsanjani. Also, meet the Hadhads, a family of Syrian refugees who've succeeded in restarted their chocolate business in Canada. And TIL: They grow saffron in Vermont!</itunes:subtitle>
 <itunes:summary>Iranians mourn the passing of former President Akbar Rafsanjani. Also, meet the Hadhads, a family of Syrian refugees who've succeeded in restarted their chocolate business in Canada. And TIL: They grow saffron in Vermont!</itunes:summary>
 <itunes:author>PRI's The World</itunes:author>
<media:content url="http://feedproxy.google.com/~r/pri/theworld/~5/kWWRBnuMpdg/01092017full.mp3" fileSize="21815913" type="audio/mpeg" /><itunes:explicit>no</itunes:explicit><enclosure url="http://feedproxy.google.com/~r/pri/theworld/~5/kWWRBnuMpdg/01092017full.mp3" length="21815913" type="audio/mpeg" /><feedburner:origEnclosureLink>http://www.podtrac.com/pts/redirect.mp3/cdn.pri.org/sites/default/files/pris-world/episode-audio/01092017full.mp3</feedburner:origEnclosureLink></item>
 <item> <title>Ambassadors told to resign, a Soviet vision of 2017, artisanal Cuban charcoal</title>
 <link>http://www.pri.org/programs/pris-world/ambassadors-told-resign-soviet-vision-2017-artisanal-cuban-charcoal</link>
 <description>President-elect Trump's Twitter attacks on car companies, and the ripple effects on both sides of the US-Mexico border. Also, the first legal Cuban import to the US in decades isn't cigars. It's artisanal charcoal for pizza ovens. Plus, the Hungarian zoo keeper working to make captive animals' lives better across the globe.&lt;img src="http://feeds.feedburner.com/~r/pri/theworld/~4/ffpIFm4ORHc" height="1" width="1" alt=""/&gt;</description>
 <author>PRI's The World</author>
 
 <guid isPermaLink="false">http://www.pri.org/programs/pris-world/ambassadors-told-resign-soviet-vision-2017-artisanal-cuban-charcoal</guid>
 <pubDate>Fri, 06 Jan 2017 16:17:39 -0500</pubDate>
 <source url="http://www.pri.org/programs/3704/episodes/feed">PRI's The World: Latest Edition</source>
 <itunes:subtitle>President-elect Trump's Twitter attacks on car companies, and the ripple effects on both sides of the US-Mexico border. Also, the first legal Cuban import to the US in decades isn't cigars. It's artisanal charcoal for pizza ovens. Plus, the Hungarian zoo keeper working to make captive animals' lives better across the globe.</itunes:subtitle>
 <itunes:summary>President-elect Trump's Twitter attacks on car companies, and the ripple effects on both sides of the US-Mexico border. Also, the first legal Cuban import to the US in decades isn't cigars. It's artisanal charcoal for pizza ovens. Plus, the Hungarian zoo keeper working to make captive animals' lives better across the globe.</itunes:summary>
 <itunes:author>PRI's The World</itunes:author>
<media:content url="http://feedproxy.google.com/~r/pri/theworld/~5/g4lGz_fe_co/01062017full.mp3" fileSize="21779725" type="audio/mpeg" /><itunes:explicit>no</itunes:explicit><enclosure url="http://feedproxy.google.com/~r/pri/theworld/~5/g4lGz_fe_co/01062017full.mp3" length="21779725" type="audio/mpeg" /><feedburner:origEnclosureLink>http://www.podtrac.com/pts/redirect.mp3/cdn.pri.org/sites/default/files/pris-world/episode-audio/01062017full.mp3</feedburner:origEnclosureLink></item>
 <item> <title>Senate hearing on Russian hacking, Idlib at night, Thai strongman pop</title>
 <link>http://www.pri.org/programs/pris-world/senate-hearing-russian-hacking-idlib-night-thai-strongman-pop</link>
 <description>Russia's alleged hacking of the US election gets a Congressional hearing. Also, a Democratic senator from Minnesota gives us her thoughts on working with the incoming Trump Administration. And a mayor in Indiana takes a page out of the British traffic playbook.&lt;img src="http://feeds.feedburner.com/~r/pri/theworld/~4/i7FAcPPcM_k" height="1" width="1" alt=""/&gt;</description>
 <author>PRI's The World</author>
 
 <guid isPermaLink="false">http://www.pri.org/programs/pris-world/senate-hearing-russian-hacking-idlib-night-thai-strongman-pop</guid>
 <pubDate>Thu, 05 Jan 2017 16:15:39 -0500</pubDate>
 <source url="http://www.pri.org/programs/3704/episodes/feed">PRI's The World: Latest Edition</source>
 <itunes:subtitle>Russia's alleged hacking of the US election gets a Congressional hearing. Also, a Democratic senator from Minnesota gives us her thoughts on working with the incoming Trump Administration. And a mayor in Indiana takes a page out of the British traffic playbook.</itunes:subtitle>
 <itunes:summary>Russia's alleged hacking of the US election gets a Congressional hearing. Also, a Democratic senator from Minnesota gives us her thoughts on working with the incoming Trump Administration. And a mayor in Indiana takes a page out of the British traffic playbook.</itunes:summary>
 <itunes:author>PRI's The World</itunes:author>
<media:content url="http://feedproxy.google.com/~r/pri/theworld/~5/ul9GPevDQeE/01052017full.mp3" fileSize="21797609" type="audio/mpeg" /><itunes:explicit>no</itunes:explicit><enclosure url="http://feedproxy.google.com/~r/pri/theworld/~5/ul9GPevDQeE/01052017full.mp3" length="21797609" type="audio/mpeg" /><feedburner:origEnclosureLink>http://www.podtrac.com/pts/redirect.mp3/cdn.pri.org/sites/default/files/pris-world/episode-audio/01052017full.mp3</feedburner:origEnclosureLink></item>
 <item> <title>Trump's tweets on intelligence, Islam and the environment, migrants stay in Mexico</title>
 <link>http://www.pri.org/programs/pris-world/trumps-tweets-intelligence-islam-and-environment-migrants-stay-mexico</link>
 <description>A former CIA analyst on Trump's public disagreements with the intelligence community. Plus, the many meanings of the word "hack." And an expedition to "The Lost City of the Monkey God."&lt;img src="http://feeds.feedburner.com/~r/pri/theworld/~4/EkSBfN8Q-OI" height="1" width="1" alt=""/&gt;</description>
 <author>PRI's The World</author>
 
 <guid isPermaLink="false">http://www.pri.org/programs/pris-world/trumps-tweets-intelligence-islam-and-environment-migrants-stay-mexico</guid>
 <pubDate>Wed, 04 Jan 2017 16:27:12 -0500</pubDate>
 <source url="http://www.pri.org/programs/3704/episodes/feed">PRI's The World: Latest Edition</source>
 <itunes:subtitle>A former CIA analyst on Trump's public disagreements with the intelligence community. Plus, the many meanings of the word "hack." And an expedition to "The Lost City of the Monkey God."</itunes:subtitle>
 <itunes:summary>A former CIA analyst on Trump's public disagreements with the intelligence community. Plus, the many meanings of the word "hack." And an expedition to "The Lost City of the Monkey God."</itunes:summary>
 <itunes:author>PRI's The World</itunes:author>
<media:content url="http://feedproxy.google.com/~r/pri/theworld/~5/q0SJgq9D2sQ/01042017full.mp3" fileSize="22064265" type="audio/mpeg" /><itunes:explicit>no</itunes:explicit><enclosure url="http://feedproxy.google.com/~r/pri/theworld/~5/q0SJgq9D2sQ/01042017full.mp3" length="22064265" type="audio/mpeg" /><feedburner:origEnclosureLink>http://www.podtrac.com/pts/redirect.mp3/cdn.pri.org/sites/default/files/pris-world/episode-audio/01042017full.mp3</feedburner:origEnclosureLink></item>
 <item> <title>Ethics in the Americas, leaving Istanbul, virtual preservation</title>
 <link>http://www.pri.org/programs/pris-world/ethics-americas-leaving-istanbul-virtual-preservation</link>
 <description>The ethics controversy in Washington resonates in Latin America. Also, a look back at how President Nixon tried to undermine President Johnson's Vietnam peace efforts. Plus, using drones to virtually preserve antiquities in war zones.&lt;img src="http://feeds.feedburner.com/~r/pri/theworld/~4/Te1KNbiIY6Y" height="1" width="1" alt=""/&gt;</description>
 <author>PRI's The World</author>
 
 <guid isPermaLink="false">http://www.pri.org/programs/pris-world/ethics-americas-leaving-istanbul-virtual-preservation</guid>
 <pubDate>Tue, 03 Jan 2017 16:54:27 -0500</pubDate>
 <source url="http://www.pri.org/programs/3704/episodes/feed">PRI's The World: Latest Edition</source>
 <itunes:subtitle>The ethics controversy in Washington resonates in Latin America. Also, a look back at how President Nixon tried to undermine President Johnson's Vietnam peace efforts. Plus, using drones to virtually preserve antiquities in war zones. </itunes:subtitle>
 <itunes:summary>The ethics controversy in Washington resonates in Latin America. Also, a look back at how President Nixon tried to undermine President Johnson's Vietnam peace efforts. Plus, using drones to virtually preserve antiquities in war zones. </itunes:summary>
 <itunes:author>PRI's The World</itunes:author>
<media:content url="http://feedproxy.google.com/~r/pri/theworld/~5/tqtRaQlrcNc/01032017full.mp3" fileSize="22101486" type="audio/mpeg" /><itunes:explicit>no</itunes:explicit><enclosure url="http://feedproxy.google.com/~r/pri/theworld/~5/tqtRaQlrcNc/01032017full.mp3" length="22101486" type="audio/mpeg" /><feedburner:origEnclosureLink>http://www.podtrac.com/pts/redirect.mp3/cdn.pri.org/sites/default/files/pris-world/episode-audio/01032017full.mp3</feedburner:origEnclosureLink></item>
 <item> <title>ISIS report card, deflecting a hijab grab, Bambi artist Tyrus Wong</title>
 <link>http://www.pri.org/programs/pris-world/isis-report-card-deflecting-hijab-grab-bambi-artist-tyrus-wong</link>
 <description>How the fight against ISIS is going, as the group claims responsibility for attacks in Iraq and Turkey. Plus, a guidebook that aims to help migrants and refugees arriving in Europe. Also, a program that teaches self-defense for Muslim women. And the Chinese-born illustrator who helped turn Bambi into a Disney classic.&lt;img src="http://feeds.feedburner.com/~r/pri/theworld/~4/ca4pIpq5qyE" height="1" width="1" alt=""/&gt;</description>
 <author>PRI's The World</author>
 
 <guid isPermaLink="false">http://www.pri.org/programs/pris-world/isis-report-card-deflecting-hijab-grab-bambi-artist-tyrus-wong</guid>
 <pubDate>Mon, 02 Jan 2017 16:22:38 -0500</pubDate>
 <source url="http://www.pri.org/programs/3704/episodes/feed">PRI's The World: Latest Edition</source>
 <itunes:subtitle>How the fight against ISIS is going, as the group claims responsibility for attacks in Iraq and Turkey. Plus, a guidebook that aims to help migrants and refugees arriving in Europe. Also, a program that teaches self-defense for Muslim women. And the Chinese-born illustrator who helped turn Bambi into a Disney classic.</itunes:subtitle>
 <itunes:summary>How the fight against ISIS is going, as the group claims responsibility for attacks in Iraq and Turkey. Plus, a guidebook that aims to help migrants and refugees arriving in Europe. Also, a program that teaches self-defense for Muslim women. And the Chinese-born illustrator who helped turn Bambi into a Disney classic.</itunes:summary>
 <itunes:author>PRI's The World</itunes:author>
<media:content url="http://feedproxy.google.com/~r/pri/theworld/~5/KX0L43g0U_I/01022017full_1.mp3" fileSize="21791993" type="audio/mpeg" /><itunes:explicit>no</itunes:explicit><enclosure url="http://feedproxy.google.com/~r/pri/theworld/~5/KX0L43g0U_I/01022017full_1.mp3" length="21791993" type="audio/mpeg" /><feedburner:origEnclosureLink>http://www.podtrac.com/pts/redirect.mp3/cdn.pri.org/sites/default/files/pris-world/episode-audio/01022017full_1.mp3</feedburner:origEnclosureLink></item>
<media:credit role="author">PRI</media:credit><media:rating>nonadult</media:rating><media:description type="plain">Host Marco Werman and his team of producers bring you the world's most interesting stories in an hour that reminds us just how small our planet really is. PRI's The World, the radio program, is heard on over 300 stations across North America.</media:description></channel>
</rss>
