<!DOCTYPE html>
<html lang="fr" dir="ltr"
  xmlns:fb="http://ogp.me/ns/fb#"
  xmlns:og="http://ogp.me/ns#"
  xmlns:article="http://ogp.me/ns/article#"
  xmlns:book="http://ogp.me/ns/book#"
  xmlns:profile="http://ogp.me/ns/profile#">
<head>
<!--[if IE]><![endif]-->
<meta http-equiv="Content-Type" content="text/html; charset=utf-8" />
<link rel="dns-prefetch" href="//stats.g.doubleclick.net" />
<link rel="dns-prefetch" href="//www.google-analytics.com" />
<link rel="preconnect" href="//static.kameleoon.com" />
<link rel="preconnect" href="//stats.g.doubleclick.net" />
<link rel="dns-prefetch" href="//static.kameleoon.com" />
<link rel="preconnect" href="//www.google-analytics.com" />
<link rel="profile" href="http://www.w3.org/1999/xhtml/vocab" />
<link rel="manifest" href="http://www.courrierinternational.com/sites/ci_master/themes/ci/images/manifest.json" />
<link rel="shortcut icon" href="http://www.courrierinternational.com/misc/favicon.ico" type="image/vnd.microsoft.icon" />
<link rel="icon" href="http://www.courrierinternational.com/sites/ci_master/themes/ci/images/android-chrome-144x144.png" sizes="144x144" />
<link rel="apple-touch-icon" href="http://www.courrierinternational.com/sites/ci_master/themes/ci/images/apple-touch-icon-76x76.png" sizes="76x76" />
<link rel="apple-touch-icon" href="http://www.courrierinternational.com/sites/ci_master/themes/ci/images/apple-touch-icon-72x72.png" sizes="72x72" />
<link rel="apple-touch-icon" href="http://www.courrierinternational.com/sites/ci_master/themes/ci/images/apple-touch-icon-60x60.png" sizes="60x60" />
<link rel="icon" href="http://www.courrierinternational.com/sites/ci_master/themes/ci/images/android-chrome-96x96.png" sizes="96x96" />
<link rel="icon" href="http://www.courrierinternational.com/sites/ci_master/themes/ci/images/android-chrome-36x36.png" sizes="36x36" />
<link rel="icon" href="http://www.courrierinternational.com/sites/ci_master/themes/ci/images/android-chrome-192x192.png" sizes="192x192" />
<link rel="apple-touch-icon" href="http://www.courrierinternational.com/sites/ci_master/themes/ci/images/apple-touch-icon-144x144.png" sizes="144x144" />
<link rel="apple-touch-icon" href="http://www.courrierinternational.com/sites/ci_master/themes/ci/images/apple-touch-icon-120x120.png" sizes="120x120" />
<link rel="apple-touch-icon" href="http://www.courrierinternational.com/sites/ci_master/themes/ci/images/apple-touch-icon-152x152.png" sizes="152x152" />
<link rel="apple-touch-icon" href="http://www.courrierinternational.com/sites/ci_master/themes/ci/images/apple-touch-icon-114x114.png" sizes="114x114" />
<link rel="apple-touch-icon" href="http://www.courrierinternational.com/sites/ci_master/themes/ci/images/apple-touch-icon-57x57.png" sizes="57x57" />
<link rel="apple-touch-icon" href="http://www.courrierinternational.com/sites/ci_master/themes/ci/images/apple-touch-icon-180x180.png" sizes="180x180" />
<link rel="icon" href="http://www.courrierinternational.com/sites/ci_master/themes/ci/images/android-chrome-72x72.png" sizes="72x72" />
<link rel="icon" href="http://www.courrierinternational.com/sites/ci_master/themes/ci/images/android-chrome-48x48.png" sizes="48x48" />
<link rel="image_src" href="http://www.courrierinternational.com/sites/ci_master/files/styles/image_original_765/public/afp/13a0183c9a0881182bd4754ac08dcb82bd37c253.jpg?itok=oe9djXps" />
<meta name="description" content="Le président élu américain Donald Trump a estimé que la chancelière allemande Angela Merkel avait commis &quot;une erreur catastrophique&quot; en ouvrant les frontières de" />
<meta http-equiv="X-Yadis-Location" content="http://www.courrierinternational.com/xrds" />
<meta http-equiv="X-XRDS-Location" content="http://www.courrierinternational.com/xrds" />
<link rel="openid.server" href="http://www.courrierinternational.com/openid/provider" />
<link rel="openid2.provider" href="http://www.courrierinternational.com/openid/provider" />
<meta name="generator" content="Drupal 7 (http://drupal.org)" />
<meta name="viewport" content="width=device-width, initial-scale=1.0" />
<link rel="canonical" href="http://www.courrierinternational.com/depeche/trump-denonce-lerreur-catastrophique-de-merkel-sur-les-refugies.afp.com.20170115.doc.k04qa.xml" />
<link rel="shortlink" href="http://www.courrierinternational.com/depeche/trump-denonce-lerreur-catastrophique-de-merkel-sur-les-refugies.afp.com.20170115.doc.k04qa.xml" />
<meta property="fb:admins" content="100000342737184" />
<meta property="fb:app_id" content="140594762629032" />
<meta property="og:site_name" content="Courrier international" />
<meta property="og:type" content="article" />
<meta property="og:url" content="http://www.courrierinternational.com/depeche/trump-denonce-lerreur-catastrophique-de-merkel-sur-les-refugies.afp.com.20170115.doc.k04qa.xml" />
<meta property="og:title" content="Trump dénonce l&#039;&quot;erreur catastrophique&quot; de Merkel sur les réfugiés" />
<meta property="og:description" content="Le président élu américain Donald Trump a estimé que la chancelière allemande Angela Merkel avait commis &quot;une erreur catastrophique&quot; en ouvrant les frontières de" />
<meta property="og:image" content="http://www.courrierinternational.com/sites/ci_master/files/styles/image_original_765/public/afp/13a0183c9a0881182bd4754ac08dcb82bd37c253.jpg?itok=oe9djXps" />
<meta name="twitter:card" content="summary" />
<meta name="twitter:site" content="@courrierinter" />
<meta name="twitter:creator" content="@courrierinter" />
<meta name="twitter:url" content="http://www.courrierinternational.com/depeche/trump-denonce-lerreur-catastrophique-de-merkel-sur-les-refugies.afp.com.20170115.doc.k04qa.xml" />
<meta name="twitter:title" content="Trump dénonce l&#039;&quot;erreur catastrophique&quot; de Merkel sur les réfugiés" />
<meta property="article:published_time" content="2017-01-15T22:29:31+01:00" />
<meta property="article:modified_time" content="2017-01-15T22:29:31+01:00" />
<meta name="msapplication-TileColor" content="#ffffff" />
<meta name="msapplication-TileImage" content="http://www.courrierinternational.com/sites/ci_master/themes/ci/images/mstile-144x144.png" />
<meta name="msapplication-config" content="http://www.courrierinternational.com/sites/ci_master/themes/ci/images/browserconfig.xml" />
<meta name="theme-color" content="#ffffff" />
<title>Trump dénonce l&#039;&quot;erreur catastrophique&quot; de Merkel sur les réfugiés | Courrier international</title>
<link type="text/css" rel="stylesheet" href="http://www.courrierinternational.com/sites/ci_master/files/advagg_css/css__MhZXr41Llcp-B3rYEB6tOg_uJ29bLoZ9nNLmWXLDwsw__EKrRTiDgClnU3kA61HCbmoTgXC2jdpGz4dR1v2hCY08__-aEninSre6MdDUBLOPm2OpQRrwmzWWyqstLsE1nImjQ.css" media="all" />

<!--[if lte IE 9]>
<link type="text/css" rel="stylesheet" href="http://www.courrierinternational.com/sites/ci_master/files/advagg_css/css__E-6FyV9tPvfIIjnNfeMutZS8Qk8H3FEqyXjpuKHbEX0__BD9kuIe8I5jl0o8G3Pe9_EqA3qoKAXSPSA3RaWMQ7tQ__-aEninSre6MdDUBLOPm2OpQRrwmzWWyqstLsE1nImjQ.css" media="all" />
<![endif]-->
<link type="text/css" rel="stylesheet" href="http://www.courrierinternational.com/sites/ci_master/files/advagg_css/css__4OvWNKZqPnj6UN95MnaV2IGaPUcxcs3JOJmoCl1RtL4__X0-k2f4HSlKO7P4GMuPcGS2T5mEULGb89tSxCOuhYxA__-aEninSre6MdDUBLOPm2OpQRrwmzWWyqstLsE1nImjQ.css" media="all" />
<script src="http://www.courrierinternational.com/sites/ci_master/files/advagg_js/js__-N-EHCQ_00WzHZqm-uxEBKUEP12j1sGcMMFuktjZopQ__yu9gemo9UfBgkJ2QZ0-YmA6MaVBODs_6zORm0NHF1QE__-aEninSre6MdDUBLOPm2OpQRrwmzWWyqstLsE1nImjQ.js"></script>
<script src="http://www.courrierinternational.com/sites/ci_master/files/advagg_js/js__UIV1wJUNf2jXSesqWbCOTN8RG8pcJMFpArMp2VBgezY__Ci2vQofR_wGIOAs7XyG8yGn9a3hk4mnLU1X4WgxhRhY__-aEninSre6MdDUBLOPm2OpQRrwmzWWyqstLsE1nImjQ.js" async="async"></script>
<script src="http://www.courrierinternational.com/sites/ci_master/files/advagg_js/js__S2lldxvWkwTQIvWjBk1RTrhDSk_JAt8km3oIZnxCZfY__4mdcznWAJu2ze4bhAPPtiaVL9DAHn38QEpooxuG_qY8__-aEninSre6MdDUBLOPm2OpQRrwmzWWyqstLsE1nImjQ.js"></script>
<script>;jQuery.extend(Drupal.absolute_messages,{'dismiss':{'status':!1,'warning':!1,'error':!1},'dismiss_time':{'status':'','warning':'','error':''},'dismiss_all_count':2});</script>
<script src="http://www.courrierinternational.com/sites/ci_master/files/advagg_js/js__r4D0jDxAH5i_6Ue1y1SoZv4twIKdQIjWgfgXS4RTx2I__Sp5lYkqlxVitwaO_muRdwWOrEHc2O7co2cELQ0zBqps__-aEninSre6MdDUBLOPm2OpQRrwmzWWyqstLsE1nImjQ.js"></script>
<script>(function(e,c,o,s,a,t,n){e['GoogleAnalyticsObject']=a;e[a]=e[a]||function(){(e[a].q=e[a].q||[]).push(arguments)},e[a].l=1*new Date();t=c.createElement(o),n=c.getElementsByTagName(o)[0];t.async=1;t.src=s;n.parentNode.insertBefore(t,n)})(window,document,'script','//www.google-analytics.com/analytics.js','ga');ga('create','UA-28847272-1','auto');ga('send','pageview');</script>
<script src="http://www.courrierinternational.com/sites/ci_master/files/advagg_js/js__bq4fadmiCkN2cvwJfmfA5VqS9RqCOptQzLZyL6Dk9jU__nZbIkbxyEV-txO5s1hX-dAtOghmH_HEREn_K2g72E1A__-aEninSre6MdDUBLOPm2OpQRrwmzWWyqstLsE1nImjQ.js"></script>
<script>var googletag = googletag || {};googletag.cmd = googletag.cmd || [];(function() {var gads = document.createElement('script');gads.async = true;gads.type = 'text/javascript';var useSSL = 'https:' == document.location.protocol;gads.src = (useSSL ? 'https:' : 'http:') + '//www.googletagservices.com/tag/js/gpt.js';var node = document.getElementsByTagName('script')[0];node.parentNode.insertBefore(gads, node);})();gptDefine = {0:['depeche','rg'],1:{0:[],1:[],2:'other',3:'0',4:[],5:'0',6:'0',}};</script>
<script src="http://www.courrierinternational.com/sites/ci_master/files/advagg_js/js__VHOugqbo4OipzN8P03-LrQYvbk1gb8Jq7XbjQEytJIo__8fQQrwbC43erb-M0wYj3WG2Rlj4RdsdYDO8AzJNQnNI__-aEninSre6MdDUBLOPm2OpQRrwmzWWyqstLsE1nImjQ.js"></script>
<script>var kameleoonLoadingTimeout = 1000;var kameleoonStartLoadTime = new Date().getTime();if (! document.getElementById("kameleoonLoadingStyleSheet") && ! window.kameleoonDisplayPageTimeOut){var kameleoonS = document.getElementsByTagName("script")[0];var kameleoonCc = "* { visibility: hidden !important; background-image: none !important; }";var kameleoonStn = document.createElement("style");kameleoonStn.type = "text/css";kameleoonStn.id = "kameleoonLoadingStyleSheet";if (kameleoonStn.styleSheet){kameleoonStn.styleSheet.cssText = kameleoonCc;}else{kameleoonStn.appendChild(document.createTextNode(kameleoonCc));}kameleoonS.parentNode.insertBefore(kameleoonStn, kameleoonS);window.kameleoonDisplayPage = function(){if (kameleoonStn.parentNode){kameleoonStn.parentNode.removeChild(kameleoonStn);}};window.kameleoonDisplayPageTimeOut = window.setTimeout(window.kameleoonDisplayPage, kameleoonLoadingTimeout);}</script>
<script src="//static.kameleoon.com/css/customers/ve28u3101b/0/kameleoon.js"></script>
<script>(function(t,n,c,d,s,e,a){t[s]=t[s]||[],t['abtiming']=1*new Date();e=n.createElement(c),a=n.getElementsByTagName(c)[0];e.async=1;e.src=d;a.parentNode.insertBefore(e,a)})(window,document,'script','//try.abtasty.com/1604a52323dd1b517f65c6dc0de4a097.js','_abtasty');</script>
<script>(function (a,d,b){var s,r,t;r=0;s=d.createElement('script');s.src=a;s.async=1;s.onload=s.onreadystatechange=function(){if(!r&&(!this.readyState||this.readyState=='complete')){r=1;b();}};t=d.getElementsByTagName('script')[0];t.parentNode.insertBefore(s,t);})('//bettwsabergele.ternhillachlain.com/reffed.js', document, function() {new adback.API().initialize();})</script>
<script src="http://www.courrierinternational.com/sites/ci_master/files/advagg_js/js__YzRJXmmF8fc_A-1PKvgFg0rTRl1caqXUAJE87NtnduU__O0tMzUDLOBCtOT8RVi4VsCvKndYBuYDiDbxYxCoz5B0__-aEninSre6MdDUBLOPm2OpQRrwmzWWyqstLsE1nImjQ.js"></script>
<script>;jQuery.extend(Drupal.settings,{"basePath":"\/","pathPrefix":"","ajaxPageState":{"theme":"ci","theme_token":"42SaTRl7tRmG1JnN9ooqieC5NzryMrQOBemvFPxmlDs","css":{"modules\/field\/theme\/field.css":1,"sites\/all\/modules\/contrib\/menu_attach_block\/menu_attach_block.css":1,"modules\/node\/node.css":1,"modules\/user\/user.css":1,"sites\/all\/modules\/contrib\/asset\/css\/assets.css":1,"sites\/all\/modules\/contrib\/views\/css\/views.css":1,"sites\/all\/modules\/contrib\/absolute_messages\/absolute_messages.css":1,"sites\/all\/modules\/contrib\/ctools\/css\/ctools.css":1,"sites\/all\/modules\/contrib\/panels\/css\/panels.css":1,"sites\/all\/modules\/contrib\/typogrify\/typogrify.css":1,"sites\/ci_master\/libraries\/remodal\/remodal.css":1,"sites\/ci_master\/libraries\/remodal\/remodal-default-theme.css":1,"sites\/ci_master\/libraries\/jquery.mmenu\/jquery.mmenu.css":1,"sites\/ci_master\/libraries\/jquery.mmenu\/jquery.mmenu.positioning.css":1,"sites\/ci_master\/libraries\/jquery.mmenu\/jquery.mmenu.multiline.css":1,"sites\/ci_master\/libraries\/jquery.mmenu\/jquery.mmenu.toggles.css":1,"sites\/ci_master\/libraries\/jquery.slick\/slick.css":1,"sites\/ci_master\/libraries\/jquery.slick\/slick-theme.css":1,"sites\/ci_master\/themes\/ci\/layouts\/ci_generic\/ci_generic.css":1,"sites\/ci_master\/themes\/ci\/css\/ci.legacy.css":1,"sites\/ci_master\/themes\/ci\/css\/ci.global.css":1,"sites\/ci_master\/themes\/ci\/css\/ci.page-special.css":1},"js":{"sites\/ci_master\/libraries\/modernizr\/modernizr-min.js":1,"sites\/all\/modules\/contrib\/jquery_update\/replace\/jquery\/1.11\/jquery.min.js":1,"misc\/jquery.once.js":1,"misc\/drupal.js":1,"sites\/ci_master\/modules\/custom\/ci_srcset\/lazysizes\/lazysizes.min.js":1,"sites\/all\/modules\/contrib\/jquery_update\/replace\/ui\/external\/jquery.cookie.js":1,"sites\/ci_master\/modules\/custom\/ui_elements\/js\/ui_elements_ajax_commands.js":1,"public:\/\/languages\/fr_B86DNb3FOhFZ3dGIG-RJLHDmDb4c8j1QqOO27UWcNJs.js":1,"sites\/all\/modules\/contrib\/absolute_messages\/absolute_messages.js":1,"sites\/ci_master\/libraries\/remodal\/remodal.js":1,"sites\/ci_master\/libraries\/pep\/pep.js":1,"sites\/ci_master\/libraries\/elementquery\/elementQuery.min.js":1,"sites\/ci_master\/libraries\/jquery.localScroll\/jquery.localScroll.js":1,"sites\/ci_master\/libraries\/jquery.scrollTo\/jquery.scrollTo.js":1,"sites\/ci_master\/libraries\/jquery.throttle\/jquery.throttle.js":1,"sites\/ci_master\/libraries\/jquery.mmenu\/jquery.mmenu.min.js":1,"sites\/ci_master\/libraries\/jquery.mmenu\/jquery.mmenu.toggles.min.js":1,"sites\/ci_master\/libraries\/jquery.slick\/slick.min.js":1,"sites\/ci_master\/themes\/ci\/js\/ci.library.js":1,"sites\/ci_master\/themes\/ci\/js\/ci.behaviors.js":1,"sites\/ci_master\/themes\/ci\/js\/gpt-header.js":1,"\/\/static.kameleoon.com\/css\/customers\/ve28u3101b\/0\/kameleoon.js":1,"sites\/ci_master\/themes\/ci\/js\/ci.behaviors-user-anon.js":1}},"better_exposed_filters":{"views":{"civ_mostpopular_most_viewed":{"displays":{"pane_most_viewed":{"filters":[]}}},"civ_mostpopular_most_interacted":{"displays":{"pane_sidebar_most_interacted":{"filters":[]}}},"ci_issues_list":{"displays":{"issues_last_magazine_panel_pane":{"filters":[]},"issues_last_hors_serie_panel_pane":{"filters":[]},"issues_last_magazine_od_panel_pane":{"filters":[]}}}}},"currentPath":"depeche\/trump-denonce-lerreur-catastrophique-de-merkel-sur-les-refugies.afp.com.20170115.doc.k04qa.xml","currentPathIsAdmin":false,"urlIsAjaxTrusted":{"\/login?destination=depeche\/trump-denonce-lerreur-catastrophique-de-merkel-sur-les-refugies.afp.com.20170115.doc.k04qa.xml":true},"ci_mmenu_title_login":"Connexion","ci_status":1});</script>
</head>
<body class="html not-front not-logged-in no-sidebars page-depeche page-depeche-trump-denonce-lerreur-catastrophique-de-merkel-sur-les-refugiesafpcom20170115dock04qaxml   i18n-fr ci-channel-default ci-content-special ci-page-default" id="top">
<a href="#site-main" class="element-invisible element-focusable">
Aller au contenu principal</a>
<div class="gptcontainer"><div id="gpt_21487" class="ad"></div></div><div class="gptcontainer"><div id="gpt_21486" class="ad"></div></div><header class="site-header" id="site-header" role="banner"><ul class="header-links"><li class="item social"><a class="fb" href="//www.facebook.com/courrierinternational.com" target="_blank"></a></li><li class="item social"><a class="tw" href="https://twitter.com/courrierinter" target="_blank"></a></li><li class="item social"><a class="gp" href="https://plus.google.com/115176367954551059084" target="_blank"></a></li><li class="item social"><a class="rss" href="/feed/all/rss.xml"></a></li><li class="item social"><a class="nl" href="/pages/newsletters"></a></li><li class="item social"><a class="mob" href="/mobile"></a></li><li class="item partners"><h2 id="partner-button" box-selected="false">Partenaires</h2><ul class="partner-menu" id="partner-menu" box-hidden="true"><li class="item"><a href="//shopping.courrierinternational.com">Comparateur de prix</a></li><li class="item"><a href="//shopping.courrierinternational.com/hi_fi_photo_video.htm">Sélection High Tech</a></li><li class="item"><a href="/encheres-barnebys">Enchères</a></li><li class="item"><a href="/cours-anglais-un-mois-offert">Cours d'anglais</a></li><li class="item"><a href="/cours-francais">Cours de français</a></li><li class="item"><a href="/cours-orthographe">Cours d'orthographe</a></li><li class="item"><a href="/expat/partenaires">Partenaires expatriation</a></li></ul></li><li class="item boutique"><a href="//boutique.courrierinternational.com">Boutique</a></li><li class="item groupe"><a href="/expat">Courrier Expat</a></li><li class="item groupe"><a href="//www.lemonde.fr" target="_blank">Le Monde</a></li><li class="item groupe"><a href="//www.telerama.fr" target="_blank">Télérama</a></li><li class="item groupe"><a href="//www.monde-diplomatique.fr" target="_blank">Le Monde diplomatique</a></li><li class="item groupe"><a href="//www.huffingtonpost.fr" target="_blank">Le Huffington Post</a></li><li class="item groupe"><a href="//www.lavie.fr" target="_blank">La Vie</a></li></ul><div id="header-navigation" class="header-navigation"> <nav id="site-nav" class="site-nav"> <a href="#menu-basic"><h2 class="nav-menu"><span class="menu-icon"></span></h2> <span class="navtext">Menu</span> </a> </nav><div class="site-search"><form class="tool-search" accept-charset="UTF-8"> <input type="text" maxlength="255" value="" class="search-box"> <input type="submit" class="search-submit" value="X"></form> <span class="navtext">Recherche</span></div><div id="site-login" class="site-login"> <a href="/login?destination=depeche/trump-denonce-lerreur-catastrophique-de-merkel-sur-les-refugies.afp.com.20170115.doc.k04qa.xml"><span class="icon"></span><span class="navtext">Connexion</span></a></div><div class="view view-ci-issues-list view-id-ci_issues_list view-display-id-issues_last_magazine_od_panel_pane view-dom-id-cbced0126ff2a1315ab9ff675063a35b"><h2 class="title-section"></h2><div class="site-hebdo"> <a href="http://boutique.courrierinternational.com/les-offres-d-abonnement-1.html?utm_source=site-CO&utm_medium=bouton&utm_campaign=header-abo" rel="nofollow"><div class="hebdo-image"><div class="wrap"><img src="data:image/gif;base64,R0lGODlhAQABAAAAACH5BAEKAAEALAAAAAABAAEAAAICTAEAOw==" data-srcset="http://www.courrierinternational.com/sites/ci_master/files/styles/image_original_320/public/assets/images/couv1367.png?itok=RxG5G7KV 320w, http://www.courrierinternational.com/sites/ci_master/files/styles/image_original_765/public/assets/images/couv1367.png?itok=DweMC6oH 765w" data-src="http://www.courrierinternational.com/sites/ci_master/files/styles/image_original_320/public/assets/images/couv1367.png?itok=RxG5G7KV" alt="Poutine est-il si fort ?" sizes="(max-width:759px) 100vw, 50vw" class="lazyload"></div></div><div class="hebdo-abo">Je m'abonne</div><div class="hebdo-price">À partir de 1 €</div> </a></div></div> <a href="/" class="site-logo"><img class="site-title" src="/sites/ci_master/themes/ci/images/logos/logoCI-default.svg" alt="Courrier international"></a></div><div class="header-now"><ul class="now-items"><li class="item"><a href="http://www.courrierinternational.com/sujet/attentat-en-turquie">Attentat en Turquie</a></li><li class="item"><a href="http://www.courrierinternational.com/sujet/donald-trump">Donald Trump</a></li><li class="item"><a href="http://www.courrierinternational.com/sujet/guerre-en-syrie">Syrie</a></li><li class="item"><a href="http://www.courrierinternational.com/evenement/les-mots-des-autres">Les mots des autres</a></li><li class="item"><a href="http://www.courrierinternational.com/horoscope">Horoscope</a></li></ul></div> </header><div class="site-content-wrap" id="content_mmenu" min-width="985px 1265px"><div class="site-main-wrap" id="habillagepub"><div class="gptcontainer"><div id="gpt_21482" class="ad"></div></div><main class="site-main" id="site-main"><div class="tabs"></div><div class="layout-ci-generic site-region-1" id="site-region-1"><div class="depeche" itemscope itemtype="http://schema.org/NewsArticle"> <header class="depeche-header"><h1 class="depeche-title" itemprop="headline">Trump dénonce l'"erreur catastrophique" de Merkel sur les réfugiés</h1><div class="date"> <span class="source" >Londres (AFP)</span> <time itemprop="datePublished" datetime="2017-01-15T22:29:31+01:00"> 15.01.2017 - 23:29 </time></div> </header><figure class="depeche-illustration" itemprop="image" itemscope itemtype="http://schema.org/ImageObject"> <img itemprop="url" src="http://www.courrierinternational.com/sites/ci_master/files/styles/image_original_765/public/afp/13a0183c9a0881182bd4754ac08dcb82bd37c253.jpg?itok=oe9djXps" alt="" /><figcaption itemprop="description">Donald Trump lors d'une conférence de presse, à la Trump Tower, le 11 janvier 2017. - <span itemprop="copyrightHolder">AFP/Archives</span></figcaption></figure><div class="share-buttons"> <a href="https://www.facebook.com/sharer/sharer.php?u=http://www.courrierinternational.com/depeche/trump-denonce-lerreur-catastrophique-de-merkel-sur-les-refugies.afp.com.20170115.doc.k04qa.xml" class="share fb" title="Partager sur Facebook" onclick="window.open(this.href,'', 'menubar=no,toolbar=no,resizable=yes,scrollbars=yes,height=600,width=600');return false;" rel="nofollow"></a> <a href="https://twitter.com/intent/tweet?url=http://www.courrierinternational.com/depeche/trump-denonce-lerreur-catastrophique-de-merkel-sur-les-refugies.afp.com.20170115.doc.k04qa.xml&amp;via=courrierinter&amp;text=Trump dénonce l&#039;&quot;erreur catastrophique&quot; de Merkel sur les réfugiés" class="share tw" title="Partager sur Twitter" onclick="window.open(this.href,'', 'menubar=no,toolbar=no,resizable=yes,scrollbars=yes,height=600,width=600');return false;" rel="nofollow"></a> <a href="https://plus.google.com/share?url=http://www.courrierinternational.com/depeche/trump-denonce-lerreur-catastrophique-de-merkel-sur-les-refugies.afp.com.20170115.doc.k04qa.xml" class="share gp" title="Partager sur Google+" onclick="window.open(this.href,'sharegp','menubar=no,toolbar=no,resizable=yes,scrollbars=yes,height=600,width=600');return false;" rel="nofollow"></a></div><div class="depeche-text" itemprop="articleBody"><p>Le pr&#xE9;sident &#xE9;lu am&#xE9;ricain Donald Trump a estim&#xE9; que la chanceli&#xE8;re allemande Angela Merkel avait commis "une erreur catastrophique" en ouvrant les fronti&#xE8;res de son pays aux r&#xE9;fugi&#xE9;s, dans un entretien aux quotidiens Times et Bild dimanche.</p><p>"Je pense qu'elle a fait une erreur catastrophique et que c'&#xE9;tait de prendre tous ces migrants ill&#xE9;gaux, de prendre tous ces gens d'o&#xF9; qu'ils viennent", a d&#xE9;clar&#xE9; M. Trump.</p></div><div class="depeche-services-1"><div class="OUTBRAIN" data-src="http://www.courrierinternational.com/depeche/trump-denonce-lerreur-catastrophique-de-merkel-sur-les-refugies.afp.com.20170115.doc.k04qa.xml" data-widget-id="AR_9" data-ob-template="courrierinternational" ></div><div class="OUTBRAIN" data-src="http://www.courrierinternational.com/depeche/trump-denonce-lerreur-catastrophique-de-merkel-sur-les-refugies.afp.com.20170115.doc.k04qa.xml" data-widget-id="AR_10" data-ob-template="courrierinternational" ></div><div class="OUTBRAIN" data-src="http://www.courrierinternational.com/depeche/trump-denonce-lerreur-catastrophique-de-merkel-sur-les-refugies.afp.com.20170115.doc.k04qa.xml" data-widget-id="AR_11" data-ob-template="courrierinternational" ></div><div class="OUTBRAIN" data-src="http://www.courrierinternational.com/depeche/trump-denonce-lerreur-catastrophique-de-merkel-sur-les-refugies.afp.com.20170115.doc.k04qa.xml" data-widget-id="MB_1" data-ob-template="courrierinternational" ></div></div><div class="depeche-services-video"><div id="ultimedia_container"><div id="ultimedia_wrapper"></div>
<script type="text/javascript">var zone_u = [2,2];var ULTIMEDIA_mdtk = "01958058";var ULTIMEDIA_zone = zone_u[0];var ULTIMEDIA_target = "ultimedia_wrapper";var ULTIMEDIA_async = true; </script>
</div></div></div></div><div class="layout-ci-generic site-region-2" id="site-region-2"><section class="view view-civ-mostpopular-most-viewed view-id-civ_mostpopular_most_viewed view-display-id-pane_most_viewed view-dom-id-6f13be9e007ebb1e7bcadc33ca60d2ac"><h2 class="title-section">Les plus lus</h2> <article class="item"><a href="/article/vu-des-etats-unis-les-dessous-de-la-visite-de-le-pen-la-trump-tower"><h2 class="title"><span class="strapline">Vu des États-Unis.</span> Les dessous de la visite de Le Pen à la Trump Tower</h2> <a data-url="http://www.courrierinternational.com/article/vu-des-etats-unis-les-dessous-de-la-visite-de-le-pen-la-trump-tower" href="https://www.facebook.com/sharer/sharer.php?u=http://www.courrierinternational.com/article/vu-des-etats-unis-les-dessous-de-la-visite-de-le-pen-la-trump-tower" class="social-share-action fb" title="Partager sur Facebook" onclick="window.open(this.href,'', 'menubar=no,toolbar=no,resizable=yes,scrollbars=yes,height=600,width=600');return false;" rel="nofollow"> <span class="share-text">Partager</span> </a></a></article> <article class="item"><a href="/article/etats-unis-donald-trump-sen-prend-une-icone-des-droits-civiques"><h2 class="title"><span class="strapline">Etats-Unis.</span> Donald Trump s&#039;en prend à une icône des droits civiques</h2> <a data-url="http://www.courrierinternational.com/article/etats-unis-donald-trump-sen-prend-une-icone-des-droits-civiques" href="https://www.facebook.com/sharer/sharer.php?u=http://www.courrierinternational.com/article/etats-unis-donald-trump-sen-prend-une-icone-des-droits-civiques" class="social-share-action fb" title="Partager sur Facebook" onclick="window.open(this.href,'', 'menubar=no,toolbar=no,resizable=yes,scrollbars=yes,height=600,width=600');return false;" rel="nofollow"> <span class="share-text">Partager</span> </a></a></article> <article class="item"><a href="/revue-de-presse/otan-debarquement-americain-dans-lest-de-leurope"><h2 class="title"><span class="strapline">Otan.</span> Débarquement américain dans l’Est de l’Europe</h2> <a data-url="http://www.courrierinternational.com/revue-de-presse/otan-debarquement-americain-dans-lest-de-leurope" href="https://www.facebook.com/sharer/sharer.php?u=http://www.courrierinternational.com/revue-de-presse/otan-debarquement-americain-dans-lest-de-leurope" class="social-share-action fb" title="Partager sur Facebook" onclick="window.open(this.href,'', 'menubar=no,toolbar=no,resizable=yes,scrollbars=yes,height=600,width=600');return false;" rel="nofollow"> <span class="share-text">Partager</span> </a></a></article> <article class="item"><a href="/article/arabie-saoudite-la-folie-depensiere-de-la-famille-royale"><h2 class="title"><span class="strapline">Arabie Saoudite.</span> La folie dépensière de la famille royale</h2> <a data-url="http://www.courrierinternational.com/article/arabie-saoudite-la-folie-depensiere-de-la-famille-royale" href="https://www.facebook.com/sharer/sharer.php?u=http://www.courrierinternational.com/article/arabie-saoudite-la-folie-depensiere-de-la-famille-royale" class="social-share-action fb" title="Partager sur Facebook" onclick="window.open(this.href,'', 'menubar=no,toolbar=no,resizable=yes,scrollbars=yes,height=600,width=600');return false;" rel="nofollow"> <span class="share-text">Partager</span> </a></a></article> <article class="item"><a href="/diaporama/photographie-la-semaine-en-images-6-13-janvier"><h2 class="title"><span class="strapline">Photographie.</span> La semaine en images (6-13 janvier)</h2> <a data-url="http://www.courrierinternational.com/diaporama/photographie-la-semaine-en-images-6-13-janvier" href="https://www.facebook.com/sharer/sharer.php?u=http://www.courrierinternational.com/diaporama/photographie-la-semaine-en-images-6-13-janvier" class="social-share-action fb" title="Partager sur Facebook" onclick="window.open(this.href,'', 'menubar=no,toolbar=no,resizable=yes,scrollbars=yes,height=600,width=600');return false;" rel="nofollow"> <span class="share-text">Partager</span> </a></a></article></section><div class="gptcontainer"><div id="gpt_21483" class="ad"></div></div><div class="article-services-2"><div class="OUTBRAIN" data-src="http://www.courrierinternational.com/depeche/trump-denonce-lerreur-catastrophique-de-merkel-sur-les-refugies.afp.com.20170115.doc.k04qa.xml" data-widget-id="SB_1" data-ob-template="courrierinternational" ></div><div class="OUTBRAIN" data-src="http://www.courrierinternational.com/depeche/trump-denonce-lerreur-catastrophique-de-merkel-sur-les-refugies.afp.com.20170115.doc.k04qa.xml" data-widget-id="SB_2" data-ob-template="courrierinternational" ></div><div class="OUTBRAIN" data-src="http://www.courrierinternational.com/depeche/trump-denonce-lerreur-catastrophique-de-merkel-sur-les-refugies.afp.com.20170115.doc.k04qa.xml" data-widget-id="SB_3" data-ob-template="courrierinternational" ></div></div><section class="entity entity-bean bean-services-block cta-liste ci-services"><h2 class="title-section">Nos services</h2><div class="view view-ci-services-blocks view-id-ci_services_blocks view-display-id-marketing_push_ev view-dom-id-d802c8ec979b0bc4f87e72c50f881352"><ul class="services-list service-carousel slider-list"><li class="list-item"><div class="item"> <a href="http://www.courrierinternational.com/jeu/dessins-en-liberte"><div class="wrap"><img src="data:image/gif;base64,R0lGODlhAQABAAAAACH5BAEKAAEALAAAAAABAAEAAAICTAEAOw==" data-srcset="http://www.courrierinternational.com/sites/ci_master/files/styles/image_470/public/marketing/400x260-cta-livre-jeu.jpg?itok=XPTrP5uD 470w, http://www.courrierinternational.com/sites/ci_master/files/styles/image_235/public/marketing/400x260-cta-livre-jeu.jpg?itok=FqYE6sGW 235w" data-src="http://www.courrierinternational.com/sites/ci_master/files/styles/image_235/public/marketing/400x260-cta-livre-jeu.jpg?itok=FqYE6sGW" alt="" sizes="(max-width:759px) 100vw, 50vw" class="lazyload"></div><div class="services-text"> <strong><span class="caps">JEU</span>-<span class="caps">CONCOURS</span></strong><br />10 exemplaires du livre <em>Dessins en liberté</em> à gagner.<br /><strong>Je participe &gt;&gt;</strong></div> </a></div></li><li class="list-item"><div class="item"> <a href="http://www.courrierinternational.com/cours-anglais-un-mois-offert?utm_source=site-co&utm_medium=cta&utm_content=site&utm_campaign=cta-site"><div class="wrap"><img src="data:image/gif;base64,R0lGODlhAQABAAAAACH5BAEKAAEALAAAAAABAAEAAAICTAEAOw==" data-srcset="http://www.courrierinternational.com/sites/ci_master/files/styles/image_470/public/marketing/gymglishsite.jpg?itok=Wr1eOgmq 470w, http://www.courrierinternational.com/sites/ci_master/files/styles/image_235/public/marketing/gymglishsite.jpg?itok=xMGmp84T 235w" data-src="http://www.courrierinternational.com/sites/ci_master/files/styles/image_235/public/marketing/gymglishsite.jpg?itok=xMGmp84T" alt="" sizes="(max-width:759px) 100vw, 50vw" class="lazyload"></div><div class="services-text"> <strong><span class="caps">APPRENEZ</span> L’<span class="caps">ANGLAIS</span></strong><br />Un mois de cours d’anglais gratuit avec notre partenaire Gymglish<br /><strong>Give it a try ! &gt;</strong></div> </a></div></li><li class="list-item"><div class="item"> <a href="http://boutique.courrierinternational.com/les-offres-d-abonnement-1/offre-digitale-courrier.html?utm_source=site-CO&utm_medium=cta&utm_campaign=autopromo-boutique-homepage"><div class="wrap"><img src="data:image/gif;base64,R0lGODlhAQABAAAAACH5BAEKAAEALAAAAAABAAEAAAICTAEAOw==" data-srcset="http://www.courrierinternational.com/sites/ci_master/files/styles/image_470/public/marketing/cta-new-site-home-abo-numerique.jpg?itok=znw7fBx8 470w, http://www.courrierinternational.com/sites/ci_master/files/styles/image_235/public/marketing/cta-new-site-home-abo-numerique.jpg?itok=OIRFWY-G 235w" data-src="http://www.courrierinternational.com/sites/ci_master/files/styles/image_235/public/marketing/cta-new-site-home-abo-numerique.jpg?itok=OIRFWY-G" alt="" sizes="(max-width:759px) 100vw, 50vw" class="lazyload"></div><div class="services-text"> <strong><span class="caps">FORMULE</span> 100% <span class="caps">DIGITALE</span></strong><br />articles exclusifs + archives + l’hebdo <strong>à partir de 1€<br />Je m’abonne </strong></div> </a></div></li><li class="list-item"><div class="item"> <a href="http://www.courrierinternational.com/cours-francais?utm_source=ci.com&utm_medium=cta&utm_campaign=frantastique"><div class="wrap"><img src="data:image/gif;base64,R0lGODlhAQABAAAAACH5BAEKAAEALAAAAAABAAEAAAICTAEAOw==" data-srcset="http://www.courrierinternational.com/sites/ci_master/files/styles/image_470/public/marketing/cta_frantastique_site.jpg?itok=6WuF6Sph 470w, http://www.courrierinternational.com/sites/ci_master/files/styles/image_235/public/marketing/cta_frantastique_site.jpg?itok=mRYDKl6m 235w" data-src="http://www.courrierinternational.com/sites/ci_master/files/styles/image_235/public/marketing/cta_frantastique_site.jpg?itok=mRYDKl6m" alt="" sizes="(max-width:759px) 100vw, 50vw" class="lazyload"></div><div class="services-text"> <strong><span class="caps">COURS</span> <span class="caps">DE</span> <span class="caps">FRANÇAIS</span></strong><br />7 jours de cours de français gratuits !<br /><strong><span class="caps">DÉCOUVREZ</span> &gt;&gt;</strong></div> </a></div></li></ul></div></section><div class="gptcontainer"><div id="gpt_21484" class="ad"></div></div></div></main></div><footer class="site-footer" id="site-footer" role="contentinfo"><div class="menu-list-container" id="menu-list-container" data-contentasyncmenu="menu_list" ></div><div id="usermenu" class="menu"><ul class="user-list"><div class="user-login"><li><span class="subtitle">Vous avez déjà un compte ?</span></li><li><form action="/login?destination=depeche/trump-denonce-lerreur-catastrophique-de-merkel-sur-les-refugies.afp.com.20170115.doc.k04qa.xml" method="post" id="user-login" accept-charset="UTF-8"><div><ul><li><input placeholder="E-mail" type="text" id="edit-name" name="name" value="" size="60" maxlength="60" class="form-text required" /></li><li><input placeholder="Mot de passe" type="password" id="edit-pass" name="pass" size="60" maxlength="128" class="form-text required" /><a href="https://boutique.courrierinternational.com/customer/account/forgotpassword/" class="password-forgot" target="_blank" rel="nofollow">?</a></li><li><input class="Toggle form-checkbox" type="checkbox" id="edit-remember-me" name="remember_me" value="1" checked="checked" /><span class="memo" for="edit-remember-me">Mémoriser</span></li><li><input type="hidden" name="form_build_id" value="form-pakpvAweyZ0WpxXUIq_Nqr_EDh0ZEaCL5fr0na1zuZs" /><input type="hidden" name="form_id" value="user_login" /><input tabindex="1" type="submit" id="edit-submit" name="op" value="Se connecter" class="form-submit" /></li></ul></div></form></li></div><div class="user-create"><li><span class="subtitle">Vous êtes abonné au magazine ?</span></li><li><span class="text">Créez votre compte pour accéder à l'édition abonnés.</span></li><li><a href="https://boutique.courrierinternational.com/customer/account/login/" target="_blank" class="button">Créer mon compte</a></li></div><div class="user-follow"><li><span class="title">Suivez-nous</span></li><li><a href="http://www.facebook.com/courrierinternational.com" target="_blank" class="fb">Facebook</a></li><li><a href="https://twitter.com/courrierinter" target="_blank" class="tw">Twitter</a></li><li><a href="https://plus.google.com/115176367954551059084" target="_blank" class="gp">Google +</a></li><li><a href="/page/newsletters?utm_source=site-CO&utm_medium=bouton&utm_campaign=menu-newsletters" class="nl">Newsletters</a></li><li><a href="/feed/all/rss.xml" class="rss">Flux RSS</a></li></div></ul></div> <section class="site-cta"><h1 class="element-invisible">Offres lecteurs</h1><ul class="site-offer"><li class="item abonnement"> <a href="//boutique.courrierinternational.com/les-offres-d-abonnement-1.html?utm_source=site-CO&utm_medium=bouton&utm_campaign=footer-abo" rel="nofollow"><h2 class="title">Abonnez-vous !</h2><p>Découvrez toutes nos offres d'abonnement à partir de 1€</p> </a></li><li class="item"> <a href="//boutique.courrierinternational.com/customer/account/login/" rel="nofollow"><h2 class="title">Déjà abonné ?</h2><p>Créez votre compte pour profiter de l'édition abonnés sur le site et les applications</p> </a></li><li class="item"> <a href="//boutique.courrierinternational.com/la-boutique.html?utm_source=site-CO&utm_medium=bouton&utm_campaign=footer-boutique" rel="nofollow"><h2 class="title">La boutique</h2><p>Découvrez tous nos hors-séries, livres, DVD, accessoires, produits...</p> </a></li></ul> </section> <section class="site-about" id="menu-basic"><div class="wrap"><h1 class="element-invisible">Courrier international</h1> <section class="site-links"><h2 class="title">Rubriques</h2><ul><li class="item"><a href="/france">France</a></li><li class="item"><a href="/monde">Monde</a></li><li class="item"><a href="/economie">Économie</a></li><li class="item"><a href="/culture">Culture</a></li><li class="item"><a href="/enquetes">Enquêtes</a></li><li class="item"><a href="/voyage">Voyage</a></li><li class="item"><a href="/science-techno">Sciences</a></li><li class="item"><a href="/histoire">Histoire</a></li><li class="item"><a href="/sport">Sport</a></li><li class="item"><a href="/environnement">Environnement</a></li><li class="item"><a href="/sante">Santé</a></li><li class="item"><a href="/planete-buzz">Buzz</a></li><li class="item"><a href="/horoscope">Horoscope</a></li></ul> </section> <section class="site-links"><h2 class="title">Contenus</h2><ul><li class="item"><a href="/notule-source" >Par sources</a></li><li class="item"><a href="/fiche-pays">Par pays</a></li><li class="item"><a href="/article">Articles</a></li><li class="item"><a href="/depeche">Dépêches</a></li><li class="item"><a href="/video">Vidéos</a></li><li class="item"><a href="/diaporama">Diaporamas</a></li><li class="item"><a href="/dessin">Dessins</a></li><li class="item"><a href="/infographie">Infographies</a></li><li class="item"><a href="/une">Unes du jour</a></li><li class="item"><a href="/magazine">Tous les hebdos</a></li></ul> </section> <section class="site-links"><h2 class="title">Temps forts</h2><ul class="now-items"><li class="item"><a href="http://www.courrierinternational.com/sujet/attentat-en-turquie">Attentat en Turquie</a></li><li class="item"><a href="http://www.courrierinternational.com/sujet/donald-trump">Donald Trump</a></li><li class="item"><a href="http://www.courrierinternational.com/sujet/guerre-en-syrie">Syrie</a></li><li class="item"><a href="http://www.courrierinternational.com/evenement/les-mots-des-autres">Les mots des autres</a></li><li class="item"><a href="http://www.courrierinternational.com/horoscope">Horoscope</a></li></ul> </section> <section class="site-links"><h2 class="title">Sur le web</h2><ul><li class="item"><a href="//conjugaison.lemonde.fr/conjugaison/" target="_blank">Conjugaison</a></li><li class="item"><a href="//television.telerama.fr/tele/grille.php" target="_blank">Programme TV</a></li><li class="item"><a href="//www.lemonde.fr/sport/" target="_blank">Sport</a></li><li class="item"><a href="//www.telerama.fr/series-tv/" target="_blank">Séries TV</a></li><li class="item"><a href="//chefsimon.lemonde.fr/recettes" target="_blank">Recettes</a></li><li class="item"><a href="//sortir.telerama.fr/paris/concerts.php" target="_blank">Concert à Paris</a></li></ul><h2 class="title">Sites du groupe</h2><ul><li class="item"><a href="/expat">Courrier Expat</a></li><li class="item"><a href="//www.lemonde.fr/" target="_blank">Le Monde</a></li><li class="item"><a href="//www.telerama.fr/" target="_blank">Télérama</a></li><li class="item"><a href="//www.huffingtonpost.fr/" target="_blank">Le Huffington Post</a></li><li class="item"><a href="//www.monde-diplomatique.fr/" target="_blank">Le Monde diplomatique</a></li><li class="item"><a href="//www.lavie.fr/" target="_blank">La Vie</a></li></ul> </section> <section class="site-store"><div class="item"><a href="//boutique.courrierinternational.com/les-offres-d-abonnement-1.html?utm_source=site-CO&utm_medium=bouton&utm_campaign=o" rel="nofollow"><div class="item-image"><div class="wrap"><img src="data:image/gif;base64,R0lGODlhAQABAAAAACH5BAEKAAEALAAAAAABAAEAAAICTAEAOw==" data-srcset="http://www.courrierinternational.com/sites/ci_master/files/styles/image_original_320/public/assets/images/couv1367.png?itok=RxG5G7KV 320w, http://www.courrierinternational.com/sites/ci_master/files/styles/image_original_765/public/assets/images/couv1367.png?itok=DweMC6oH 765w" data-src="http://www.courrierinternational.com/sites/ci_master/files/styles/image_original_320/public/assets/images/couv1367.png?itok=RxG5G7KV" alt="Poutine est-il si fort ?" sizes="(max-width:759px) 100vw, 50vw" class="lazyload"></div></div><div class="item-text"><span class="strapline">L'hebdo</span><span class="title">Poutine est-il si fort ?</span><div class="item-link">Je m'abonne</div></div></a></div><div class="item"><a href="//boutique.courrierinternational.com/la-boutique.html?cat=673?utm_source=site-CO&utm_medium=bouton&utm_campaign=footer-abo" rel="nofollow"><div class="item-image"><div class="wrap"><img src="data:image/gif;base64,R0lGODlhAQABAAAAACH5BAEKAAEALAAAAAABAAEAAAICTAEAOw==" data-srcset="http://www.courrierinternational.com/sites/ci_master/files/styles/image_original_320/public/assets/images/couvmonde2017-web.jpg?itok=eGzl53n- 320w, http://www.courrierinternational.com/sites/ci_master/files/styles/image_original_765/public/assets/images/couvmonde2017-web.jpg?itok=cSX0CCNK 765w" data-src="http://www.courrierinternational.com/sites/ci_master/files/styles/image_original_320/public/assets/images/couvmonde2017-web.jpg?itok=eGzl53n-" alt="Le monde en 2017" sizes="(max-width:759px) 100vw, 50vw" class="lazyload"></div></div><div class="item-text"><span class="strapline">Hors-série</span><span class="title">Le monde en 2017</span><div class="item-link">Je commande</div></div></a></div> </section> <a class="site-logo" href="/"><img class="logo-default" src="/sites/ci_master/themes/ci/images/logos/logoCI-default-subscriber.svg" alt="Courrier international"></a> <a class="site-newsletter nl" href="/page/newsletters?utm_source=site-CO&utm_medium=bouton&utm_campaign=footer-newsletters">Recevez nos newsletters</a> <section class="site-networks"><h2 class="element-invisible">Suivre Courrier international</h2><ul><li class="item"><a class="fb" href="//www.facebook.com/courrierinternational.com"></a></li><li class="item"><a class="tw" href="https://twitter.com/courrierinter"></a></li><li class="item"><a class="gp" href="https://plus.google.com/115176367954551059084"></a></li><li class="item"><a class="rss" href="/feed/all/rss.xml"></a></li><li class="item"><a class="mob" href="/mobile"></a></li></ul> </section></div> </section><div class="site-smallprint"> <a href="/page/qui-sommes-nous">Qui sommes-nous ?</a> | <a href="/page/cgu">CGU</a> | <a href="/page/mentions-legales">Mentions légales </a> | <a href="/page/donnees-personnelles">Données personnelles</a> | <a href="/page/publicite">Annonceurs</a> | <a href="/page/agence-courrier">Agence Courrier international</a> | <a href="/page/contact">Contact</a> | <a href="/page/aide">Aide</a></div></footer>
<script type="text/javascript">
<!--
if (CI.is_desk) {var wdevice = "desktop";}else if (CI.is_tab) {var wdevice = "tablet";}else {var wdevice = "smartphone";};
xtnv=document;xtsd="http://logc2";xtsite="552994";xtn2="32";xtpage="trump_denonce_lerreur_catastrophique_de_merkel_sur_les_refugies.afp.com.20170115.doc.k04qa.xml";xtdi="";xt_multc="&x1=[Depeche]&x2=&x3=&x4=[]&x5=[]&x6=&x8=[]&x9=[]&x10=[]&x11=["+wdevice+"]";xt_an="0";xt_ac="1";xtidmod="Depeche";xtergo="0";
var xtcustom = {};xtcustom.device=wdevice;
// Do not modify below
if (window.xtparam!=null){window.xtparam+="&ac="+xt_ac+"&an="+xt_an+xt_multc;}
else{window.xtparam="&ac="+xt_ac+"&an="+xt_an+xt_multc;};
//-->
</script>
<script type="text/javascript" src="http://www.courrierinternational.com/sites/ci_master/themes/ci/js/xtcore.js"></script>
<noscript><img width="1" height="1" alt="" src="http://logc2.xiti.com/hit.xiti?s=552994&s2=32&p=trump_denonce_lerreur_catastrophique_de_merkel_sur_les_refugies.afp.com.20170115.doc.k04qa.xml&di=&an=0&ac=1&x1=[Depeche]&x2=&x3=&x4=[]&x5=[]&x6=&x8=[]&x9=[]&x10=[]&x11=[desktop]" ></noscript>
<script>window.beOpinionAsyncInit = function() {BeOpinionSDK.init({account: "576967e4b1033c636cabe8cb"});BeOpinionSDK.watch();}</script><script async="1" src="https://widget.beopinion.com/sdk-2.0.0.js"></script>
<script type="text/javascript" src="//cdn.tradelab.fr/tag/e24b8e4954.js"></script><iframe style="height: 1px; width: 1px; border: 0px none; position: absolute; display: none; left: 0px; top: 0px; z-index: 0;" src="//cstatic.weborama.fr/iframe/customers/premium.html?idEditeur=1165&idSite=236"></iframe><div class="gptcontainer"><div id="gpt_21488" class="ad"></div></div></div><script>if(typeof wabtn4fg==="undefined"){wabtn4fg=1;h=document.head||document.getElementsByTagName("head")[0],s=document.createElement("script");s.type="text/javascript";s.src="/sites/ci_master/libraries/whatsapp/whatsapp-button.js";h.appendChild(s);}</script>
<script>(function(){var e=document.createElement('script');e.type='text/javascript';e.src=document.location.protocol+'//asqlemonde.nuggad.net/rc?nuggn=1824551309&nuggsid=1835245741&nuggrid='+encodeURIComponent(top.location.href);e.async=!0;var n=document.getElementsByTagName('script')[0];n.parentNode.insertBefore(e,n)})();</script>
<script>var wamid = '2446';var typ = '1';var Wvar=[];Wvar.push('site','Courrierinternational');Wvar.push('contenu','index');if (CI.is_desk) {var wp_device = 'Desktop';}else if (CI.is_tab) {var wp_device = 'Tablette';}else {var wp_device = 'Mobile';}Wvar.push('device', wp_device);(function(){var w = document.createElement('script');w.type = 'text/javascript';w.src = document.location.protocol + '//cstatic.weborama.fr/js/wam/customers/wamfactory_dpm.lemonde.min.js?rnd='+new Date().getTime();w.async = true;var body = document.getElementsByTagName('script')[0];body.parentNode.insertBefore(w,body);})();</script>
</body>
</html>
