<?xml version="1.0" encoding="iso-8859-1"?>
<rss version="2.0" xmlns:atom="http://www.w3.org/2005/Atom">
	<channel>
		<atom:link href="http://www.kpft.org/pa_write_rss.php" rel="self" type="application/rss+xml" />
		<title>KPFTA - Vegan World Radio</title>
		<link></link>
		<description>&#60;p&#62;Telling the story of the vegan revolution that&#39;s saving the animals, the  planet and our health. The World is going vegan. Tune in to Vegan World  Radio to find out why you should too. Animal agriculture is  unsustainable in that it contributes more to greenhouse gasses than any  other human endeavor and contributes to world hunger, animal cruelty and  is the foundation of violence on this planet. Hear the voices that are  changing the world on Vegan World Radio. Web site: &#60;a target=&#34;_blank&#34; href=&#34;http://www.veganworldradio.org/&#34;&#62;Veganworldradio.org&#60;/a&#62;&#60;br /&#62;
The  Vegan World Radio Collective: Anuj, Avon, Jerrilyn, and Pamela&#60;span style=&#34;font-family: georgia,serif;&#34; class=&#34;Apple-style-span&#34;&#62;. &#60;/span&#62;&#60;/p&#62;</description>
		<language>en-us</language>
		<lastBuildDate>Tue, 24 Dec 2013 06:00:00 +0000</lastBuildDate>
		<ttl>60</ttl>
		<generator>Pacifica Archive 6.2.2</generator>
		<docs>http://blogs.law.harvard.edu/tech/rss</docs>
		<item>
			<title>Vegan World Radio - Wed, December 11, 2013</title>
			<link>http://xarchive.kpft.org/mp3/kpft_131210_200000vwr.mp3</link>
			<guid>http://xarchive.kpft.org/mp3/kpft_131210_200000vwr.mp3</guid>
			<pubDate>Wed, December 11, 2013</pubDate>
			<description>&#60;p&#62;Telling the story of the vegan revolution that&#39;s saving the animals, the  planet and our health. The World is going vegan. Tune in to Vegan World  Radio to find out why you should too. Animal agriculture is  unsustainable in that it contributes more to greenhouse gasses than any  other human endeavor and contributes to world hunger, animal cruelty and  is the foundation of violence on this planet. Hear the voices that are  changing the world on Vegan World Radio. Web site: &#60;a target=&#34;_blank&#34; href=&#34;http://www.veganworldradio.org/&#34;&#62;Veganworldradio.org&#60;/a&#62;&#60;br /&#62;
The  Vegan World Radio Collective: Anuj, Avon, Jerrilyn, and Pamela&#60;span style=&#34;font-family: georgia,serif;&#34; class=&#34;Apple-style-span&#34;&#62;. &#60;/span&#62;&#60;/p&#62;</description>
			<category>Public Affairs</category> 
			<enclosure url="http://xarchive.kpft.org/mp3/kpft_131210_200000vwr.mp3" length="14457800" type="audio/mpeg" />
			<managingEditor>pd@kpft.org</managingEditor>
			<webMaster>pd@kpft.org (KPFTA Admin)</webMaster>
		</item>
		<item>
			<title>Vegan World Radio - Wed, December 4, 2013</title>
			<link>http://xarchive.kpft.org/mp3/kpft_131203_200000vwr.mp3</link>
			<guid>http://xarchive.kpft.org/mp3/kpft_131203_200000vwr.mp3</guid>
			<pubDate>Wed, December 4, 2013</pubDate>
			<description>&#60;p&#62;Telling the story of the vegan revolution that&#39;s saving the animals, the  planet and our health. The World is going vegan. Tune in to Vegan World  Radio to find out why you should too. Animal agriculture is  unsustainable in that it contributes more to greenhouse gasses than any  other human endeavor and contributes to world hunger, animal cruelty and  is the foundation of violence on this planet. Hear the voices that are  changing the world on Vegan World Radio. Web site: &#60;a target=&#34;_blank&#34; href=&#34;http://www.veganworldradio.org/&#34;&#62;Veganworldradio.org&#60;/a&#62;&#60;br /&#62;
The  Vegan World Radio Collective: Anuj, Avon, Jerrilyn, and Pamela&#60;span style=&#34;font-family: georgia,serif;&#34; class=&#34;Apple-style-span&#34;&#62;. &#60;/span&#62;&#60;/p&#62;</description>
			<category>Public Affairs</category> 
			<enclosure url="http://xarchive.kpft.org/mp3/kpft_131203_200000vwr.mp3" length="14462649" type="audio/mpeg" />
			<managingEditor>pd@kpft.org</managingEditor>
			<webMaster>pd@kpft.org (KPFTA Admin)</webMaster>
		</item>
		<item>
			<title>Vegan World Radio - Wed, November 27, 2013</title>
			<link>http://xarchive.kpft.org/mp3/kpft_131126_200000vwr.mp3</link>
			<guid>http://xarchive.kpft.org/mp3/kpft_131126_200000vwr.mp3</guid>
			<pubDate>Wed, November 27, 2013</pubDate>
			<description>&#60;p&#62;Telling the story of the vegan revolution that&#39;s saving the animals, the  planet and our health. The World is going vegan. Tune in to Vegan World  Radio to find out why you should too. Animal agriculture is  unsustainable in that it contributes more to greenhouse gasses than any  other human endeavor and contributes to world hunger, animal cruelty and  is the foundation of violence on this planet. Hear the voices that are  changing the world on Vegan World Radio. Web site: &#60;a target=&#34;_blank&#34; href=&#34;http://www.veganworldradio.org/&#34;&#62;Veganworldradio.org&#60;/a&#62;&#60;br /&#62;
The  Vegan World Radio Collective: Anuj, Avon, Jerrilyn, and Pamela&#60;span style=&#34;font-family: georgia,serif;&#34; class=&#34;Apple-style-span&#34;&#62;. &#60;/span&#62;&#60;/p&#62;</description>
			<category>Public Affairs</category> 
			<enclosure url="http://xarchive.kpft.org/mp3/kpft_131126_200000vwr.mp3" length="14459200" type="audio/mpeg" />
			<managingEditor>pd@kpft.org</managingEditor>
			<webMaster>pd@kpft.org (KPFTA Admin)</webMaster>
		</item>
		<item>
			<title>Vegan World Radio - Wed, November 20, 2013</title>
			<link>http://xarchive.kpft.org/mp3/kpft_131119_200000vwr.mp3</link>
			<guid>http://xarchive.kpft.org/mp3/kpft_131119_200000vwr.mp3</guid>
			<pubDate>Wed, November 20, 2013</pubDate>
			<description>&#60;p&#62;Telling the story of the vegan revolution that&#39;s saving the animals, the  planet and our health. The World is going vegan. Tune in to Vegan World  Radio to find out why you should too. Animal agriculture is  unsustainable in that it contributes more to greenhouse gasses than any  other human endeavor and contributes to world hunger, animal cruelty and  is the foundation of violence on this planet. Hear the voices that are  changing the world on Vegan World Radio. Web site: &#60;a target=&#34;_blank&#34; href=&#34;http://www.veganworldradio.org/&#34;&#62;Veganworldradio.org&#60;/a&#62;&#60;br /&#62;
The  Vegan World Radio Collective: Anuj, Avon, Jerrilyn, and Pamela&#60;span style=&#34;font-family: georgia,serif;&#34; class=&#34;Apple-style-span&#34;&#62;. &#60;/span&#62;&#60;/p&#62;</description>
			<category>Public Affairs</category> 
			<enclosure url="http://xarchive.kpft.org/mp3/kpft_131119_200000vwr.mp3" length="14460600" type="audio/mpeg" />
			<managingEditor>pd@kpft.org</managingEditor>
			<webMaster>pd@kpft.org (KPFTA Admin)</webMaster>
		</item>
		<item>
			<title>Vegan World Radio - Wed, November 13, 2013</title>
			<link>http://xarchive.kpft.org/mp3/kpft_131112_203829vwr.mp3</link>
			<guid>http://xarchive.kpft.org/mp3/kpft_131112_203829vwr.mp3</guid>
			<pubDate>Wed, November 13, 2013</pubDate>
			<description>&#60;p&#62;Telling the story of the vegan revolution that&#39;s saving the animals, the  planet and our health. The World is going vegan. Tune in to Vegan World  Radio to find out why you should too. Animal agriculture is  unsustainable in that it contributes more to greenhouse gasses than any  other human endeavor and contributes to world hunger, animal cruelty and  is the foundation of violence on this planet. Hear the voices that are  changing the world on Vegan World Radio. Web site: &#60;a target=&#34;_blank&#34; href=&#34;http://www.veganworldradio.org/&#34;&#62;Veganworldradio.org&#60;/a&#62;&#60;br /&#62;
The  Vegan World Radio Collective: Anuj, Avon, Jerrilyn, and Pamela&#60;span style=&#34;font-family: georgia,serif;&#34; class=&#34;Apple-style-span&#34;&#62;. &#60;/span&#62;&#60;/p&#62;</description>
			<category>Public Affairs</category> 
			<enclosure url="http://xarchive.kpft.org/mp3/kpft_131112_203829vwr.mp3" length="5049800" type="audio/mpeg" />
			<managingEditor>pd@kpft.org</managingEditor>
			<webMaster>pd@kpft.org (KPFTA Admin)</webMaster>
		</item>
	</channel>
</rss>