<!DOCTYPE html><html xmlns:xalan="http://xml.apache.org/xslt" lang="en-US"><head><meta content="J2r-cLbam4o0gObP4lAOawgRRPP-aXUTLDxwoeRTn8k" name="google-site-verification"><meta charset="utf-8"><title>Washington DC Digital Agency | Janmedia Interactive - World Bank | Mobile and Web Design</title><meta content="Janmedia Interactive is a web design agency with offices near Washington, DC and in Europe focusing on enterprise solutions for Web and Mobile applications development." name="description"><meta content="DC Web Design, Washington Webdesign, mobile, website, development, digital, graphic, developers, java, j2ee, xml, eCommerce, eLearning, Virginia, Maryland, studio, graphic, agency, designers, content, management, Rainforest, CMS" name="keywords"><link href="/css/jm2009.css?v=20120220" type="text/css" rel="stylesheet"><link media="print" href="/css/print.css?v=20090212" type="text/css" rel="stylesheet"><link href="/css/tabs.css" type="text/css" rel="stylesheet">
		<!--[if IE 7]><link rel="stylesheet" type="text/css" href="/css/jm2009_ie7.css?v=20090212" /><![endif]-->
	<script src="/js/jquery-1.3.2.min.js" type="text/javascript"></script><script src="/js/jquery-ui-1.8.21.custom.min.js" type="text/javascript"></script><script src="/js/jquery.cycle.all.js" type="text/javascript"></script><script src="/js/jquery.carouFredSel.js" type="text/javascript"></script><script src="/js/plugins.js" type="text/javascript"></script><script src="/js/jm2009.js?v=20090909" type="text/javascript"></script>
		<!--[if IE 6]>
			<script type="text/javascript" src="/js/DD_belatedPNG_0.0.7a.js"></script>
			<script type="text/javascript" src="/js/DDbelatedPNG_init.js"></script>
		<![endif]-->
	<link href="/rss.xml" title="Janmedia Interactive - Aktualności (RSS 2.0)" type="application/rss+xml" rel="alternate"><link rel="shortcut icon" href="http://www.janmedia.com/favicon.ico"></head><body id="jm_client"><div id="header"><div class="container_in"><p class="logo"><a title="Home Page" href="/"><img alt="Janmedia Interactive" src="/images/logo_janmedia.png"></a></p><ul id="menu_header"><li><a title="Company" href="/company.xml"><img src="/svgconverter?in=/svg/topmenu.svg&amp;text=Company&amp;tr" alt="Company"></a></li><li><a title="Services" href="/services.xml"><img src="/svgconverter?in=/svg/topmenu.svg&amp;text=Services&amp;tr" alt="Services"></a></li><li class="active"><a title="Clients" href="/clients.xml"><img src="/svgconverter?in=/svg/topmenu.svg&amp;text=Clients&amp;tr" alt="Clients"></a></li><li><a title="Contact" href="/inquiry.xml"><img src="/svgconverter?in=/svg/topmenu.svg&amp;text=Contact&amp;tr" alt="Contact"></a></li></ul><form class="search" action="/search.xml"><fieldset><legend>Wyszukiwanie</legend><h4><img src="/svgconverter?in=/svg/topmenu.svg&amp;text=Search&amp;tr&amp;out=png" alt="Search"></h4><input type="text" name="search-clause"><input src="/images/buttons/search_short.png" type="image" alt="Send" class="image"></fieldset></form></div></div><div id="titlebar"><div class="container_in"><h1><span><img src="/svgconverter?in=/svg/content_h1.svg&amp;text=Clients&amp;tr&amp;out=png" alt="Clients"></span></h1><ul id="titlebar_menu"><li id="tm_0"><a href="/">Home Page</a><a title="See subdocuments of Home Pgae" href="#sub0" class="sub">&gt;</a><ul id="sub0"><li id="tmsub_1004" class="first-child"><a href="/company.xml">Company</a></li><li id="tmsub_1008"><a href="/services.xml">Services</a></li><li id="tmsub_1172" class="last-child"><a href="/clients.xml">Clients</a></li></ul></li><li id="tm_1172"><a href="/clients.xml">Clients</a><a title="See subdocuments: Clients" href="#sub1172" class="sub">&gt;</a><ul id="sub1172"><li id="tmsub_4005" class="first-child"><a href="/clients/the_washington_times.xml">The Washington Times </a></li><li id="tmsub_4007"><a href="/clients/wb.xml">The World Bank</a></li><li id="tmsub_4043"><a href="/clients/fairfax_for_youth.xml">Fairfax Partnership</a></li><li id="tmsub_4013"><a href="/clients/time_warner_cable.xml">Time Warner Cable</a></li><li id="tmsub_4051"><a href="/clients/the_state_theatre.xml">The State Theatre</a></li><li id="tmsub_4015"><a href="/clients/maudlin_products.xml">Maudlin Products</a></li><li id="tmsub_4059"><a href="/clients/gil_green.xml">Gil Green</a></li><li id="tmsub_4009"><a href="/clients/joseph_kahn.xml">Joseph Kahn</a></li><li id="tmsub_4017" class="last-child"><a href="/clients/primus_telecom.xml">Primus Telecom</a></li></ul></li><li id="tm_4007"><span>The World Bank</span></li></ul></div></div><div id="content"><div class="container_in"><div id="cols"><div id="maincol"><div class="maincol_in"><h2>The World Bank</h2><div class="client_col1"><div class="works"><div><strong>Services:<br /></strong><a href="/services/design/branding.xml">Branding</a>,&nbsp;<a href="/services/technology/custom_programming.xml">Custom Programming</a>,&nbsp;<a href="/services/design/digital_production.xml">Digital Production</a></div></div><p><br /><br />Janmedia was tasked to perform a variety of complex projects that can most easily be categorized as addressing two primary needs of World Bank. One project focused on the graphical redesign of World Bank's European and Central Asian Member Nation sites, while a second project involved the development and launch of World Bank's new &quot;Talking Impact&quot; intranet, which is designed to allow both efficient and secure communication and to boost morale among global team members.<br /><br />A Janmedia team including a&nbsp;<a href="/services/strategy/usability.xml">Usability</a>&nbsp;and&nbsp;<a href="/services/design/branding.xml">Branding</a>&nbsp;Consultant, the Creative Director, and the Lead Programmer met with several members of the World Bank staff for a detailed session that involved brainstorming and inquiry that allowed the Janmedia team to develop a comprehensive outline of all elements for this phase one project.<br /><br />The Janmedia Team was to develop branding for World Bank's new &quot;Talking Impact&quot; intranet that offered both a fresh look for this new project, but also could be integrated into the extant look and feel associated with World Bank. In addition, the scope of the project was to focus on developing Flash Presentations for the twenty-eight member nations and one territory in the Europe and Central Asia region. This entailed the challenges of incorporating a multitude of varying media with the ease of communication necessary to present this content globally.&nbsp;&nbsp;</p></div><div class="client_col2"><div id="screenshots-container"><div id="screenshots"><div class="item"><img alt="" src="/upload/wysiwyg/Klienci_screeny-realizacji/WOR.png"></div><div class="item" style="display:none;"><img alt="" src="/upload/wysiwyg/Klienci_screeny-realizacji/WOR2.png"></div><div class="item" style="display:none;"><img alt="" src="/upload/wysiwyg/Klienci_screeny-realizacji/WOR3.png"></div><div class="item" style="display:none;"><img alt="" src="/upload/wysiwyg/Klienci_screeny-realizacji/WOR4.png"></div><div class="item" style="display:none;"><img alt="" src="/upload/wysiwyg/Klienci_screeny-realizacji/WOR5.png"></div></div><div id="ss-pager"></div><div id="prev" class="controls"></div><div id="next" class="controls"></div></div><script type="text/javascript">
			$('#screenshots').cycle({ 
				fx: "scrollHorz",
				speed: 500,
				timeout: 5000,
				prev: '#prev',
				next: '#next',
				pause: true,
				pager: '#ss-pager',
				pauseOnPagerHover: true,
				pagerAnchorBuilder: function(idx, slide) {
					return '<span title="Switch to slide ' + (idx+1) + '"></span>';
				}
			});
		</script>The next hurdle was providing the ability to create a unique look and feel specific to individual regions. Although region specific Bank staff managing had the capability to develop their own layouts and style sheets in principal, this was technically unachievable because they did not have the authority to commission changes to the globally utilized&nbsp;<a href="/services/technology/web_solutions.xml">Content Management System</a>. Janmedia's Customizable Content Masking (C-MASK) technology was designed for just this type of situation: This technology functions as an overlay that integrates with the coding of the present content management platform, allowing the client to overwrite the previous look and feel and apply the style and content of their choice. This proved a creative, unique solution to a problem that plagues many large corporations and organizations, today.&nbsp;<br /><br />All of the project goals were met in a timely fashion and this project has since moved on to a second phase. Phase two of Janmedia&rsquo;s ongoing work with World Bank includes implementing C-MASK technology and the development of new style sheets for the organization's South Asian Region web sites. Janmedia now continues to support several of the World Bank&rsquo;s core divisions including Europe and Central Asia, Southeast Asia, Middle East and North Africa, and the World Bank Institute.&nbsp;<div class="tags"><h3 title="Tags">Tags:&nbsp;</h3><ul><li><a title="2 world strides" href="/tag/world_strides_t1601.xml">world strides</a></li></ul></div></div><div class="clear"></div></div></div><div id="sidebar"><div id="sidebar_departments"><h4>
			
			Our Departments
		</h4><ul><li><a title="Strategy Department" href="/services/strategy.xml"><img alt="Strategy" src="/images/jm_strategy.png"></a></li><li><a title="Design Department" href="/services/design.xml"><img alt="Design" src="/images/jm_design.png"></a></li><li><a title="Technology Department" href="/services/technology.xml"><img alt="Technology" src="/images/jm_technology.png"></a></li><li><a title="Hosting Department" href="/services/hosting.xml"><img alt="Hosting" src="/images/jm_hosting.png"></a></li></ul></div><div id="sidebar_address"><h4>
				
				Contact
			</h4><p>
					Janmedia Interactive Inc.<br> 
					429B Carlisle Dr., Suite 205<br>
					Herndon, Virginia 20170<br>
					United States of America
				</p>
<p>
					ph. +1 (703) 992 9400<br> 
					fax +1 (703) 992 6656<br>
<br>
					e-mail: <a href="mailto:usainfo@janmedia.com">usainfo@janmedia.com</a>
</p>
<p class="more">
<a title="Contact Us" href="/inquiry.xml">Contact Form</a>
</p></div></div><div id="maincol_bottomline"><div id="bottomline_next_previous"><div id="bottomline_next_previous_in"><a title="Lista klient&oacute;w" href="/clients.xml" class="back">
			Back to clients list
		</a><a title="The Washington Times " href="/clients/the_washington_times.xml" class="prev">
			Previous&nbsp;client
		</a><a title="Fairfax Partnership" href="/clients/fairfax_for_youth.xml" class="next">
			Next&nbsp;client
		</a>
		&nbsp;
		</div></div><div id="maincol_bottomline_in">
		&nbsp;
		</div></div><div class="clear"></div></div></div></div><div id="footer"><div class="container_in"><ul id="menu_footer"><li><a title="Company" href="/company.xml"><img src="/svgconverter?in=/svg/footermenu.svg&amp;text=Company&amp;tr" alt="Company"></a></li><li><a title="Services" href="/services.xml"><img src="/svgconverter?in=/svg/footermenu.svg&amp;text=Services&amp;tr" alt="Services"></a></li><li><a title="Clients" href="/clients.xml"><img src="/svgconverter?in=/svg/footermenu.svg&amp;text=Clients&amp;tr" alt="Clients"></a></li><li><a title="Contact" href="/contact.xml"><img src="/svgconverter?in=/svg/footermenu.svg&amp;text=Contact&amp;tr" alt="Contact"></a></li><li><a title="Site Map" href="/sitemap.xml"><img src="/svgconverter?in=/svg/footermenu.svg&amp;text=Site+Map&amp;tr" alt="Site Map"></a></li><li><a title="Tags" href="/tags.xml"><img src="/svgconverter?in=/svg/footermenu.svg&amp;text=Tags&amp;tr" alt="Tags"></a></li><li class="rss"><a title="RSS" href="/rss.xml"><img src="/images/rss.png" alt=""> <img src="/svgconverter?in=/svg/footermenu.svg&amp;text=RSS&amp;tr" alt="RSS"></a></li></ul><div id="copy_container"><p id="copy">
			Copyright&nbsp;&copy;&nbsp;2003&nbsp;-&nbsp;2017<span id="ia">&nbsp;Interactive&nbsp;Agency</span>&nbsp;Janmedia&nbsp;Interactive. All&nbsp;Rights&nbsp;Reserved
		</p><p id="powered">
			Powered by <a title="Go to Rainforest's Home Page" href="http://www.rainforestsys.com">Rainforest&reg;</a></p></div></div></div><div><script type="text/javascript">
	var _gaq = _gaq || [];
	_gaq.push(['_setAccount', 'UA-33330438-1']);
	_gaq.push(['_trackPageview']);

	(function() {
		var ga = document.createElement('script'); ga.type = 'text/javascript'; ga.async = true;
		ga.src = ('https:' == document.location.protocol ? 'https://ssl' : 'http://www') + '.google-analytics.com/ga.js';
		var s = document.getElementsByTagName('script')[0]; s.parentNode.insertBefore(ga, s);
	})();
</script></div></body></html>
<!-- all:40, transformer:32, transformer_creation:0, xml-produce:7, xsl-actions:15/26, -->