<?xml version="1.0" encoding="UTF-8" ?> 
<rss version="2.0" xmlns:atom="http://www.w3.org/2005/Atom"> 
	 <channel> 
		 <title>World Crisis Radio &#171; TARPLEY.net</title> 
		 <description>&#8212;	COMMERCIAL FREE FEED &#8212;</description> 
		 <link>http://tarpley.net/world-crisis-radio/</link> 
		 <item> 
		 <title>World Crisis Radio  &#8212; 2017-Jan-14</title> 
		 <description>World Crisis Radio with Webster G. Tarpley</description> 
		<enclosure url="http://tarpley.net/audio/WCR-20170114.mp3" length="17718421" type="audio/mpeg" />
		 <pubDate>Sat, 14 Jan 2017 01:35:20 +0000</pubDate> 
		 <link>http://tarpley.net/audio/WCR-20170114.mp3</link> 
		 <guid>http://tarpley.net/audio/WCR-20170114.mp3</guid> 
		 </item> 
		 <item> 
		 <title>World Crisis Radio  &#8212; 2017-Jan-7</title> 
		 <description>World Crisis Radio with Webster G. Tarpley</description> 
		<enclosure url="http://tarpley.net/audio/WCR-20170107.mp3" length="17810687" type="audio/mpeg" />
		 <pubDate>Sat, 07 Jan 2017 01:33:08 +0000</pubDate> 
		 <link>http://tarpley.net/audio/WCR-20170107.mp3</link> 
		 <guid>http://tarpley.net/audio/WCR-20170107.mp3</guid> 
		 </item> 
		 <item> 
		 <title>World Crisis Radio  &#8212; 2016-Dec-31</title> 
		 <description>World Crisis Radio with Webster G. Tarpley</description> 
		<enclosure url="http://tarpley.net/audio/WCR-20161231.mp3" length="17534936" type="audio/mpeg" />
		 <pubDate>Sat, 31 Dec 2016 21:38:40 +0000</pubDate> 
		 <link>http://tarpley.net/audio/WCR-20161231.mp3</link> 
		 <guid>http://tarpley.net/audio/WCR-20161231.mp3</guid> 
		 </item> 
		 <item> 
		 <title>World Crisis Radio  &#8212; 2016-Dec-24</title> 
		 <description>World Crisis Radio with Webster G. Tarpley</description> 
		<enclosure url="http://tarpley.net/audio/WCR-20161224.mp3" length="17524382" type="audio/mpeg" />
		 <pubDate>Sat, 24 Dec 2016 03:00:41 +0000</pubDate> 
		 <link>http://tarpley.net/audio/WCR-20161224.mp3</link> 
		 <guid>http://tarpley.net/audio/WCR-20161224.mp3</guid> 
		 </item> 
		 <item> 
		 <title>World Crisis Radio  &#8212; 2016-Dec-17</title> 
		 <description>World Crisis Radio with Webster G. Tarpley</description> 
		<enclosure url="http://tarpley.net/audio/WCR-20161217.mp3" length="17566284" type="audio/mpeg" />
		 <pubDate>Sat, 17 Dec 2016 22:37:51 +0000</pubDate> 
		 <link>http://tarpley.net/audio/WCR-20161217.mp3</link> 
		 <guid>http://tarpley.net/audio/WCR-20161217.mp3</guid> 
		 </item> 
		 <item> 
		 <title>World Crisis Radio  &#8212; 2016-Dec-10</title> 
		 <description>World Crisis Radio with Webster G. Tarpley</description> 
		<enclosure url="http://tarpley.net/audio/WCR-20161210.mp3" length="17666280" type="audio/mpeg" />
		 <pubDate>Sat, 10 Dec 2016 21:58:16 +0000</pubDate> 
		 <link>http://tarpley.net/audio/WCR-20161210.mp3</link> 
		 <guid>http://tarpley.net/audio/WCR-20161210.mp3</guid> 
		 </item> 
		 <item> 
		 <title>World Crisis Radio  &#8212; 2016-Dec-3</title> 
		 <description>World Crisis Radio with Webster G. Tarpley</description> 
		<enclosure url="http://tarpley.net/audio/WCR-20161203.mp3" length="17540265" type="audio/mpeg" />
		 <pubDate>Sat, 03 Dec 2016 01:09:38 +0000</pubDate> 
		 <link>http://tarpley.net/audio/WCR-20161203.mp3</link> 
		 <guid>http://tarpley.net/audio/WCR-20161203.mp3</guid> 
		 </item> 
		 <item> 
		 <title>World Crisis Radio  &#8212; 2016-Nov-26</title> 
		 <description>World Crisis Radio with Webster G. Tarpley</description> 
		<enclosure url="http://tarpley.net/audio/WCR-20161126.mp3" length="34940884" type="audio/mpeg" />
		 <pubDate>Sat, 26 Nov 2016 01:09:00 +0000</pubDate> 
		 <link>http://tarpley.net/audio/WCR-20161126.mp3</link> 
		 <guid>http://tarpley.net/audio/WCR-20161126.mp3</guid> 
		 </item> 
		 <item> 
		 <title>World Crisis Radio  &#8212; 2016-Nov-19</title> 
		 <description>World Crisis Radio with Webster G. Tarpley</description> 
		<enclosure url="http://tarpley.net/audio/WCR-20161119.mp3" length="17535668" type="audio/mpeg" />
		 <pubDate>Sat, 19 Nov 2016 22:15:53 +0000</pubDate> 
		 <link>http://tarpley.net/audio/WCR-20161119.mp3</link> 
		 <guid>http://tarpley.net/audio/WCR-20161119.mp3</guid> 
		 </item> 
		 <item> 
		 <title>World Crisis Radio  &#8212; 2016-Nov-12</title> 
		 <description>World Crisis Radio with Webster G. Tarpley</description> 
		<enclosure url="http://tarpley.net/audio/WCR-20161112.mp3" length="35275671" type="audio/mpeg" />
		 <pubDate>Sat, 12 Nov 2016 02:16:50 +0000</pubDate> 
		 <link>http://tarpley.net/audio/WCR-20161112.mp3</link> 
		 <guid>http://tarpley.net/audio/WCR-20161112.mp3</guid> 
		 </item> 
		 <item> 
		 <title>World Crisis Radio  &#8212; 2016-Nov-5</title> 
		 <description>World Crisis Radio with Webster G. Tarpley</description> 
		<enclosure url="http://tarpley.net/audio/WCR-20161105.mp3" length="17736472" type="audio/mpeg" />
		 <pubDate>Sat, 05 Nov 2016 20:48:04 +0000</pubDate> 
		 <link>http://tarpley.net/audio/WCR-20161105.mp3</link> 
		 <guid>http://tarpley.net/audio/WCR-20161105.mp3</guid> 
		 </item> 
		 <item> 
		 <title>World Crisis Radio  &#8212; 2016-Oct-29</title> 
		 <description>World Crisis Radio with Webster G. Tarpley</description> 
		<enclosure url="http://tarpley.net/audio/WCR-20161029.mp3" length="17540241" type="audio/mpeg" />
		 <pubDate>Sat, 29 Oct 2016 20:41:28 +0000</pubDate> 
		 <link>http://tarpley.net/audio/WCR-20161029.mp3</link> 
		 <guid>http://tarpley.net/audio/WCR-20161029.mp3</guid> 
		 </item> 
		 <item> 
		 <title>World Crisis Radio  &#8212; 2016-Oct-22</title> 
		 <description>World Crisis Radio with Webster G. Tarpley</description> 
		<enclosure url="http://tarpley.net/audio/WCR-20161022.mp3" length="17726277" type="audio/mpeg" />
		 <pubDate>Sat, 22 Oct 2016 04:52:20 +0000</pubDate> 
		 <link>http://tarpley.net/audio/WCR-20161022.mp3</link> 
		 <guid>http://tarpley.net/audio/WCR-20161022.mp3</guid> 
		 </item> 
		 <item> 
		 <title>World Crisis Radio  &#8212; 2016-Oct-15</title> 
		 <description>World Crisis Radio with Webster G. Tarpley</description> 
		<enclosure url="http://tarpley.net/audio/WCR-20161015.mp3" length="35474941" type="audio/mpeg" />
		 <pubDate>Sat, 15 Oct 2016 21:52:13 +0000</pubDate> 
		 <link>http://tarpley.net/audio/WCR-20161015.mp3</link> 
		 <guid>http://tarpley.net/audio/WCR-20161015.mp3</guid> 
		 </item> 
		 <item> 
		 <title>World Crisis Radio  &#8212; 2016-Oct-8</title> 
		 <description>World Crisis Radio with Webster G. Tarpley</description> 
		<enclosure url="http://tarpley.net/audio/WCR-20161008.mp3" length="17561866" type="audio/mpeg" />
		 <pubDate>Sat, 08 Oct 2016 20:16:14 +0000</pubDate> 
		 <link>http://tarpley.net/audio/WCR-20161008.mp3</link> 
		 <guid>http://tarpley.net/audio/WCR-20161008.mp3</guid> 
		 </item> 
	 <atom:link href="http://tarpley.net/wcr_rss.xml" rel="self" type="application/rss+xml" /> 
	 </channel> 
</rss>