<!DOCTYPE html>
<html lang="en">
<head><meta charset="utf-8">

<title>World Fish Migration Day | The Nature Conservancy</title>
	
	
	<meta name="title" content="World Fish Migration Day | The Nature Conservancy" />
	<meta name="description" content="World Fish Migration Day is aimed at raising awareness of the importance of migrating fish to our communities, our economies and to the conservation of nature." />
	<meta name="keywords" content="world fish migration day, wfmd, river restoration, sea-running fish, dam removal, removing dams, fish passage, oceans, salmon, tun" />
	<meta name="editorialtheme" content="" />
		
	<meta name="google-site-verification" content="6ipPuwGoKra6s49JT7KY-OJCHOG0-G4HBheO0o7GHxA" />
	<meta name="viewport" content="user-scalable=no, initial-scale=1.0, maximum-scale=1.0, width=device-width" />
	<!--[if lt IE 9]><script src="http://html5shiv.googlecode.com/svn/trunk/html5.js"></script><![endif]--><!-- adds html5 support for ie browsers -->
	
	<script src="/cs/groups/webasset/documents/webasset/jquery_1.11.2.js"></script>
	<!--<script src="http://code.jquery.com/jquery-migrate-1.1.1.min.js"></script>-->
	<script src="//cdn.optimizely.com/js/565580247.js"></script>
	<script src="/cs/groups/webasset/documents/webasset/waypoints.min.js"></script>
	<script src="/cs/groups/webasset/documents/webasset/waypoints.sticky.js"></script>
	<script src="/cs/groups/webasset/documents/webasset/js_nature_innerfade.js"></script>
	<script src="/cs/groups/webasset/documents/webasset/js_nature_shadowbox.js"></script>
	<script type="text/javascript">	
		function bindShadow(){			
    		var shadowboxParams = 'shadowbox;width=640;height=390';
    		$('.popup').attr('rel',shadowboxParams);		
    		Shadowbox.init();    
		}					
		$(document).ready(function(){
			bindShadow();			
		});		
	</script>
	<script src="/cs/groups/webasset/documents/webasset/jquery.hammer.min.js"></script>
	<script src="/cs/groups/webasset/documents/webasset/script.js"></script>
	<link rel="shortcut icon" href="/cs/groups/webasset/documents/webasset/icon_nature_favicon.ico" type="image/x-icon" />
	<link rel="apple-touch-icon" href="/cs/groups/webasset/documents/webasset/apple-touch-icon.png" />
	<link rel="canonical" href="http://www.nature.org/newsfeatures/world-fish-migration-day.xml" />
	<link rel="stylesheet" href="/cs/groups/webasset/documents/webasset/base.css" />
	<link rel="stylesheet" media="print" href="/cs/groups/webasset/documents/webasset/print.css" />
	<!--[if lte IE 8]>
		<link rel="stylesheet" media="all" href="/cs/groups/webasset/documents/webasset/ie.css" />
	<![endif]-->
	<link href="//fonts.googleapis.com/css?family=Open+Sans:300italic,400italic,600italic,700italic,400,300,600,700" rel="stylesheet">
	<link href="//fonts.googleapis.com/css?family=Open+Sans+Condensed:300,300italic,700" rel="stylesheet">
	<script type="text/javascript" src="//s7.addthis.com/js/300/addthis_widget.js#pubid=ra-541896250452d9a3"></script>
	<script src="/cs/groups/webasset/documents/webasset/js_nature_dfp.js"></script>
	<meta name="p:domain_verify" content="c72bc8b5f476eefaf2755bca49bde953" />
</head>
<body id="interior">
<script type="text/javascript">
	    
	
var utag_data={
"page_name" : "NATURE_NEWS_FEATURES/world-fish-migration-day.xml",
"site_section": "News & Features",
"content_category": "Animals, Rivers and Lakes",
"content_id": "PRD_140257",
"content_publish_date": "2016-06-01",
"content_type": "Content Collection",
"hier1": "Nature|News & Features",
"logged_in_status" : "logged_out",
"page_template": "RT_NATURE_FEATURE_COLLECTION",
"page_type": ""
};
</script>
<script type="text/javascript">
    (function(a,b,c,d){
        a='//tags.tiqcdn.com/utag/tnc/main/prod/utag.js';
        b=document;c='script';d=b.createElement(c);d.src=a;d.type='text/java'+c;d.async=true;
        a=b.getElementsByTagName(c)[0];a.parentNode.insertBefore(d,a);
    })();
</script>
<!-- <div id="site-bg">
	<img id="bg-picture" src="/cs/groups/webasset/documents/webasset/giantbg-beach-20.jpg" alt="" />
	<img id="gradient-upper" src="/cs/groups/webasset/documents/webasset/gradient-upper.png" alt="" />
	<img id="gradient-lower" src="/cs/groups/webasset/documents/webasset/gradient-lower.png" alt="" />
</div> -->
<header id="site-header" role="banner">
	<div class="wrapper">
		<a id="mobile-nav-trigger"><img src="/cs/groups/webasset/documents/webasset/icn-mobile-nav.gif" data-swap="/cs/groups/webasset/documents/webasset/site-search-close.gif" /></a>
		<a id="mobile-search-trigger"><img src="/cs/groups/webasset/documents/webasset/icn-mobile-search.png"/></a>
		<div id="site-logo"><a href="//www.nature.org/?intc=nature.tnav.logo"><img src="/cs/groups/webasset/documents/webasset/logo-nature-notagline.png" alt="The Nature Conservancy" /></a></div>
		<nav id="nav-primary" role="navigation">
		<ul class="bf-navigation">
			<li class="where-we-work">
				<a href="/ourinitiatives/index.htm?intc=nature.tnav.ourwork" id="nav1">Our Work</a>
				<div class="mobile-nav-active">
 		 			<a href="/ourinitiatives/regions/index.htm?intc=nature.tnav.ourwork">Where We Work</a>
  					<a href="/ourinitiatives/regions/northamerica/unitedstates/index.htm?intc=nature.tnav.ourwork">United States</a>
  					<a href="/ourinitiatives/urgentissues/index.htm?intc=nature.tnav.ourwork">Priorities</a>
  					<a href="/science-in-action/index.htm?intc=nature.tnav.ourwork">Science</a>
				</div>
				<div class="bfnav-panel">	
					<button class="panel-close">[close]</button>			
					<div class="lists">
						<div class="col">
							<h4><a href="/ourinitiatives/regions/index.htm?intc=nature.tnav.ourwork">Where We Work</a></h4>
							<ul>
								<li><a href="/ourinitiatives/regions/northamerica/unitedstates/index.htm?intc=nature.tnav.ourwork">United States</a></li>
								<li><a href="/ourinitiatives/regions/northamerica/index.htm?intc=nature.tnav.ourwork">North America</a></li>
								<li><a href="/ourinitiatives/regions/latinamerica/index.htm?intc=nature.tnav.ourwork">Latin America</a></li>
								<li><a href="/ourinitiatives/regions/caribbean/index.htm?intc=nature.tnav.ourwork">Caribbean</a></li>
								<li><a href="/ourinitiatives/regions/africa/index.htm?intc=nature.tnav.ourwork">Africa</a></li>
								<li><a href="/ourinitiatives/regions/asiaandthepacific/index.htm?intc=nature.tnav.ourwork">Asia Pacific</a></li>
								<li><a href="/ourinitiatives/regions/australia/index.htm?intc=nature.tnav.ourwork">Australia</a></li>
								<li><a href="/ourinitiatives/regions/europe/index.htm?intc=nature.tnav.ourwork">Europe</a></li>
							</ul>
						</div><!-- col -->
						<div class="col">
							<h4><a href="/ourinitiatives/urgentissues/index.htm?intc=nature.tnav.ourwork">Priorities</a></h4>
							<ul>
								<li><a href="/ourinitiatives/urgentissues/land-conservation/index.htm?intc=nature.tnav.ourwork">Lands</a></li>
								<li><a href="/ourinitiatives/urgentissues/global-warming-climate-change/index.htm?intc=nature.tnav.ourwork">Climate</a></li>
								<li><a href="/ourinitiatives/habitats/riverslakes/index.htm?intc=nature.tnav.ourwork">Water</a></li>
								<li><a href="/ourinitiatives/habitats/oceanscoasts/index.htm?intc=nature.tnav.ourwork">Oceans</a></li>
								<li><a href="/ourinitiatives/urgentissues/nature-in-cities/index.htm?intc=nature.tnav.ourwork">Cities</a></li>
							</ul>
						</div>
						<div class="col">
							<h4><a href="/science-in-action/index.htm?intc=nature.tnav.ourwork">Science</a></h4>
							<ul>
								<li><a href="/science-in-action/latest-research/index.htm?intc=nature.tnav.ourwork">Latest Research</a></li>
								<li><a href="/science-in-action/conservation-by-design/index.htm?intc=nature.tnav.ourwork">Conservation by Design</a></li>
								<li><a href="http://blog.nature.org/science/?intc=nature.tnav.ourwork">Cool Green Science Blog</a></li>
							</ul>
						</div>
					</div><!-- lists -->
				</div><!-- bfnav-panel -->
			</li>
			<li class="how-we-work">
				<a href="/how-we-work/get-involved-with-tnc.xml?intc=nature.tnav.getinvolved" id="nav2">Get Involved</a>
				<div class="mobile-nav-active">
 		 			<a href="/about-us/visit-preserve-map/index.htm?intc=nature.tnav.getinvolved">Visit a Preserve</a>
  					<a href="/about-us/volunteer/index.htm?intc=nature.tnav.getinvolved">Volunteer</a>
  					<a href="/membership-giving/index.htm?intc=nature.tnav.getinvolved">Give</a>
  					<a href="https://support.nature.org/site/SPageNavigator/action_center/action_center.html?intc=nature.tnav.getinvolved">Take Action</a>
  					<a href="/about-us/youth/index.htm?intc=nature.tnav.getinvolved">Youth Programs</a>
  					<a href="https://support.nature.org/site/SPageNavigator/supporter/email_reg_main.html?intc=nature.tnav.getinvolved.list">Sign up for E-news</a>
  					<a href="/greenliving/carboncalculator/index.htm?intc=nature.tnav.getinvolved">Carbon Calculator</a>
  					<a href="/photos-and-video/photography/photo-contest/2016-digital-photo-contest-submission.xml?intc=nature.tnav.getinvolved">2016 Photo Contest</a>
				</div>
				<div class="bfnav-panel">	
					<button class="panel-close">[close]</button>
					<div class="lists">
							<h4><a href="/about-us/visit-preserve-map/index.htm?intc=nature.tnav.getinvolved">Visit a Preserve</a></h4>
							<h4><a href="/about-us/volunteer/index.htm?intc=nature.tnav.getinvolved">Volunteer</a></h4>
							<h4><a href="/membership-giving/index.htm?intc=nature.tnav.getinvolved">Give</a></h4>
							<h4><a href="https://support.nature.org/site/SPageNavigator/action_center/action_center.html?intc=nature.tnav.getinvolved">Take Action</a></h4>
							<h4><a href="/about-us/youth/index.htm?intc=nature.tnav.getinvolved">Youth Programs</a></h4>
							<h4><a href="https://support.nature.org/site/SPageNavigator/supporter/email_reg_main.html?intc=nature.tnav.getinvolved">Sign up for E-news</a></h4>
							<h4><a href="/greenliving/carboncalculator/index.htm?intc=nature.tnav.getinvolved">Carbon Calculator</a></h4>
							<h4><a href="/photos-and-video/photography/index.htm?intc=nature.tnav.getinvolved">Photography</a></h4>
					</div><!-- lists -->
				</div><!-- bfnav-panel -->
			</li>
			<li class="about-us">
				<a href="/about-us/index.htm?intc=nature.tnav.about" id="nav3">About Us</a>
				<div class="mobile-nav-active">
 		 			<a href="/about-us/vision-mission/index.htm?intc=nature.tnav.about">Mission</a>
  					<a href="/about-us/vision-mission/history/index.htm?intc=nature.tnav.about">History</a>
  					<a href="/about-us/our-accountability/index.htm?intc=nature.tnav.about">Accountability</a>
  					<a href="/about-us/governance/index.htm?intc=nature.tnav.about">Leadership</a>
  					<a href="/about-us/diversity/index.htm?intc=nature.tnav.about">Diversity</a>
  					<a href="/newsfeatures/pressreleases/index.htm?intc=nature.tnav.about">Newsroom</a>
  					<a href="/about-us/careers/index.htm?intc=nature.tnav.about">Careers</a>
  					<a href="/about-us/contact/index.htm?intc=nature.tnav.about">Contact Us</a>
				</div>
				<div class="bfnav-panel">	
					<button class="panel-close">[close]</button>
					<div class="lists">
							<h4><a href="/about-us/vision-mission/index.htm?intc=nature.tnav.about">Mission</a></h4>
							<h4><a href="/about-us/vision-mission/history/index.htm?intc=nature.tnav.about">History</a></h4>
							<h4><a href="/about-us/our-accountability/index.htm?intc=nature.tnav.about">Accountability</a></h4>
							<h4><a href="/about-us/governance/index.htm?intc=nature.tnav.about">Leadership</a></h4>
							<h4><a href="/about-us/diversity/index.htm?intc=nature.tnav.about">Diversity</a></h4>
							<h4><a href="/newsfeatures/pressreleases/index.htm?intc=nature.tnav.about">Newsroom</a></h4>
							<h4><a href="/about-us/careers/index.htm?intc=nature.tnav.about">Careers</a></h4>
							<h4><a href="/about-us/contact/index.htm?intc=nature.tnav.about">Contact us</a></h4>
					</div><!-- lists -->
				</div><!-- bfnav-panel -->
			</li>
			<li class="membership-giving">
				<a href="/membership-giving/index.htm?intc=nature.tnav.give" id="nav4">Membership &amp; Giving</a>
				<div class="mobile-nav-active">
 		 			<a href="/membership-giving/membership/index.htm?intc=nature.tnav.give">Membership</a>
  					<a href="/membership-giving/membership/become-member/index.htm?intc=nature.tnav.give">Join</a>
  					<a href="/membership-giving/membership/renew-membership/index.htm?intc=nature.tnav.give">Renew</a>
  					<a href="/membership-giving/donation/monthly-giving/index.htm?intc=nature.tnav.give">Give Monthly</a>
  					<a href="/membership-giving/membership/gift-memberships/index.htm?intc=nature.tnav.give">Gift Membership</a>
  					<a href="https://gifts.nature.org/?ref=site&intc=nature.tnav.give">Gift Catalog</a>
  					<a href="/gift-planning/index.htm?intc=nature.tnav.give">Gift &amp; Estate Planning</a>
  					<a href="/membership-giving/more-ways-to-give/tribute-honor-giving/index.htm?intc=nature.tnav.give">Honor &amp; Tribute Giving</a>
  					<a href="/membership-giving/more-ways-to-give/index.htm?intc=nature.tnav.give">Other Ways to Give</a>
				</div>
				<div class="bfnav-panel">	
					<button class="panel-close">[close]</button>				
					<div class="lists">
							<h4><a href="/membership-giving/membership/index.htm?intc=nature.tnav.give">Membership</a></h4>
							<ul>
								<li><a href="/membership-giving/membership/become-member/index.htm?intc=nature.tnav.give">Join</a></li>
								<li><a href="/membership-giving/membership/renew-membership/index.htm?intc=nature.tnav.give">Renew</a></li>
								<li><a href="/membership-giving/donation/monthly-giving/index.htm?intc=nature.tnav.give">Give Monthly</a></li>
								<li><a href="/membership-giving/membership/gift-memberships/index.htm?intc=nature.tnav.give">Gift Membership</a></li>
							</ul>
							<h4><a href="https://gifts.nature.org/?ref=site&intc=nature.tnav.give">Gift Catalog</a></h4>
							<h4><a href="/gift-planning/index.htm?intc=nature.tnav.give">Gift &amp; Estate Planning</a></h4>
							<h4><a href="/membership-giving/more-ways-to-give/tribute-honor-giving/index.htm?intc=nature.tnav.give">Honor &amp; Tribute Giving</a></h4>
							<h4><a href="/membership-giving/more-ways-to-give/index.htm?intc=nature.tnav.give">Other Ways to Give</a></h4>
					</div><!-- lists -->
				</div><!-- bfnav-panel -->
			</li>
		</ul>
		</nav>
		<a id="top-search"><img src="/cs/groups/webasset/documents/webasset/search-icon.png" /></a>
		<a class="donate-button" href="https://support.nature.org/site/Donation2?10420.donation=form1&amp;df_id=10420&amp;intc=nature.tnav.button">Donate <span>Now</span></a>
		<div class="opt-new-orange-buttons"><a class="opt-donate-button2" href="https://support.nature.org/site/Donation2?10420.donation=form1&amp;df_id=10420&amp;intc=nature.tnav.button.donate">Donate</a><a class="opt-renew-button2" href="https://support.nature.org/site/Donation2?3720.donation=form1&amp;df_id=3720&amp;intc=nature.tnav.button.renew">Renew</a></div>
		
		<form id="site-search" action="/search/index.htm" class="search-form" method="get" role="search" style="display:none">
				<input type="hidden" name="site" value="prod_nature_org">
        		<input type="hidden" name="client" value="NatureOrg">
        		<input type="hidden" name="ie" value="UTF-8">
        		<input type="hidden" name="oe" value="UTF-8">
        		<!--<input type="hidden" name="sort" value="date:D:L:d1">-->
        		<input type="hidden" name="output" value="xml_no_dtd">
        		<input type="hidden" name="ud" value="1">
        		<input type="hidden" name="entqr" value="0">
				<label for="keyword">Press enter to search.</label><input type="search" id="keyword" name="q" placeholder="Search nature.org" /> 
				<img id="site-search-close" src="/cs/groups/webasset/documents/webasset/site-search-close.gif" />
			</form>
	</div><!-- wrapper -->	
</header><!-- header -->

<!-- <div id="layout" class="coldesc-two"> -->
<!-- <div id="layout" class="coldesc-one-two"> -->
<!-- <div id="layout" class="coldesc-two-three"> -->
<div id="layout" class="coldesc-one-two-three layout-subpage">
	<div class="wrapper">
		<div id="colone">
		
<nav id="nav-secondary">

			







<li style="display:none;" class="L-1"><a link_id="lnav" href="/about-us/index.htm" class=" has-children">About Us</a></li>			







<li style="display:none;" class="L-1"><a link_id="lnav" href="/ourinitiatives/index.htm" class=" has-children">Where We Work</a></li>			







<li style="display:none;" class="L-1"><a link_id="lnav" href="/how-we-work/index.htm" class=" has-children">How We Work</a></li>			







<li style="display:none;" class="L-1"><a link_id="lnav" href="/science-in-action/index.htm" class=" has-children">Science in Action</a></li>			







<li style="display:none;" class="L-1"><a link_id="lnav" href="/membership-giving/index.htm" class=" has-children">Membership & Giving</a></li>			







<li style="display:none;" class="L-1"><a link_id="lnav" href="/photos-and-video/index.htm" class=" has-children">Photos & Video</a></li>			







<li style="display:none;" class="L-1"><a link_id="lnav" href="/magazine/index.htm" class=" has-children">Nature Conservancy Magazine</a></li>			


<h2><a href="/newsfeatures/index.htm" class="active">News & Features</a></h2><ul>			







<li class="L-2"><a link_id="lnav" href="/newsfeatures/magazine-redirect/index.htm" class="">Nature Conservancy Magazine</a></li>			







<li class="L-2"><a link_id="lnav" href="/newsfeatures/specialfeatures/index.htm" class=" has-children">Special Features</a></li>			







<li class="L-2"><a link_id="lnav" href="/newsfeatures/pressreleases/index.htm" class=" has-children">Newsroom</a></li>			







<li class="L-2"><a link_id="lnav" href="/newsfeatures/kids-in-nature/index.htm" class="">Kids in Nature</a></li>			







<li class="L-2"><a link_id="lnav" href="/newsfeatures/books-by-our-staff/index.htm" class="">Books by Our Staff</a></li>

			







<li style="display:none;" class="L-1"><a link_id="lnav" href="/gift-planning/index.htm" class=" has-children">Gift and Estate Planning</a></li>			







<li style="display:none;" class="L-1"><a link_id="lnav" href="/greenliving/index.htm" class=" has-children">Green Living</a></li>			







<li style="display:none;" class="L-1"><a link_id="lnav" href="/member-care/index.htm" class=" has-children">Member Care</a></li>			




<li style="display:none;" class="L-1"><a link_id="lnav" href="/connectthedrops/index.htm" class=" has-children">Connect the Drops</a></li>



</ul>
</nav>
	
		</div><!-- colone -->
		
		<div id="coltwo" role="main">
			<p id="breadcrumbs">
      <span><a href="/index.htm">Home</a></span> > 
        <span><a href="/newsfeatures/index.htm">News & Features</a></span> > 
        
        <span>World Fish Migration Day</span>
</p>
			<section class="main-content">
				<header class="page-title-holder">
	<h1 class="page-title">World Fish Migration Day</h1>
	<h2>May 21, 2016</h2>
</header>
<article class="content-feature">
	<div class="photoCreditImg">
		<a href="http://www.worldfishmigrationday.com/events" target="http://www.worldfishmigrationday.com/events"><img src="/cs/groups/webcontent/@photopublic/documents/media/map-of-wfmd-events-2016.jpg" alt="Map of WFMD events 2016" /></a><a class="photoCredit" href="javascript:void(0);"><span>Map of events via World Fish Migration Foundation 2016. © The Nature Conservancy</span></a>


	</div>
	<div class="content-holder">
		<script type="text/javascript">
var addthis_share = {
     url_transforms : {
         add: {
             src : 'share.nature.addthis.{{code}}'
         }
     } 
} 
</script>
<div id="addThis">
	<div class="addthis_responsive_sharing"></div>
</div>

		<h1> <span class="more"></span></h1>	
	</div>
</article>

<p><img width="150" height="106" style="margin: 0px 10px 10px 0px; float: right;" title="World Fish Migration Day &copy; World Fish Migration Day" alt="World Fish Migraton DayLogo" src="/cs/groups/webcontent/@web/documents/media/world-fish-migraton-daylogo-1.jpg" /></p> <p>Migratory fish are critical to the long-term health of river and ocean ecosystems. They also provide us with food and support the livelihoods of people worldwide. Threats in rivers and at sea, however, have placed these fish under pressure and many species have seen population decline.</p><p>The Nature Conservancy proudly supports World Fish Migration Day (WFMD), a global initiative organized by the World Fish Migration Foundation aimed at raising awareness of the importance of migrating fish to our communities, our economies and to the conservation of nature. <a href="http://worldfishmigrationday.com/" target="http://worldfishmigrationday.com/">Visit the WFMD site to learn more</a>.</p><p>May 21, 2016, marks the second celebration of WFMD, featuring local events worldwide. <a href="http://www.worldfishmigrationday.com/events" target="http://www.worldfishmigrationday.com/events">See where events are happening near you!</a></p>  <p>In addition to many supporting organizations around the world, official WFMD partners include:</p> <ul>     <li><a target="" href="/index.htm">The Nature Conservancy</a></li>     <li><a target="_blank" href="http://www.worldwildlife.org/">World Wildlife Fund</a></li>     <li><a target="_blank" href="http://www.worldfishmigrationfoundation.com/">World Fish Migration Foundation</a></li>     <li><a target="_blank" href="http://www.iucnffsg.org/">Freshwater Fish Specialist Group</a></li>     <li><a target="_blank" href="http://www.linkitconsult.nl/">LINKit consult</a></li>     <li><a target="_blank" href="http://www.agv.nl/algemene-onderdelen/english/">Regional Water Authority AGV</a></li>     <li><a target="_blank" href="https://www.hhnk.nl/">Regional Water Authority HHNK&nbsp;</a></li> </ul> <p>The Conservancy has a long history of protecting the rivers, streams and oceans needed to maintain healthy fish stocks and support fish migration. Learn more about our approach to issues impacting migratory fish, and check out some success stories made possible by your support!&nbsp;&nbsp;</p> <p>&nbsp;</p>
<br/>
<div id="tabs">
	<hr class="tab"/>
	<ul class="tab-controls">
		<li><a href="#featureTab1" onclick="s_tabView('Features')">Features</a></li>
		
		
		
	</ul>
	<div class="tab-content" id="featureTab1">
		
		<div class="video-teases">
		
				
			
		
        <article class="content-tease">
        <div class="photoCreditImg">
			<a href="/ourinitiatives/habitats/riverslakes/migratory-fish-infographic-6-2016.pdf" target=""><img src="/cs/groups/webcontent/@photopublic/documents/media/infographicsnap-2.jpg" alt="InfographicSnap-2" /></a><a class="photoCredit" href="javascript:void(0);"><span style="display: none;">Portion of infographic on migratory fish © Chis Philpot for The Nature Conservancy</span></a>
		</div>
		<h1><a href="/ourinitiatives/habitats/riverslakes/migratory-fish-infographic-6-2016.pdf" target="">Going the Distance for Migratory Fish</a></h1>
		<p class="highlightLink">See for yourself how the challenges facing migratory fish can be addressed with innovative solutions.&nbsp;</p>
		</article>
		
		
			
		
        <article class="content-tease">
        <div class="photoCreditImg">
			<a href="/ourinitiatives/habitats/riverslakes/wfmd-solutions-that-support-migratory-fish-6-2016.pdf" target=""><img alt="PenobscotAerial" src="/cs/groups/webcontent/@photopublic/documents/media/penobscotaerial.jpg" /></a><a class="photoCredit" href="javascript:void(0);"><span style="display: none;">Aerials of the Maine northwoods along the Allagash waterway and Northern Forest Canoe Trail from the town of Greenville north to Chamberlain Dam along the Penobscot River and over various lakes and bogs on the way. © Bridget Besaw for The Nature Conservancy</span></a>
		</div>
		<h1><a href="/ourinitiatives/habitats/riverslakes/wfmd-solutions-that-support-migratory-fish-6-2016.pdf" target="">Solutions that Support Migratory Fish</a></h1>
		<p class="highlightLink">Open this brochure for a deeper dive on fish migration and ways to help people and nature thrive together.</p>
		</article>
		<div class="clear"></div>
		
			
		
        <article class="content-tease">
        <div class="photoCreditImg">
			<a href="/ourinitiatives/regions/northamerica/unitedstates/maine/explore/penobscot-restoration-stories.xml" target=""><img src="/cs/groups/webcontent/@web/@maine/documents/media/penobscot-sturgeon-explore.jpg" alt="Penobscot Sturgeon Explore" /></a><a class="photoCredit" href="javascript:void(0);"><span style="display: none;">Restoring the Penobscot River will restore more than 1,000 miles of river habitat for sturgeon and other sea-running fish. © Christopher Holbrook</span></a>
		</div>
		<h1><a href="/ourinitiatives/regions/northamerica/unitedstates/maine/explore/penobscot-restoration-stories.xml" target="">Penobscot River Restoration Project</a></h1>
		<p class="highlightLink">This unprecedented and innovative effort will restore more than 1,000 river miles of habitat, opening opportunities for people and nature.</p>
		</article>
		
		
			
		
        <article class="content-tease">
        <div class="photoCreditImg">
			<a href="http://www.bayjournal.com/article/deal_reached_on_fish_eel_passage_at_conwingo_dam" target="_blank"><img src="/cs/groups/webcontent/@photopublic/documents/media/susquehanna.jpg" alt="Susquehanna" /></a><a class="photoCredit" href="javascript:void(0);"><span style="display: none;">Lush view of the treelined riverbanks along the Susquehanna River, Wysox, Pennsylvania. © Dave Spier</span></a>
		</div>
		<h1><a href="http://www.bayjournal.com/article/deal_reached_on_fish_eel_passage_at_conwingo_dam" target="_blank">Improving fish and eel passage at Conowingo Dam</a></h1>
		<p class="highlightLink">The Susquehanna River once supported the largest migratory fish run on the US East Coast, but damming has seriously reduced aquatic life in the basin&hellip; until now.</p>
		</article>
		<div class="clear"></div>
		
			
		
        <article class="content-tease">
        <div class="photoCreditImg">
			<a href="http://blog.nature.org/science/2016/01/26/the-path-to-sustainable-fisheries-is-paved-with-data/" target="http://blog.nature.org/science/2016/01/26/the-path-to-sustainable-fisheries-is-paved-with-data/"><img src="/cs/groups/webcontent/@photopublic/documents/media/fishingmicro.jpg" alt="FishingMicro" /></a><a class="photoCredit" href="javascript:void(0);"><span style="display: none;">Members of the Paulino family (Enipein Village in Pohnpei, Federated States of Micronesia) examine their catch some of which they will sell to other members of their village community. Fishermen will often catch extra fish so that they can sell what they can't eat to generate additional income for their families. There is growing concern among the Pohnpeian government and conservation community that the increasing commercialisation of Pohnpei's reef fisheries is leading to unsustainable resource utilisation and a declining fish population. Life in Micronesia has been shaped by the islandsÕ remoteness and the rich resources of their lands and seas. Yet this dependence makes islanders especially vulnerable to environmental threats, such as rising sea levels, pollution, deforestation and unsustainable fishing. The Nature Conservancy is working with both local government and NGOs to conserve resources and meet the future needs of the population through a program known as the Micronesia Challenge. © Nick Hall</span></a>
		</div>
		<h1><a href="http://blog.nature.org/science/2016/01/26/the-path-to-sustainable-fisheries-is-paved-with-data/" target="http://blog.nature.org/science/2016/01/26/the-path-to-sustainable-fisheries-is-paved-with-data/">The Path to Sustainable Fisheries is Paved with Data</a></h1>
		<p class="highlightLink">Unmanaged fisheries are at high risk of over-fishing and collapse, damaging economies, human health and biodiversity. How can data change this?<br /></p>
		</article>
		
		
			
		
        <article class="content-tease">
        <div class="photoCreditImg">
			<a href="/ourinitiatives/regions/northamerica/unitedstates/florida/howwework/apalachicola-river-dams-and-politics-can-migrating-fish-survive.xml"><img src="/cs/groups/webcontent/@photopublic/documents/media/alabamashad.jpg" alt="AlabamaShad" width="215" height="143" /></a><a class="photoCredit" href="javascript:void(0);"><span style="display: none;">Auburn University research assistant Chase Katechis examines an Alabama shad on the Apalachicola River, Florida © Matt Miller for TNC</span></a>
		</div>
		<h1><a href="/ourinitiatives/regions/northamerica/unitedstates/florida/howwework/apalachicola-river-dams-and-politics-can-migrating-fish-survive.xml" target="">Saving Migratory Fish in the Apalachicola River</a></h1>
		<p class="highlightLink">A low-cost strategy could be the key to saving fish &mdash; and restoring rivers.</p>
		</article>
		<div class="clear"></div>
		
			
		
        <article class="content-tease">
        <div class="photoCreditImg">
			<a href="http://voices.nationalgeographic.com/2016/01/26/bluefin/" target="_blank"><img src="/cs/groups/webcontent/@photopublic/documents/media/bluefin.jpg" alt="bluefin" /></a><a class="photoCredit" href="javascript:void(0);"><span style="display: none;">Bluefin Tuna © Tom Puchner 2008 via creative Commons</span></a>
		</div>
		<h1><a href="http://voices.nationalgeographic.com/2016/01/26/bluefin/" target="_blank">A Bluefin Tuna for $118,000: Going, Going&hellip; Gone?</a></h1>
		<p class="highlightLink">Saving the bluefin is a unique global challenge.</p>
		</article>
		
		
			
		
        <article class="content-tease">
        <div class="photoCreditImg">
			<a href="http://blog.nature.org/science/2016/01/28/concentration-confrontation-collaboration-future-sustainable-hydropower-energy-fish/" target="_blank"><img src="/cs/groups/webcontent/@photopublic/documents/media/canaima-1.jpg" alt="Canaima" /></a><a class="photoCredit" href="javascript:void(0);"><span style="display: none;">Waterfalls at Canaima National Park, located in south-eastern Venezuela along the border between Guyana and Brazil. A UNESCO World Heritage site; The sheer cliffs and waterfalls, including the world's highest (1,000 m), form a spectacular landscape. © Ana Garcia/TNC</span></a>
		</div>
		<h1><a href="http://blog.nature.org/science/2016/01/28/concentration-confrontation-collaboration-future-sustainable-hydropower-energy-fish/" target="_blank">The Future of River Conservation and Sustainable Hydropower</a></h1>
		<p class="highlightLink">How concentration, confrontation, and collaboration are part of the story.</p>
		</article>
		<div class="clear"></div>
		
			
		
        <article class="content-tease">
        <div class="photoCreditImg">
			<a href="http://www.washingtonnature.org/salmon" target="_blank"><img src="/cs/groups/webcontent/@photopublic/documents/media/fisherssalmon.jpg" alt="FishersSalmon" /></a><a class="photoCredit" href="javascript:void(0);"><span style="display: none;">Bristol Bay Economic Development Corporation's Salmon Camp at Camp Polaris on Lake Aleknagit in Alaska's Bristol Bay. © Clark James Mishler</span></a>
		</div>
		<h1><a href="http://www.washingtonnature.org/salmon" target="_blank">Protecting Our Iconic Salmon</a></h1>
		<p class="highlightLink">Check out this infographic that shows how the Conservancy protects salmon throughout their life cycle.</p>
		</article>
		
		
			
		
        <article class="content-tease">
        <div class="photoCreditImg">
			<a href="http://blog.nature.org/conservancy/2016/02/18/quick-take-finding-balance-on-the-mekong-river/" target="_blank"><img src="/cs/groups/webcontent/@photopublic/documents/media/mekong.jpg" alt="Mekong" /></a><a class="photoCredit" href="javascript:void(0);"><span style="display: none;">he Mekong River flowing through the rugged mountain landscape of Yunnan Province, China. The Mekong is the world's 11th-longest river, flowing from the Tibetan Plateau it runs through China's Yunnan province, Burma, Thailand, Laos, Cambodia and Vietnam. © Scott Warren</span></a>
		</div>
		<h1><a href="http://blog.nature.org/conservancy/2016/02/18/quick-take-finding-balance-on-the-mekong-river/" target="_blank">Finding Balance on the Mekong River</a></h1>
		<p class="highlightLink">Several dozen hydropower dams are under construction or planned in the Mekong basin. This is an opportunity to balance nature and fishing with energy generation.</p>
		</article>
		<div class="clear"></div>
		
			
		
        <article class="content-tease">
        <div class="photoCreditImg">
			<a href="http://blog.nature.org/conservancy/2015/08/14/innovative-technology-data-stock-status-improve-seafood-traceability/" target="_blank"><img src="/cs/groups/webcontent/@photopublic/documents/media/blackseabass.jpg" alt="BlackSeaBass" /></a><a class="photoCredit" href="javascript:void(0);"><span style="display: none;">July 2015. Unloading trap caught black sea bass from Captain Sonny Gwin on the Skilligalee. Martin's Fish Co. is located in the only commercial fishing marina in Maryland. Boats pull up to their dock and unload right to the fish market. Surplus product is packaged and shipped wholesale as well. The Conservancy is working with fishermen, communities, and marine planners to collect information to ensure healthy fish stocks for the Mid-Atlantic’s 800 million pound annual seafood harvest. © Jason Houston</span></a>
		</div>
		<h1><a href="http://blog.nature.org/conservancy/2015/08/14/innovative-technology-data-stock-status-improve-seafood-traceability/" target="_blank">Fresh, Sustainable Seafood, Please?</a></h1>
		<p class="highlightLink">Technology can help us collect data to trace our seafood</p>
		</article>
		
		
			
		
        <article class="content-tease">
        <div class="photoCreditImg">
			<a href="/newsfeatures/specialfeatures/nature-feeds-our-culture.xml" target=""><img src="/cs/groups/webcontent/@web/documents/media/tony-christianson-215x143.jpg" alt="Tony Christianson 215x143" /></a><a class="photoCredit" href="javascript:void(0);"><span style="display: none;">Mayor Tony Christianson goes seine fishing for salmon in Eek Inlet off Prince of Wales Island in Southeast Alaska. © Erika Nortemann/TNC</span></a>
		</div>
		<h1><a href="/newsfeatures/specialfeatures/nature-feeds-our-culture.xml" target="">Nature Feeds Our Culture</a></h1>
		<p class="highlightLink">For the Haida people of Alaska, the yearly return of the salmon sustains a timeless tradition.</p>
		</article>
		<div class="clear"></div>
		
			
		
        <article class="content-tease">
        <div class="photoCreditImg">
			<a href="http://blog.nature.org/science/2015/10/13/recovery-alewives-the-little-fish-with-a-big-role/" target="_blank"><img src="/cs/groups/webcontent/@photopublic/documents/media/alewives.jpg" alt="Alewives" /></a><a class="photoCredit" href="javascript:void(0);"><span style="display: none;">Alewives, Penobscot River © Doug Watts</span></a>
		</div>
		<h1><a href="http://blog.nature.org/science/2015/10/13/recovery-alewives-the-little-fish-with-a-big-role/" target="_blank">Recovery: Alewives, the Little Fish with a Big Role</a></h1>
		<p class="highlightLink">Alewives are returning to Maine. What does this mean for the area?</p>
		</article>
		
		
			
		
        <article class="content-tease">
        <div class="photoCreditImg">
			<a href="/ourinitiatives/regions/northamerica/unitedstates/wisconsin/howwework/helping-northern-pike-cross-the-road.xml" target=""><img src="/cs/groups/webcontent/@web/@wisconsin/documents/media/uw-pike-researchers.jpg" alt="UW Pike-researchers" /></a><a class="photoCredit" href="javascript:void(0);"><span style="display: none;">University of Wisconsin researchers check northern pike traps in a ditch near Green Bay. © Matt Miller/TNC</span></a>
		</div>
		<h1><a href="/ourinitiatives/regions/northamerica/unitedstates/wisconsin/howwework/helping-northern-pike-cross-the-road.xml" target="">Helping Northern Pike Cross the Road</a></h1>
		<p class="highlightLink">Removing barriers to fish passage in the Green Bay watershed will give fish a fighting chance.</p>
		</article>
		<div class="clear"></div>
		
			
		
        <article class="content-tease">
        <div class="photoCreditImg">
			<a href="https://www.youtube.com/watch?v=Dr0Db4jUvHQ&amp;feature=youtu.be" target="_blank"><img src="/cs/groups/webcontent/@photopublic/documents/media/stripedbasscut.jpg" alt="StripedBassCut" /></a><a class="photoCredit" href="javascript:void(0);"><span style="display: none;">uly 2015. Striped bass at Martin's Fish Co. Located in the only commercial fishing marina in Maryland. Boats pull up to their dock and unload right to the fish market. Surplus product is packaged and shipped wholesale as well. The Conservancy is working with fishermen, communities, and marine planners to collect information to ensure healthy fish stocks for the Mid-Atlantic’s 800 million pound annual seafood harvest. © Jason Houston</span></a>
		</div>
		<h1><a href="https://www.youtube.com/watch?v=Dr0Db4jUvHQ&amp;feature=youtu.be" target="_blank">Seafood Bait and Switch</a></h1>
		<p class="highlightLink">One third of all seafood in U.S. markets is mislabeled. Watch this documentary on seafood fraud.</p>
		</article>
		
		 
		</div>
	</div>
	<div class="tab-content" id="featureTab2">
		
		<h2></h2>
		
		
	</div>
	<div class="tab-content" id="featureTab3">
		<article class="profile-video">
		
		
		</article>
	</div>
	<div class="tab-content" id="featureTab4">
		<article class="profile-video">
		
		
		</article>
	</div>
</div>
</section>
			
</div><!-- coltwo -->
<div id="colthree" role="complimentary">
 

			<article class="sitewide-promo" id="sitewide-promo">
			<a target="" href="https://support.nature.org/site/Donation2?df_id=2900&amp;2900.donation=form1"><img alt="rivers-lakes-cta" src="/cs/groups/webcontent/@web/@lakesrivers/documents/media/prd_036015.jpg" /></a>
				<div class="wrapper">
					<h1><a target="" href="https://support.nature.org/site/Donation2?df_id=2900&amp;2900.donation=form1">Donate to the Global Water Program</a></h1>
					<p>When you <a target="" href="https://support.nature.org/site/Donation2?df_id=2900&amp;2900.donation=form1">donate today</a>, you&rsquo;ll help The Nature Conservancy protect our most precious resource - clean water.<br /></p>
					<div class="button" id="rcol-cta"><p><a target="" href="https://support.nature.org/site/Donation2?df_id=2900&amp;2900.donation=form1">Donate Now</a></p></div>
				</div>
			</article>
               
 
 
			<div class="corporate-supporters" id="rcol-promos">
				<!-- /7517034/Nature.org_Homepage_CorporatePartners -->
				<div id='div-gpt-ad-1455312344167-0' style='height:200px; width:200px;'>
				<script type='text/javascript'>
				googletag.cmd.push(function() { googletag.display('div-gpt-ad-1455312344167-0'); });
				</script>
				</div>	
			</div>


  
    	

     

  	


			
			
		</div><!-- colthree -->
		<section class="related-content" id="related-content">
			
<h1>Featured Articles</h1>
<article class="content-tease">	          
<a href="/membership-giving/membership/gift-memberships/index.htm?intc=nature.featuredstory" target=""><img alt="Grasslands Estancia 78x52" src="/cs/groups/webcontent/@web/documents/media/grasslands-estancia-78x52.jpg" /></a>
<div class="content-holder">
	<h5 class="featured-headline"><a href="/membership-giving/membership/gift-memberships/index.htm?intc=nature.featuredstory" target="">Give a Gift Membership</a></h5>
	<p>With this gift of nature,&nbsp;<em>Nature Conservancy</em> magazine arrives all year long. <a href="/membership-giving/membership/gift-memberships/index.htm?intc=nature.featuredstory" target="">Join</a></p>
	<div class="more"></div>
</div>
</article>
<article class="content-tease">	          
<a target="" href="/membership-giving/adopt-an-acre/index.htm?intc=nature.featuredstory"><img alt="CLEARWATER BLACKFOOT thumb" src="/cs/groups/webcontent/@web/@montana/documents/media/clearwater-blackfoot-thumb.jpg" /></a>
<div class="content-holder">
	<h5 class="featured-headline"><a target="" href="/membership-giving/adopt-an-acre/index.htm?intc=nature.featuredstory">Adopt an Acre</a></h5>
	<p>One acre at a time can make a big difference for our landscapes!&nbsp;<a target="" href="/membership-giving/adopt-an-acre/index.htm?intc=nature.featuredstory">Adopt</a></p>
	<div class="more"></div>
</div>
</article>
<article class="content-tease">	          
<a href="/ourinitiatives/urgentissues/global-warming-climate-change/threats-solutions/index.htm?intc=nature.featuredstory"><img src="/cs/groups/webcontent/@photopublic/documents/media/hurricane-sandy-satellite-640x.jpg" alt="hurricane sandy satellite 640x400" width="78" height="52" /></a>
<div class="content-holder">
	<h5 class="featured-headline"><a target="" href="/ourinitiatives/urgentissues/global-warming-climate-change/threats-solutions/index.htm?intc=nature.featuredstory">Climate Change Threats</a></h5>
	<p>What are the impacts of climate change? What are the solutions?&nbsp;<a target="" href="/ourinitiatives/urgentissues/global-warming-climate-change/threats-solutions/index.htm?intc=nature.featuredstory">Find Out</a></p>
	<div class="more"></div>
</div>
</article>
			        

			
		</section>

	</div><!-- wrapper -->

</div><!-- end layout -->
<link rel="image_src" href="//www.nature.org/cs/groups/webcontent/@photopublic/documents/media/marin-headlands-8.jpg" />
<div id="brand-bar">
	<div class="wrapper">
		<article class="sign-up">
			<h4>SIGN UP FOR <span>e</span>-NEWS</h4>
			<form id="sign-up-enews" method="POST" action="http://support.nature.org/site/Survey?intc=nature.fnav.email">
				<input name="cons_info_component" id="cons_info_component" value="t" type="hidden">
  				<input name="s_rememberMe" id="s_rememberMe" checked="checked" style="display:none;" type="checkbox">
  				<input name="1316_4560_3_6391" id="1316_4560_3_6391_1" value="1201" type="hidden">
  				<input name="1316_4560_3_6391" id="1316_4560_3_6391_2" value="1061" type="hidden">
  				<input name="1316_4560_3_6391" id="1316_4560_3_6391_3" value="1101" type="hidden">
  				<input name="1316_4560_3_6391" id="1316_4560_3_6391_4" value="1221" type="hidden">
  				<input name="1316_4560_3_6391" id="1316_4560_3_6391_5" value="1222" type="hidden">
  				<input name="1316_4560_3_6391" id="1316_4560_3_6391_6" value="1361" type="hidden">
  				<input name="denySubmit" id="denySubmit" value="" alt="This field is used to prevent form submission by scripts." type="hidden">
				<input name="SURVEY_ID" id="SURVEY_ID" value="4560" type="hidden">			
				<input type="email" id="email-address" placeholder="Enter your email address" name="cons_email" required>
				<button class="button email_submit" name="ACTION_SUBMIT_SURVEY_RESPONSE" id="ACTION_SUBMIT_SURVEY_RESPONSE">SUBSCRIBE</button>
				<span class="email-error" style="display:none; color:#fff;">Please provide a valid email address</span>
			</form>
		</article>
		<article class="social-networks">				
			<h4>STAY CONNECTED</h4>
				<dl class="social-networks">
					<dd class="facebook"><a href="http://www.facebook.com/thenatureconservancy" target="_blank">Facebook</a></dd>
					<dd class="twitter"><a href="http://twitter.com/nature_org" target="_blank">Twitter</a></dd>
					<dd class="instagram"><a href="http://instagram.com/nature_org#" target="_blank">Instagram</a></dd>
					<dd class="linkedin"><a href="http://www.linkedin.com/company/the-nature-conservancy" target="_blank">Linked In</a></dd>
					<dd class="googleplus"><a href="https://plus.google.com/+TheNatureConservancy/posts" target="_blank">Google Plus</a></dd>
					<dd class="wechat"><a href="https://flipboard.com/@nature_org" target="_blank">Flipboard</a></dd>
					<dd class="youtube"><a href="http://www.youtube.com/user/natureconservancy" target="_blank">Youtube</a></dd>
				</dl>
		</article>
		<article class="text-updates">
			<h4>GET TEXT UPDATES*</h4>
			<form id="sign-up-text" method="POST" action="https://secure.mcommons.com/profiles/join">
				<input name="person[phone]" id="mobile-phone-field" placeholder="XXX-XXX-XXXX" type="tel">
				<input type="hidden" name="opt_in_path[]" value="OP2AE09FC3301298305A4290D8E0F61F4C" checked="true">
				<input id="NEXTURL" type="hidden" name="redirect_to" value="https://support.nature.org/site/SPageNavigator/supporter/text_add_main.html?thankyou=signup&status=signup_footer&intc=nature.fnav" />
				<input class="button mobile_submit" type="submit" name="ACTION_SUBMIT_SURVEY_RESPONSE" id="ACTION_SUBMIT_SURVEY_RESPONSE" value="GET UPDATES" />
				<span class="mobileNum-error" style="display:none; color:#fff;">Please provide a valid phone number</span>
			</form>
		</article>
	</div>
</div>
<footer id="site-footer-brand" role="contentinfo">
	<div class="wrapper">
		<div id="brand-and-networks">
			<a href="//www.nature.org/?intc=nature.fnav.logo"><img class="footer-logo" src="/cs/groups/webasset/documents/webasset/logo-nature.png" alt="The Nature Conservancy" /></a>
		</div>
		<ul id="super-footer">
			<li><a href="/ourinitiatives/index.htm?intc=nature.fnav.ourwork">Our Work</a>
				<ul>
					<li><a href="/ourinitiatives/regions/index.htm?intc=nature.fnav.ourwork">Where We Work</a>
					<li><a href="/ourinitiatives/urgentissues/index.htm?intc=nature.fnav.ourwork">Priorities</a></li>
					<li><a href="/science-in-action/index.htm?intc=nature.fnav.ourwork">Science</a></li>
				</ul>
			</li>
			<li><a href="/about-us/index.htm?intc=nature.fnav.about">About Us</a>
				<ul>
					<li><a href="/about-us/vision-mission/index.htm?intc=nature.fnav.about">Mission</a></li>
					<li><a href="/newsfeatures/pressreleases/index.htm?intc=nature.fnav.about">Newsroom</a></li>
					<li><a href="/about-us/careers/index.htm?intc=nature.fnav.about">Careers</a></li>
					<li><a href="/how-we-work/other-nature-conservancy-sites.xml?intc=nature.fnav.about">Family of Sites</a></li>
				</ul>
			</li>		
			<li><a href="/membership-giving/index.htm?intc=nature.fnav.give">Give</a>
				<ul>
					<li><a href="https://support.nature.org/site/Donation2?10420.donation=form1&df_id=10420&intc=nature.fnav.give">Donate Now</a></li>
					<li><a href="/membership-giving/membership/become-member/index.htm?intc=nature.fnav.give">Membership</a></li>
					<li><a href="/gift-planning/index.htm?intc=nature.fnav.give">Gift &amp; Estate Planning</a></li>
					<li><a href="https://gifts.nature.org/?ref=site&intc=nature.fnav.give">Gift Catalog</a></li>
				</ul>
			</li>
			<li><strong>CONNECT</strong>
				<ul>
					<li><a href="/about-us/contact/index.htm?intc=nature.fnav.connect">Contact Us</a></li>
					<li>(800) 628-6860</li>
					<li><a href="/member-care/index.htm?intc=nature.fnav.connect">FAQ</a></li>
					<li><a href="/about-us/contact/provide-feedback.xml?intc=nature.fnav.connect">Feedback</a></li>
					<li><a href="https://support.nature.org/site/SPageNavigator/supporter/login_main.html?intc=nature.fnav.connect">Log In</a></li>
				</ul>
			</li>
			<li class="accountability"><a href="/about-us/our-accountability/index.htm?intc=nature.fnav.accountability">Our Accountability</a>
				<div class="orgs">
				<img src="/cs/groups/webasset/documents/webasset/logo-bbb.png" alt=""/>
				<img src="/cs/groups/webasset/documents/webasset/logo-charitynavigator.png" alt=""/>
				<img src="/cs/groups/webasset/documents/webasset/dma-logo.png" alt=""/>
				</div>
				<p><a href="/about-us/our-accountability/charity-ratings/index.htm?intc=nature.fnav.accountability">More Ratings</a></p>
			</li>		
		</ul>
		<ul id="nav-quicklinks">
			<h4>Global Sites</h4>	
			<li>Australia: <a href="http://www.natureaustralia.org.au/?intc=nature.fnav.globsites">English</a></li>
			<li>Brazil: <a href="http://www.tnc.org.br/?intc=nature.fnav.globsites">Portugues</a></li>
			<li>China: <a href="http://tnc.org.cn/?intc=nature.fnav.globsites"><span style='font-family:"MS Mincho";mso-bidi-font-family:
"MS Mincho"'>简体中文</span></a></li>
			<li>Hong Kong: <a href="http://www.tnc.org.hk/zh-HK/?intc=nature.fnav.globsites"><span style='font-family:"MS Mincho";mso-bidi-font-family:
"MS Mincho"'>繁體中文</span></a> | <a href="http://www.tnc.org.hk/?intc=nature.fnav.globsites">English</a></li>
			<li>Indonesia: <a href="http://www.nature.or.id/?intc=nature.fnav.globsites">Indonesian</a> | <a href="http://www.nature.or.id/en/?intc=nature.fnav.globsites">English</a></li> 
			<li>Latin America: <a href="http://www.mundotnc.org/?intc=nature.fnav.globsites">Espa&ntilde;ol</a></li>	
		</ul>	
	</div><!-- wrapper -->	
</footer><!-- site-footer-brand -->
<footer id="site-footer" role="contentinfo">
	<div class="wrapper">
		<div class="copyright">
			<p><b>Copyright &copy; 2017 The Nature Conservancy. <a href="/about-us/governance/terms-of-use/index.htm?intc=nature.fnav.governance">Terms of Use</a> | <a href="/about-us/governance/privacy-policy.xml?intc=nature.fnav.governance">Privacy Policy</a> | <a href="/about-us/our-accountability/charitable-solicitation-disclosure/index.htm?intc=nature.fnav.governance">Charitable Solicitation Disclosures</a></b></p>
			<p>The Nature Conservancy is a nonprofit, tax-exempt charitable organization (tax identification number 53-0242652) under Section 501(c)(3) of the Internal Revenue Code. Donations are tax-deductible as allowed by law.</p>
			<p class="mobile-terms">*By providing my mobile phone number, I agree that The Nature Conservancy may contact me by mobile phone call and text message regarding the Conservancy's programs, events and membership. <a href="http://www.mobilecommons.com/terms" target="_blank">Terms of Use</a> | <a href="http://www.mobilecommons.com/privacy" target="_blank">Privacy Policy</a></p>
		</div>	
	</div><!-- wrapper -->	
</footer>
<!-- site-footer -->
<!-- mobile email collection -->
<div id="mobile-email-footer">
	<p>Help Us Protect Nature Today</p>
	<a href="https://support.nature.org/site/SPageNavigator/secure_checkout/protect_nature.html?intc=nature.mnav.donate.donatenow"><img src="/cs/groups/webasset/documents/webasset/donate-kq2.gif" alt="Donate" /></a>
	<a href="https://support.nature.org/site/SPageNavigator/secure_checkout/protect_nature.html?intc=nature.mnav.donate.applepay"><img src="/cs/groups/webasset/documents/webasset/pay-kq2.png" alt="Apple Pay" /></a>
</div>
<script src="/cs/groups/webasset/documents/webasset/js_nature_interstitial.js"></script>

<script src="https://support.nature.org/tnc_redesign/javascript/libs/jquery.cookie.js"></script>
<script src="https://support.nature.org/tnc_redesign/javascript/libs/jquery.validate.min.js"></script>
<script src="https://support.nature.org/tnc_redesign/javascript/libs/jquery.validate.custom.js"></script>
<script src="https://support.nature.org/tnc_redesign/javascript/libs/luminateExtend.js"></script>
<script type="text/javascript">
var emailLightboxID="lightbox.email.dec2016.lbox";
$(document).ready(function(){
	if($.cookie('lightbox_track')){
       $.removeCookie('lightbox_track');
    }

	var flyoutName = '#emlb';
	var cookieName = 'aa_noflyout';
	$('#overlay.emlb__overlay').hide();
	
	$('#overlay.emlb__overlay').click(function(){
  		$('#emlb').stop(true, true).removeClass('visible');
	});

	$(".emlb__close").click(function () {
		$('#emlb').stop(true, true).removeClass('visible');
		$('#overlay.emlb__overlay').hide();
		$.cookie(cookieName, 'true', { expires: 7, path: '/' });
		return false;
	});
	
	$("a.emlb__dismiss").click(function () {
		$('#emlb').stop(true, true).removeClass('visible');
		$('#overlay.emlb__overlay').hide();
		$.cookie(cookieName, 'true', { expires: 10000, path: '/' });
		return false;
	});
	
	$(".emlb__button").click(function () {
		$.cookie('emailsignup', 'true', { expires: 10000, path: '/' });
		return true;
	});

	
	var close = ($.cookie(cookieName));
	var emailsignup = ($.cookie('emailsignup'));
	
	if ($.cookie('s_lookup')) {
          var sitecat = "exclude";
    }
	var pageUrl = window.location.href;
	
 	if (pageUrl.indexOf("src=e.") > -1) {
  	var campaigncode = "exclude";
 	} else {
 	var campaigncode = null;
 	}
	if (pageUrl.indexOf("lu=") > -1) {
    var campaigncode2 = "exclude";
 	} else {
 	var campaigncode2 = null;
 	}
 	
		if(close == null && campaigncode == null && campaigncode2 == null && sitecat == null && emailsignup == null){
				$(flyoutName).addClass('visible');
				$('#overlay.emlb__overlay').show();
				if($.cookie('lightbox_track') == null ){
                	$.cookie('lightbox_track', 'true');
                }
         } else {
				$(flyoutName).removeClass('visible');
				$('#overlay.emlb__overlay').hide();
		}

	$('#sign-up-enews-flyover').addClass('gonnavalidateit').accessibleValidate({
		rules: { // full list of methods to test against: http://docs.jquery.com/Plugins/Validation#List_of_built-in_Validation_methods
			"cons_email": {
				required: true,
				email: true
			},
			cons_first_name: "required",
			cons_last_name: "required",
			"cons_state": {required: false}
		},
		defaults: {
			errorClass: "notvalid",
			validClass: "valid"
		},
		messages: { // messages print as "label text": "error message". if labels aren't used refer to showErrors: function(errorMap, errorList), line 175 in jquer.validate.custom.js
			"cons_email": "*",
			"cons_first_name": "*",
			"cons_last_name": "*",
			"cons_state": "*"
		}
	});
	
});

</script>
<script type="text/javascript">// <![CDATA[
    (function ($) {
        /* define init variables for your organization */
        luminateExtend({
            apiKey: '796f756b696c6973',
            path: {
                nonsecure: 'http://support.nature.org/site/',
                secure: 'https://support.nature.org/site/'
            }
        });

        $(function () {
            /* example: handle the Survey form submission */
            /* if the Survey is submitted succesfully, display a thank you message */
            /* if there is an error, display it inline */
            window.submitSurveyCallback = {
                error: function (data) {
                    $('#survey-errors').remove();
                    $('.survey-form .control-rows .alert').remove();

                    $('.survey-form').prepend('<div id="survey-errors">' +
                        '<div class="alert alert-danger">' +
                        data.errorResponse.message +
                        '</div>' +
                        '</div>');

                   
                    $('.survey-form').show();
                },
                success: function (data) {
                    $('#survey-errors').remove();
                    $('.survey-form .form-group .survey-alert-wrap').remove();

                    if (data.submitSurveyResponse.success == 'false') {
                        $('.survey-form').prepend('<div id="survey-errors">' +
                            '<div class="alert alert-danger">' +
                            'There was an error with your submission. Please try again.' +
                            '</div>' +
                            '</div>');

                        var surveyErrors = luminateExtend.utils.ensureArray(data.submitSurveyResponse.errors);
                        $.each(surveyErrors, function () {
                            if (this.errorField) {
                                $('input[name="' + this.errorField + '"]').closest('.form-group')
                                    .prepend('<div class="col-sm-12 survey-alert-wrap">' +
                                        '<div class="alert alert-danger">' +
                                        this.errorMessage +
                                        '</div>' +
                                        '</div>');
                            }
                        });                       
                        $('.survey-form').show();
                    } else {
                        $('.survey-loading').remove();
                        $("#dynamicform-sign-up-enews").removeClass('stepOneDone').addClass('stepTwoDone');
                        $(".emlb__action").hide();
                        $(".emlb__thanks").show();
                        utag.link({"event_name":"email_lightbox_submit","event_location":"D=pageName","lightbox_id_email":emailLightboxID,"link_name":"lightbox_click"});
                    }
                }
            };

            /* bind any forms with the "luminateApi" class */
            luminateExtend.api.bind();
        });
    })(jQuery);
// ]]></script> 

<!-- new email collection -->
<style>
#emlb { box-sizing: border-box; }
#emlb * { box-sizing: inherit; }
#flyout.no-show { display: none !important; }
.emlb__overlay { display: none; position: fixed; top: 0; left: 0; width: 100%; height: 100%; background: rgba(0, 0, 0, 0.5); z-index: 300; }

@media all and (max-width: 959px) {  
	.emlb__overlay { display: none !important; } 
}

#emlb { display: none; position: fixed; top: 0; right: 0; bottom: 0; left: 0; margin: auto; width: 90%; max-width: 1120px; height: 480px; z-index: 301; background: #FFF; font-family: 'Open Sans'; }
#emlb.visible { display: block; }

@media all and (min-width: 960px) {
  #emlb { height: 520px; } 
}

@media all and (max-width: 959px) {
  #emlb { display: none !important; } 
}

#emlb::after { content: ''; display: table; clear: both; }
#emlb h2 { font-size: 36px; font-weight: 300; line-height: 1; color: #4aa942; text-align: center; margin: 15px 0; }
#emlb p { font-size: 16px; text-align: center; }
.emlb__close { cursor: pointer; position: absolute; top: -10px; right: -10px; display: block; height: 32px; width: 33px;
  background: url(/cs/groups/webasset/@web/documents/webasset/lightbox-close.png) 0 0 no-repeat; }
.emlb__wrapper { width: 100%; height: 100%; float: right; margin-left: -500px; }
.emlb__content { margin-left: 500px; padding: 20px; }
.emlb__bg { width: 500px; height: 520px; float: left; }
.emlb__action { max-width: 360px;  margin: 0 auto; }
.emlb__form { margin-top: 20px; }
.emlb__form .form__field { margin-bottom: 10px; }
.emlb__form label { display: inline-block; width: 100%; font-size: 16px; }
.emlb__form label label.error { font-size: 10px; color: red; text-align: right; }
.emlb__form label:after {  content: '';  display: table;  clear: both; }
.emlb__form label input, .emlb__form label select { font-size: 16px; }
.emlb__form label input { padding: 5px 10px; }
.emlb__form label input, .emlb__form label select { width: 76%; float: left; margin-left: 4%; height: 36px; background: #ebeaea; border: none; outline: none; }
.emlb__form label select { max-width: 100px; }
.emlb__form label span { width: 20%; float: left; padding: 7px 0; }
.emlb__button { cursor: pointer; display: block; width: 100%; max-width: 175px; margin: 10px auto 0; padding: 20px 10px; font-size: 16px; font-weight: bold;
  letter-spacing: 1px; border: none; outline: none; background: #4da847; color: #FFF; text-transform: uppercase; }
.emlb__button:hover { background: #3e9838; }
#emlb .emlb__dismiss { display: block; font-size: 16px; font-weight: bold; text-transform: uppercase; color: #4da847; text-decoration: none; text-align: center; margin: 15px 0; }
#emlb .emlb__dismiss:hover { text-decoration: underline; }
#emlb .emlb__policy { display: block; font-size: 16px; margin-bottom: 0; color: #707070; text-decoration: none; text-align: center; }
#emlb .emlb__policy:hover { text-decoration: underline; }
.emlb__thanks { display: none; max-width: 360px; margin: 0 auto; }
#emlb #survey-errors { color: red; }
#emlb #errors-sign-up-enews-flyover { display:none; }
#emlb .notvalid input { border: 1px solid red !important; }
#emlb b.notvalid { display:none !important; }

@media all and (min-width: 1100px) {
  #emlb { height: 640px; }
  .emlb__wrapper { margin-left: -615px; }
  .emlb__content { margin-left: 615px; }
  #emlb h2 { font-size: 44px; margin: 30px 0; }
  #emlb p { font-size: 24px; }
  .emlb__bg { width: 615px;
    height: 640px; } 
}
</style>
<div id="overlay" class="emlb__overlay" style="display: block;"></div>
<div id="emlb"><div class="emlb__close"></div>
<div class="emlb__wrapper"><img class="emlb__bg" src="/cs/groups/webasset/documents/webasset/email-signup-left-image.jpg">
<div class="emlb__content"><div class="emlb__action">
<h2>Stay Updated</h2>          
<p>Learn about the places you love and find out how you can help by signing up for Nature eNews.</p>   
<form data-luminateapi="{&quot;callback&quot;: &quot;submitSurveyCallback&quot;, &quot;requiresAuth&quot;: &quot;true&quot;}" method="POST" action="https://support.nature.org/site/CRSurveyAPI" class="luminateApi survey-form emlb__form" novalidate="" id="sign-up-enews-flyover">
<div class="form__field"><label for="cons_first_name"><span>First</span><input id="cons_first_name" name="cons_first_name" type="text"></label></div>
<div class="form__field"><label for="cons_last_name"><span>Last</span><input id="cons_last_name" name="cons_last_name" type="text"></label></div>
<div class="form__field"><label for="cons_email"><span>Email</span><input name="cons_email" id="cons_email" type="email"></label></div>            
<div class="form__field"><label for="cons_state"><span>State</span><select size="1" id="cons_state" name="cons_state"><option value="" disabled="" selected=""></option>                  <option value="AK">AK</option>                  <option value="AL">AL</option>                  <option value="AR">AR</option>                  <option value="AZ">AZ</option>                  <option value="CA">CA</option>                  <option value="CO">CO</option>                  <option value="CT">CT</option>                  <option value="DC">DC</option>                  <option value="DE">DE</option>                  <option value="FL">FL</option>                  <option value="GA">GA</option>                  <option value="HI">HI</option>                  <option value="IA">IA</option>                  <option value="ID">ID</option>                  <option value="IL">IL</option>                  <option value="IN">IN</option>                  <option value="KS">KS</option>                  <option value="KY">KY</option>                  <option value="LA">LA</option>                  <option value="MA">MA</option>                  <option value="MD">MD</option>                  <option value="ME">ME</option>                  <option value="MI">MI</option>                  <option value="MN">MN</option>                  <option value="MO">MO</option>                  <option value="MS">MS</option>                  <option value="MT">MT</option>                  <option value="NC">NC</option>                  <option value="ND">ND</option>                  <option value="NE">NE</option>                  <option value="NH">NH</option>                  <option value="NJ">NJ</option>                  <option value="NM">NM</option>                  <option value="NV">NV</option>                  <option value="NY">NY</option>                  <option value="OH">OH</option>                  <option value="OK">OK</option>                  <option value="OR">OR</option>                  <option value="PA">PA</option>                  <option value="RI">RI</option>                  <option value="SC">SC</option>                  <option value="SD">SD</option>                  <option value="TN">TN</option>                  <option value="TX">TX</option>                  <option value="UT">UT</option>                  <option value="VA">VA</option>                  <option value="VT">VT</option>                  <option value="WA">WA</option>                  <option value="WI">WI</option>                  <option value="WV">WV</option>                  <option value="WY">WY</option>                  <option value="AS">AS</option>                  <option value="FM">FM</option>                  <option value="GU">GU</option> 
                 <option value="MH">MH</option>                  <option value="MP">MP</option>                  <option value="PR">PR</option>                  <option value="PW">PW</option>                  <option value="VI">VI</option>                  <option value="AA">AA</option>                  <option value="AE">AE</option>                  <option value="AP">AP</option>                  <option value="AB">AB</option>                  <option value="BC">BC</option>                  <option value="MB">MB</option>                  <option value="NB">NB</option>                  <option value="NL">NL</option>                  <option value="NS">NS</option>                  <option value="NT">NT</option>                  <option value="NU">NU</option>                  <option value="ON">ON</option>                  <option value="PE">PE</option>                  <option value="QC">QC</option>                  <option value="SK">SK</option>                  <option value="YT">YT</option>                  <option value="None">None</option>                </select>              </label>            </div>            
<button type="submit" class="emlb__button">Sign Up</button>
<input value="submitSurvey" name="method" type="hidden">
<input value="10740" name="survey_id" type="hidden">            
<input name="v" id="v" value="1.0" type="hidden">            
<input value="" id="1316_10740_4_14303" name="1316_10740_4_14303" type="hidden">                             
<input value="" id="1316_10740_5_14304" name="1316_10740_5_14304" type="hidden">                             
<input value="" id="1316_10740_6_14305" name="1316_10740_6_14305" type="hidden">                             
<input value="" id="1316_10740_8_14307" name="1316_10740_8_14307" type="hidden">                             
<input value="https://support.nature.org/site/Survey?ACTION_REQUIRED=URI_ACTION_USER_REQUESTS&amp;SURVEY_ID=10740" id="1316_10740_9_14308" name="1316_10740_9_14308" type="hidden">                             
<input value="1201" id="1316_10740_11_14310_1" name="1316_10740_11_14310" type="hidden">                  
<input value="1061" id="1316_10740_11_14310_2" name="1316_10740_11_14310" type="hidden">            
<input value="1101" id="1316_10740_11_14310_3" name="1316_10740_11_14310" type="hidden">            
<input value="1221" id="1316_10740_11_14310_4" name="1316_10740_11_14310" type="hidden">            
<input value="1222" id="1316_10740_11_14310_5" name="1316_10740_11_14310" type="hidden">            
<input value="1361" id="1316_10740_11_14310_6" name="1316_10740_11_14310" type="hidden">          
</form>          
<a href="#" class="emlb__dismiss">I'm already on the list</a>          
<a href="/about-us/governance/privacy-policy.xml" class="emlb__policy">Read our <strong>privacy policy</strong></a></div>        
<div class="emlb__thanks"><h2>Thank you for joining our online community!</h2><p>We'll be in touch soon with more Nature Conservancy news, updates, and exciting stories.</p>        
</div></div></div></div>
<!-- end new email collection -->
    


<script>
function setNavLocation() {
var cons_state = $.cookie("cons_state")
    switch (cons_state) {
    case "al":
        $( "div.col:nth-child(1) > ul:nth-child(2) > li:nth-child(1)" ).append( '<li><a href="/ourinitiatives/regions/northamerica/unitedstates/alabama/index.htm?intc=nature.tnav.ourwork">Local: Alabama</a></li>' );
        break;
    case "ak":
        $( "div.col:nth-child(1) > ul:nth-child(2) > li:nth-child(1)" ).append( '<li><a href="/ourinitiatives/regions/northamerica/unitedstates/alaska/index.htm?intc=nature.tnav.ourwork">Local: Alaska</a></li>' );
        break;
    case "az":
        $( "div.col:nth-child(1) > ul:nth-child(2) > li:nth-child(1)" ).append( '<li><a href="/ourinitiatives/regions/northamerica/unitedstates/arizona/index.htm?intc=nature.tnav.ourwork">Local: Arizona</a></li>' );
        break;
    case "ar":
        $( "div.col:nth-child(1) > ul:nth-child(2) > li:nth-child(1)" ).append( '<li><a href="/ourinitiatives/regions/northamerica/unitedstates/arkansas/index.htm?intc=nature.tnav.ourwork">Local: Arkansas</a></li>' );
        break;
    case "ca":
        $( "div.col:nth-child(1) > ul:nth-child(2) > li:nth-child(1)" ).append( '<li><a href="/ourinitiatives/regions/northamerica/unitedstates/california/index.htm?intc=nature.tnav.ourwork">Local: California</a></li>' );
        break;
    case "co":
        $( "div.col:nth-child(1) > ul:nth-child(2) > li:nth-child(1)" ).append( '<li><a href="/ourinitiatives/regions/northamerica/unitedstates/colorado/index.htm?intc=nature.tnav.ourwork">Local: Colorado</a></li>' );
        break;
    case "ct":
        $( "div.col:nth-child(1) > ul:nth-child(2) > li:nth-child(1)" ).append( '<li><a href="/ourinitiatives/regions/northamerica/unitedstates/connecticut/index.htm?intc=nature.tnav.ourwork">Local: Connecticut</a></li>' );
        break;
    case "de":
        $( "div.col:nth-child(1) > ul:nth-child(2) > li:nth-child(1)" ).append( '<li><a href="/ourinitiatives/regions/northamerica/unitedstates/delaware/index.htm?intc=nature.tnav.ourwork">Local: Delaware</a></li>' );
        break;
    case "dc":
        $( "div.col:nth-child(1) > ul:nth-child(2) > li:nth-child(1)" ).append( '<li><a href="/ourinitiatives/regions/northamerica/unitedstates/maryland_dc/index.htm?intc=nature.tnav.ourwork">Local: D.C.</a></li>' );
        break;
    case "fl":
        $( "div.col:nth-child(1) > ul:nth-child(2) > li:nth-child(1)" ).append( '<li><a href="/ourinitiatives/regions/northamerica/unitedstates/florida/index.htm?intc=nature.tnav.ourwork">Local: Florida</a></li>' );
        break;
    case "ga":
        $( "div.col:nth-child(1) > ul:nth-child(2) > li:nth-child(1)" ).append( '<li><a href="/ourinitiatives/regions/northamerica/unitedstates/georgia/index.htm?intc=nature.tnav.ourwork">Local: Georgia</a></li>' );
        break;
    case "hi":
        $( "div.col:nth-child(1) > ul:nth-child(2) > li:nth-child(1)" ).append( '<li><a href="/ourinitiatives/regions/northamerica/unitedstates/hawaii/index.htm?intc=nature.tnav.ourwork">Local: Hawaii</a></li>' );
        break;
    case "id":
        $( "div.col:nth-child(1) > ul:nth-child(2) > li:nth-child(1)" ).append( '<li><a href="/ourinitiatives/regions/northamerica/unitedstates/idaho/index.htm?intc=nature.tnav.ourwork">Local: Idaho</a></li>' );
        break;
    case "il":
        $( "div.col:nth-child(1) > ul:nth-child(2) > li:nth-child(1)" ).append( '<li><a href="/ourinitiatives/regions/northamerica/unitedstates/illinois/index.htm?intc=nature.tnav.ourwork">Local: Illinois</a></li>' );
        break;
    case "in":
        $( "div.col:nth-child(1) > ul:nth-child(2) > li:nth-child(1)" ).append( '<li><a href="/ourinitiatives/regions/northamerica/unitedstates/indiana/index.htm?intc=nature.tnav.ourwork">Local: Indiana</a></li>' );
        break;
    case "ia":
        $( "div.col:nth-child(1) > ul:nth-child(2) > li:nth-child(1)" ).append( '<li><a href="/ourinitiatives/regions/northamerica/unitedstates/iowa/index.htm?intc=nature.tnav.ourwork">Local: Iowa</a></li>' );
        break;
    case "ks":
        $( "div.col:nth-child(1) > ul:nth-child(2) > li:nth-child(1)" ).append( '<li><a href="/ourinitiatives/regions/northamerica/unitedstates/kansas/index.htm?intc=nature.tnav.ourwork">Local: Kansas</a></li>' );
        break;
    case "ky":
        $( "div.col:nth-child(1) > ul:nth-child(2) > li:nth-child(1)" ).append( '<li><a href="/ourinitiatives/regions/northamerica/unitedstates/kentucky/index.htm?intc=nature.tnav.ourwork">Local: Kentucky</a></li>' );
        break;
    case "la":
        $( "div.col:nth-child(1) > ul:nth-child(2) > li:nth-child(1)" ).append( '<li><a href="/ourinitiatives/regions/northamerica/unitedstates/louisiana/index.htm?intc=nature.tnav.ourwork">Local: Louisiana</a></li>' );
        break;
    case "me":
        $( "div.col:nth-child(1) > ul:nth-child(2) > li:nth-child(1)" ).append( '<li><a href="/ourinitiatives/regions/northamerica/unitedstates/maine/index.htm?intc=nature.tnav.ourwork">Local: Maine</a></li>' );
        break;
    case "md":
        $( "div.col:nth-child(1) > ul:nth-child(2) > li:nth-child(1)" ).append( '<li><a href="/ourinitiatives/regions/northamerica/unitedstates/maryland_dc/index.htm?intc=nature.tnav.ourwork">Local: Maryland</a></li>' );
        break;
    case "ma":
        $( "div.col:nth-child(1) > ul:nth-child(2) > li:nth-child(1)" ).append( '<li><a href="/ourinitiatives/regions/northamerica/unitedstates/massachusetts/index.htm?intc=nature.tnav.ourwork">Local: Massachusetts</a></li>' );
        break;
    case "mi":
        $( "div.col:nth-child(1) > ul:nth-child(2) > li:nth-child(1)" ).append( '<li><a href="/ourinitiatives/regions/northamerica/unitedstates/michigan/index.htm?intc=nature.tnav.ourwork">Local: Michigan</a></li>' );
        break;
    case "mn":
        $( "div.col:nth-child(1) > ul:nth-child(2) > li:nth-child(1)" ).append( '<li><a href="/ourinitiatives/regions/northamerica/unitedstates/minnesota/index.htm?intc=nature.tnav.ourwork">Local: Minnesota</a></li>' );
        break;
    case "ms":
        $( "div.col:nth-child(1) > ul:nth-child(2) > li:nth-child(1)" ).append( '<li><a href="/ourinitiatives/regions/northamerica/unitedstates/mississippi/index.htm?intc=nature.tnav.ourwork">Local: Mississippi</a></li>' );
        break;
    case "mo":
        $( "div.col:nth-child(1) > ul:nth-child(2) > li:nth-child(1)" ).append( '<li><a href="/ourinitiatives/regions/northamerica/unitedstates/missouri/index.htm?intc=nature.tnav.ourwork">Local: Missouri</a></li>' );
        break;
    case "mt":
        $( "div.col:nth-child(1) > ul:nth-child(2) > li:nth-child(1)" ).append( '<li><a href="/ourinitiatives/regions/northamerica/unitedstates/montana/index.htm?intc=nature.tnav.ourwork">Local: Montana</a></li>' );
        break;
    case "ne":
        $( "div.col:nth-child(1) > ul:nth-child(2) > li:nth-child(1)" ).append( '<li><a href="/ourinitiatives/regions/northamerica/unitedstates/nebraska/index.htm?intc=nature.tnav.ourwork">Local: Nebraska</a></li>' );
        break;
    case "nv":
        $( "div.col:nth-child(1) > ul:nth-child(2) > li:nth-child(1)" ).append( '<li><a href="/ourinitiatives/regions/northamerica/unitedstates/nevada/index.htm?intc=nature.tnav.ourwork">Local: Nevada</a></li>' );
        break;
    case "nh":
        $( "div.col:nth-child(1) > ul:nth-child(2) > li:nth-child(1)" ).append( '<li><a href="/ourinitiatives/regions/northamerica/unitedstates/newhampshire/index.htm?intc=nature.tnav.ourwork">Local: New Hampshire</a></li>' );
        break;
    case "nj":
        $( "div.col:nth-child(1) > ul:nth-child(2) > li:nth-child(1)" ).append( '<li><a href="/ourinitiatives/regions/northamerica/unitedstates/newjersey/index.htm?intc=nature.tnav.ourwork">Local: New Jersey</a></li>' );
        break;
    case "nm":
        $( "div.col:nth-child(1) > ul:nth-child(2) > li:nth-child(1)" ).append( '<li><a href="/ourinitiatives/regions/northamerica/unitedstates/newmexico/index.htm?intc=nature.tnav.ourwork">Local: New Mexico</a></li>' );
        break;
    case "ny":
        $( "div.col:nth-child(1) > ul:nth-child(2) > li:nth-child(1)" ).append( '<li><a href="/ourinitiatives/regions/northamerica/unitedstates/newyork/index.htm?intc=nature.tnav.ourwork">Local: New York</a></li>' );
        break;
    case "nc":
        $( "div.col:nth-child(1) > ul:nth-child(2) > li:nth-child(1)" ).append( '<li><a href="/ourinitiatives/regions/northamerica/unitedstates/northcarolina/index.htm?intc=nature.tnav.ourwork">Local: North Carolina</a></li>' );
        break;
    case "nd":
        $( "div.col:nth-child(1) > ul:nth-child(2) > li:nth-child(1)" ).append( '<li><a href="/ourinitiatives/regions/northamerica/unitedstates/northdakota/index.htm?intc=nature.tnav.ourwork">Local: North Dakota</a></li>' );
        break;
    case "oh":
        $( "div.col:nth-child(1) > ul:nth-child(2) > li:nth-child(1)" ).append( '<li><a href="/ourinitiatives/regions/northamerica/unitedstates/ohio/index.htm?intc=nature.tnav.ourwork">Local: Ohio</a></li>' );
        break;
    case "ok":
        $( "div.col:nth-child(1) > ul:nth-child(2) > li:nth-child(1)" ).append( '<li><a href="/ourinitiatives/regions/northamerica/unitedstates/oklahoma/index.htm?intc=nature.tnav.ourwork">Local: Oklahoma</a></li>' );
        break;
    case "or":
        $( "div.col:nth-child(1) > ul:nth-child(2) > li:nth-child(1)" ).append( '<li><a href="/ourinitiatives/regions/northamerica/unitedstates/oregon/index.htm?intc=nature.tnav.ourwork">Local: Oregon</a></li>' );
        break;
    case "pa":
        $( "div.col:nth-child(1) > ul:nth-child(2) > li:nth-child(1)" ).append( '<li><a href="/ourinitiatives/regions/northamerica/unitedstates/pennsylvania/index.htm?intc=nature.tnav.ourwork">Local: Pennsylvania</a></li>' );
        break;
    case "ri":
        $( "div.col:nth-child(1) > ul:nth-child(2) > li:nth-child(1)" ).append( '<li><a href="/ourinitiatives/regions/northamerica/unitedstates/rhodeisland/index.htm?intc=nature.tnav.ourwork">Local: Rhode Island</a></li>' );
        break;
    case "sc":
        $( "div.col:nth-child(1) > ul:nth-child(2) > li:nth-child(1)" ).append( '<li><a href="/ourinitiatives/regions/northamerica/unitedstates/southcarolina/index.htm?intc=nature.tnav.ourwork">Local: South Carolina</a></li>' );
        break;
    case "sd":
        $( "div.col:nth-child(1) > ul:nth-child(2) > li:nth-child(1)" ).append( '<li><a href="/ourinitiatives/regions/northamerica/unitedstates/southdakota/index.htm?intc=nature.tnav.ourwork">Local: South Dakota</a></li>' );
        break;
    case "tn":
        $( "div.col:nth-child(1) > ul:nth-child(2) > li:nth-child(1)" ).append( '<li><a href="/ourinitiatives/regions/northamerica/unitedstates/tennessee/index.htm?intc=nature.tnav.ourwork">Local: Tennessee</a></li>' );
        break;
    case "tx":
        $( "div.col:nth-child(1) > ul:nth-child(2) > li:nth-child(1)" ).append( '<li><a href="/ourinitiatives/regions/northamerica/unitedstates/texas/index.htm?intc=nature.tnav.ourwork">Local: Texas</a></li>' );
        break;
    case "ut":
        $( "div.col:nth-child(1) > ul:nth-child(2) > li:nth-child(1)" ).append( '<li><a href="/ourinitiatives/regions/northamerica/unitedstates/utah/index.htm?intc=nature.tnav.ourwork">Local: Utah</a></li>' );
        break;
    case "vt":
        $( "div.col:nth-child(1) > ul:nth-child(2) > li:nth-child(1)" ).append( '<li><a href="/ourinitiatives/regions/northamerica/unitedstates/vermont/index.htm?intc=nature.tnav.ourwork">Local: Vermont</a></li>' );
        break;
    case "va":
        $( "div.col:nth-child(1) > ul:nth-child(2) > li:nth-child(1)" ).append( '<li><a href="/ourinitiatives/regions/northamerica/unitedstates/virginia/index.htm?intc=nature.tnav.ourwork">Local: Virginia</a></li>' );
        break;
    case "wa":
        $( "div.col:nth-child(1) > ul:nth-child(2) > li:nth-child(1)" ).append( '<li><a href="/ourinitiatives/regions/northamerica/unitedstates/washington/index.htm?intc=nature.tnav.ourwork">Local: Washington</a></li>' );
        break;
    case "wv":
        $( "div.col:nth-child(1) > ul:nth-child(2) > li:nth-child(1)" ).append( '<li><a href="/ourinitiatives/regions/northamerica/unitedstates/westvirginia/index.htm?intc=nature.tnav.ourwork">Local: West Virginia</a></li>' );
        break;
    case "wi":
        $( "div.col:nth-child(1) > ul:nth-child(2) > li:nth-child(1)" ).append( '<li><a href="/ourinitiatives/regions/northamerica/unitedstates/wisconsin/index.htm?intc=nature.tnav.ourwork">Local: Wisconsin</a></li>' );
        break;
    case "wy":
        $( "div.col:nth-child(1) > ul:nth-child(2) > li:nth-child(1)" ).append( '<li><a href="/ourinitiatives/regions/northamerica/unitedstates/wyoming/index.htm?intc=nature.tnav.ourwork">Local: Wyoming</a></li>' );
        break;
    default:
        // no state is set
        break; 
    }
 }  
if ($.cookie('cons_state')) {
	setNavLocation();    
} else {
    url  = "//www.nature.org/cgi-bin/locate.py";
    data = {json:'true'};
    $.ajax(url, {
                data: data,
                dataType: "json",
                success: function(result) {
                    var region = result.response['edge-region']; 
                    $.cookie('cons_state', region, { expires: 5, path: '/' });
                    setNavLocation();
                    }
    });
} 
</script>
</body></html>