<?xml version="1.0" encoding="UTF-8"?>
<rss version="2.0" xmlns:itunes="http://www.itunes.com/DTDs/Podcast-1.0.dtd">
	<channel>
		<title>CBC News: The World This Hour</title>
		<link>http://www.cbc.ca/podcasting/</link>
		<description>The World This Hour keeps you up to date with what's happening in Canada and around the world.</description>
		<itunes:summary>The World This Hour keeps you up to date with what's happening in Canada and around the world.</itunes:summary>
		<itunes:category text="News &amp; Politics"/>
		<itunes:author>CBC News: The World This Hour</itunes:author>
		<itunes:image href="http://www.cbc.ca/radio/podcasts/images/promo-twth.jpg"/>
		<image>
			<title>CBC News: The World This Hour</title>
			<url>http://www.cbc.ca/radio/podcasts/images/promo-twth.jpg</url>
			<link>http://www.cbc.ca/podcasting/</link>
		</image>
		<item>
			<guid isPermaLink="false">http://podcast.cbc.ca/twth/worldthishour_20170113_1700.mp3</guid>
			<title>CBC News: The World This Hour for 2017/01/13 at 17:00 EST</title>
			<description>CBC News: The World This Hour for 2017/01/13 at 17:00 EST</description>
			<pubDate>Fri, 13 Jan 2017 17:00:00 EST</pubDate>
			<itunes:duration>10:00</itunes:duration>
			<enclosure length="600" type="audio/mpeg" url="http://podcast.cbc.ca/twth/worldthishour.mp3"/>
		</item>
	</channel>
</rss>
