<!DOCTYPE html>
<html lang="en"> 
  <head>
    <meta http-equiv="X-UA-Compatible" content="IE=edge" />
  
    <meta id="viewport" name="viewport" content="width=device-width, initial-scale=1" />
  

   <meta charset="utf-8" >
   

   <meta name="format-detection" content="telephone=no">

   
  
  
  
  

  
    
    <meta name="twitter:card" content="summary" >
    <meta name="twitter:site" content="@unioslo" >
    <meta name="twitter:title" content="Constitution of the World Health Organization (WHO)" >
    
    
      <meta name="twitter:description" content="Read this story on the University of Oslo&#39;s website." >
    
    
    
    
      <meta name="twitter:url" content="http://www.jus.uio.no/english/services/library/treaties/03/3-01/world-health-organization.xml" >
    
  



   
     <title>Constitution of the World Health Organization (WHO) - The Faculty of Law</title> 
   


    
  
  
  
  
  
  
  

  
    
      <link rel="shortcut icon" href="/vrtx/decorating/resources/dist/images/favicon.ico" >
      <link rel="apple-touch-icon-precomposed" href="/vrtx/decorating/resources/dist/images/apple-touch-icon.png" >
    
   


    
  
  

  <script type="text/javascript"><!--

    var uioPageInfo = {};

    uioPageInfo.readRestricted = false;

    
      uioPageInfo.authenticated = "anonymous";
    
  // -->
  </script>


    
    
  
  
  
  
  
  
  
  
  
  
  

  <script type='text/javascript'><!--
    if (/iPad|Android 3/i.test(navigator.userAgent)) {
      var tabletVp = document.getElementById('viewport');
      tabletVp.setAttribute("content", "width=1020, user-scalable=yes");
    }
  // -->
  </script>

  <link rel="stylesheet" media="all" href="/vrtx/decorating/resources/dist/src/css/style.css" >
  
    <link rel="stylesheet" media="only screen and (max-width: 15.5cm) and (orientation : portrait), only screen and (max-width: 17.5cm) and (orientation : landscape)" href="/vrtx/decorating/resources/dist/src/css/responsive.css" > 
  

  <link rel="stylesheet" media="print" href="/vrtx/decorating/resources/dist/src/css/print.css" >

  
  

  <script type='text/javascript' src='/vrtx/decorating/resources/dist/src/lib/jquery.min.js'></script>

   
     
       <script type="text/javascript" src="//vrtx.uio.no/js/analytics/v2/uioGa.js"></script>
     
     <script type="text/javascript" src="//vrtx.uio.no/js/analytics/v2/www.jus.uio.no/customTracker.js"></script>
   


    
<META http-equiv="Content-Type" content="text/html; charset=utf-8"/>

<style type="text/css">
          .footnotes, footnotes-annotation {font-size: 90%;}
          .history {font-size: 90%}
          sup {font-size:10pt;}
          .breadcrumb-xsl{font-size: 90%}

          ul.content {
            list-style-type: none;
            padding-left: 0em;
          }

         ul.content ul{
            list-style-type: square;
            padding-left: 1.5em;
          }

          ul.content li {margin: 1em 0px}

          ul.content ul li {margin: 0em 0px}

        </style>

  </head>

  
    
      <body class='www.jus.uio.no not-for-ansatte faculty en ' >
    
  
  <!--stopindex-->


     
  
  
  
  
  
  

  <!-- Hidden navigation start -->
  <ul id="hidnav">
   
     <li><a href="#globalnav">Main navigation (jump)</a></li>
   
   <li><a href="#main">Main content (jump)</a></li>
   
     <li><a href="#bottomnav">Theme navigation (jump)</a></li>
   
   <li><a href="#footers">Contact information (jump)</a></li>
  </ul>
  <!-- Hidden navigation end -->


    <div id="head-wrapper">
        
          
          <div id="head-breadcrumb-container" role="navigation" aria-labelledby="breadcrumb-title">
            <span id="breadcrumb-title" style="display: none">Organization navigation</span>
            <div id="head-breadcrumb">
            
              <span id="nav-UoO"><a href="http://www.uio.no/english/">Home UiO</a></span>
              
            
             
                <span id="nav-inst">The Faculty of Law</span>
              
           </div>
         </div>
         
       
        <div id="head">
           

           <div class="uio-app-name" role="banner">
                
                  <a href="http://www.uio.no/english/" class="uio-seal"></a>
                  <a href="http://www.uio.no/english/" class="uio-acronym georgia">UiO</a>
                  <a href="http://www.uio.no/english/" class="uio-host uio-host-resp">University of Oslo</a>
                

                
                  
                    <a href="http://www.jus.uio.no/english" class="uio-host">The Faculty of Law</a>
                  
                
          
                
                  
                

                
            </div>

            

            
            <div class="head-menu">
              <ul>
                
                  
                    <li class="for-ansatte"><a href="https://for-ansatte.uio.no/index.html?lang=en">For employees</a></li>
                    
                      <li class="language"><a href='http://www.jus.uio.no/'>Norwegian website</a></li>
                    
                  
                
                </ul>
                

            </div>

            <div class="header-search">
              <form method="get" action='/english'>
                <fieldset>
                  <label for="search-string" class="search-string-label">Search our webpages</label>
                  <input type="hidden" name="vrtx" value="search">
                  <input id="search-string" type="text" name="query" placeholder="Search our webpages">
                  <button type="submit">Search</button>
                </fieldset>
              </form>
            </div>
            

            
        </div>

        

    

<div id="menu-wrapper" role="navigation">
           <ul class="menu">
            <li><a href="#" class="toggle-navigation">
                    <span class="icon"></span>
                    <span class="text">Menu</span>
                </a>
            </li>
            <li>
                <a href="#" class="toggle-search">
                    <span class="icon"></span>
                    <span class="text">Search</span>
                </a>
            </li>
        </ul>
       </div>

        <!-- Global navigation start -->
	<div id="globalnav" aria-labelledby="globalnav-title">
          <span id="globalnav-title" style="display: none">Main navigation</span>
          
          
            
                <ul class="vrtx-tab-menu">
    <li class="english parent-folder">
  <a href="http://www.jus.uio.no/english/">Home</a>
    </li>
    <li class="research">
  <a href="http://www.jus.uio.no/english/research/">Research</a>
    </li>
    <li class="studies">
  <a href="http://www.jus.uio.no/english/studies/">Studies</a>
    </li>
    <li class="student-life">
  <a href="http://www.jus.uio.no/english/student-life/">Student life</a>
    </li>
    <li class="vrtx-active-item services vrtx-current-item">
  <a href="http://www.jus.uio.no/english/services/">Services and tools</a>
    </li>
    <li class="about">
  <a href="http://www.jus.uio.no/english/about/">About the Faculty</a>
    </li>
    <li class="people">
  <a href="http://www.jus.uio.no/english/people/">People</a>
    </li>
  </ul>


            
          
          
        </div>
	<!-- Global navigation end --> 
    </div>

       <div class="menu-search">
          <form method="get" action="/english">
            <input type="hidden" name="vrtx" value="search">
            <label for="search-string-responsive" class="search-string-label">Search our webpages</label>
            <input id="search-string-responsive" type="text" name="query" placeholder="Search our webpages">
            <button type="submit">Search</button>
          </form>
        </div>


<div class="grid-container uio-info-message alert">
<div class="row">
<div class="col-1-1">
  
     &nbsp;
  
</div>
</div>
</div>


   <div id="main" role="main">
     <div id="left-main" role="navigation" aria-labelledby="left-main-title">
       <span id="left-main-title" style="display: none">Sub navigation</span>
       
           <ul class="vrtx-breadcrumb-menu">
            <li class="vrtx-ancestor"> <a href="http://www.jus.uio.no/english/services/"><span>Services and tools</span></a></li>
            <li class="vrtx-ancestor"> <a href="http://www.jus.uio.no/english/services/library/"><span>Library</span></a></li>
            <li class="vrtx-ancestor"> <a href="http://www.jus.uio.no/english/services/library/treaties/"><span>Treaties</span></a></li>
            <li class="vrtx-parent" ><a href="http://www.jus.uio.no/english/services/library/treaties/03/"><span>03. Human, animal and plant health, social security and family</span></a>

      <ul>
          <li class="vrtx-child"><a class="vrtx-marked" href="http://www.jus.uio.no/english/services/library/treaties/03/3-01/"><span>3-1 General public health</span></a></li>
          <li class="vrtx-child"><a  href="http://www.jus.uio.no/english/services/library/treaties/03/3-02/"><span>3-2 Occupational health</span></a></li>
          <li class="vrtx-child"><a  href="http://www.jus.uio.no/english/services/library/treaties/03/3-03/"><span>3-3 Drugs and psychotropic substances</span></a></li>
          <li class="vrtx-child"><a  href="http://www.jus.uio.no/english/services/library/treaties/03/3-04/"><span>3-4 Medicine and health care</span></a></li>
          <li class="vrtx-child"><a  href="http://www.jus.uio.no/english/services/library/treaties/03/3-05/"><span>3-5 Animal and plant health</span></a></li>
          <li class="vrtx-child"><a  href="http://www.jus.uio.no/english/services/library/treaties/03/3-06/"><span>3-6 Social security</span></a></li>
          <li class="vrtx-child"><a  href="http://www.jus.uio.no/english/services/library/treaties/03/3-07/"><span>3-7 Family issues</span></a></li>
      </ul>

    </li>

  </ul>

       
     </div>
     <div id="right-main" class="uio-main">
       

           
            

       <!--startindex-->
       
<div class="breadcrumb-xsl breadcrumb-english">You are here:&nbsp;<a href="http://www.jus.uio.no/">Det juridiske fakultet</a>&nbsp;&gt;   
        <a href="http://www.jus.uio.no/english/">The Faculty of Law</a>&nbsp;&gt;   
        <a href="http://www.jus.uio.no/english/services/">Services and tools</a>&nbsp;&gt;   
        <a href="http://www.jus.uio.no/english/services/library/">Library</a>&nbsp;&gt;   
        <a href="http://www.jus.uio.no/english/services/library/treaties/03/">03. Human, animal and plant health, social security and family</a>&nbsp;&gt;   
        <a href="http://www.jus.uio.no/english/services/library/treaties/03/3-01/">3-1 General public health</a>&nbsp;&gt;   
        </div>
<h1 id="title">Constitution of the World Health Organization (WHO)<sup></sup> [<a href="#history">*</a>]
</h1>
<p class="done-at">Done at: New York</p>
<p class="date-enacted">Date enacted: 1946-07-22</p>
<p class="in-force">In force: 1948-04-07</p>
<h2>Content</h2>
<ul class="content">
<li>
<a href="#treaty-header1-1">Chapter I - Objective</a>
</li>
<li>
<a href="#treaty-header1-2">Chapter II - Functions</a>
</li>
<li>
<a href="#treaty-header1-3">Chapter III - Membership and associate membership</a>
</li>
<li>
<a href="#treaty-header1-4">Chapter IV - Organs</a>
</li>
<li>
<a href="#treaty-header1-5">Chapter V - The World Health Assembly</a>
</li>
<li>
<a href="#treaty-header1-6">Chapter VI - The Executive Board</a>
</li>
<li>
<a href="#treaty-header1-7">Chapter VII - The Secretariat</a>
</li>
<li>
<a href="#treaty-header1-8">Chapter VIII - Committees</a>
</li>
<li>
<a href="#treaty-header1-9">Chapter IX - Conferences</a>
</li>
<li>
<a href="#treaty-header1-10">Chapter X - Headquarters</a>
</li>
<li>
<a href="#treaty-header1-11">Chapter XI - Regional arrangements</a>
</li>
<li>
<a href="#treaty-header1-12">Chapter XII - Budget and expenses</a>
</li>
<li>
<a href="#treaty-header1-13">Chapter XIII - Voting</a>
</li>
<li>
<a href="#treaty-header1-14">Chapter XIV - Reports submitted by States</a>
</li>
<li>
<a href="#treaty-header1-15">Chapter XV - Legal capacity, privileges and immunities</a>
</li>
<li>
<a href="#treaty-header1-16">Chapter XVI - Relations with other organizations</a>
</li>
<li>
<a href="#treaty-header1-17">Chapter XVII - Amendments</a>
</li>
<li>
<a href="#treaty-header1-18">Chapter XVIII - Interpretation</a>
</li>
<li>
<a href="#treaty-header1-19">Chapter XIX - Entry into force</a>
</li>
</ul>
<div class="preamble">
<p>The States parties to this Constitution declare, in conformity with the Charter of the United Nations, that the following principles are basic to the happiness, harmonious relations and security of all peoples:</p>
<p>Health is a state of complete physical, mental and social wellbeing and not merely the absence of disease or infirmity.</p>
<p>The enjoyment of the highest attainable standard of health is one of the fundamental rights of every human being without distinction of race, religion, political belief, economic or social condition.</p>
<p>The health of all peoples is fundamental to the attainment of peace and security and is dependent upon the fullest co-operation of individuals and States.</p>
<p>The achievement of any State in the promotion and protection of health is of value to all.</p>
<p>Unequal development in different countries in the promotion of health and control of disease, especially communicable disease, is a common danger.</p>
<p>Healthy development of the child is of basic importance; the ability to live harmoniously in a changing total environment is essential to such development.</p>
<p>The extension to all peoples of the benefits of medical, psychological and related knowledge is essential to the fullest attainment of health.</p>
<p>Informed opinion and active co-operation on the part of the public are of the utmost importance in the improvement of the health of the people.</p>
<p>Governments have a responsibility for the health of their peoples which can be fulfilled only by the provision of adequate health and social measures.</p>
<p>Accepting these principles, and for the purpose of co-operation among themselves and with others to promote and protect the health of all peoples, the Contracting Parties agree to the present Constitution and hereby establish the World Health Organization as a specialized agency of the United Nations.</p>
</div>
<h2 id="treaty-header1-1">Chapter I - Objective</h2>
<div class="article">
<h3 id="article-header-1">Article 1</h3>
<p>The objective of the World Health Organization (hereinafter called the Organization) shall be the attainment by all peoples of the highest possible level of health.</p>
</div>
<h2 id="treaty-header1-2">Chapter II - Functions</h2>
<div class="article">
<h3 id="article-header-2">Article 2</h3>
<p>In order to achieve its objective, the functions of the Organization shall be:</p>
<table border="0" cellpadding="5" width="100%" class="list">
<tr>
<td width="1%" class="item-marker" nowrap="" valign="top">a.</td><td valign="top">
<p style="margin-top: 0px; margin-bottom: 0px;">to act as the d.irecting and co-ordinating authority on international health work;</p>
</td>
</tr>
<tr>
<td width="1%" class="item-marker" nowrap="" valign="top">b.</td><td valign="top">
<p style="margin-top: 0px; margin-bottom: 0px;">to establish and maintain effective collaboration with the United Nations, specialized agencies, governmental health administrations, professional groups and such other organizations as may be deemed appropriate;</p>
</td>
</tr>
<tr>
<td width="1%" class="item-marker" nowrap="" valign="top">c.</td><td valign="top">
<p style="margin-top: 0px; margin-bottom: 0px;">to assist governments, upon request, in strengthening health services;</p>
</td>
</tr>
<tr>
<td width="1%" class="item-marker" nowrap="" valign="top">d.</td><td valign="top">
<p style="margin-top: 0px; margin-bottom: 0px;">to furnish appropriate technical assistance and, in emergencies, necessary aid upon the request or acceptance of governments;</p>
</td>
</tr>
<tr>
<td width="1%" class="item-marker" nowrap="" valign="top">e.</td><td valign="top">
<p style="margin-top: 0px; margin-bottom: 0px;">to provide or assist in providing, upon the request of the United Nations, health services and facilities to special groups, such as the peoples of trust territories;</p>
</td>
</tr>
<tr>
<td width="1%" class="item-marker" nowrap="" valign="top">f.</td><td valign="top">
<p style="margin-top: 0px; margin-bottom: 0px;">to establish and maintain such administrative and technical services as may be required, including epidemiological and statistical services;</p>
</td>
</tr>
<tr>
<td width="1%" class="item-marker" nowrap="" valign="top">g.</td><td valign="top">
<p style="margin-top: 0px; margin-bottom: 0px;">to stimulate and advance work to eradicate epidemic, endemic and other diseases;</p>
</td>
</tr>
<tr>
<td width="1%" class="item-marker" nowrap="" valign="top">h.</td><td valign="top">
<p style="margin-top: 0px; margin-bottom: 0px;">to promote, in co-operation with other specialized agencies where necessary, the prevention of accidental injuries;</p>
</td>
</tr>
<tr>
<td width="1%" class="item-marker" nowrap="" valign="top">i.</td><td valign="top">
<p style="margin-top: 0px; margin-bottom: 0px;">to promote, in co-operation with other specialized agencies where necessary, the improvement of nutrition, housing, sanitation, recreation, economic or working conditions and other aspects of environmental hygiene;</p>
</td>
</tr>
<tr>
<td width="1%" class="item-marker" nowrap="" valign="top">j.</td><td valign="top">
<p style="margin-top: 0px; margin-bottom: 0px;">to promote co-operation among scientific and professional groups which contribute to the advancement of health;</p>
</td>
</tr>
<tr>
<td width="1%" class="item-marker" nowrap="" valign="top">k.</td><td valign="top">
<p style="margin-top: 0px; margin-bottom: 0px;">to propose conventions, agreements and regulations, and make recommendations with respect to international health matters and to perform such duties as may be assigned thereby to the Organization and are consistent with its objective;</p>
</td>
</tr>
<tr>
<td width="1%" class="item-marker" nowrap="" valign="top">l.</td><td valign="top">
<p style="margin-top: 0px; margin-bottom: 0px;">to promote maternal and child health and welfare and to foster the ability to live harmoniously in a changing total environment;</p>
</td>
</tr>
<tr>
<td width="1%" class="item-marker" nowrap="" valign="top">m.</td><td valign="top">
<p style="margin-top: 0px; margin-bottom: 0px;">to foster activities in the field of mental health, especially those affecting the harmony of human relations;</p>
</td>
</tr>
<tr>
<td width="1%" class="item-marker" nowrap="" valign="top">n.</td><td valign="top">
<p style="margin-top: 0px; margin-bottom: 0px;">to promote and conduct research in the field of health;</p>
</td>
</tr>
<tr>
<td width="1%" class="item-marker" nowrap="" valign="top">o.</td><td valign="top">
<p style="margin-top: 0px; margin-bottom: 0px;">to promote improved standards of teaching and training in health, medical and related professions;</p>
</td>
</tr>
<tr>
<td width="1%" class="item-marker" nowrap="" valign="top">p.</td><td valign="top">
<p style="margin-top: 0px; margin-bottom: 0px;">to study and report on, in co-operation with other specialized agencies where necessary, administrative and social techniques affecting public health and medical care from preventive and curative points of view, including hospital services and social security;</p>
</td>
</tr>
<tr>
<td width="1%" class="item-marker" nowrap="" valign="top">q.</td><td valign="top">
<p style="margin-top: 0px; margin-bottom: 0px;">to provide information, counsel and assistance in the field of health;</p>
</td>
</tr>
<tr>
<td width="1%" class="item-marker" nowrap="" valign="top">r.</td><td valign="top">
<p style="margin-top: 0px; margin-bottom: 0px;">to assist in developing an informed public opinion among all peoples on matters of health;</p>
</td>
</tr>
<tr>
<td width="1%" class="item-marker" nowrap="" valign="top">s.</td><td valign="top">
<p style="margin-top: 0px; margin-bottom: 0px;">to establish and revise as necessary international nomenclatures of diseases, of causes of death and of public health practices;</p>
</td>
</tr>
<tr>
<td width="1%" class="item-marker" nowrap="" valign="top">t.</td><td valign="top">
<p style="margin-top: 0px; margin-bottom: 0px;">to standardize diagnostic procedures as necessary;</p>
</td>
</tr>
<tr>
<td width="1%" class="item-marker" nowrap="" valign="top">u.</td><td valign="top">
<p style="margin-top: 0px; margin-bottom: 0px;">to develop, establish and promote international standards with respect to food, biological, pharmaceutical and similar products;</p>
</td>
</tr>
<tr>
<td width="1%" class="item-marker" nowrap="" valign="top">v.</td><td valign="top">
<p style="margin-top: 0px; margin-bottom: 0px;">generally to take all necessary action to attain the objective of the Organization.</p>
</td>
</tr>
</table>
</div>
<h2 id="treaty-header1-3">Chapter III - Membership and associate membership</h2>
<div class="article">
<h3 id="article-header-3">Article 3</h3>
<p>Membership in the Organization shall be open to all States.</p>
</div>
<div class="article">
<h3 id="article-header-4">Article 4</h3>
<p>Members of the United Nations may become Members of the Organization by signing or otherwise accepting this Constitution in accordance with the provisions of Chapter XIX and in accordance with their constitutional processes.</p>
</div>
<div class="article">
<h3 id="article-header-5">Article 5</h3>
<p>The States whose governments have been invited to send observers to the International Health Conference hold in New York, 1946, may become Members by signing or otherwise accepting this Constitution in accordance with !he provisions of Chapter XIX and in accordance with their constitutional processes provided that such signature or acceptance shall be completed before the first session of the Health Assembly.</p>
</div>
<div class="article">
<h3 id="article-header-6">Article 6</h3>
<p>Subject to the conditions of any agreement between the United Nations and the Organization, approved pursuant to Chapter XVI, States which do not become Members in accordance with Articles 4 and 5 may apply to become Members and shall be admitted as Members when their application has been approved by a simple majority vote of the Health Assembly.</p>
</div>
<div class="article">
<h3 id="article-header-7">Article 7<sup></sup>[<a href="#note1.17.1.11">1</a>]
</h3>
<p>If a Member fails to meet its financial obligations to the Organization or in other exceptional circumstances the Health Assembly may, on such conditions as it thinks proper, suspend the voting privileges and services to which a Member is entitled. The Health Assembly shall have the authority to restore such voting privileges and services.</p>
<table border="0" cellpadding="5" width="100%" class="footnotes">
<tr>
<td width="1%" nowrap="" valign="top"><sup id="note1.17.1.11">[1]</sup></td><td>
<p style="margin-top: 0px; margin-bottom: 0px;">The amendment to this Article adopted by the Eighteenth World Health Assembly (resolution
WHA18.48) has not yet come into force.</p>
</td>
</tr>
</table>
</div>
<div class="article">
<h3 id="article-header-8">Article 8</h3>
<p>Territories or groups of territories which are not responsible for the conduct of their international relations may be admitted as Associate Members by the Health Assembly upon application made on behalf of such territory or group of territories by the Member or other authority having responsibility for their international relations. Representatives of Associate Members to the Health Assembly should be qualified by their technical competence in the field of health and should be chosen from the native population. The nature and extent of the rights and obligations of Associate Members shall be determined by the Health Assembly.</p>
</div>
<h2 id="treaty-header1-4">Chapter IV - Organs</h2>
<div class="article">
<h3 id="article-header-9">Article 9</h3>
<p>The work of the Organization shall be carried out by:</p>
<table border="0" cellpadding="5" width="100%" class="list">
<tr>
<td width="1%" class="item-marker" nowrap="" valign="top">a.</td><td valign="top">
<p style="margin-top: 0px; margin-bottom: 0px;">The World Health Assembly (hereinafter called the Health Assembly);</p>
</td>
</tr>
<tr>
<td width="1%" class="item-marker" nowrap="" valign="top">b.</td><td valign="top">
<p style="margin-top: 0px; margin-bottom: 0px;">The Executive Board (hereinafter called the Board);</p>
</td>
</tr>
<tr>
<td width="1%" class="item-marker" nowrap="" valign="top">c.</td><td valign="top">
<p style="margin-top: 0px; margin-bottom: 0px;">The Secretariat.</p>
</td>
</tr>
</table>
</div>
<h2 id="treaty-header1-5">Chapter V - The World Health Assembly</h2>
<div class="article">
<h3 id="article-header-10">Article 10</h3>
<p>The Health Assembly shall be composed of delegates representing Members.</p>
</div>
<div class="article">
<h3 id="article-header-11">Article 11</h3>
<p>Each Member shall be represented by not more than three delegates, one of whom shall be designated by the Member as chief delegate. These delegates should be chosen from among persons most qualified by their technical competence in the field of health, preferably representing the national health administration of the Member.</p>
</div>
<div class="article">
<h3 id="article-header-12">Article 12</h3>
<p>Alternates and advisers may accompany delegates.</p>
</div>
<div class="article">
<h3 id="article-header-13">Article 13</h3>
<p>The Health Assembly shall meet in regular annual session and in such special sessions as may be necessary. Special sessions shall be convened at the request of the Board or of a majority of the members.</p>
</div>
<div class="article">
<h3 id="article-header-14">Article 14</h3>
<p>The Health Assembly, at each annual session, shall select the country or region in which the next annual session shall be held, the Board subsequently fixing the place. The Board shall determine the place, where a special session shall be held.</p>
</div>
<div class="article">
<h3 id="article-header-15">Article 15</h3>
<p>The Board, after consultation with the Secretary-General of the United Nations, shall determine the date of each annual and special session.</p>
</div>
<div class="article">
<h3 id="article-header-16">Article 16</h3>
<p>The Health Assembly shall elect its President and other officers at the beginning of each annual session. They shall hold office until their successors are elected.</p>
</div>
<div class="article">
<h3 id="article-header-17">Article 17</h3>
<p>The Health Assembly shall adopt its own rules of procedure.</p>
</div>
<div class="article">
<h3 id="article-header-18">Article 18</h3>
<p>The functions of the Health Assembly shall be:</p>
<table border="0" cellpadding="5" width="100%" class="list">
<tr>
<td width="1%" class="item-marker" nowrap="" valign="top">a.</td><td valign="top">
<p style="margin-top: 0px; margin-bottom: 0px;">to determine the policies of the Organization;</p>
</td>
</tr>
<tr>
<td width="1%" class="item-marker" nowrap="" valign="top">b.</td><td valign="top">
<p style="margin-top: 0px; margin-bottom: 0px;">to name the Members entitled to designate a person to serve on the Board;</p>
</td>
</tr>
<tr>
<td width="1%" class="item-marker" nowrap="" valign="top">c.</td><td valign="top">
<p style="margin-top: 0px; margin-bottom: 0px;">to appoint the Director-General;</p>
</td>
</tr>
<tr>
<td width="1%" class="item-marker" nowrap="" valign="top">d.</td><td valign="top">
<p style="margin-top: 0px; margin-bottom: 0px;">to review and approve reports and activities of the Board and of the Director-General and to instruct the Board in regard to matters upon which action, study, investigation or report may be considered desirable;</p>
</td>
</tr>
<tr>
<td width="1%" class="item-marker" nowrap="" valign="top">e.</td><td valign="top">
<p style="margin-top: 0px; margin-bottom: 0px;">to establish such committees as may be considered necessary for the work of the Organization;</p>
</td>
</tr>
<tr>
<td width="1%" class="item-marker" nowrap="" valign="top">f.</td><td valign="top">
<p style="margin-top: 0px; margin-bottom: 0px;">to supervise the financial policies of the Organization and to review and approve the budget;</p>
</td>
</tr>
<tr>
<td width="1%" class="item-marker" nowrap="" valign="top">g.</td><td valign="top">
<p style="margin-top: 0px; margin-bottom: 0px;">to instruct the Board and the Director-General to bring to the attention of Members and of international organizations, governmental or non-governmental, any matter with regard to, health which the Health Assembly may consider appropriate;</p>
</td>
</tr>
<tr>
<td width="1%" class="item-marker" nowrap="" valign="top">h.</td><td valign="top">
<p style="margin-top: 0px; margin-bottom: 0px;">to invite any organization, international or national, governmental or non-governmental, which has responsibilities related to those of the Organization, to appoint representatives to participate, without right of vote, in its meetings or in those of the committees and conferences convened under its authority, on conditions prescribed by the Health Assembly; but in the case of national organizations, invitations shall be issued only with the consent of the government concerned;</p>
</td>
</tr>
<tr>
<td width="1%" class="item-marker" nowrap="" valign="top">i.</td><td valign="top">
<p style="margin-top: 0px; margin-bottom: 0px;">to consider recommendations bearing on health made by the General Assembly, the Economic and Social Council, the, Security Council or Trusteeship Council of the United Nations, and to report to them on the steps taken by the Organization to give effect to such recommendations;</p>
</td>
</tr>
<tr>
<td width="1%" class="item-marker" nowrap="" valign="top">j.</td><td valign="top">
<p style="margin-top: 0px; margin-bottom: 0px;">to report to the Economic and Social Council in accordance with any agreement between the Organization and the United Nations;</p>
</td>
</tr>
<tr>
<td width="1%" class="item-marker" nowrap="" valign="top">k.</td><td valign="top">
<p style="margin-top: 0px; margin-bottom: 0px;">to promote and conduct research in the field of health by the personnel of the Organization, by the establishment of its own institutions or by cooperation with official or non-official institutions of any Member with the consent of its government;</p>
</td>
</tr>
<tr>
<td width="1%" class="item-marker" nowrap="" valign="top">l.</td><td valign="top">
<p style="margin-top: 0px; margin-bottom: 0px;">to establish such other institutions as it may consider desirable;</p>
</td>
</tr>
<tr>
<td width="1%" class="item-marker" nowrap="" valign="top">m.</td><td valign="top">
<p style="margin-top: 0px; margin-bottom: 0px;">to take any other appropriate action to further the objective of the Organization.</p>
</td>
</tr>
</table>
</div>
<div class="article">
<h3 id="article-header-19">Article 19</h3>
<p>The Health Assembly shall have authority to adopt conventions or agreements with respect to any matter within the competence of the Organization. A two-thirds vote of the Health Assembly shall be required for the adoption of such conventions or agreements which shall come into force for each Member when accepted by it in accordance with its constitutional processes.</p>
</div>
<div class="article">
<h3 id="article-header-20">Article 20</h3>
<p>Each Member undertakes that it will, within eighteen months after the adoption by the Health Assembly of a convention or agreement, take action relative to the acceptance of such convention or agreement. Each Member shall notify the Director-General of the action taken and if it does not accept such convention or agreement within the time limit, it will furnish a statement of the reasons for non-acceptance. In case of acceptance, each Member agrees to make an annual report to the Director-General in accordance with Chapter XIV.</p>
</div>
<div class="article">
<h3 id="article-header-21">Article 21</h3>
<p>The Health Assembly shall have authority to adopt regulations concerning:</p>
<table border="0" cellpadding="5" width="100%" class="list">
<tr>
<td width="1%" class="item-marker" nowrap="" valign="top">a.</td><td valign="top">
<p style="margin-top: 0px; margin-bottom: 0px;">sanitary and quarantine requirements and other procedures designed to prevent the international spread of disease;</p>
</td>
</tr>
<tr>
<td width="1%" class="item-marker" nowrap="" valign="top">b.</td><td valign="top">
<p style="margin-top: 0px; margin-bottom: 0px;">nomenclatures with respect to diseases, causes of death and public health practices;</p>
</td>
</tr>
<tr>
<td width="1%" class="item-marker" nowrap="" valign="top">c.</td><td valign="top">
<p style="margin-top: 0px; margin-bottom: 0px;">standards with respect to diagnostic procedures for international use;</p>
</td>
</tr>
<tr>
<td width="1%" class="item-marker" nowrap="" valign="top">d.</td><td valign="top">
<p style="margin-top: 0px; margin-bottom: 0px;">standards with respect to the safety, purity and potency of biological, pharmaceutical and similar products moving in international commerce;</p>
</td>
</tr>
<tr>
<td width="1%" class="item-marker" nowrap="" valign="top">e.</td><td valign="top">
<p style="margin-top: 0px; margin-bottom: 0px;">advertising and labelling of biological, pharmaceutical and similar products moving in international commerce.</p>
</td>
</tr>
</table>
</div>
<div class="article">
<h3 id="article-header-22">Article 22</h3>
<p>Such Regulations adopted pursuant to Article 21 shall come into force for all Members after due notice has been given of their adoption by the Health Assembly except for such Members as may notify the Director-General of rejection or reservations within the period stated in the notice.</p>
</div>
<div class="article">
<h3 id="article-header-23">Article 23</h3>
<p>The Health Assembly shall have authority to make recommendations to Members with respect to any matter within the competence of the Organization.</p>
</div>
<h2 id="treaty-header1-6">Chapter VI - The Executive Board</h2>
<div class="article">
<h3 id="article-header-24">Article 24<sup></sup>[<a href="#annotation-note1.37.1.11">Annotation 1</a>]
</h3>
<p>The Board shall consist of eighteen persons designated by as many Members. The Health Assembly, taking into account an equitable geographical distribution, shall elect the Members entitled to designate a person to serve on the Board. Each of these Members should appoint to the Board a person technically qualified in the field of health, who may be accompanied by alternates and advisers.</p>
<table border="0" cellpadding="5" width="100%" class="footnotes-annotation">
<tr>
<td width="1%" nowrap="" valign="top"><sup id="annotation-note1.37.1.11">[Annotation 1]</sup></td><td>
<table border="0" cellpadding="5" width="100%" class="list">
<tr>
<td width="1%" class="item-marker" nowrap="" valign="top">[1].</td><td valign="top">
<p style="margin-top: 0px; margin-bottom: 0px;">As amended by resolutions WHA29.38, WHA39.6 and WHA 51.23, (1976-05-17 in force 1984-01-20, 1986-05-12 in force 1994-07-11 and 1998-05-16 in force 2005-09-15.)</p>
</td>
</tr>
</table>
</td>
</tr>
</table>
</div>
<div class="article">
<h3 id="article-header-25">Article 25<sup></sup>[<a href="#annotation-note1.38.1.12">Annotation 2</a>]
</h3>
<p>The Members shall be elected for three years and may be re-elected; provided that of the Members elected at the first session of the Health Assembly, the terms of six Members shall be for one year and the terms of six Members shall be for two years, as determined by lot.</p>
<table border="0" cellpadding="5" width="100%" class="footnotes-annotation">
<tr>
<td width="1%" nowrap="" valign="top"><sup id="annotation-note1.38.1.12">[Annotation 2]</sup></td><td>
<table border="0" cellpadding="5" width="100%" class="list">
<tr>
<td width="1%" class="item-marker" nowrap="" valign="top">[1].</td><td valign="top">
<p style="margin-top: 0px; margin-bottom: 0px;">As amended by resolutions WHA29.38, WHA39.6 and WHA 51.23, (1976-05-17 in force 1984-01-20, 1986-05-12 in force 1994-07-11 and 1998-05-16 in force 2005-09-15.)</p>
</td>
</tr>
</table>
</td>
</tr>
</table>
</div>
<div class="article">
<h3 id="article-header-26">Article 26</h3>
<p>The Board shall meet at least twice a year and shall determine the place of each meeting.</p>
</div>
<div class="article">
<h3 id="article-header-27">Article 27</h3>
<p>The Board shall elect its Chairman from among its Members and shall adopt its rules of procedure.</p>
</div>
<div class="article">
<h3 id="article-header-28">Article 28</h3>
<p>The functions of the Board shall be:</p>
<table border="0" cellpadding="5" width="100%" class="list">
<tr>
<td width="1%" class="item-marker" nowrap="" valign="top">a.</td><td valign="top">
<p style="margin-top: 0px; margin-bottom: 0px;">to give effect to the decisions and policies of the Health Assembly;</p>
</td>
</tr>
<tr>
<td width="1%" class="item-marker" nowrap="" valign="top">b.</td><td valign="top">
<p style="margin-top: 0px; margin-bottom: 0px;">to act as the executive organ of the Health Assembly;</p>
</td>
</tr>
<tr>
<td width="1%" class="item-marker" nowrap="" valign="top">c.</td><td valign="top">
<p style="margin-top: 0px; margin-bottom: 0px;">to perform any other functions entrusted to it by the Health Assembly;</p>
</td>
</tr>
<tr>
<td width="1%" class="item-marker" nowrap="" valign="top">d.</td><td valign="top">
<p style="margin-top: 0px; margin-bottom: 0px;">to advise the Health Assembly on questions referred to it by that body and on matters assigned to the Organization by conventions, agreements and regulations;</p>
</td>
</tr>
<tr>
<td width="1%" class="item-marker" nowrap="" valign="top">e.</td><td valign="top">
<p style="margin-top: 0px; margin-bottom: 0px;">to submit advice or proposals to the Health Assembly on its own initiative;</p>
</td>
</tr>
<tr>
<td width="1%" class="item-marker" nowrap="" valign="top">f.</td><td valign="top">
<p style="margin-top: 0px; margin-bottom: 0px;">to prepare the agenda of meetings of the Health Assembly;</p>
</td>
</tr>
<tr>
<td width="1%" class="item-marker" nowrap="" valign="top">g.</td><td valign="top">
<p style="margin-top: 0px; margin-bottom: 0px;">to submit to the Health Assembly for consideration and approval a general programme of work covering a specific period;</p>
</td>
</tr>
<tr>
<td width="1%" class="item-marker" nowrap="" valign="top">h.</td><td valign="top">
<p style="margin-top: 0px; margin-bottom: 0px;">to study all questions within its competence;</p>
</td>
</tr>
<tr>
<td width="1%" class="item-marker" nowrap="" valign="top">i.</td><td valign="top">
<p style="margin-top: 0px; margin-bottom: 0px;">to take emergency measures within the functions and financial resources of the Organization to deal with events requiring immediate action. In particular it may authorize the Director-General to take the necessary steps to combat epidemics, to participate in the organization of health relief to victims of a calamity and to undertake studies and research the urgency of which has been drawn to the attention of the Board by any Member or by the Director-General.</p>
</td>
</tr>
</table>
</div>
<div class="article">
<h3 id="article-header-29">Article 29</h3>
<p>The Board shall exercise on behalf of the whole Health Assembly the powers delegated to it by that body.</p>
</div>
<h2 id="treaty-header1-7">Chapter VII - The Secretariat</h2>
<div class="article">
<h3 id="article-header-30">Article 30</h3>
<p>The Secretariat shall comprise the Director-General and such technical and administrative staff as the Organization may require.</p>
</div>
<div class="article">
<h3 id="article-header-31">Article 31</h3>
<p>The Director-General shall be appointed by the Health Assembly on the nomination of the Board on such terms as the Health Assembly may determine. The Director-General, subject to the authority of the Board, shall be the chief technical and administrative officer of the Organization.</p>
</div>
<div class="article">
<h3 id="article-header-32">Article 32</h3>
<p>The Director-General shall be ex-officio Secretary of the Health Assembly, of the Board, of all commissions and committees of the Organization and of conferences convened by it. He may delegate these functions.</p>
</div>
<div class="article">
<h3 id="article-header-33">Article 33</h3>
<p>The Director-General or his representative may establish a procedure by agreement with Members, permitting him, for the purpose ,of discharging his duties, to have direct access to their various departments, especially to their health administrations and to national ,health organizations, governmental or non-governmental. He may also establish direct relations with international organizations whose activities come within the competence of the Organization. He shall keep Regional Offices informed on all matters involving their respective areas.</p>
</div>
<div class="article">
<h3 id="article-header-34">Article 34<sup></sup>[<a href="#annotation-note1.48.1.13">Annotation 3</a>]
</h3>
<p>The Director-General shall prepare and submit annually to the Board the financial statements and budget estimates of the Organization.</p>
<table border="0" cellpadding="5" width="100%" class="footnotes-annotation">
<tr>
<td width="1%" nowrap="" valign="top"><sup id="annotation-note1.48.1.13">[Annotation 3]</sup></td><td>
<table border="0" cellpadding="5" width="100%" class="list">
<tr>
<td width="1%" class="item-marker" nowrap="" valign="top">[1].</td><td valign="top">
<p style="margin-top: 0px; margin-bottom: 0px;">As amended by resolution WHA26.37 (1973-05-22  in force 1977-02-03.)</p>
</td>
</tr>
</table>
</td>
</tr>
</table>
</div>
<div class="article">
<h3 id="article-header-35">Article 35</h3>
<p>The Director-General shall appoint the staff of the Secretariat in accordance with staff regulations established by the Health Assembly. The paramount consideration in the employment of the staff shall be to assure that the efficiency, integrity and internationally representative character of the Secretariat shall be maintained at the highest level. Due regard shall be paid also to the importance of recruiting the staff on as wide a geographical basis as possible.</p>
</div>
<div class="article">
<h3 id="article-header-36">Article 36</h3>
<p>The conditions of service of the staff of the Organization shall conform as far as possible with those of other United Nations organizations.</p>
</div>
<div class="article">
<h3 id="article-header-37">Article 37</h3>
<p>In the performance of their duties the Director-General and the staff shall not seek or receive instructions from any government or from any authority external to the Organization: They shall refrain from any action which might reflect on their position as international officers. Each Member of the Organization on its part undertakes to respect the exclusively international character of the Director-General and the staff and not to seek to influence them.</p>
</div>
<h2 id="treaty-header1-8">Chapter VIII - Committees</h2>
<div class="article">
<h3 id="article-header-38">Article 38</h3>
<p>The Board shall establish such committees as the Health Assembly may direct and, on its own initiative or on the proposal of the Director-General, may establish any other committees considered desirable to serve any purpose within the competence of the Organization.</p>
</div>
<div class="article">
<h3 id="article-header-39">Article 39</h3>
<p>The Board, from time to time and in any event annually, shall review the necessity for continuing each committee.</p>
</div>
<div class="article">
<h3 id="article-header-40">Article 40</h3>
<p>The Board may provide for the creation of or the participation by the Organization in joint or mixed committees with other organizations and for the representation of the Organization in committees established by such other organizations.</p>
</div>
<h2 id="treaty-header1-9">Chapter IX - Conferences</h2>
<div class="article">
<h3 id="article-header-41">Article 41</h3>
<p>The Health Assembly or the Board may convene local, general, technical or other special conferences to consider any matter within the competence of the Organization and may provide for the representation at such conferences of international organizations and, with the consent of the government concerned, of national organizations, governmental or non-governmental. The manner of such representation shall be determined by the Health Assembly or the Board.</p>
</div>
<div class="article">
<h3 id="article-header-42">Article 42</h3>
<p>The Board may provide for representation of the Organization at conferences in which the Board considers that the Organization has an interest.</p>
</div>
<h2 id="treaty-header1-10">Chapter X - Headquarters</h2>
<div class="article">
<h3 id="article-header-43">Article 43</h3>
<p>The location of the headquarters of the Organization shall be determined by the Health Assembly after consultation with the United Nations.</p>
</div>
<h2 id="treaty-header1-11">Chapter XI - Regional arrangements</h2>
<div class="article">
<h3 id="article-header-44">Article 44</h3>
<table border="0" cellpadding="5" width="100%" class="list">
<tr>
<td width="1%" class="item-marker" nowrap="" valign="top">a.</td><td valign="top">
<p style="margin-top: 0px; margin-bottom: 0px;">The Health Assembly shall from time to time define the geographical areas in which it is desirable to establish a regional organization.</p>
</td>
</tr>
<tr>
<td width="1%" class="item-marker" nowrap="" valign="top">b.</td><td valign="top">
<p style="margin-top: 0px; margin-bottom: 0px;">The Health Assembly may, with the consent of a majority of the Members situated within each area so defined, establish a regional organization to meet the special needs of such area. There shall not be more than one regional organization in each region.</p>
</td>
</tr>
</table>
</div>
<div class="article">
<h3 id="article-header-45">Article 45</h3>
<p>Each regional organization shall be an integral part of the Organization in accordance with this Constitution.</p>
</div>
<div class="article">
<h3 id="article-header-46">Article 46</h3>
<p>Each regional organization shall consist of a Regional Committee and a Regional Office.</p>
</div>
<div class="article">
<h3 id="article-header-47">Article 47</h3>
<p>Regional Committees shall be composed of representatives of the Member States and Associate Members in the region concerned. Territories or groups of territories within the region, which are not responsible for the conduct of their international relations and which are not Associate Members, shall have the right to be represented and to participate in Regional Committees. The nature and extent of the rights and obligations of these territories or groups of territories in Regional Committees shall be determined by the Health Assembly in consultation with the Member or other authority having responsibility for the international relations of these territories and with the Member States in the region.</p>
</div>
<div class="article">
<h3 id="article-header-48">Article 48</h3>
<p>Regional Committees shall meet as often as necessary and shall determine the place of each meeting.</p>
</div>
<div class="article">
<h3 id="article-header-49">Article 49</h3>
<p>Regional Committees shall adopt their own rules of procedure.</p>
</div>
<div class="article">
<h3 id="article-header-50">Article 50</h3>
<p>The functions of the Regional Committee shall be:</p>
<table border="0" cellpadding="5" width="100%" class="list">
<tr>
<td width="1%" class="item-marker" nowrap="" valign="top">a.</td><td valign="top">
<p style="margin-top: 0px; margin-bottom: 0px;">to formulate policies governing matters of an exclusively regional character;</p>
</td>
</tr>
<tr>
<td width="1%" class="item-marker" nowrap="" valign="top">b.</td><td valign="top">
<p style="margin-top: 0px; margin-bottom: 0px;">to supervise the activities of the Regional Office;</p>
</td>
</tr>
<tr>
<td width="1%" class="item-marker" nowrap="" valign="top">c.</td><td valign="top">
<p style="margin-top: 0px; margin-bottom: 0px;">to suggest to the Regional Office the calling of technical conferences and such additional work or investigation in health matters as in the opinion of the Regional Committee would promote the objective of the Organization within the region;</p>
</td>
</tr>
<tr>
<td width="1%" class="item-marker" nowrap="" valign="top">d.</td><td valign="top">
<p style="margin-top: 0px; margin-bottom: 0px;">to co-operate with the respective regional committees of the United Nations and with those of other specialized agencies and with other regional international organizations having interests in common with the Organization;</p>
</td>
</tr>
<tr>
<td width="1%" class="item-marker" nowrap="" valign="top">e.</td><td valign="top">
<p style="margin-top: 0px; margin-bottom: 0px;">to tender advice, through the Director-General, to the Organization on international health matters which have wider than regional significance;</p>
</td>
</tr>
<tr>
<td width="1%" class="item-marker" nowrap="" valign="top">f.</td><td valign="top">
<p style="margin-top: 0px; margin-bottom: 0px;">to recommend additional regional appropriations by the governments of the respective regions if the proportion of the central budget of the Organization allotted to that region is insufficient for the carrying out of the regional functions;</p>
</td>
</tr>
<tr>
<td width="1%" class="item-marker" nowrap="" valign="top">g.</td><td valign="top">
<p style="margin-top: 0px; margin-bottom: 0px;">
 such other functions as may be delegated to the Regional Committee by the Health Assembly, the Board or the Director-General. 
</p>
</td>
</tr>
</table>
</div>
<div class="article">
<h3 id="article-header-51">Article 51</h3>
<p>Subject to the general authority of the Director-General of the Organization, the Regional Office shall be the administrative organ of the Regional Committee. It shall, in addition, carry out within the region, the decisions of the Health Assembly and of the Board.</p>
</div>
<div class="article">
<h3 id="article-header-52">Article 52</h3>
<p>The head of the Regional Office shall be the Regional Director appointed by the Board in agreement with the Regional Committee.</p>
</div>
<div class="article">
<h3 id="article-header-53">Article 53</h3>
<p>The staff of the Regional Office shall be appointed in a manner to be determined by agreement between the Director-General and the Regional Director.</p>
</div>
<div class="article">
<h3 id="article-header-54">Article 54</h3>
<p>The Pan-American Sanitary Organization<sup></sup>[<a href="#note1.72.2.14">4</a>] represented by the Pan-American Sanitary Bureau and the Pan-American Sanitary Conferences, and all other inter-governmental regional health organizations in existence prior to the date of signature of this Constitution, shall in due course be integrated with the Organization. This integration shall be effected as soon as practicable through common action based on mutual consent of the competent authorities expressed through the organizations concerned.</p>
<table border="0" cellpadding="5" width="100%" class="footnotes">
<tr>
<td width="1%" nowrap="" valign="top"><sup id="note1.72.2.14">[4]</sup></td><td>
<p style="margin-top: 0px; margin-bottom: 0px;">Renamed &ldquo;Pan American Health Organization&rdquo; by decision of the XV Pan American Sanitary Conference,
September-October 1958.</p>
</td>
</tr>
</table>
</div>
<h2 id="treaty-header1-12">Chapter XII - Budget and expenses</h2>
<div class="article">
<h3 id="article-header-55">Article 55<sup></sup>[<a href="#annotation-note1.74.1.14">Annotation 4</a>]
</h3>
<p>The Director-General shall prepare and submit to the Board the annual budget estimates of the Organization. The Board shall consider and submit to the Health Assembly such budget estimates, together with any recommendations the Board may deem advisable.</p>
<table border="0" cellpadding="5" width="100%" class="footnotes-annotation">
<tr>
<td width="1%" nowrap="" valign="top"><sup id="annotation-note1.74.1.14">[Annotation 4]</sup></td><td>
<table border="0" cellpadding="5" width="100%" class="list">
<tr>
<td width="1%" class="item-marker" nowrap="" valign="top">[1].</td><td valign="top">
<p style="margin-top: 0px; margin-bottom: 0px;">As amended by resolution WHA 26.37 (1973-05-22  in force 1977-02-03.)</p>
</td>
</tr>
</table>
</td>
</tr>
</table>
</div>
<div class="article">
<h3 id="article-header-56">Article 56</h3>
<p>Subject to any agreement between the Organization and the United Nations, the Health Assembly shall review and approve the budget estimates and shall apportion the expenses among the Members in accordance with a scale to be fixed by the Health Assembly.</p>
</div>
<div class="article">
<h3 id="article-header-57">Article 57</h3>
<p>The Health Assembly or the Board acting on behalf of the Health Assembly may accept and administer gifts and bequests made to the Organization provided that the conditions attached to such gifts or bequests are acceptable to the Health Assembly or the Board and are consistent with the objective and policies of the organization.</p>
</div>
<div class="article">
<h3 id="article-header-58">Article 58</h3>
<p>A special fund to be used at the discretion of the Board shall be established to meet emergencies and unforeseen contingencies.</p>
</div>
<h2 id="treaty-header1-13">Chapter XIII - Voting</h2>
<div class="article">
<h3 id="article-header-59">Article 59</h3>
<p>Each Member shall have one vote in the Health Assembly.</p>
</div>
<div class="article">
<h3 id="article-header-60">Article 60</h3>
<table border="0" cellpadding="5" width="100%" class="list">
<tr>
<td width="1%" class="item-marker" nowrap="" valign="top">a.</td><td valign="top">
<p style="margin-top: 0px; margin-bottom: 0px;">Decisions of the Health Assembly on important questions shall be made by a two-thirds majority of the Members present and voting. These questions shall include: the adoption of conventions or agreements; the approval of agreements bringing the Organization into relation with the United Nations and inter-governmental organizations and agencies in accordance with Articles 69, 70, and 72; amendments to this Constitution.</p>
</td>
</tr>
<tr>
<td width="1%" class="item-marker" nowrap="" valign="top">b.</td><td valign="top">
<p style="margin-top: 0px; margin-bottom: 0px;">Decisions on other questions, including the determination of additional categories of questions to be decided by a two-thirds majority, shall be made by a majority of the Members present and voting.</p>
</td>
</tr>
<tr>
<td width="1%" class="item-marker" nowrap="" valign="top">c.</td><td valign="top">
<p style="margin-top: 0px; margin-bottom: 0px;">Voting on analogous matters in the Board and in committees of the Organization shall be made in accordance with paragraphs (a) and (b) of this Article.</p>
</td>
</tr>
</table>
</div>
<h2 id="treaty-header1-14">Chapter XIV - Reports submitted by States</h2>
<div class="article">
<h3 id="article-header-61">Article 61</h3>
<p>Each Member shall report annually to the Organization on the action taken and progress achieved in improving the health of its people.</p>
</div>
<div class="article">
<h3 id="article-header-62">Article 62</h3>
<p>Each Member shall report annually on the action taken with respect to recommendations made to it by the Organization and with respect to conventions, agreements and regulations.</p>
</div>
<div class="article">
<h3 id="article-header-63">Article 63</h3>
<p>Each Member shall communicate promptly to the Organization important laws, regulations, official reports and statistics pertaining to health which have been published in the State concerned.</p>
</div>
<div class="article">
<h3 id="article-header-64">Article 64</h3>
<p>Each Member shall provide statistical and epidemiological reports in a manner to be determined by the Health Assembly.</p>
</div>
<div class="article">
<h3 id="article-header-65">Article 65</h3>
<p>Each Member shall transmit upon the request of the Board such additional information pertaining to health as may be practicable.</p>
</div>
<h2 id="treaty-header1-15">Chapter XV - Legal capacity, privileges and immunities</h2>
<div class="article">
<h3 id="article-header-66">Article 66</h3>
<p>The Organization shall enjoy in the territory of each Member such legal capacity as may be necessary for the fulfilment of its objective and for the exercise of its functions.</p>
</div>
<div class="article">
<h3 id="article-header-67">Article 67</h3>
<table border="0" cellpadding="5" width="100%" class="list">
<tr>
<td width="1%" class="item-marker" nowrap="" valign="top">a.</td><td valign="top">
<p style="margin-top: 0px; margin-bottom: 0px;">The Organization shall enjoy in the territory of each Member such privileges and immunities as may be necessary for the fulfilment of its objective and for the exercise of its functions.</p>
</td>
</tr>
<tr>
<td width="1%" class="item-marker" nowrap="" valign="top">b.</td><td valign="top">
<p style="margin-top: 0px; margin-bottom: 0px;">Representatives of Members, persons designated to serve on the Board and technical and administrative personnel of the Organization shall similarly enjoy such privileges and immunities as are necessary for the independent exercise of their functions in connection with the Organization.</p>
</td>
</tr>
</table>
</div>
<div class="article">
<h3 id="article-header-68">Article 68</h3>
<p>Such legal capacity, privileges and immunities shall be defined in a separate agreement to be prepared by the Organization in consultation with the Secretary-General of the United Nations and concluded between the Members.</p>
</div>
<h2 id="treaty-header1-16">Chapter XVI - Relations with other organizations</h2>
<div class="article">
<h3 id="article-header-69">Article 69</h3>
<p>The Organization shall be brought into relation with the United Nations as one of the specialized agencies referred to in Article 57 of the Charter of the United Nations. The agreement or agreements bringing the Organization into relation with the United Nations shall be subject to approval by a two-thirds vote of the Health Assembly.</p>
</div>
<div class="article">
<h3 id="article-header-70">Article 70</h3>
<p>The Organization shall establish effective relations and co-operate closely with such other intergovernmental organizations as may be desirable. Any formal. agreement entered into with such organizations, shall be subject to approval by a two-thirds vote of the Health Assembly.</p>
</div>
<div class="article">
<h3 id="article-header-71">Article 71</h3>
<p>The Organization may, on matters within its competence, make suitable arrangements for consultation and co-operation with non-governmental international organizations and, with the consent of the government concerned, with national organizations, governmental or non-governmental.</p>
</div>
<div class="article">
<h3 id="article-header-72">Article 72</h3>
<p>Subject to the approval by a two-thirds vote of the Health Assembly, the Organization may take over from any other international organization or agency whose purpose and activities lie within the field of competence of the Organization such functions, resources and obligations as may be conferred upon the Organization by international agreement or by mutually acceptable arrangements entered into between the competent authorities of the respective organization.</p>
</div>
<h2 id="treaty-header1-17">Chapter XVII - Amendments</h2>
<div class="article">
<h3 id="article-header-73">Article 73</h3>
<p>Texts of proposed amendments to this Constitution shall be communicated by the Director-General to Members at least six months in advance of their consideration by the Health Assembly. Amendments shall come into force for all Members when adopted by a two-thirds vote of the Health Assembly and accepted by two-thirds of the Members in accordance with their respective constitutional processes.</p>
</div>
<h2 id="treaty-header1-18">Chapter XVIII - Interpretation</h2>
<div class="article">
<h3 id="article-header-74">Article 74<sup></sup>[<a href="#note1.99.1.11">1</a>]
</h3>
<p>The Chinese, English, French, Russian and Spanish texts of this Constitution shall be regarded as equally authentic.</p>
<table border="0" cellpadding="5" width="100%" class="footnotes">
<tr>
<td width="1%" nowrap="" valign="top"><sup id="note1.99.1.11">[1]</sup></td><td>
<p style="margin-top: 0px; margin-bottom: 0px;">The amendment to this Article adopted by the Thirty-first World Health Assembly (resolution
WHA31.18) has not yet come into force.</p>
</td>
</tr>
</table>
</div>
<div class="article">
<h3 id="article-header-75">Article 75</h3>
<p>Any question or dispute concerning the interpretation or application of this Constitution which is not settled by negotiation or by the Health Assembly shall be referred to the International Court of Justice in conformity with the Statute of the Court, unless the parties concerned agree on another mode of settlement.</p>
</div>
<div class="article">
<h3 id="article-header-76">Article 76</h3>
<p>Upon authorization by the General Assembly of the United Nations or upon authorization in accordance with any agreement between the Organization and the United Nations, the Organization. may request the International Court of Justice for an advisory opinion on any legal question arising within the competence of the Organization.</p>
</div>
<div class="article">
<h3 id="article-header-77">Article 77</h3>
<p>The Director-General may appear before the Court on behalf of the Organization in connection with any proceedings arising out of any such request for an advisory opinion. He shall make arrangements for the presentation of the case before the Court including arrangements for the argument of different views on the question.</p>
</div>
<h2 id="treaty-header1-19">Chapter XIX - Entry into force</h2>
<div class="article">
<h3 id="article-header-78">Article 78</h3>
<p>Subject to the provisions of Chapter III, this Constitution shall remain open to all States for signature or acceptance.</p>
</div>
<div class="article">
<h3 id="article-header-79">Article 79</h3>
<table border="0" cellpadding="5" width="100%" class="list">
<tr>
<td width="1%" class="item-marker" nowrap="" valign="top">a.</td><td valign="top">
<p style="margin-top: 0px; margin-bottom: 0px;">States may become parties to this Constitution by</p>
<table border="0" cellpadding="5" width="100%" class="list">
<tr>
<td width="1%" class="item-marker" nowrap="" valign="top">(i)</td><td valign="top">
<p style="margin-top: 0px; margin-bottom: 0px;">signature without reservation as to approval;</p>
</td>
</tr>
<tr>
<td width="1%" class="item-marker" nowrap="" valign="top">(ii)</td><td valign="top">
<p style="margin-top: 0px; margin-bottom: 0px;">signature subject to approval followed by acceptance; or</p>
</td>
</tr>
<tr>
<td width="1%" class="item-marker" nowrap="" valign="top">(iii)</td><td valign="top">
<p style="margin-top: 0px; margin-bottom: 0px;">acceptance.</p>
</td>
</tr>
</table>
</td>
</tr>
<tr>
<td width="1%" class="item-marker" nowrap="" valign="top">b.</td><td valign="top">
<p style="margin-top: 0px; margin-bottom: 0px;">Acceptance shall be effected by the deposit of a formal instrument with the Secretary-General of the United Nations.</p>
</td>
</tr>
</table>
</div>
<div class="article">
<h3 id="article-header-80">Article 80</h3>
<p>This Constitution shall come into force when twenty-six Members of the United Nations have become parties to it in accordance with the provisions of Article 79.</p>
</div>
<div class="article">
<h3 id="article-header-81">Article 81</h3>
<p>In accordance with Article 102 of the Charter of the United Nations, the Secretary-General of the United Nations will register this Constitution when it has been signed without reservation as to approval on behalf of one State or upon deposit of the first instrument of acceptance.</p>
</div>
<div class="article">
<h3 id="article-header-82">Article 82</h3>
<p>The Secretary-General of the United Nations will inform States parties to this Constitution of the date when it has come into force. He will also inform them of the dates when other States have become parties to this Constitution.</p>
</div>
<p>In faith whereof the undersigned representatives having been duly authorized for that purpose, sign this Constitution.</p>
<p>Done in the City of New York this twenty-second day of July 1946, in a single copy in the Chinese, English, French, Russian and Spanish languages, each text being equally authentic. The original texts shall be deposited in the archives of the United Nations. The Secretary-General of the United Nations will send certified copies to each of the Governments represented at the Conference.</p>
<div class="ratifications">
<h3 id="ratifications-header-83">Ratifications as of May 2016</h3>
<p>Number of ratifications: 194</p>
<p>Afghanistan, Albania, Algeria, Andorra, Angola, Antigua and Barbuda, Argentina, Armenia, Australia, Austria, Azerbaijan, Bahamas, Bahrain, Bangladesh, Barbados, Belarus, Belgium, Belize, Benin, Bhutan, Bolivia, Bosnia and Herzegovina, Botswana, Brazil, Brunei Darussalam, Bulgaria, Burkina Faso, Burundi, Cambodia, Cameroon, Canada, Cape Verde, Central African Republic, Chad, Chile, China, Colombia, Comoros, Congo, Cook Islands, Costa Rica, C&ocirc;te d'Ivoire, Croatia, Cuba, Cyprus, Czech Republic, Democratic Republic of the Congo, Denmark, Djibouti, Dominica, Dominican Republic, Ecuador, Egypt, El Salvador, Equatorial Guinea, Eritrea, Estonia, Ethiopia, Fiji, Finland, France, Gabon, Gambia, Georgia, Germany, Ghana, Greece, Grenada, Guatemala, Guinea, Guinea-Bissau, Guyana, Haiti, Honduras, Hungary, Iceland, India, Indonesia, Iran, Iraq, Ireland, Israel, Italy, Jamaica, Japan, Jordan, Kazakhstan, Kenya, Kiribati, Korea (Democratic People's Republic), Korea (Republic of), Kuwait, Kyrgyzstan, Lao, Latvia, Lebanon, Lesotho, Liberia, Libya, Lithuania, Luxembourg, Madagascar, Malawi, Malaysia, Maldives, Mali, Malta, Marshall Islands, Macedonia, Mauritania, Mauritius, Mexico, Micronesia, Moldova, Monaco, Mongolia, Montenegro, Morocco, Mozambique, Myanmar, Namibia, Nauru, Nepal, Netherlands, New Zealand, Nicaragua, Niger, Nigeria, Niue, Norway, Oman, Pakistan, Palau, Panama, Papua New Guinea, Paraguay, Peru, Philippines, Poland, Portugal, Qatar, Romania, Russia, Rwanda, St. Kitts and Nevis, St. Lucia, St. Vincent and the Grenadines, Samoa, San Marino, Sao Tome and Principe, Saudi Arabia, Senegal, Serbia , Seychelles, Sierra Leone, Singapore, Slovakia, Slovenia, Solomon Islands, Somalia, South Africa, South Sudan, Spain, Sri Lanka, Sudan, Suriname, Swaziland, Sweden, Switzerland, Syria, Tajikistan, Tanzania, Thailand, Timor-Leste, Togo, Tonga, Trinidad and Tobago, Tunisia, Turkey, Turkmenistan, Tuvalu, Uganda, Ukraine, United Arab Emirates, United Kingdom, United States of America, Uruguay, Uzbekistan, Vanuatu, Venezuela, Viet Nam, Yemen, Zambia, Zimbabwe
  </p>
</div>
<table border="0" cellpadding="5" width="100%" class="footnotes"></table>
<table border="0" cellpadding="5" width="100%" class="footnotes-annotation"></table>
<hr/>
<table border="0" cellpadding="5" width="100%" class="history" id="history">
<tr>
<td width="1%" nowrap="" valign="top"><sup id="history">[*]</sup></td><td>
<p>As amended 1973-05-22 in force 1977-02-03, 1976-05-17 in force1984-01-20, 1986-05-12 in force 1994-07-11, 1998-05-16 in force 2005-09-15. 
</p>
</td>
</tr>
</table>

       <!--stopindex-->
     </div>
   </div>

   <div id="bottomnav" role="navigation">
     
     <div id="breadcrumb-container">

       
         <div id="vrtx-breadcrumb-start" class="breadcrumb">
           <span class="vrtx-uio"><a href="http://www.uio.no/english/">UiO</a> <span class="vrtx-breadcrumb-delimiter">&gt;</span></span>
           
             <span class="vrtx-faculty"><a href="http://www.jus.uio.no/english/">The Faculty of Law</a> <span class="vrtx-breadcrumb-delimiter">&gt;</span></span>
           
         </div>
         
           






  <div id="vrtx-breadcrumb-wrapper">
    <div id="vrtx-breadcrumb" class="breadcrumb">
            <span class="vrtx-breadcrumb-level vrtx-breadcrumb-level-3">
            <a href="http://www.jus.uio.no/english/services/">Services and tools</a>
      	  <span class="vrtx-breadcrumb-delimiter">&gt;</span>
        </span>
    </div>
  </div>

         

       
       </div>
       <div id="bottom-menu"> 
         
                    
          <div class="vrtx-subfolder-menu vrtx-subfolder-menu-sets-4">
    <div class="vrtx-group-1">
  	
  <ul class="resultset-1">
      <li>    <a href="http://www.jus.uio.no/english/services/it/">IT services</a>
  <ul>
      <li>
      <a href="http://www.jus.uio.no/english/services/it/fronter/">Fronter</a>
      </li>
    
  </ul>
</li>
  </ul>
  	
  <ul class="resultset-2">
      <li>      <a href="http://www.jus.uio.no/english/services/knowledge/">Knowledge resources  </a>
</li>
  </ul>
  	
  <ul class="resultset-3">
      <li>      <a href="http://www.jus.uio.no/english/services/library/">Library</a>
</li>
  </ul>
  	
  <ul class="resultset-4">
      <li>      <a href="http://www.jus.uio.no/english/services/public/">Services to the public</a>
</li>
  </ul>
    </div>
        </div>



         
       </div>
     
     
       
         <div id="bottom-subfolder-menu">
           

         </div>
       
     
   </div>



      
    <!-- Page footer start -->
    <div id="footer-wrapper" class="grid-container ">
       <div id="footers" class="row">
            <div class="col-3-5 vcard">
            
              
                
                  <div class="col-1-3 adr">
<div class="content">
  <h2 class="menu-label">Visiting address</h2>
  <p><span class="building">Domus Academica<br>(Urbygningen) <span class="map">(<a href="http://www.uio.no/om/finn-fram/omrader/sentrum/se02/">map</a>)</span></span><br>
  <span class="street-address">Karl Johans gate 47</span><br>
  <span class="postal-code">0162</span> 
  <span class="locality">OSLO</span><br> 
  <span class="country-name">Norway</span></p>
</div>
</div>
<div class="col-1-3 adr">
<div class="content">
  <h2 class="menu-label">Mail address</h2>
  <p><span class="post-office-box">P.O box 6706</span><br>
  <span class="post-office-box">St. Olavs plass 5</span><br>
  <span class="postal-code">0130</span> 
  <span class="locality">OSLO</span><br> 
  <span class="country-name">Norway</span></p>
</div>
</div>
<div class="col-1-3">
<div class="content">
  <h2 class="menu-label">Phone, fax, e-mail</h2>
  <p><span class="tel">+47 228 59500</span><br>
  <span class="tel">+47 228 59658</span><br>
  <a class="email" href="mailto:postmottak@jus.uio.no">postmottak@jus.uio.no</a></p>
</div>
</div>

                
              
            
            </div>
            <div class="col-2-5 responsible-login">
             <div class="content">
                <span class="menu-label">Responsible for this page</span>
                <p>
                  
                    <a href="mailto:webredaktor@jus.uio.no">Web editors at Faculty of Law</a>
                  
                </p>
                
  
    <!-- begin view dropdown js -->
    <script type="text/javascript" src="/vrtx/__vrtx/static-resources/js/view-dropdown.js"></script>
    <!-- end view dropdown js -->
  
  <div class="vrtx-login-manage-component vrtx-dropdown-component vrtx-dropdown-component-toggled">
      <a href="http://www.jus.uio.no/english/services/library/treaties/03/3-01/world-health-organization.xml?authTarget=http" class="vrtx-login-manage-title-link vrtx-dropdown-title-link">Log in</a>
      <a href="javascript:void(0)" class="vrtx-login-manage-link vrtx-dropdown-link"><span class="offscreen-screenreader">Logout menu</span></a>
    <div class="vrtx-login-manage-wrapper vrtx-dropdown-wrapper">
      <div class="vrtx-login-manage-wrapper-inner vrtx-dropdown-wrapper-inner">
      <ul>
          <li class="vrtx-dropdown-first vrtx-dropdown-last">
              <a href="https://www-adm.jus.uio.no/english/services/library/treaties/03/3-01/world-health-organization.xml?vrtx=admin" class="vrtx-login-manage-admin">
Manage document              </a>
          </li>
      </ul>
      </div>
    </div>
  </div>
    
  

              </div>
            </div>
        </div>
    
    </div>

    
  
  
  
  
  
  
  

  <script type='text/javascript' src='/vrtx/decorating/resources/dist/src/js/uio2.js'></script>

  
  

   <!-- Google Urchin -->
   
     <!-- Google Urchin -->
     <script src="/vrtx/decorating/resources/dist/urchin/urchin.js" type="text/javascript"></script> 
     <script type="text/javascript"><!--
       if(typeof urchinTracker === "function") {
         var hostname = location.hostname.replace("www.", "");
         if(hostname != "uio.no" && hostname.indexOf("uio.no") === -1) {
           _udn=hostname;
         } else {
           _udn="uio.no";
         }
         urchinTracker();
       }
     // -->
     </script>
   

</body>
</html>
