

<html xmlns="http://www.w3.org/1999/xhtml" xml:lang="en-us" class="en-us">
<head xmlns:og="http://ogp.me/ns#" xmlns:fb="http://ogp.me/ns/fb#">
<meta http-equiv="imagetoolbar" content="false" />
<meta http-equiv="X-UA-Compatible" content="IE=edge,chrome=1" />
<title>Mobile Armory - Shop - World of Warcraft</title>
<link rel="shortcut icon" href="/wow/static/images/meta/favicon.ico?v=58-121" />
<link rel="search" type="application/opensearchdescription+xml" href="http://us.battle.net/en-us/data/opensearch" title="Battle.net Search" />
<link rel="stylesheet" type="text/css" media="all" href="/wow/static/local-common/css/common-game-site.css?v=58-121" />
<link title="World of Warcraft® - News" href="/wow/en/feed/news" type="application/atom+xml" rel="alternate"/>
<link rel="stylesheet" type="text/css" media="all" href="/wow/static/css/wow.css?v=121" />
<link rel="stylesheet" type="text/css" media="all" href="/wow/static/css/nav-client/nav-client-desktop.css?v=121" />
<link rel="stylesheet" type="text/css" media="all" href="/wow/static/css/lightbox.css?v=121" />
<!--[if IE]> <link rel="stylesheet" type="text/css" media="all" href="/wow/static/css/wow-ie.css?v=121" />
<![endif]-->
<!--[if IE 6]> <link rel="stylesheet" type="text/css" media="all" href="/wow/static/css/wow-ie6.css?v=121" />
<![endif]-->
<!--[if IE 7]> <link rel="stylesheet" type="text/css" media="all" href="/wow/static/css/wow-ie7.css?v=121" />
<![endif]-->
<script type="text/javascript" src="/wow/static/local-common/js/third-party.js?v=58-121"></script>
<script type="text/javascript" src="/wow/static/local-common/js/common-game-site.js?v=58-121"></script>
<!--[if IE 6]> <script type="text/javascript">
//<![CDATA[
try { document.execCommand('BackgroundImageCache', false, true) } catch(e) {}
//]]>
</script>
<![endif]-->
<script type="text/javascript">
//<![CDATA[
var Core = Core || {},
Login = Login || {};
Core.staticUrl = '/wow/static';
Core.sharedStaticUrl = '/wow/static/local-common';
Core.baseUrl = '/wow/en';
Core.projectUrl = '/wow';
Core.cdnUrl = 'http://media.blizzard.com';
Core.supportUrl = 'http://us.battle.net/support/';
Core.secureSupportUrl = 'https://us.battle.net/support/';
Core.project = 'wow';
Core.locale = 'en-us';
Core.language = 'en';
Core.region = 'us';
Core.shortDateFormat = 'MM/dd/yyyy';
Core.dateTimeFormat = 'MM/dd/yyyy hh:mm a';
Core.loggedIn = false;
Core.userAgent = 'web';
Login.embeddedUrl = 'https://us.battle.net/login/login.frag';
var Flash = Flash || {};
Flash.videoPlayer = 'http://media.blizzard.com/global-video-player/themes/wow/video-player.swf';
Flash.videoBase = 'http://media.blizzard.com/wow/media/videos';
Flash.ratingImage = 'http://media.blizzard.com/global-video-player/ratings/wow/en-us.jpg';
Flash.expressInstall = 'http://media.blizzard.com/global-video-player/expressInstall.swf';
var _gaq = _gaq || [];
_gaq.push(['_setAccount', 'UA-544112-16']);
_gaq.push(['_setDomainName', '.battle.net']);
_gaq.push(['_setAllowLinker', true]);
_gaq.push(['_trackPageview']);
//]]>
</script>
<meta property="fb:app_id" content="175314325675" />
<meta property="og:site_name" content="World of Warcraft" />
<meta property="og:locale" content="en_US" />
<meta property="og:type" content="website" />
<meta property="og:url" content="http://us.battle.net/wow/en/services/mobile-armory/" />
<meta property="og:image" content="http://media.blizzard.com/battle.net/logos/og-wow.png" />
<meta property="og:image" content="http://media.blizzard.com/battle.net/logos/og-blizzard.png" />
<meta property="og:title" content="World of Warcraft" />
<meta property="og:description" content="Mobile Armory - Shop - World of Warcraft" />
<link rel="stylesheet" type="text/css" media="all" href="/wow/static/css/legal/ratings.css?v=58-121" />
</head>
<body class="en-us without-nav">
<script>
//<![CDATA[
var dataLayer = [{
"authenticated": "0" }];
(function(w,d,s,l,i){w[l]=w[l]||[];w[l].push({"gtm.start":new Date().getTime(),event:"gtm.js"});var f=d.getElementsByTagName(s)[0], j=d.createElement(s),dl=l!="dataLayer"?"&amp;l="+l:"";j.async=true;j.src=
"//www.googletagmanager.com/gtm.js?id="+i+dl;f.parentNode.insertBefore(j,f);})
(window,document,"script","dataLayer","GTM-M39SFZ");
//]]>
</script>
<div id="nav-client-header" class="nav-client compact">
<div id="nav-client-bar">
<div class="grid-container nav-header-content">
<ul class="nav-list nav-left" id="nav-client-main-menu">
<li>
<a id="nav-client-home" class="nav-item nav-home" href="http://us.battle.net/" data-analytics="global-nav" data-analytics-placement="Nav - Battle.net Icon"></a>
</li>
<li>
<div class="dropdown games">
<a class="dropdown-toggle nav-link needsclick active" data-toggle="dropdown">
Games
<b class="caret"></b>
</a>
<div class="dropdown-menu">
<ul class="nav-product-card-container games-menu" role="menu">
<li>
<a class="nav-item game-icon" href="http://us.battle.net/wow/" data-analytics="global-nav" data-analytics-placement="Nav - Games - World of Warcraft"><i class="nav-icon-wow"></i>World of Warcraft®</a>
</li>
<li>
<a class="nav-item game-icon" href="http://us.battle.net/d3/" data-analytics="global-nav" data-analytics-placement="Nav - Games - Diablo III"><i class="nav-icon-d3"></i>Diablo® III</a>
</li>
<li>
<a class="nav-item game-icon" href="http://us.battle.net/sc2/" data-analytics="global-nav" data-analytics-placement="Nav - Games - StarCraft II"><i class="nav-icon-sc2"></i>StarCraft® II</a>
</li>
<li>
<a class="nav-item game-icon" href="http://us.battle.net/hearthstone/" data-analytics="global-nav" data-analytics-placement="Nav - Games - Hearthstone"><i class="nav-icon-hearthstone"></i>Hearthstone®</a>
</li>
<li>
<a class="nav-item game-icon" href="http://us.battle.net/heroes/" data-analytics="global-nav" data-analytics-placement="Nav - Games - Heroes of the Storm"><i class="nav-icon-heroes"></i>Heroes of the Storm™</a>
</li>
<li>
<a class="nav-item game-icon" href="http://us.battle.net/overwatch/" data-analytics="global-nav" data-analytics-placement="Nav - Games - Overwatch"><i class="nav-icon-overwatch"></i>Overwatch™</a>
</li>
</ul>
<div class="dropdown-well dropdown-section download-btn">
<a class="nav-item nav-a nav-item-box" href="http://us.battle.net/games/classic" data-analytics="global-nav" data-analytics-placement="Nav - Games - Classic Games"><i class="nav-icon-24-blue nav-icon-mouse"></i>Classic Games</a>
</div>
</div>
</div>
</li>
<li>
<a id="nav-client-shop" class="nav-item nav-link needsclick" href="https://us.battle.net/shop/" data-analytics="global-nav" data-analytics-placement="Nav - Shop">Shop</a>
</li>
</ul>
<ul class="nav-list nav-right" id="nav-client-account-menu">
<li>
<div id="username">
<div class="dropdown pull-right">
<a class="nav-link username username--loggedout needsclick dropdown-toggle" data-toggle="dropdown" rel="navbar">
Your account
<b class="caret"></b>
</a>
<div class="dropdown-menu">
<div class="arrow top"></div>
<div class="user-profile">
<div class="dropdown-section">
<div class="nav-box">
<a class="nav-item nav-btn nav-btn-block nav-login-btn" href="?login" data-analytics="global-nav" data-analytics-placement="Nav - Account - Log In">Log In</a>
</div>
</div>
<div class="dropdown-section">
<ul class="nav-list">
<li>
<a class="nav-item nav-a nav-item-box" href="http://us.battle.net/account/management/" data-analytics="global-nav" data-analytics-placement="Nav - Account - Settings"><i class="nav-icon-24-blue nav-icon-character-cog"></i>Account Settings</a>
</li>
</ul>
</div>
</div>
</div>
</div>
</div>
</li>
<li>
<a id="nav-client-support-link" class="nav-item nav-link needsclick" href="http://us.battle.net/support/" data-analytics="global-nav" data-analytics-placement="Nav - Support"> Support </a>
</li>
<li>
<div class="nav-notification-icon">
<a class="dropdown-toggle needsclick nav-item" rel="navbar">
<i class="needsclick nav-icon-bell"></i>
</a>
<div class="nav-notification-dropdown dropdown-menu">
<div class="arrow top"></div>
</div>
</div>
</li>
</ul>
</div>
</div>
<div class="nav-notification-responsive-container">
<div class="nav-notification-dropdown dropdown-menu">
<div class="arrow top"></div>
</div>
</div>
</div>
<div id="wrapper">
<div id="header">
<div class="search-bar">
<form action="/wow/en/search" method="get" autocomplete="off">
<div>
<input type="search" class="search-field input" name="q" id="search-field" maxlength="200" tabindex="40" alt="Search characters, items, forums and more…" value="Search characters, items, forums and more…" />
<input type="submit" class="search-button" value="" tabindex="41" />
</div>
</form>
</div>
<h1 id="logo"><a href="/wow/en/">World of Warcraft®</a></h1>
<div class="header-plate">
<div class="back-nav-container">
<div class="back-nav-button-container">
<a href="https://worldofwarcraft.com/en-us/" class="ui-button button1 button-block back-nav-button">
<span class="button-left"></span>
<span class="button-middle">
<span class="button-text">Go to New WoW Home</span>
</span>
<span class="button-right"></span>
</a>
</div>
<div class="back-nav-warning-container">
<p>The page you're viewing is not yet available on the new World of Warcraft website. Sorry for the inconvenience!</p>
</div>
</div>
<div class="user-plate">
<a href="?login" class="card-character plate-logged-out" onclick="return Login.open('https://us.battle.net/login/login.frag');">
<span class="card-portrait"></span>
<span class="wow-login-key"></span>
<span class="login-msg"><strong>Log in now</strong> to enhance and personalize your experience!</span>
</a>
</div>
</div>
<div class="new-feature-tip" id="feature-tip" style="display: none">
<a href="/wow/en/zone/" data-label="World of Warcraft Game Guide" class="clickable">
<span class="title">FEATURE UPDATED!</span>
<strong>Scenarios </strong>
<span class="desc">Check out our new guide pages with detailed information about the new Mists of Pandaria scenarios!</span>
</a>
<a href="javascript:;" class="close" rel="close" data-label="Close"></a>
</div>
<script type="text/javascript">
//<![CDATA[
Core.showUntilClosed('#feature-tip', 'mop.talent.calculator', {
startDate: '2012/11/28',
endDate: '2012/12/04',
cookieParams: { expires: 720 }
});
//]]>
</script>
</div>
<div id="content">
<div class="content-top body-top">
<div class="content-trail"></div>
<div class="content-bot clear">		<script type="text/javascript">
		//<![CDATA[
            window.location.href = "/wow/en/shop/mobile-armory/";
		//]]>
		</script>
</div>
</div>
</div>
<div class="nav-footer-wrapper">
<div id="nav-client-footer" class="nav-client">
<div class="footer-content footer-desktop grid-container"> <div class="nav-section support-feedback">
<div class="nav-left">
<div id="nav-feedback">
<a id="nav-client-news" class="nav-item nav-a nav-item-btn" href="http://us.battle.net/support/" data-analytics="global-nav" data-analytics-placement="Footer - Support"><i class="nav-icon-24-blue nav-icon-question-circle"></i>Support</a>
<a class="nav-item nav-a nav-item-btn" href="https://us.battle.net/feedback" data-analytics="global-nav" data-analytics-placement="Footer - Feedback"><i class="nav-icon-24-blue nav-icon-edit"></i>Feedback</a>
</div>
</div>
<div class="nav-right">
<div id="nav-client-region-select">
<div class="dropdown dropup pull-right">
<a class="dropdown-toggle nav-item" data-toggle="dropdown">
<i class="nav-icon-24-blue nav-icon-globe"></i>Americas - English (US)<b class="caret"></b>
</a>
<div class="dropdown-menu" data-placement="top">
<div class="arrow bottom"></div>
<div id="nav-client-international-desktop">
<div class="nav-international-container">
<div class="dropdown-section nav-column-container">
<div class="nav-column-50">
<div id="select-regions" class="nav-box regions">
<h3>Region</h3>
<ul class="region-ul">
<li class="region active current"><a class="nav-item select-region" href="javascript:;" data-target="us">Americas</a></li>
<li class="region "><a class="nav-item select-region" href="javascript:;" data-target="eu">Europe</a></li>
<li class="region "><a class="nav-item select-region" href="javascript:;" data-target="kr">Korea</a></li>
<li class="region "><a class="nav-item select-region" href="javascript:;" data-target="tw">Taiwan</a></li>
<li class="region "><a class="nav-item select-region" href="javascript:;" data-target="cn">China</a></li>
<li class="region "><a class="nav-item select-region" href="javascript:;" data-target="sea">Southeast Asia</a></li>
</ul>
</div>
</div>
<div class="nav-column-50">
<div id="select-language" class="nav-box languages">
<h3>Language</h3>
<div class="region region-languages active current" data-region="us">
<ul class="region-ul">
<li class="active current">
<a class="nav-item select-language" href="http://us.battle.net/wow/en-us/services/mobile-armory/" data-target="us" data-language="en-us">English (US)</a>
</li>
<li class="">
<a class="nav-item select-language" href="http://us.battle.net/wow/es-mx/services/mobile-armory/" data-target="us" data-language="es-mx">Español (AL)</a>
</li>
<li class="">
<a class="nav-item select-language" href="http://us.battle.net/wow/pt-br/services/mobile-armory/" data-target="us" data-language="pt-br">Português (AL)</a>
</li>
<li class="">
<a class="nav-item select-language" href="http://us.battle.net/wow/ja-jp/services/mobile-armory/" data-target="us" data-language="ja-jp">日本</a>
</li>
</ul>
</div>
<div class="region region-languages " data-region="eu">
<ul class="region-ul">
<li class="">
<a class="nav-item select-language" href="http://eu.battle.net/wow/de-de/services/mobile-armory/" data-target="eu" data-language="de-de">Deutsch</a>
</li>
<li class="">
<a class="nav-item select-language" href="http://eu.battle.net/wow/en-gb/services/mobile-armory/" data-target="eu" data-language="en-gb">English (EU)</a>
</li>
<li class="">
<a class="nav-item select-language" href="http://eu.battle.net/wow/es-es/services/mobile-armory/" data-target="eu" data-language="es-es">Español (EU)</a>
</li>
<li class="">
<a class="nav-item select-language" href="http://eu.battle.net/wow/fr-fr/services/mobile-armory/" data-target="eu" data-language="fr-fr">Français</a>
</li>
<li class="">
<a class="nav-item select-language" href="http://eu.battle.net/wow/it-it/services/mobile-armory/" data-target="eu" data-language="it-it">Italiano</a>
</li>
<li class="">
<a class="nav-item select-language" href="http://eu.battle.net/wow/pl-pl/services/mobile-armory/" data-target="eu" data-language="pl-pl">Polski</a>
</li>
<li class="">
<a class="nav-item select-language" href="http://eu.battle.net/wow/pt-br/services/mobile-armory/" data-target="eu" data-language="pt-br">Português (AL)</a>
</li>
<li class="">
<a class="nav-item select-language" href="http://eu.battle.net/wow/ru-ru/services/mobile-armory/" data-target="eu" data-language="ru-ru">Русский</a>
</li>
</ul>
</div>
<div class="region region-languages " data-region="kr">
<ul class="region-ul">
<li class="">
<a class="nav-item select-language" href="http://kr.battle.net/wow/ko-kr/services/mobile-armory/" data-target="kr" data-language="ko-kr">한국어</a>
</li>
</ul>
</div>
<div class="region region-languages " data-region="tw">
<ul class="region-ul">
<li class="">
<a class="nav-item select-language" href="http://tw.battle.net/wow/zh-tw/services/mobile-armory/" data-target="tw" data-language="zh-tw">繁體中文</a>
</li>
</ul>
</div>
<div class="region region-languages " data-region="cn">
<ul class="region-ul">
<li class="">
<a class="nav-item select-language" href="http://www.battlenet.com.cn/wow/services/mobile-armory/" data-target="cn" data-language="zh-cn">简体中文</a>
</li>
</ul>
</div>
<div class="region region-languages " data-region="sea">
<ul class="region-ul">
<li class="active current">
<a class="nav-item select-language" href="http://sea.battle.net/wow/en-us/services/mobile-armory/" data-target="sea" data-language="en-us">English (US)</a>
</li>
</ul>
</div>
</div>
</div>
</div>
</div>
<div class="dropdown-section dropdown-well nav-box localeChange">
<a id="nav-client-change-language-desktop" href="javascript:;" class="nav-lang-change nav-btn">Change</a>
</div>
</div>
</div>
</div>
</div>
</div>
</div>
<div class="nav-section">
<div class="nav-left nav-logo-group">
<div class="footer-logo nav-left">
<a class="nav-item logo-link" href="http://us.blizzard.com/" data-analytics="global-nav" data-analytics-placement="Footer - Blizzard Logo"><img class="blizzard-logo" src="/wow/static/images/nav-client/blizzard.png?v=58-121" alt="" /></a>
</div>
<div class="footer-links nav-left">
<a class="nav-item nav-a" href="http://jobs.blizzard.com/" data-analytics="global-nav" data-analytics-placement="Footer - Careers">Careers</a>
<span>|</span>
<a class="nav-item nav-a" href="http://us.blizzard.com/company/about/" data-analytics="global-nav" data-analytics-placement="Footer - About">About</a>
<span>|</span>
<a class="nav-item nav-a" href="http://us.blizzard.com/company/about/privacy.html" data-analytics="global-nav" data-analytics-placement="Footer - Privacy">Privacy</a>
<span>|</span>
<a class="nav-item nav-a" href="http://us.blizzard.com/company/legal/" data-analytics="global-nav" data-analytics-placement="Footer - Terms">Terms</a>
<span>|</span>
<a class="nav-item nav-a" href="//dev.battle.net" data-analytics="global-nav" data-analytics-placement="Footer - API">API</a>
<div class="copyright">©2017 Blizzard Entertainment, Inc.</div>
<div class="nav-footer-icon-container">
<ul class="nav-footer-icon-list">
</ul>
</div>
</div>
</div>
<div class="nav-ratings">
<div class="legal-rating">
<div class="product-rating esrb-rating clearfix">
<a href="http://www.esrb.org/ratings/ratings_guide.jsp" tabindex="1" rel="external" target="_blank">
<img class="esrb-logo" src="/wow/static/images/legal/ratings/esrb/en/t.png?v=58-121"
alt="ESRB Content Rating: T (Teen)" title=""
width="65" height="97" />
</a>
<span class="esrb-descriptor"><span class="esrb-descriptor-label" title="Depictions of blood or the mutilation of body parts.">Blood and Gore</span></span>
<span class="esrb-descriptor"><span class="esrb-descriptor-label" title="Depictions or dialogue involving vulgar antics, including “bathroom” humor.">Crude Humor</span></span>
<span class="esrb-descriptor"><span class="esrb-descriptor-label" title="Mild to moderate use of profanity.">Mild Language</span></span>
<span class="esrb-descriptor"><span class="esrb-descriptor-label" title="Mild provocative references or materials.">Suggestive Themes</span></span>
<span class="esrb-descriptor"><span class="esrb-descriptor-label" title="The consumption of alcoholic beverages.">Use of Alcohol</span></span>
<span class="esrb-descriptor"><span class="esrb-descriptor-label" title="Scenes involving aggressive conflict. May contain bloodless dismemberment.">Violence</span></span>
<span class="esrb-disclaimer">Online Interactions Not Rated by the ESRB</span>
</div>
</div>
</div>
</div>
</div>
</div>
</div>
</div>
<script>
//<![CDATA[
var xsToken = '';
var supportToken = '';
var jsonSearchHandlerUrl = '\//us.battle.net';
var Msg = Msg || {};
Msg.support = {
ticketNew: 'Ticket {0} was created.',
ticketStatus: 'Ticket {0}’s status changed to {1}.',
ticketOpen: 'Open',
ticketAnswered: 'Answered',
ticketResolved: 'Resolved',
ticketCanceled: 'Canceled',
ticketArchived: 'Archived',
ticketInfo: 'Need Info',
ticketAll: 'View All Tickets'
};
Msg.cms = {
requestError: 'Your request cannot be completed.',
ignoreNot: 'Not ignoring this user',
ignoreAlready: 'Already ignoring this user',
stickyRequested: 'Sticky requested',
stickyHasBeenRequested: 'You have already sent a sticky request for this topic.',
postAdded: 'Post added to tracker',
postRemoved: 'Post removed from tracker',
userAdded: 'User added to tracker',
userRemoved: 'User removed from tracker',
validationError: 'A required field is incomplete',
characterExceed: 'The post body exceeds XXXXXX characters.',
searchFor: "Search for",
searchTags: "Articles tagged:",
characterAjaxError: "You may have become logged out. Please refresh the page and try again.",
ilvl: "Level {0}",
shortQuery: "Search requests must be at least three characters long.",
editSuccess: "Success. Reload?",
postDelete: "Are you sure you want to delete this post?",
throttleError: "You must wait before you can post again."
};
Msg.bml= {
bold: 'Bold',
italics: 'Italics',
underline: 'Underline',
list: 'Unordered List',
listItem: 'List Item',
quote: 'Quote',
quoteBy: 'Posted by {0}',
unformat: 'Remove Formating',
cleanup: 'Fix Linebreaks',
code: 'Code Blocks',
item: 'WoW Item',
itemPrompt: 'Item ID:',
url: 'URL',
urlPrompt: 'URL Address:'
};
Msg.ui= {
submit: 'Submit',
cancel: 'Cancel',
reset: 'Reset',
viewInGallery: 'View in gallery',
loading: 'Loading…',
unexpectedError: 'An error has occurred',
fansiteFind: 'Find this on…',
fansiteFindType: 'Find {0} on…',
fansiteNone: 'No fansites available.',
flashErrorHeader: 'Adobe Flash Player must be installed to see this content.',
flashErrorText: 'Download Adobe Flash Player',
flashErrorUrl: 'http://get.adobe.com/flashplayer/',
save: 'Save'
};
Msg.grammar= {
colon: '{0}:',
first: 'First',
last: 'Last',
ellipsis: '…'
};
Msg.fansite= {
achievement: 'achievement',
character: 'character',
faction: 'faction',
'class': 'class',
object: 'object',
talentcalc: 'talents',
skill: 'profession',
quest: 'quest',
spell: 'spell',
event: 'event',
title: 'title',
arena: 'arena team',
guild: 'guild',
zone: 'zone',
item: 'item',
race: 'race',
npc: 'NPC',
pet: 'pet'
};
Msg.search= {
noResults: 'There are no results to display.',
kb: 'Support',
post: 'Forums',
article: 'Blog Articles',
static: 'General Content',
wowcharacter: 'Characters',
wowitem: 'Items',
wowguild: 'Guilds',
wowarenateam: 'Arena Teams',
url: 'Suggested Links',
friend: 'Friends',
product: 'Marketplace Products',
other: 'Other'
};
//]]>
</script>
<script type="text/javascript" src="/wow/static/local-common/js/common/menu.js?v=58"></script>
<script type="text/javascript" src="/wow/static/js/wow.js?v=121"></script>
<script type="text/javascript" src="/wow/static/js/nav-client/navbar-tk.min.js?v=121"></script>
<script type="text/javascript">
//<![CDATA[
window.nav.notifications.endpoint = "";
//]]>
</script>
<script type="text/javascript" src="/wow/static/local-common/js/common/search-pane.js?v=58"></script>
<script type="text/javascript">
//<![CDATA[
$(function() {
Menu.initialize("/data/menu.json", { "colMax": 16 });
Search.initialize('/wow/en/search/ta');
});
//]]>
</script>
<script>
//<![CDATA[
(function() {
var ga = document.createElement('script');
var src = "https://ssl.google-analytics.com/ga.js";
if ('http:' == document.location.protocol) {
src = "http://www.google-analytics.com/ga.js";
}
ga.type = 'text/javascript';
ga.setAttribute('async', 'true');
ga.src = src;
var s = document.getElementsByTagName('script');
s = s[s.length-1];
s.parentNode.insertBefore(ga, s.nextSibling);
})();
//]]>
</script>
</body>
</html>