<!DOCTYPE HTML>
<html lang="en">
   <head>
      <title>Rankings and Honors : SLU</title><ouc:editor wysiwyg="no"/>
<meta charset="utf-8">
<meta http-equiv="x-ua-compatible" content="ie=edge">
<meta name="viewport" content="width=device-width,initial-scale=1,minimum-scale=1">
<link href="https://fonts.googleapis.com/css?family=Crimson+Text" rel="stylesheet">
<link href="//www.slu.edu/_resources/css/style.css" rel="stylesheet">
<script src="https://use.typekit.net/afl7gka.js"></script>
<script>
	try {
		Typekit.load({
			async: true
		});
	} catch (e) {}
</script>
<link rel="stylesheet" href="//www.slu.edu/_resources/css/oustyles.css" />

<!-- fix styling for the Direct Edit link -->
<style>
	a#de { color: #FFFFFF; }
	a#de:hover { text-decoration: none; background-image: none; }
</style>
<link rel="stylesheet" href="https://use.fontawesome.com/eb14f8a7cf.css" media="all">
<script src="https://use.fontawesome.com/eb14f8a7cf.js"></script>

<!-- jQuery required for UTM passthrough --> 
<script type="text/javascript" src="https://ajax.googleapis.com/ajax/libs/jquery/1.7.2/jquery.min.js"></script>

      <meta name="Description" content="Highlights of Saint Louis University’s most recent rankings, honors and  awards.">
      <meta name="keywords" content="Rankings, honors, awards, U.S. News, Princeton Review"><script type="text/javascript">
					var page_url="https://www.slu.edu/about/key-facts/rankings.php";
					var page_identifier="a6d01716-73c1-48ad-9369-ef48b930f7ec";
				</script></head>
   <body><noscript><iframe src="//www.googletagmanager.com/ns.html?id=GTM-W5TC4Q" height="0" width="0" style="display:none;visibility:hidden"></iframe></noscript><script>(function(w,d,s,l,i){w[l]=w[l]||[];w[l].push({'gtm.start':
new Date().getTime(),event:'gtm.js'});var f=d.getElementsByTagName(s)[0],
j=d.createElement(s),dl=l!='dataLayer'?'&l='+l:'';j.async=true;j.src=
'//www.googletagmanager.com/gtm.js?id='+i+dl;f.parentNode.insertBefore(j,f);
})(window,document,'script','dataLayer','GTM-W5TC4Q');</script><header class="header">
   <div class="header__wrap wrap">
      <div class="header__bg"></div><a href="/" class="header__logo-center"><span class="hide">Saint Louis University</span><span class="svgstore svgstore--logo-center">
            <svg><use xlink:href="/_resources/img/svgstore.svg#logo-center"></use></svg></span></a><a href="/" class="header__logo"><span class="hide">Saint Louis University</span><span class="svgstore svgstore--logo">
            <svg><use xlink:href="/_resources/img/svgstore.svg#logo"></use></svg></span></a><a href="#" class="header__toggle header__toggle--menu"><span class="hide">Menu</span><span class="header__toggle__icon header__toggle__icon--menu"><span class="svgstore svgstore--bars">
               <svg><use xlink:href="/_resources/img/svgstore.svg#bars"></use></svg></span></span><span class="header__toggle__icon header__toggle__icon--close header__toggle__icon--close--menu"><span class="svgstore svgstore--x">
               <svg><use xlink:href="/_resources/img/svgstore.svg#x"></use></svg></span></span></a><a href="#" class="header__toggle header__toggle--search header-search-toggle"><span class="hide">Search</span><span class="header__toggle__icon header__toggle__icon--search"><span class="svgstore svgstore--search">
               <svg><use xlink:href="/_resources/img/svgstore.svg#search"></use></svg></span></span><span class="header__toggle__icon header__toggle__icon--close header__toggle__icon--close--search"><span class="svgstore svgstore--x">
               <svg><use xlink:href="/_resources/img/svgstore.svg#x"></use></svg></span></span></a><div class="header__menu">
         <div class="header__menu__wrap"><a href="/" class="header__logo-left"><span class="hide">Saint Louis University</span><span class="svgstore svgstore--logo-left">
                  <svg><use xlink:href="/_resources/img/svgstore.svg#logo-left"></use></svg></span></a><div class="header__menu__group">
               <ul class="header__nav header__nav--util">
                  <li class="header__nav__item"><a class="header__nav__link" title="Majors and Programs" href="/programs/index.php">Majors &amp; Programs</a></li>
                  <li class="header__nav__item"><a class="header__nav__link" title="Request Information" href="/request-information/request-info.php">Request Info</a></li>
                  <li class="header__nav__item"><a class="header__nav__link" title="Visit SLU" href="/admission/visit/index.php">Visit Us</a></li>
                  <li class="header__nav__item"><a class="header__nav__link" title="Apply to SLU" href="/apply.php">Apply</a></li>
               </ul>
               <ul class="header__nav header__nav--primary" id="ou-header__nav--primary">
                  <li class="header__nav__item"><a class="header__nav__link" title="About Saint Louis University" href="/about/index.php">About</a></li>
                  <li class="header__nav__item"><a class="header__nav__link" title="Academics at SLU" href="/academics/index.php">Academics</a></li>
                  <li class="header__nav__item"><a class="header__nav__link" title="SLU Billiken Athletics" href="http://slubillikens.com">Athletics</a></li>
                  <li class="header__nav__item"><a class="header__nav__link" title="Research at SLU" href="/research/index.php">Research</a></li>
                  <li class="header__nav__item"><a class="header__nav__link" title="Life at SLU" href="/life-at-slu/index.php">Life at SLU</a></li>
                  <li class="header__nav__item"><a class="header__nav__link" title="Admission to SLU" href="/admission/index.php">Admission</a></li>
               </ul>
               <ul class="header__nav header__nav--action">
                  <li class="header__nav__item"><a href="/alumni-and-donors/give/index.php" class="header__nav__link">Give to SLU</a></li>
                  <li class="header__nav__item"><a href="/index.php" class="header__nav__link">SLU.edu</a></li><ouc:editor wysiwyg="no" />
<li class="header__nav__item header__nav__item--hidden">
	<a href="#" class="header__nav__link header-search-toggle">
		<span class="header__nav__text">Search</span> 
		<span class="header__nav__icon">
			<span class="svgstore svgstore--search">
				<svg>
					<use xlink:href="/_resources/img/svgstore.svg#search"></use>
				</svg>
			</span>
		</span>
	</a>
</li>
               </ul>
            </div>
         </div>
      </div><ouc:editor wysiwyg="no" />
<div class="header__search">
	<div class="header__search__wrap wrap">
		<a href="#" class="header__search__close">
			<span class="hide">Close</span> 
			<span class="svgstore svgstore--x">
				<svg>
					<use xlink:href="/_resources/img/svgstore.svg#x"></use>
				</svg>
			</span>
		</a>
		<form class="header__form" method="get" id="SearchPage" action="/search/">
			<label class="hide" for="header-search">Search SLU.edu</label>
			<input id="header-search" name="q" class="header__form__input" type="search" placeholder="Search SLU.edu">
			<button class="header__form__button" type="submit">
				<span class="hide">Search</span> 
				<span class="svgstore svgstore--search">
					<svg>
						<use xlink:href="/_resources/img/svgstore.svg#search"></use>
					</svg>
				</span>
			</button>
		</form>

		<form class="header__form" action="//www.slu.edu/peoplefinder_search.php" method="post">
			<label class="hide" for="header-people">People Finder</label>
			<input id="header-people" name="query" class="header__form__input" type="search" placeholder="People Finder">
			<button class="header__form__button" type="submit">
				<span class="hide">Search</span> 
				<span class="svgstore svgstore--search">
					<svg>
						<use xlink:href="/_resources/img/svgstore.svg#search"></use>
					</svg>
				</span>
			</button>
		</form>
	</div>
</div>
   </div>
</header>      <div class="wrap">
         <div class="breadcrumbs"><a href="/">Home</a> » <a href="/about/">About</a> » <a href="/about/key-facts/">Key Facts</a> » Rankings and Honors
         </div>
      </div>
      <div class="section">
         <div class="wrap">
            <div class="main">
               <h1>Rankings and Honors</h1>
            </div>
            <div class="sidebar">
               <div class="dropdown dropdown--subnav"><a href="#" class="dropdown__toggle">In this section <span class="dropdown__icon"><span class="svgstore svgstore--angle-down">
                           <svg><use xlink:href="/_resources/img/svgstore.svg#angle-down"></use></svg></span></span></a><ul class="subnav dropdown__list">
<li class="subnav__item"><a href="/about/key-facts/rankings.php" class="subnav__link">Rankings and Honors</a></li><li class="subnav__item"><a href="/about/key-facts/what-is-a-billiken.php" class="subnav__link">What is a Billiken?</a></li><li class="subnav__item"><a href="/about/key-facts/bookstores-gear.php" class="subnav__link">Bookstores and Merchandise</a></li></ul>
</div>
            </div>
            <div class="main">
               <p class="p--alt">Saint Louis University is ranked among the top Jesuit universities in the country
                  but academics aren’t our only point of pride. SLU is&nbsp; recognized as a character-building
                  college. We’re honored for our efforts to serve others. And national groups make note
                  of everything from the sustainability to the beauty of our St. Louis campus.
               </p>
               
               <h2><img class="" src="/about/images/cook-hall-gateway-960.jpg" alt="SLU Gateway" width="960" height="640"><br>Academic and Research Excellence
               </h2>
               
               <p>Across the nation and around the world, Saint Louis University is routinely recognized
                  for rigorous scholarship and research in a variety of disciplines.
               </p>
               
               <h4><em>U.S. News &amp; World Report</em></h4>
               
               <p>The following graduate programs at SLU are ranked in the top 50 in the nation for
                  2017:
               </p>
               
               <ul>
                  
                  <li>Health law (No. 1)</li>
                  
                  <li>Health care management (No. 7)</li>
                  
                  <li>International business (No. 12)</li>
                  
                  <li>Supply chain management (No. 13)</li>
                  
                  <li>Entrepreneurship (No. 14)</li>
                  
                  <li>Public health (No. 23)</li>
                  
                  <li>Accounting (No. 24)</li>
                  
                  <li>Law: part-­time (No. 25)</li>
                  
                  <li>Occupational therapy (No. 25)</li>
                  
                  <li>Physician assistant (No. 27)</li>
                  
                  <li>Law: clinical training (No. 30)</li>
                  
                  <li>Physical therapy (No. 40)</li>
                  
                  <li>Social work (No. 47)</li>
                  
                  <li>Medicine: primary care (No. 48)</li>
                  
               </ul>
               
               <p>For 2016, SLU was listed 96 out of 280 doctoral universities, with individual rankings
                  for top undergraduate programs in entrepreneurship (No. 7), international business
                  (No. 7) and business (No. 93). Additionally, <em>U.S. News &amp; World Report</em> ranked SLU No. 20 among the "Best Colleges for Veterans" and placed SLU on its "High
                  School Counselor's Picks" list.
               </p>
               
               <h4>The Princeton Review</h4>
               
               <p>SLU's excellence is noted in both <em>The Best 381 Colleges: 2017 Edition</em> and <em>The Best 295 Business Schools</em>. In addition to being named one of the best U.S. colleges overall, SLU was included
                  on lists ranking the nation’s top 25 entrepreneurship programs — both undergraduate
                  and graduate.
               </p>
               
               <h4>The Carnegie Classification of Institutions of Higher Education&nbsp;</h4>
               
               <p>SLU is one of only nine Catholic universities to receive a Carnegie Classification
                  of&nbsp;“higher” or “highest” research activity.
               </p>
               
               <h4>Forbes: 'America's Top Colleges' 2015</h4>
               
               <p><em>Forbes’</em>&nbsp; list of more than 650 undergraduate institutions is based on the quality of the&nbsp;education,
                  as well as student experiences and achievements.
               </p>
               
               <h4>Fiske Guide to Colleges 2016</h4>
               
               <p>This listing of the 322 "best and most interesting" schools in the United States,
                  Canada&nbsp;and Great Britain is based on the quality of academic offerings and student
                  responses&nbsp;on a variety of topics.
               </p>
               
               <h4>Niche’s Top 10 Catholic Colleges</h4>
               
               <p>Niche bases its rankings on key statistics and student reviews, and considered 166&nbsp;colleges.</p>
               
               <h4>Center for World University</h4>
               
               <p>From eight objective indicators, such as the number of alumni and faculty who’ve earned&nbsp;international
                  awards, SLU ranked No. 364 out of 1,000 universities from nearly 60&nbsp;countries — among
                  the top 1.5 percent of all colleges and universities worldwide.
               </p>
               
               <h4>Philosophical Gourmet Report</h4>
               
               <p>SLU has the No. 1 medieval philosophy doctoral program in the English­-speaking world,&nbsp;according
                  to the 2014 Philosophical Gourmet Report. SLU is tied with Notre Dame,&nbsp;ahead of Cambridge
                  and Oxford. Graduate programs in philosophy ranked No. 47&nbsp;overall.
               </p>
               
               <h2>Outstanding Community Service and Student Engagement</h2>
               
               <p>Learning outcomes improve when students are curious, interested or passionate — in
                  other&nbsp;words, “engaged.” At SLU, service is integrated into academics, extracurricular
                  activities and&nbsp;nearly all we do, and the nation has taken notice.&nbsp;
               </p>
               
               <h4>President's Higher Education Community Service Honor Roll&nbsp;</h4>
               
               <p>For eight consecutive years, SLU has been named to the President's Higher Education&nbsp;Community
                  Service Honor Roll, the highest federal recognition a school can achieve for&nbsp;its commitment
                  to service-­learning and civic engagement. SLU was the only institution in&nbsp;Missouri
                  to earn distinction in the area of interfaith service.
               </p>
               
               <h4>Washington Monthly<em>:</em>&nbsp;'Best Schools for Community Service'
               </h4>
               
               <p>For the fifth consecutive year, <em>Washington Monthly</em> ranked SLU No. 4 in the country for&nbsp;community service in its “2015 College Guide.”
               </p>
               
               <h4>Carnegie Foundation's Community Engagement Classification</h4>
               
               <p>This honor recognizes institutions' commitment to engaging with local, national and&nbsp;global
                  communities. Nationwide, only 361 institutions hold the classification, and only 83&nbsp;received
                  the designation in 2015.
               </p>
               
               <h4>The Templeton Guide</h4>
               
               <p>The John Templeton Foundation named SLU one of 325 colleges and universities&nbsp;nationwide
                  that promotes character growth among the student body.
               </p>
               
               <h4>National Survey of Student Engagement</h4>
               
               <p>According to a 2014 survey, SLU students reported feeling more engaged than their&nbsp;counterparts
                  at other major research institutions around the country, especially in the&nbsp;areas of
                  community service and collaboration with other students.
               </p>
               
               <h2>A Best Value and Welcoming Campus</h2>
               
               <p>A college education is a significant investment. So it’s especially rewarding when
                  the experts&nbsp;recognize SLU’s efforts to keep tuition affordable and to ensure that
                  all students, including&nbsp;veterans, can achieve a Saint Louis University education.
               </p>
               
               <h4>Kiplinger's Best Values in Private Colleges</h4>
               
               <p>SLU ranked No. 56 on Kiplinger's list of the 100 top values in American private universities
                  for 2016. Rankings considered cost and financial aid, student indebtedness, competitiveness,
                  graduation rates and academic support.
               </p>
               
               <h4>Barron's Best Buys in College Education</h4>
               
               <p>SLU was named one of approximately 220 U.S. colleges and universities that provides
                  a&nbsp;"first­-class education at affordable prices." In the publication, Barron's 11th
                  edition calls&nbsp;SLU an "urban research university that refuses to act like one, caring
                  for each individual&nbsp;as a total person and drawing its undergraduates into the life
                  of the surrounding&nbsp;community."
               </p>
               
               <h4>Victory Media's 'Military Friendly Schools'</h4>
               
               <p>The 2016 edition recognizes colleges that are doing the most to embrace America's&nbsp;veterans
                  as students, including efforts to recruit and retain military and veteran students,&nbsp;and
                  academic accreditations.
               </p>
               
               <h2>Campus Sustainability</h2>
               
               <p>Sustainability is a priority at Saint Louis University. It is our goal to reduce energy
                  and water use&nbsp;institution wide by 20 percent by 2020. SLU has received national recognition
                  for these and&nbsp;other efforts.
               </p>
               
               <h4>STARS Silver Rating for Sustainability</h4>
               
               <p>SLU’s silver rating from the Sustainability Tracking, Assessment and Rating System&nbsp;(STARS)
                  recognizes our sustainability policies in dining services, water management&nbsp;innovation
                  and other areas.
               </p>
               
               <h4>The Princeton Review</h4>
               
               <p>SLU was named one of the nation’s top green schools in The Princeton Review’s Guide
                  to 353 Green Colleges: 2015 Edition. The guide profiled colleges with exceptional
                  commitments to sustainability in their academic&nbsp;offerings, campus policies and programming.
               </p>
               
               <h4>Sierra Magazine’s 'Cool Schools'</h4>
               
               <p>The Sierra Club ranked SLU among the top 100 green universities.&nbsp;</p>
               
               <h4>Arbor Day Foundation’s “Tree Campus USA”&nbsp;</h4>
               
               <p>SLU is one of eight institutions in Missouri, and only the second Jesuit institution,
                  to be&nbsp;rewarded by the Arbor Day Foundation for promoting healthy trees and engaging&nbsp;students
                  and staff in the spirit of conservation.
               </p>
               
               <h2>Campus Life and Attractions</h2>
               
               <p>With such a vibrant campus, it’s no wonder Saint Louis University has been lauded
                  for its&nbsp;beautiful urban setting and historic buildings.
               </p>
               
               <h4>50 Most Amazing College Chapels and Churches</h4>
               
               <p>St. Francis Xavier College Church was ranked No. 23 on this list by&nbsp;theologydegrees.org.
                  In addition, the church was recognized by collegeranker.com on its&nbsp;2015 “50 Most Beautiful
                  College Campus Wedding Venues” list. At No. 2, SLU is the&nbsp;only university in Missouri,
                  and the only Jesuit school in the nation, on the list.
               </p>
               
               <h4>Best Dining Hall</h4>
               
               <p>Spoon University, powered by more than 3,000 student contributors at 100 college&nbsp;campuses,
                  listed SLU’s Fresh Gatherings as one of best dining halls in the country.
               </p>
               
               <h4>Top College Museums</h4>
               
               <p><a title="Saint Louis University Museum of Art" href="/sluma-home">Saint Louis University Museum of Art</a> is No. 4 among the top 50 college and university&nbsp;museums in the nation, according
                  to CollegeRank.net. SLUMA was the only museum in&nbsp;Missouri on the list.
               </p>
            </div>
         </div>
      </div><footer class="footer">
   <div class="wrap">
      <div class="footer__main">
         <div class="footer__tagline">Higher purpose. Greater good.</div>
         <ul class="footer__social">
            <li class="footer__social__item"><a href="http://facebook.com/SaintLouisU/" class="footer__social__link"><span class="hide">Facebook</span><span class="svgstore svgstore--facebook">
                     <svg><use xlink:href="/_resources/img/svgstore.svg#facebook"></use></svg></span></a></li>
            <li class="footer__social__item"><a href="http://twitter.com/SLU_Official" class="footer__social__link"><span class="hide">Twitter</span><span class="svgstore svgstore--twitter">
                     <svg><use xlink:href="/_resources/img/svgstore.svg#twitter"></use></svg></span></a></li>
            <li class="footer__social__item"><a href="http://LinkedIn.com/edu/saint-louis-university-18709" class="footer__social__link"><span class="hide">LinkedIn</span><span class="svgstore svgstore--linkedin">
                     <svg><use xlink:href="/_resources/img/svgstore.svg#linkedin"></use></svg></span></a></li>
            <li class="footer__social__item"><a href="http://Instagram.com/slu_official/" class="footer__social__link"><span class="hide">Instagram</span><span class="svgstore svgstore--instagram">
                     <svg><use xlink:href="/_resources/img/svgstore.svg#instagram"></use></svg></span></a></li>
            <li class="footer__social__item"><a href="http://YouTube.com/user/SaintLouisUniversity" class="footer__social__link"><span class="hide">YouTube</span><span class="svgstore svgstore--youtube-play">
                     <svg><use xlink:href="/_resources/img/svgstore.svg#youtube-play"></use></svg></span></a></li>
         </ul>
         <ul class="footer__nav">
            <li class="footer__nav__item"><a class="footer__nav__link" href="/current-students/index.php">Current Students</a></li>
            <li class="footer__nav__item"><a class="footer__nav__link" href="/parents/index.php">Parents</a></li>
            <li class="footer__nav__item"><a class="footer__nav__link" href="/alumni-and-donors/index.php">Alumni &amp; Donors</a></li>
            <li class="footer__nav__item"><a class="footer__nav__link" href="/faculty-and-staff/index.php">Faculty &amp; Staff</a></li>
         </ul>
         <ul class="footer__nav footer__nav--util">
            <li class="footer__nav__item"><a class="footer__nav__link" href="http://www.slu.edu/madrid">Madrid Campus</a></li>
            <li class="footer__nav__item"><a class="footer__nav__link" href="/contact.php">Contact Us</a></li>
            <li class="footer__nav__item"><a class="footer__nav__link" href="http://myslu.slu.edu/" target="_blank">mySLU</a></li>
            <li class="footer__nav__item"><a class="footer__nav__link" href="/working-at-slu.php">Working at SLU</a></li>
            <li class="footer__nav__item"><a class="footer__nav__link" href="/disclaimer.php">Disclaimer</a></li>
         </ul>
      </div><a href="/" class="footer__logo"><span class="hide">Saint Louis University</span><span class="svgstore svgstore--logo">
            <svg><use xlink:href="/_resources/img/svgstore.svg#logo"></use></svg></span></a><div class="footer__copyright"><span id="direct-edit">©</span> 1818 - 2017 Saint Louis University
      </div>
   </div>
</footer><ouc:editor wysiwyg="no"/>
<script src="https://cdn.polyfill.io/v2/polyfill.min.js"></script>
<script src="//www.slu.edu/_resources/js/script.js"></script>
<script type="text/javascript">
	function directedit() {
		if (document.getElementById("de") && document.getElementById("direct-edit")){
			var link = document.getElementById("de").parentNode.innerHTML;
			document.getElementById("de").parentNode.remove();
			document.getElementById("direct-edit").innerHTML = link;
		}
	}
	/**
	 * Add styling to current navigation links 
	 */
	/*window.onload = function() {
		
		directedit();
		var nav = document.getElementById('ou-header__nav--primary'),
			anchor = nav.getElementsByTagName('a'),
			current = window.location.pathname.split('/')[1];
		for (var i = 0; i < anchor.length; i++) {
			if(anchor[i].href.replace(document.location.origin, '').replace('#', '') === '/'+current+ '/') {
				anchor[i].parentNode.className = anchor[i].parentNode.className+ " header__nav__item--active";
				i = anchor.length
			}
		}
		
		
	}*/
	
	var currentonload = window.onload;
window.onload = function() {
	directedit();
	var nav = document.getElementById('ou-header__nav--primary'),
		anchor = nav.getElementsByTagName('a'),
		current = window.location.pathname.split('/')[1];
	for (var i = 0; i < anchor.length; i++) {
		if(anchor[i].href.replace(document.location.origin, '').replace('#', '') === '/'+current+ '/') {
			anchor[i].parentNode.className = anchor[i].parentNode.className+ " header__nav__item--active";
			i = anchor.length
		}
	}
	if(currentonload){currentonload()};
}
	
	
	
	
	
	var sideNavLinks = document.getElementsByClassName("subnav__link");
		if (sideNavLinks.length != 0){
			for (var i = 0; i < sideNavLinks.length; i++) {
				if (sideNavLinks[i].parentElement.parentElement.className.indexOf("subnav--nested") === -1) {
					sideNavLinks[i].className = "subnav__link";
				}
			}
		}
</script>
<ouc:editor wysiwyg="no" />

      <div id="hidden" style="display:none;">
         <!-- com.omniupdate.ob --><a id="de" href="http://oucampus.slu.edu/10?skin=oucampus&amp;account=slu&amp;site=www&amp;action=de&amp;path=/about/key-facts/rankings.pcf">©</a><!-- /com.omniupdate.ob -->
      </div>
   </body>
</html>