<!DOCTYPE html PUBLIC "-//W3C//DTD XHTML 1.0 Transitional//EN" "http://www.w3.org/TR/xhtml1/DTD/xhtml1-transitional.dtd"><html xmlns:xd="http://www.pnp-software.com/XSLTdoc" xmlns="http://www.w3.org/1999/xhtml"><head><title>Jeanie Knigin: A World of Opportunity | Augustana College</title><base href="https://www.augustana.edu/"></base><meta http-equiv="Content-Type" content="text/html; charset=UTF-8" /><!--[if lt IE 7 ]>
					<script defer="defer"  type="text/javascript" src="prebuilt/js/unitpngfix.js"></script>
				<![endif]--><link href="https://www.augustana.edu/prebuilt/style/screen.css?v=20130322" rel="stylesheet" type="text/css" media="screen" /><link rel="stylesheet" href="https://www.augustana.edu/prebuilt/style/printcss.css" type="text/css" media="print" /><link href="https://www.augustana.edu/prebuilt/style/printcss.css" rel="stylesheet" type="text/css" media="print" /><link href="http://www.augustana.edu/x83.xml?ss=newsfeed" rel="alternate" type="application/rss+xml" title="Augustana.edu RSS" /><link href="https://www.augustana.edu/prebuilt/style/newmenu.css" rel="stylesheet" type="text/css" /><script type="text/javascript" src="https://www.augustana.edu/prebuilt/js/swfobject.js"></script><script type="text/javascript" src="https://www.augustana.edu/prebuilt/scripts/jquery-1.4.2.min.js"></script><script language="JavaScript" type="text/JavaScript">
                        var pagenamepath='Jeanie Knigin, March 10, 2011';
                    </script>					
				<link type="text/css" href="prebuilt/style/anythingslider.css" rel="stylesheet" media="screen" />
				<script type="text/javascript" src="prebuilt/scripts/jquery.anythingslider.min.js"></script>
				<script type="text/javascript" src="https://www.augustana.edu/prebuilt/scripts/jquery.hoverIntent.minified.js"></script><script type="text/javascript">
                        $(document).ready(function($) {
                           
                            $("div.menu").hide();
                            $("#topnav ul li").hoverIntent(function(){
                                     $(this).addClass('active')
                                     $(this).children("div.menu").delay(200).slideDown('fast');
                                     $("div.menu a").click(function() {
                                        _gaq.push(['_trackEvent', 'Main Sub Navigation Links', 'click'], this.attr("title"));
                                     });
                                },function(){
                                    $(this).removeClass('active').children("div.menu").slideUp(10);
                                });//hover
                        });
                    </script><script type="text/javascript" src="https://apis.google.com/js/plusone.js"></script><script type="text/javascript">
                     
                        var _gaq = _gaq || [];
                        _gaq.push(['_setAccount', 'UA-4801583-1']);
                        _gaq.push(['_setCustomVar','Page Name Path', pagenamepath]);
                        _gaq.push(['_trackPageview']);
                        
                        (function() {
                        var ga = document.createElement('script'); ga.type = 'text/javascript'; ga.async = true;
                        ga.src = ('https:' == document.location.protocol ? 'https://ssl' : 'http://www') + '.google-analytics.com/ga.js';
                        var s = document.getElementsByTagName('script')[0]; s.parentNode.insertBefore(ga, s);
                        })();
                        
                    </script><script>
                        (function(a,b,c,d,e,f,g) {
                        a[e] = a[e] || function() {(a[e].q = a[e].q || []).push(arguments)};f=b.createElement(c);
                        g=b.getElementsByTagName(c)[0];f.async=1;f.src=d+"/cbe/";g.parentNode.insertBefore(f,g);
                        a[e]('create',d,1);
                        a[e]('log','pageview');
                        })(window,document,"script","https://augustana.capturehighered.net","_cbe");
                    </script></head><body class="yui3-skin-sam yui-skin-sam main"><div id="augustana"><img src="https://www.augustana.edu/Images/augustanacollege.gif" alt="Augustana College printing logo" /></div><div id="container"><div id="page"><div id="header" xmlns=""><div id="brandmark_header"><a href="http://www.augustana.edu"><img src="https://www.augustana.edu/prebuilt/style/img/header_brandmark.png" alt="Augustana College" /></a></div><div id="header_search"><form id="cse-search-box" action="https://www.augustana.edu/x55796.xml"><table id="search"><tr><td></td><td><img src="https://www.augustana.edu/prebuilt/style/img/visitapplygive.png" alt="Visit, Apply, Give" usemap="#mapVisitApplyGive" border="0" /><map name="mapVisitApplyGive" id="mapVisitApplyGive"><area shape="rect" coords="0,0,30,12" href="x588.xml" alt="Visit" onclick="_gaq.push(['_trackEvent', 'Header Links', 'click', 'Visit']);" /><area shape="rect" coords="34,0,73,12" href="x3231.xml" alt="Apply" onclick="_gaq.push(['_trackEvent', 'Header Links', 'click', 'Apply']);" /><area shape="rect" coords="78,0,104,12" href="x176.xml" alt="Give" onclick="_gaq.push(['_trackEvent', 'Header Links', 'click', 'Give']);" /></map></td></tr><tr><td><input type="image" src="https://www.augustana.edu/prebuilt/style/img/search.png" alt="Search" /></td><td><input type="hidden" value="014682187846819059666:ea06etul_aq" name="cx" /><input type="hidden" value="FORID:11" name="cof" /><input type="text" id="searchbox" name="q" value="" /></td></tr></table></form></div></div><div id="topnav" xmlns=""><ul><li class="home"><a href="https://www.augustana.edu/x45.xml" title="Home" onclick="_gaq.push(['_trackEvent', 'Main Navigation Links', 'click', 'Home']);"><span>Home</span></a></li><li title="Information" class="Information"><a href="https://www.augustana.edu/general-information" onclick="_gaq.push(['_trackEvent', 'Main Navigation Links', 'click', 'General Information']);"><span>General Information</span></a><div class="menu"><a href="https://www.augustana.edu/general-information/augustana-at-a-glance" title="Augustana at a glance">Augustana at a glance</a><a href="https://www.augustana.edu/general-information/about-the-area" title="About the area">About the area</a><a href="https://www.augustana.edu/general-information/presidents-office/board-of-trustees" title="Board of Trustees">Board of Trustees</a><a href="https://www.augustana.edu/general-information/employment" title="Employment">Employment</a><a href="https://www.augustana.edu/general-information/offices-and-services/employee-information-and-hr" title="Employee Information and HR">Employee Information and HR</a><a href="https://www.augustana.edu/general-information/maps-and-directions" title="Maps and directions">Maps and directions</a><a href="https://www.augustana.edu/general-information/mission-and-history" title="Mission and history">Mission and history</a><a href="https://www.augustana.edu/general-information/offices-and-services" title="Offices and services">Offices and services</a><a href="https://www.augustana.edu/general-information/presidents-office" title="President's Office">President's Office</a></div></li><li title="Admissions" class="admissions"><a href="https://www.augustana.edu/admissions" onclick="_gaq.push(['_trackEvent', 'Main Navigation Links', 'click', 'Admissions']);"><span>Admissions</span></a><div class="menu"><a href="https://www.augustana.edu/admissions/financial-aid" title="Financial Aid">Financial Aid</a><a href="https://www.augustana.edu/academics/core/augie-choice" title="Augie Choice">Augie Choice</a><a href="https://www.augustana.edu/alumni/resources-for-alumni-teachers" title="Resources for alumni teachers">Resources for alumni teachers</a></div></li><li title="Academics" class="academics"><a href="https://www.augustana.edu/academics-home" onclick="_gaq.push(['_trackEvent', 'Main Navigation Links', 'click', 'Academics']);"><span>Academics</span></a><div class="menu"><a href="https://www.augustana.edu/academics/majors--areas-of-study" title="Majors / Areas of Study">Majors / Areas of Study</a><a href="https://www.augustana.edu/academics/academic-affairs" title="Academic Affairs">Academic Affairs</a><a href="https://www.augustana.edu/academics/registrar/academic-calendar" title="Academic Calendar">Academic Calendar</a><a href="https://www.augustana.edu/academics/accreditation" title="Accreditation">Accreditation</a><a href="https://www.augustana.edu/academics/core/advising" title="Advising">Advising</a><a href="https://www.augustana.edu/academics/deans-list" title="Dean's List">Dean's List</a><a href="https://www.augustana.edu/academics/faculty-directory" title="Faculty Directory">Faculty Directory</a><a href="https://www.augustana.edu/academics/academic-affairs/faculty-grants" title="Faculty Grants">Faculty Grants</a><a href="https://www.augustana.edu/academics/academic-affairs/honor-code" title="Honor Code">Honor Code</a><a href="https://www.augustana.edu/x23815.xml" title="Library Home">Library Home</a><a href="https://www.augustana.edu/academics/registrar" title="Registrar">Registrar</a></div></li><li title="Athletics" class="athletics"><a href="https://www.augustana.edu/athletics" onclick="_gaq.push(['_trackEvent', 'Main Navigation Links', 'click', 'Athletics']);"><span>Athletics</span></a></li><li title="Arts" class="arts"><a href="https://www.augustana.edu/arts" onclick="_gaq.push(['_trackEvent', 'Main Navigation Links', 'click', 'Arts']);"><span>Arts</span></a><div class="menu"><a href="https://www.augustana.edu/arts/art-museum" title="Art museum">Art museum</a><a href="https://www.augustana.edu/arts/events-calendar" title="Events Calendar">Events Calendar</a><a href="https://www.augustana.edu/arts/music" title="Music">Music</a><a href="https://www.augustana.edu/arts/tickets" title="Tickets">Tickets</a><a href="https://www.augustana.edu/arts/theatre" title="Theatre">Theatre</a></div></li><li title="Student Life" class="studentLife"><a href="https://www.augustana.edu/student-life" onclick="_gaq.push(['_trackEvent', 'Main Navigation Links', 'click', 'Student Life']);"><span>Student Life</span></a><div class="menu"><a href="https://www.augustana.edu/student-life/office-of-student-life" title="Office of Student Life">Office of Student Life</a><a href="http://www.augustana.edu/x777.xml" title="Student Groups">Student Groups</a><a href="https://www.augustana.edu/student-life/incoming-students" title="Incoming Students">Incoming Students</a><a href="https://www.augustana.edu/student-life/housing" title="Housing">Housing</a><a href="https://www.augustana.edu/student-life/dining" title="Dining">Dining</a><a href="https://www.augustana.edu/academics/core/career-development/student-employment/student-employment-handbook/employment-forms" title="Employment">Employment</a><a href="http://www.augustana.edu/campus/augierec/Index.html" target="_blank" title="Campus Recreation">Campus Recreation</a><a href="https://www.augustana.edu/student-life/international-student-life" title="International Student Life">International Student Life</a><a href="https://www.augustana.edu/student-life/campus-ministries" title="Campus Ministries">Campus Ministries</a><a href="https://www.augustana.edu/student-life/dean-of-students" title="Dean of Students">Dean of Students</a><a href="https://www.augustana.edu/student-life/public-safetypolice" title="Public Safety/Police">Public Safety/Police</a><a href="https://www.augustana.edu/student-life/dean-of-students/virtual-tours" title="Virtual Tours">Virtual Tours</a><a href="http://www.augustana.edu/x60150.xml" title="CORE">CORE</a><a href="https://www.augustana.edu/student-life/blogs" title="Blogs">Blogs</a><a href="https://www.augustana.edu/student-life/multicultural-student-life" title="Multicultural Student Life">Multicultural Student Life</a></div></li><li title="Alumni" class="alumni"><a href="https://www.augustana.edu/alumni-and-friends" onclick="_gaq.push(['_trackEvent', 'Main Navigation Links', 'click', 'Alumni and Friends']);"><span>Alumni and Friends</span></a><div class="menu"></div></li></ul></div><div id="maincontent"><div id="breadcrumb">Jeanie Knigin, March 10, 2011</div><div id="nav"><ul id="leftNav" xmlns=""><li><hr /></li><li><a href="x37402.xml">Shane Claiborne</a></li><li><a href="x37359.xml">Gerald Stern</a></li><li><a href="x36831.xml">Wendy Smooth</a></li><li><a href="x34534.xml">Gary Nabhan</a></li><li><a href="x34238.xml">Sybil Sanchez</a></li><li><a href="x34126.xml">Erin McKean</a></li><li><a href="x33998.xml">Morris Dees</a></li><li class="currentPage"><a href="x33663.xml">Jeanie Knigin, March 10, 2011</a></li><li><a href="x23799.xml">Peter Ochs</a></li><li><a href="x22957.xml">LSFY convocation 2010</a></li><li><a href="x22949.xml">Ann Boaden</a></li><li><a href="x22274.xml">Simon Ortiz</a></li><li><a href="x22116.xml">Art Convo</a></li><li><a href="x22044.xml">Opening Convocation</a></li><li><a href="x22004.xml">Elizabeth Royte</a></li><li><a href="x19732.xml">Schiff &amp; Twemlow</a></li><li><a href="x19622.xml">Peter Feaver</a></li><li><a href="x19724.xml">Daniel Woodrell</a></li><li><a href="x19543.xml">John Granger</a></li><li><a href="x19511.xml">Miriam Labbok</a></li><li><a href="x19299.xml">Tim Wise</a></li><li><a href="x19515.xml">Micah Halpern</a></li><li><a href="x19290.xml">Kathleen Kennedy Townsend</a></li><li><a href="x19278.xml">Immigration Panel</a></li><li><a href="x18432.xml">Peter Kivisto</a></li><li><a href="x18411.xml">Cal DeWitt</a></li><li><a href="x19721.xml">Richard Katrovas</a></li><li><a href="x18333.xml">Michael Shermer</a></li><li><a href="x18187.xml">Thomas Tredway</a></li><li><a href="x18037.xml">Paul Olsen</a></li><li><a href="x18051.xml">AGES Convocation</a></li><li><a href="x18050.xml">Alison Malmon</a></li><li><a href="x18049.xml">Anne Charlotte Harvey</a></li><li><a href="x18048.xml">Josh Swiller</a></li><li><a href="x18047.xml">James Galvin</a></li><li><a href="x18046.xml">Joe Riley</a></li><li><a href="x18045.xml">Tom Lytton</a></li><li><a href="x18044.xml">Rebecca Wee</a></li><li><a href="x18043.xml">Kamran Pasha</a></li><li><a href="x18042.xml">Eleanor Clift</a></li><li><a href="x18041.xml">Adrien Wing</a></li><li><a href="x18040.xml">Jonathan Adelman</a></li><li><a href="x18039.xml">Eva Schloss</a></li><li><a href="x18038.xml">Sister Helen Prejean</a></li></ul><div id="favoriteTopics"><h2>Favorite topics</h2><ul><li xmlns=""><a href="x3231.xml">Apply</a></li><li xmlns=""><a href="x2174.xml">Employment</a></li><li xmlns=""><a href="http://www.augustana.edu/general-information/offices-and-services/bookstore" target="_blank">Bookstore</a></li><li xmlns=""><a href="http://email.augustana.edu/" target="_blank">Webmail Log-In</a></li><li xmlns=""><a href="http://www.augustana.edu/library" target="_blank">Library</a></li><li xmlns=""><a href="http://webadvisor.augustana.edu" target="_blank">Course Registration</a></li><li xmlns=""><a href="http://campus.augustana.edu" target="_blank">CampusNet</a></li></ul></div><ul xmlns=""><li><a href="x33302.xml">A - Z Index</a></li></ul><ul xmlns=""><li><a href="x11818.xml">Events Calendar</a></li></ul><ul xmlns=""><li><a href="x622.xml">Academic Calendar</a></li></ul><ul xmlns=""><li><a href="x197.xml">Contact Us</a></li></ul></div><div id="main-content" xmlns=""><div id="oneColumn"><h1>Jeanie Knigin: A World of Opportunity</h1><div id="videoplayer" style="float: right; padding: 10px;">
                               This video requires <a href="http://www.macromedia.com/go/getflashplayer">Flash Player</a>.
                           </div><p>Jeanie Knigin, senior investment management specialist for Morgan Stanley Smith Barney, discusses the risks and benefits of global investing in this Convocation on March 10, 2011. She looks at developed vs. emerging markets, the currency equation and the benefits of international diversification.</p>
<p>With more than 30 years in the financial services industry, Knigin's educational background includes an economics degree from the College of William &amp; Mary and an MBA in finance and investments from George Washington University. She is a certified financial planner and chartered retirement planning counselor.</p>
<p>Knigin was on campus for several days as a Woodrow Wilson scholar.</p>
<p>&nbsp;</p><br /><script src="prebuilt/mediaplayer/swfobject.js" type="text/javascript"></script><script type="text/javascript">
                            var s1 = new SWFObject("prebuilt/mediaplayer/player.swf","ply","480","290","9","#000000"); s1.addParam("allowfullscreen","true");s1.addParam("wmode","opaque"); s1.addParam("allowscriptaccess","always"); s1.addParam("flashvars","file=../../media/knigin.flv"); s1.write("videoplayer");
                        </script></div><div class="addthis_toolbox addthis_default_style addthis_32x32_style" style="clear: both"><a class="addthis_button_preferred_1"></a><a class="addthis_button_preferred_2"></a><a class="addthis_button_preferred_3"></a><a class="addthis_button_preferred_4"></a><a class="addthis_button_compact"></a></div><script type="text/javascript">var addthis_config = {"data_track_clickback":true};</script><script type="text/javascript" src="https://s7.addthis.com/js/250/addthis_widget.js#username=augustanari"></script></div></div></div></div><div id="footer" xmlns=""><img id="footerimg" src="prebuilt/style/img/footer.png" alt="Augustana College, 639 38th Street, Rock Island, IL 61201" usemap="#footerimgMap" border="0" /><map name="footerimgMap" id="footerimgMap"><area shape="rect" coords="200,3,350,15" href="x1086.xml" alt="Accounting" /><area shape="rect" coords="199,16,349,28" href="x2414.xml" alt="Africana Studies" /><area shape="rect" coords="200,29,350,41" href="x2417.xml" alt="Anthropology" /><area shape="rect" coords="200,42,350,54" href="x2420.xml" alt="Art" /><area shape="rect" coords="200,55,350,67" href="x2424.xml" alt="Art History" /><area shape="rect" coords="200,68,350,80" href="x2427.xml" alt="Asian Studies" /><area shape="rect" coords="200,81,350,93" href="x2433.xml" alt="Biochemistry" /><area shape="rect" coords="200,95,350,107" href="x849.xml" alt="Biology" /><area shape="rect" coords="200,109,350,121" href="x819.xml" alt="Business Administration" /><area shape="rect" coords="200,121,350,133" href="x833.xml" alt="Chemistry" /><area shape="rect" coords="200,134,350,146" href="x2436.xml" alt="Chinese" /><area shape="rect" coords="200,147,350,161" href="x2439.xml" alt="Classics" /><area shape="rect" coords="200,162,350,186" href="x2540.xml" alt="Communication Sciences and Disorders" /><area shape="rect" coords="350,2,500,14" href="x842.xml" alt="Communication Studies" /><area shape="rect" coords="350,16,500,28" href="x2543.xml" alt="Computer Science" /><area shape="rect" coords="350,29,500,41" href="x18161.xml" alt="Creative Writing" /><area shape="rect" coords="350,42,500,54" href="x2548.xml" alt="Economics" /><area shape="rect" coords="350,55,500,67" href="x2549.xml" alt="Elementary Education" /><area shape="rect" coords="350,68,500,80" href="x2550.xml" alt="Engineering" /><area shape="rect" coords="350,81,500,93" href="x17520.xml" alt="Engineering Physics" /><area shape="rect" coords="350,94,500,106" href="x2551.xml" alt="English (Literature)" /><area shape="rect" coords="350,108,498,122" href="x2551.xml" alt="English (Writing)" /><area shape="rect" coords="350,123,499,147" href="x2553.xml" alt="Environmental Management &amp; Forestry" /><area shape="rect" coords="350,148,500,160" href="x2552.xml" alt="Environmental Studies" /><area shape="rect" coords="350,161,500,173" href="x56422.xml" alt="Ethics" /><area shape="rect" coords="350,175,500,187" href="x2554.xml" alt="French" /><area shape="rect" coords="500,2,650,15" href="x2555.xml" alt="Geography" /><area shape="rect" coords="500,16,650,28" href="x2556.xml" alt="Geology" /><area shape="rect" coords="500,29,650,41" href="x2557.xml" alt="German Studies" /><area shape="rect" coords="500,42,650,54" href="x2439.xml" alt="Greek" /><area shape="rect" coords="500,55,650,67" href="x19083.xml" alt="Graphic Design" /><area shape="rect" coords="500,68,650,80" href="x2561.xml" alt="History" /><area shape="rect" coords="500,81,650,93" href="x17521.xml" alt="International Business" /><area shape="rect" coords="500,94,650,106" href="x2564.xml" alt="Japanese" /><area shape="rect" coords="500,106,646,122" href="x2565.xml" alt="Landscape Architecture" /><area shape="rect" coords="500,122,646,134" href="x2439.xml" alt="Latin" /><area shape="rect" coords="500,134,649,159" href="x46053.xml" alt="Library Science and Information" /><area shape="rect" coords="500,161,647,173" href="x837.xml" alt="Mathematics" /><area shape="rect" coords="500,175,650,199" href="x22567.xml" alt="Multimedia Journalism and Mass Communication" /><area shape="rect" coords="650,2,800,14" href="x2570.xml" alt="Music" /><area shape="rect" coords="650,15,800,27" href="x2570.xml" alt="Music Education" /><area shape="rect" coords="650,29,800,41" href="x2570.xml" alt="Music Performance" /><area shape="rect" coords="650,42,801,56" href="x20593.xml" alt="Neuroscience" /><area shape="rect" coords="650,57,800,81" href="x59253.xml" alt="non-profit" /><area shape="rect" coords="650,187,800,199" href="x2571.xml" alt="Pre-Occupational Therapy" /><area shape="rect" coords="649,174,799,186" href="x15369.xml" alt="Pre-Nursing" /><area shape="rect" coords="650,161,800,173" href="x2570.xml" alt="Pre-Music Therapy" /><area shape="rect" coords="650,148,800,160" href="x2568.xml" alt="Pre-Medicine" /><area shape="rect" coords="650,134,800,146" href="x2567.xml" alt="Pre-Law" /><area shape="rect" coords="650,121,800,133" href="x2547.xml" alt="Pre-Dentistry" /><area shape="rect" coords="650,108,800,120" href="x2577.xml" alt="Political Science" /><area shape="rect" coords="650,82,800,94" href="x2574.xml" alt="Philosophy" /><area shape="rect" coords="650,95,800,107" href="x2576.xml" alt="Physics" /><area shape="rect" coords="801,2,951,14" href="x2572.xml" alt="Pre-Optometry" /><area shape="rect" coords="800,15,950,27" href="x2573.xml" alt="Pre-Pharmacy" /><area shape="rect" coords="800,28,950,40" href="x2575.xml" alt="Pre-Physical Therapy" /><area shape="rect" coords="800,41,950,53" href="x56572.xml" alt="Pre-Physician Assistant" /><area shape="rect" coords="800,54,950,66" href="x46054.xml" alt="Pre-Seminary" /><area shape="rect" coords="800,67,950,79" href="x2585.xml" alt="Pre-Veterinary Medicine" /><area shape="rect" coords="800,81,950,93" href="x809.xml" alt="Psychology" /><area shape="rect" coords="800,94,950,106" href="x808.xml" alt="Religion" /><area shape="rect" coords="801,107,951,119" href="x2580.xml" alt="Scandanavian Studies" /><area shape="rect" coords="800,121,950,133" href="x2549.xml" alt="Secondary Education" /><area shape="rect" coords="800,134,950,146" href="x638.xml" alt="Sociology" /><area shape="rect" coords="800,147,962,159" href="x638.xml" alt="Sociology (Social Welfare)" /><area shape="rect" coords="800,160,950,173" href="x2582.xml" alt="Spanish" /><area shape="rect" coords="800,174,950,186" href="x2584.xml" alt="Theatre" /><area shape="rect" coords="801,186,967,200" href="x2586.xml" alt="Women and Gender Studies" /></map></div><!-- DEBUG INFO 
                   
                    Schema: VideoPage
                    thispageid: x33663
                    stylesheet: default.xsl //DEBUG INFO --></body></html>