<html>
<head>
<META http-equiv="Content-Type" content="text/html">
<META NAME="ROBOTS" CONTENT="NOFOLLOW">
<meta content="text/html; charset=iso-8859-1" http-equiv="Content-Type">
<title>Allegany College of Maryland</title><script type="text/javascript">

  var _gaq = _gaq || [];
  _gaq.push(['_setAccount', 'UA-21505106-1']);
  _gaq.push(['_setDomainName', '.allegany.edu']);
  _gaq.push(['_trackPageview']);

  (function() {
    var ga = document.createElement('script'); ga.type = 'text/javascript'; ga.async = true;
    ga.src = ('https:' == document.location.protocol ? 'https://ssl' : 'http://www') + '.google-analytics.com/ga.js';
    var s = document.getElementsByTagName('script')[0]; s.parentNode.insertBefore(ga, s);
  })();

</script></head>
<body onload="window.self.location.replace('http://www.davisvision.com/');">
<h3>Redirecting</h3>
</body>
</html>
