<html><head><base href="http://accounting.smartpros.com/"></base><TITLE>The Amazing World of Derivatives</TITLE><meta http-equiv="Content-Type" content="text/html; CHARSET=ISO-8859-1" /><meta http-equiv="Pragma" content="no-cache" /><meta name="EXPIRES" content="0" /><meta name="Keywords" content="SmartPros, KeepSmart, Pro2Net, AccountingNet, CPE, accounting, accountant, CPA, CMA, CFM, CFP, GAAP, GASB, FASB, GAAS, tax, forms, regulations, IRS, continuing professional education, accounting students, career, AICPA, finance, IMA, CFO, CPA Link, tax, accounting jobs, finance jobs, NASBA, QAS, financial reporting, Sarbanes Oxley, Sarbanes-Oxley, SEC, financial planning, self study, interactive, certified public accountant, CPA exam, Professional Education Center, training, professional training, compliance, audit, corporate finance, management accounting, "></meta><meta name="Description" content="In the world of finance and derivatives, accountants are faced with a bewildering set of securities and amazing set of accounting rules -- and infectious greed. " /><meta name="DC.Summary" content="SmartPros - Professional Resources for Accounting, Finance, HR, Insurance and Law." /><meta name="Sector" content="SmartPros Accounting: Articles, CPE and Career Resources." /><meta name="Vertical" content="" /><meta name="VerticalURL" content="x3725.xml" /><meta name="ContentTitle" content="" /><meta name="ContentType" content="" /><meta name="DC.Title" content="The Amazing World of Derivatives" /><meta name="Date" content="March 2004" /><meta name="Zid" content="51" /><link rel="STYLESHEET" type="text/css" href="prebuilt/universal.css"></link><SCRIPT LANGUAGE="JavaScript"><!-- //>

//window popup function for editors to call in  wysiwyg field.
function popWin(pageName, pageBars, pageWidth, pageHeight)
{
	var newwin = open("",pageName,"toolbar=" + pageBars + ",scrollbars=yes,location=" + pageBars + ",menubar=" + pageBars + ",resizable=yes,status=" + pageBars + ",height=" + pageHeight + ",width=" + pageWidth + ",left=100,top=100"); 
}

//--></SCRIPT><SCRIPT LANGUAGE="JavaScript" src="prebuilt/mmmmenu.js"></SCRIPT><SCRIPT LANGUAGE="JavaScript" src="prebuilt/cookie.js"></SCRIPT><script type="text/javascript"> 
    intMenuCount = 0;

    function writeMenuNumberAndIncrement() 
    {
	    return ++intMenuCount;
    }

    function listVerticals(nodelist) 
    {
	    intListLength = nodelist.length;
	    strResult = "";
	    for ( i = 0; i &lt; intListLength; i++ ) 
	    {
		    strName = nodelist.item(i).attributes.getNamedItem("Name").text;
		    strID = nodelist.item(i).attributes.getNamedItem("PublishAs").text;
		    if (strResult != "")
		    {
			    strResult += " | ";
		    }
		
		    strResult += "&lt;a href='";
		    strResult += strID;
		    strResult += ".xml'&gt;";
		    strResult += strName;
		    strResult += "&lt;/a&gt;";
	    }
	    return strResult;
    }

    function writeMenuNumber() 
    {
	    return intMenuCount;
    }

    function listMenus(nodelist) 
    {
	    intListLength = nodelist.length;
	    strResult = "";
	    for ( i = 0; i &lt; intListLength; i++ ) 
	    {
		    strName = nodelist.item(i).attributes.getNamedItem("Name").text;
		    strID = nodelist.item(i).attributes.getNamedItem("ID").text;
		    if (strResult != "")
		    {
			    strResult += " | ";
		    }
		
		    strResult += "&lt;a class='NavHead' href='";
		    strResult += strID;
		    strResult += ".xml' onMouseOver='menuwrapper("
		    strResult += i + 1;
		    strResult += ")' onMouseOut='unlockmenus()'&gt;&lt;font color='#000000'&gt;";
		    strResult += strName;
		    strResult += "&lt;/font&gt;&lt;/a&gt;";
	    }
	    return strResult;
    }
   </script><script>
  (function(i,s,o,g,r,a,m){i['GoogleAnalyticsObject']=r;i[r]=i[r]||function(){
  (i[r].q=i[r].q||[]).push(arguments)},i[r].l=1*new Date();a=s.createElement(o),
  m=s.getElementsByTagName(o)[0];a.async=1;a.src=g;m.parentNode.insertBefore(a,m)
  })(window,document,'script','//www.google-analytics.com/analytics.js','ga');
  ga('create', 'UA-42736563-2', 'auto');
  ga('send', 'pageview');
</script></head><body link="#339900" vlink="#666666" marginheight="0" marginwidth="0" leftmargin="0" rightmargin="0" topmargin="0" bgcolor="#ffffff"><table cellpadding="0" cellspacing="0" border="0" width="100%" height="80"><tr><td align="center" bgcolor="#000000" valign="center" width="120"><a href="http://accounting.smartpros.com/"><img src="images/p2nblack.gif" width="120" height="60" border="0" /></a></td><td align="center" bgcolor="#000000" valign="center"><SCRIPT LANGUAGE="JavaScript"><!-- 
var zid = "51";
var bust = Math.floor(89999999*Math.random()+10000000);
var millis = new Date().getTime();
document.writeln("<A TARGET='_blank' HREF='http://adverts.smartpros.com/advertpro/servlet/click/zone?zid=" + zid + "&pid=0&lookup=true&random="+bust+"&millis="+millis+"'>");

document.writeln("<IMG SRC='http://adverts.smartpros.com/advertpro/servlet/view/banner/image/zone?zid=" + zid + "&pid=0&random="+bust+"&millis="+millis+"' BORDER=0 VSPACE=4>");
document.writeln("</A>");


//--></SCRIPT></td></tr></table><br /><FORM name="header"><TABLE border="0" cellspacing="0" cellpadding="0" align="center" width="738"><TR><TD align="center"><TABLE width="718" border="0" height="61" cellpadding="0" cellspacing="0"><tr><td align="left" /></tr><TR valign="top"><TD><SCRIPT language="JavaScript"> 
			function remove_amps(f){
				var temp=new RegExp(unescape("%26"),"g");
				f.qt.value = f.qt.value.replace(temp, "");
				return true;
			}
		 </SCRIPT><TABLE width="718" border="0" cellpadding="0" cellspacing="0"><TR valign="middle"><form><TD class="DuctTape" height="30" align="left" width="322" background="images/newback1a.gif"><table border="0" cellpadding="0" cellspacing="0"><tr><td><IMG src="images/clear1x1.gif" width="5" height="8" /><span class="TopNavWhite">Choose an area of interest:<img src="images/clear1x1.gif" width="12" height="1" /></span></td><td id="idCategoriesDropDown"><SELECT id="idCategoriesDropDown" name="category" onChange="window.location.href=this.form.category.options[this.form.category.selectedIndex].value+'.xml';"><option value="">choose</option><option Value="">Accounting</option><option Value="accountingandauditing">A &amp; A</option><option Value="management">Corporate Finance</option><option Value="ethicsandcompliance">Ethics &amp; Compliance</option><option Value="fp">Financial Planning</option><option Value="hrhome">HR &amp; Training</option><option Value="internationalaccounting">International</option><option Value="legalhome">Legal</option><option Value="accountingstudents">Students</option><option Value="tax">Tax</option><option Value="is">Tech</option></SELECT></td></tr></table></TD></form><form action="http://google.smartpros.com/search" method="get" onSubmit="return remove_amps(this);"><TD height="30" width="396" background="images/newback1b.gif" align="right"><table width="99%" cellpadding="0" cellspacing="0" border="0"><tr><td class="TopNavWhite" align="right">
                Search 
                <span id="idSearchEditBox"><INPUT id="idSearchEditBox" type="text" name="q" size="10" style="z-index: 1" /></span><INPUT type="hidden" name="btnG" value="Search" /><INPUT type="hidden" name="client" value="accountingdotsmartpros_frontend" /><INPUT type="hidden" name="output" value="xml_no_dtd" /><INPUT type="hidden" name="proxystylesheet" value="accountingdotsmartpros_frontend" /><INPUT type="hidden" name="site" value="AccountingDotSmartpros" /><INPUT type="hidden" name="image.x" value="0" /><INPUT type="hidden" name="image.y" value="0" /><img src="images/clear1x1.gif" width="3" height="1" /><INPUT type="image" border="0" src="images/newgo.gif" width="26" height="24" hspace="2" name="image" align="absmiddle" /></td></tr></table></TD></form></TR><TR><TD height="27" width="718" colspan="2" background="images/newback1c.gif"><DIV align="center"><span class="NavHeader"><a class="NavHead" href="Home.xml" onmouseover="menuwrapper(2)" onmouseout="unlockmenus()"><font color="#000000">Home</font></a> | <a class="NavHead" href="Member-Services.xml" onmouseover="menuwrapper(2)" onmouseout="unlockmenus()"><font color="#000000">Member Services</font></a> | <a class="NavHead" href="News.xml" onmouseover="menuwrapper(2)" onmouseout="unlockmenus()"><font color="#000000">News</font></a> | <a class="NavHead" href="Resource-Library.xml" onmouseover="menuwrapper(2)" onmouseout="unlockmenus()"><font color="#000000">Resource Library</font></a> | <a class="NavHead" href="Career-Center.xml" onmouseover="menuwrapper(2)" onmouseout="unlockmenus()"><font color="#000000">Career Center</font></a> | <a class="NavHead" href="Professional-Education.xml" onmouseover="menuwrapper(2)" onmouseout="unlockmenus()"><font color="#000000">Professional Education</font></a> | <a class="NavHead" href="Marketplace.xml" onmouseover="menuwrapper(2)" onmouseout="unlockmenus()"><font color="#000000">Marketplace</font></a> | <a class="NavHead" href="Investor-Relations.xml" onmouseover="menuwrapper(2)" onmouseout="unlockmenus()"><font color="#000000">Investor Relations</font></a></span></DIV></TD></TR></TABLE></TD></TR></TABLE></TD></TR></TABLE><br /></FORM><div id="&#xA;      Submenu1" style="position: absolute; visibility: hidden; left: 0px; top:150px; z-index: 2"><table cellpadding="0" cellspacing="0" border="0" id="&#xA;        Submenu1Table&#xA;      "><tr><td bgcolor="#666666" /></tr></table></div><div id="&#xA;      Submenu2" style="position: absolute; visibility: hidden; left: 0px; top:150px; z-index: 2"><table cellpadding="0" cellspacing="0" border="0" id="&#xA;        Submenu2Table&#xA;      "><tr><td bgcolor="#666666"><table cellpadding="4" cellspacing="1" border="0"><tr><td bgcolor="#99CC99"><nobr><a class="NavMenu" href="Member-Services/Member-Sign-Up.xml">Member Sign Up</a></nobr><br /><nobr><a class="NavMenu" href="Member-Services/Member-Log-On.xml">Member Log On</a></nobr><br /><nobr><a class="NavMenu" href="Member-Services/Privacy-Policy.xml">Privacy Policy</a></nobr><br /><nobr><a class="NavMenu" href="Member-Services/Edit-Member-Profile.xml">Edit Member Profile</a></nobr><br /><nobr><a class="NavMenu" href="Member-Services/Newsletters.xml">Newsletters</a></nobr><br /><nobr><a class="NavMenu" href="Member-Services/Editorial-Inquiries.xml">Editorial Inquiries</a></nobr><br /><nobr><a class="NavMenu" href="Member-Services/Reader-Profile.xml">Reader Profile</a></nobr><br /><nobr><a class="NavMenu" href="Member-Services/About-Us.xml">About Us</a></nobr><br /><nobr><a class="NavMenu" href="Member-Services/Contact-Us.xml">Contact Us</a></nobr><br /><nobr><a class="NavMenu" href="Member-Services/Advertise.xml">Advertise</a></nobr><br /></td></tr></table></td></tr></table></div><div id="&#xA;      Submenu3" style="position: absolute; visibility: hidden; left: 0px; top:150px; z-index: 2"><table cellpadding="0" cellspacing="0" border="0" id="&#xA;        Submenu3Table&#xA;      "><tr><td bgcolor="#666666"><table cellpadding="4" cellspacing="1" border="0"><tr><td bgcolor="#99CC99"><nobr><a class="NavMenu" href="News/Newsline.xml">Newsline</a></nobr><br /><nobr><a class="NavMenu" href="News/Columnists-and-Columns.xml">Columnists &amp; Columns</a></nobr><br /><nobr><a class="NavMenu" href="News/Newsletters.xml">Newsletters</a></nobr><br /></td></tr></table></td></tr></table></div><div id="&#xA;      Submenu4" style="position: absolute; visibility: hidden; left: 0px; top:150px; z-index: 2"><table cellpadding="0" cellspacing="0" border="0" id="&#xA;        Submenu4Table&#xA;      "><tr><td bgcolor="#666666"><table cellpadding="4" cellspacing="1" border="0"><tr><td bgcolor="#99CC99"><nobr><a class="NavMenu" href="Resource-Library/ResourcesTools.xml">Resources/Tools</a></nobr><br /><nobr><a class="NavMenu" href="Resource-Library/Associations-Societies-and-Firms.xml">Associations, Societies &amp; Firms</a></nobr><br /><nobr><a class="NavMenu" href="Resource-Library/Federal-and-State-Link-Library.xml">Federal and State Link Library</a></nobr><br /><nobr><a class="NavMenu" href="Resource-Library/Newsletters-and-Journals.xml">Newsletters &amp; Journals</a></nobr><br /><nobr><a class="NavMenu" href="Resource-Library/CPA-Exam-Study-Guides.xml">CPA Exam Study Guides</a></nobr><br /><nobr><a class="NavMenu" href="Resource-Library/Glossary-of-Terms.xml">Glossary of Terms</a></nobr><br /></td></tr></table></td></tr></table></div><div id="&#xA;      Submenu5" style="position: absolute; visibility: hidden; left: 0px; top:150px; z-index: 2"><table cellpadding="0" cellspacing="0" border="0" id="&#xA;        Submenu5Table&#xA;      "><tr><td bgcolor="#666666"><table cellpadding="4" cellspacing="1" border="0"><tr><td bgcolor="#99CC99"><nobr><a class="NavMenu" href="Career-Center/Search-Jobs.xml">Search Jobs</a></nobr><br /><nobr><a class="NavMenu" href="Career-Center/Post-Resume.xml">Post Resume</a></nobr><br /><nobr><a class="NavMenu" href="Career-Center/Post-JobsSearch-Resumes.xml">Post Jobs/Search Resumes</a></nobr><br /><nobr><a class="NavMenu" href="Career-Center/Career-Resources.xml">Career Resources</a></nobr><br /><nobr><a class="NavMenu" href="Career-Center/Professional-Designations.xml">Professional Designations</a></nobr><br /><nobr><a class="NavMenu" href="Career-Center/Internships.xml">Internships</a></nobr><br /><nobr><a class="NavMenu" href="Career-Center/Colleges-and-Universities.xml">Colleges &amp; Universities</a></nobr><br /></td></tr></table></td></tr></table></div><div id="&#xA;      Submenu6" style="position: absolute; visibility: hidden; left: 0px; top:150px; z-index: 2"><table cellpadding="0" cellspacing="0" border="0" id="&#xA;        Submenu6Table&#xA;      "><tr><td bgcolor="#666666"><table cellpadding="4" cellspacing="1" border="0"><tr><td bgcolor="#99CC99"><nobr><a class="NavMenu" href="Professional-Education/Login-to-Professional-Education-Center.xml">Login to Professional Education Center</a></nobr><br /><nobr><a class="NavMenu" href="Professional-Education/Login-to-FMN-Online.xml">Login to FMN Online</a></nobr><br /><nobr><a class="NavMenu" href="Professional-Education/Login-to-CPA-Report-Online.xml">Login to CPA Report Online</a></nobr><br /><nobr><a class="NavMenu" href="Professional-Education/Login-to-FMN-Self-Study-PEC.xml">Login to FMN Self-Study PEC</a></nobr><br /><nobr><a class="NavMenu" href="Professional-Education/Login-to-CPA-Report-Self-Study-PEC.xml">Login to CPA Report Self-Study PEC</a></nobr><br /><nobr><a class="NavMenu" href="Professional-Education/FMN-Video-Subscriber-Center.xml">FMN Video Subscriber Center</a></nobr><br /><nobr><a class="NavMenu" href="Professional-Education/CPA-Report-Video-Subscriber-Center.xml">CPA Report Video Subscriber Center</a></nobr><br /><nobr><a class="NavMenu" href="Professional-Education/Accounting-and-Finance-CPE-Programs.xml">Accounting &amp; Finance CPE Programs</a></nobr><br /><nobr><a class="NavMenu" href="Professional-Education/Corporate-Training.xml">Corporate Training</a></nobr><br /><nobr><a class="NavMenu" href="Professional-Education/Ethics-and-Compliance.xml">Ethics &amp; Compliance</a></nobr><br /><nobr><a class="NavMenu" href="Professional-Education/Association-Reseller-Program.xml">Association Reseller Program</a></nobr><br /><nobr><a class="NavMenu" href="Professional-Education/e-Learning-Consulting.xml">e-Learning Consulting</a></nobr><br /><nobr><a class="NavMenu" href="Professional-Education/Engineering-Education-Programs.xml">Engineering Education Programs</a></nobr><br /></td></tr></table></td></tr></table></div><div id="&#xA;      Submenu7" style="position: absolute; visibility: hidden; left: 0px; top:150px; z-index: 2"><table cellpadding="0" cellspacing="0" border="0" id="&#xA;        Submenu7Table&#xA;      "><tr><td bgcolor="#666666"><table cellpadding="4" cellspacing="1" border="0"><tr><td bgcolor="#99CC99"><nobr><a class="NavMenu" href="Marketplace/Professional-Education-Center.xml">Professional Education Center</a></nobr><br /></td></tr></table></td></tr></table></div><div id="&#xA;      Submenu8" style="position: absolute; visibility: hidden; left: 0px; top:150px; z-index: 2"><table cellpadding="0" cellspacing="0" border="0" id="&#xA;        Submenu8Table&#xA;      "><tr><td bgcolor="#666666" /></tr></table></div><script language="JavaScript"><!-- 
alignMenus();//initialize correct menu location

//--></script><table cellspacing="0" cellpadding="0" border="0" width="738" id="mainTable" align="center"><tr><td><img src="images/clear1x1.gif" width="20" height="1" alt="" border="0" /></td><td valign="top"><TABLE width="100%" border="0" cellspacing="0" cellpadding="0"><TR><TD align="left"><table cellspacing="0" cellpadding="0" border="0"><tr><td><img src="images/arrow.gif" width="12" height="12" /></td><td><span class="ChooseInterest">Choose an area of interest:</span></td></tr></table><span class="ChooseInterest"><a href="accountinghome">Accounting</a> | <a href="accountingandauditing">A &amp; A</a> | <a href="management">Corporate Finance</a> | <a href="ethicsandcompliance">Ethics &amp; Compliance</a> | <a href="fp">Financial Planning</a> | <a href="hrhome">HR &amp; Training</a> | <a href="internationalaccounting">International</a> | <a href="legalhome">Legal</a> | <a href="accountingstudents">Students</a> | <a href="Tax.xml">Tax</a> | <a href="is">Tech</a></span></TD></TR></TABLE><P /><table><tr><td><IMG hspace="5" SRC="images/Ketz_160x120.jpg" /></td><td valign="top"><span class="Kicker">The Accounting Cycle</span><BR /><span class="Headline">The Amazing World of Derivatives</span><BR /><span class="SubTitle"></span><BR /><BR /></td></tr></table><span class="ArticleBrief"><p />March 2004<script language="JavaScript"><!-- 
	(navigator.appName == "Netscape")? document.write("- -") : document.write("&mdash;");
	
	//--></script>Thinking about the world of structured finance and derivatives, I not only face a bewildering and complex set of securities, but also I must cope with an amazing set of accounting rules. As William Shakespeare would have said had he been an investor in recent times, "A derivative by any other name still reeks."</span><hr noshade="noshade" size="1" width="100%" color="#000000" /><span class="body"><BR /><P>I recently finished reading <EM>Infectious Greed </EM>by Frank Partnoy and heartily recommend it. The author provides a detailed look at the greed of investment bankers, who could easily suck in corporate managers because they too possessed greedy hearts. They too could lock in auditors and lawyers and investors, for everybody seemed to chase the American dream that more is good.</P>
<P>I particularly liked&nbsp;section one of the book, labeled "Infection," in which Partnoy lays out various strategies by different investment bankers to bring in more revenue. These new strategies generally focus on the creation of new financial instruments that the firms could sell to their clients. By pairing investors and issuers, the investment banker could pocket the fees for creating the instrument and crafting the marriage. Unfortunately, these new instruments moved corporate America closer and closer to financial implosion.</P>
<P>I find it remarkable that investment bankers thought so little of their customers that they willingly and merrily created instruments for their own benefit. Instead of worrying about the welfare of the issuers or the investors, they manufactured securities that created fees for themselves. Forget the mantra of serving one customer at a time or any other line designed for commercial consumption; the investment bankers were in business for themselves.</P>
<P>Even more incredible is the fact that few participants really understood the nature and the economics of these new creations. And I'm not talking about na&#239;ve investors; I have in mind the so-called professionals to whom investment bankers were pitching these derivatives. Afraid to say no and appear less than chic, finance executives said yes to these pitches by investment bankers. Apparently, however, the finance executives were incapable of valuing these derivatives, so they relied on the representations of investment bankers. When these assertions proved to be exaggerations or worse, well, those were the clients' problems!</P>
<P>I also found it sad but interesting how a number of corporations apparently had rogue traders who agreed to some of these deals. These traders had relatively free rein to engage in whatever transactions they wished. In other words, the business enterprise had very poor internal controls for protecting the assets of the organization.</P>
<P>In addition, many managers that make use of derivatives claim that they hedge some particular activity. I have come to the realization that these assertions of hedging are greatly overstated. Derivatives instead seem to be the corporate way of playing the lottery.</P>
<P>And where were the directors? It seems that they were too busy golfing. Sometimes managers would bring the proposals to the board of directors. The directors did not study and did not understand these new fangled products, but rather than standing in the way, they voted acceptance of these ideas. In other cases, managers did not share their plans with the board, and the board did not bother to investigate. Either way, managers could do pretty much what they wanted with respect to structured finance and derivatives.</P>
<P>At the same time Congress chose not to impose much in the way of regulation. Of course, when the wife of a prominent senator from Texas leads the way to avoid legislation, Congress becomes tainted. Again.</P>
<P>The SEC didn't do much either. Frequently it ignored the potential problems of derivatives and forgot that its mission is to be the investor's advocate. The few times in which the SEC got involved, the agency came to an agreement with the miscreants and imposed a small fine. Mere chicken feed, given the money involved in derivatives.</P>
<P>The risk to shareholders is immense in this setting of "infectious greed" and impotent regulation and enforcement. Because investment bankers and corporations are trying to line their own pockets, the adage of buyer beware could not be more apt.</P>
<P>My bottom line is this advice to investors: Look at the firm's 10-K and examine the extent to which it employs derivatives. If the corporation engages derivatives to a large extent, sell your stocks and start looking for another company in which to invest. If you find a firm that does not use them or uses them only modestly, you can consider investing in the company. If you do, save the 10-K. If later you learn that the company has lost a lot of money in derivatives activities that they did not disclose, then find a good litigation attorney. It will be your only recourse.</P>
<P>J. EDWARD KETZ is the MBA Faculty Director at the Smeal College of Business at The Pennsylvania State University. Dr. Ketz's teaching and research interests focus on financial accounting, accounting information systems, and accounting ethics. He is the author of <A href="http://service.bfast.com/bfast/click?bfmid=37920629&amp;siteid=39282488&amp;bfpid=0471433764&amp;bfmtype=wiley" target=_blank><STRONG>Hidden Financial Risk</STRONG></A>, which explores the causes of recent accounting scandals, and columnist of <A href="/x28479.xml"" DESIGNTIMEURL="x28479.xml"><STRONG>The Accounting&nbsp;Cycle</STRONG></A>.</P></span><p /><span class="ArticleCopyright"><script language="JavaScript"><!-- 
		document.write("&copy;");
		
		//--></script>2004 SmartPros Ltd. All Rights Reserved.</span><p /><span class="ArticleDisclaimer">Editorial content does not represent the opinions or beliefs of SmartPros Ltd.</span><p /></td><td><img src="images/clear1x1.gif" width="8" height="1" alt="" border="0" /></td><td valign="top" align="right"><table cellspacing="0" cellpadding="0" border="0" bgcolor="white"><tr><td colspan="2"><img src="images/related_topcorner.gif" width="27" height="23" alt="" border="0" /></td><td width="169" background="images/related_topbar.gif" valign="bottom"><span class="Related"><b>Related Stories</b></span></td></tr><tr><td width="11" rowspan="50" background="images/related_sidebar.gif"> </td><td width="185" colspan="2" bgcolor="#666666"><img src="images/related_greypixel.gif" width="185" height="1" alt="" border="0" /></td></tr><tr><td width="16" background="images/related_sidespace.gif"> </td><td width="169" background="images/related_stripe.gif"><img src="images/clear1x1.gif" width="1" height="4" alt="" border="0" /><br /><span class="Sidebar"><a class="sidebar" href="x38366.xml">Myths About Ethics </a><br /><img src="images/clear1x1.gif" width="1" height="6" /><br /><a class="sidebar" href="x40922.xml">A Forum for Shareholders</a><br /><img src="images/clear1x1.gif" width="1" height="6" /><br /><a class="sidebar" href="x40464.xml">Eschewing Remarks by Rep. Eshoo</a><br /><img src="images/clear1x1.gif" width="1" height="6" /><br /><a class="sidebar" href="x38420.xml">Here They Go Again!</a><br /><img src="images/clear1x1.gif" width="1" height="6" /><br /></span></td></tr><tr><td width="185" colspan="2" bgcolor="#666666"><img src="images/related_greypixel.gif" width="185" height="1" alt="" border="0" /></td></tr><tr><td width="16"> </td><td width="169"><span class="Related"><b>Also By This Author</b></span></td></tr><tr><td width="185" colspan="2" bgcolor="#666666"><img src="images/related_greypixel.gif" width="185" height="1" alt="" border="0" /></td></tr><tr><td width="16" background="images/related_sidespace.gif"> </td><td width="169" background="images/related_stripe.gif"><img src="images/clear1x1.gif" width="1" height="4" alt="" border="0" /><br /><span class="Sidebar"><a class="sidebar" href="x39841.xml">Principles-Based Accounting: Wishing Doesn't Make It So</a><br /><img src="images/clear1x1.gif" width="1" height="6" /><br /><a class="sidebar" href="x38832.xml">Malversation</a><br /><img src="images/clear1x1.gif" width="1" height="6" /><br /><a class="sidebar" href="x41075.xml">Arnold and Accounting: Comedy or Tragedy?</a><br /><img src="images/clear1x1.gif" width="1" height="6" /><br /></span></td></tr><tr><td width="185" colspan="2" bgcolor="#666666"><img src="images/related_greypixel.gif" width="185" height="1" alt="" border="0" /></td></tr><tr><td width="185" colspan="2" bgcolor="#666666"><img src="images/related_greypixel.gif" width="185" height="1" alt="" border="0" /></td></tr><tr><td width="16"> </td><td width="169"><span class="Related">Related Courses</span></td></tr><tr><td colspan="2" bgcolor="#666666"><img src="images/related_greypixel.gif" width="185" height="1" alt="" border="0" /></td></tr><tr><td width="16" background="images/related_sidespace.gif"> </td><td width="169" background="images/related_stripe.gif"><img src="images/clear1x1.gif" width="1" height="4" alt="" border="0" /><br /><span class="Sidebar"></span></td></tr><tr><td width="185" colspan="2" bgcolor="#666666"><img src="images/related_greypixel.gif" width="185" height="1" alt="" border="0" /></td></tr><tr><td colspan="2" align="center"><SCRIPT LANGUAGE="JavaScript"><!-- 
var zid = "53";
var bust = Math.floor(89999999*Math.random()+10000000);
var millis = new Date().getTime();
document.writeln("<A TARGET='_blank' HREF='http://adverts.smartpros.com/advertpro/servlet/click/zone?zid=" + zid + "&pid=0&lookup=true&random="+bust+"&millis="+millis+"'>");

document.writeln("<IMG SRC='http://adverts.smartpros.com/advertpro/servlet/view/banner/image/zone?zid=" + zid + "&pid=0&random="+bust+"&millis="+millis+"' width=180 height=150 BORDER=0 VSPACE=4>");
document.writeln("</A>");


//--></SCRIPT></td></tr></table><table cellspacing="0" cellpadding="0" border="0"><tr><td><img src="images/related_bottomcorner.gif" width="27" height="21" alt="" border="0" /></td><td><img src="images/related_bottombar.gif" width="169" height="21" alt="" border="0" /></td></tr><tr><td valign="top" align="center" colspan="2"><p><script type="text/javascript">
		google_ad_client = "pub-4588295781481793";
		google_alternate_color = "F0F0F0";
		google_ad_width = 120;
		google_ad_height = 600;
		google_ad_format = "120x600_as_new";
		google_ad_channel ="9622748012";
		google_ad_type = "text_image";
		google_color_border = "666666";
		google_color_bg = "F0F0F0";
		google_color_link = "339900";
		google_color_url = "339900";
		google_color_text = "000000";
	</script><script type="text/javascript" src="http://pagead2.googlesyndication.com/pagead/show_ads.js"></script></p></td></tr></table><br /><script language="JavaScript" type="text/javascript"><!-- //>
	function emailvalid(email) {
			var invalidChars = " /:,;";
			var errors = false;
			var badChar
			var atPos
			var periodPos
			
			if (email == "") {						// cannot be empty
				errors = true;
			}
			for (i=0; i<invalidChars.length; i++) {	// invalid characters sweep
				badChar = invalidChars.charAt(i);
				if (email.indexOf(badChar,0) > -1) {
					errors = true;
				}
			}
			atPos = email.indexOf("@",1);			// one "@" symbol
			if (atPos == -1) {
				errors = true;
			}
			if (email.indexOf("@",atPos+1) != -1) {	// and only one "@"
				errors = true;
			}
			periodPos = email.indexOf(".",atPos);
			if (periodPos == -1) {					// at least one "." after the "@"
				errors = true;
			}
			if (periodPos+3 > email.length)	{		// at least 2 characters after the "."
				errors = true;
			}
			if (errors == true) {
			alert ("The Email address you supplied is invalid. A valid e-mail address must contain an '@' symbol and have a period. e.g.: info@smartpros.com " );
			return false;
			}
			else {	
			return true;
			}
		}

	//--></script></td></tr><tr><td colspan="4" bgcolor="#339900"><img src="images/clear1x1.gif" width="1" height="1" alt="" border="0" /></td></tr><tr><td> </td><td><br /><CENTER><TABLE width="482" border="0" cellspacing="0" cellpadding="0"><FORM name="ratingform" onSubmit="return validateRating(this);" method="post" action="/Standard/Tools/RateArticle/response.asp"><script language="JavaScript" type="text/javascript"><!-- 

function validateRating(inputform)
{
	var i;                                                 
	var errors = false;
	var isChecked = false;
	for (i = 0; i < inputform.radiobutton.length; i++){                             
		if (inputform.radiobutton[i].checked){
			isChecked = true;
		}
	} 
	if (! isChecked){
	    alert (" Oops! You forgot to select a rating here.  Please try again. ");
		return false;
	}
	
	if (inputform.comments.value.length > 500){
		alert("Maximum characters allowed is 500.");
		return false;
		}
return true;
}


//--></script><TR valign="top"><TD width="30" rowspan="5"><IMG src="images/recommend-left.gif" width="30" height="142" /></TD><TD height="4" colspan="2"><IMG src="images/recommend-top.gif" width="422" height="4" /></TD><TD width="30" rowspan="5"><IMG src="images/recommend-right.gif" width="30" height="142" /></TD></TR><TR><TD colspan="2" height="19" bgcolor="#FFFFFF"><SPAN class="RateTitle"><B>Would you recommend this article?</B></SPAN></TD></TR><TR><TD height="1" bgcolor="#666666" colspan="2"><IMG src="images/clear1x1.gif" width="1" height="1" /></TD></TR><TR><TD height="114" bgcolor="#FFFFFF" valign="middle" colspan="2"><TABLE width="422" border="0" cellspacing="0" cellpadding="0" height="114"><TR><TD width="132"><span class="RateRadio"><INPUT type="radio" name="radiobutton" value="5" /> 5 <span class="RateFeeling">(yes, highly)</span><BR /><INPUT type="radio" name="radiobutton" value="4" /> 4<BR /><INPUT type="radio" name="radiobutton" value="3" /> 3<BR /><INPUT type="radio" name="radiobutton" value="2" /> 2<BR /><INPUT type="radio" name="radiobutton" value="1" /> 1 <span class="RateFeeling">(no, not at all)</span></span></TD><TD width="1" bgcolor="#666666"><IMG src="images/clear1x1.gif" width="1" height="1" /></TD><TD background="images/related_stripe.gif" width="20"><IMG src="images/clear1x1.gif" width="20" height="20" /></TD><TD background="images/related_stripe.gif" width="269"><span class="RateComment">Comments:</span><TEXTAREA name="comments" wrap="PHYSICAL" cols="30" rows="3"></TEXTAREA><BR /><IMG src="images/clear1x1.gif" width="3" height="3" /><BR /><center><INPUT type="submit" name="Submit" value="Submit" /></center><input type="hidden" name="title" value="The Amazing World of Derivatives" /><input type="hidden" name="sector" value="SmartPros Accounting: Articles, CPE and Career Resources." /></TD></TR></TABLE></TD></TR><TR><TD height="4" colspan="2"><IMG src="images/recommend-bottom.gif" width="422" height="4" /></TD></TR></FORM></TABLE></CENTER><br /></td><td colspan="2"> </td></tr><tr><td colspan="4" bgcolor="#339900"><img src="images/clear1x1.gif" width="1" height="4" alt="" border="0" /></td></tr></table><SCRIPT LANGUAGE="JavaScript"><!-- //>
	var left_pos = (screen.availWidth-810), top_pos = (screen.availHeight-600)/2;   
	function resizeWin(PageSource)
	{
		newWin = open("",PageSource,"scrollbars=yes,resizable=yes,status=yes,height=600,width=800,top=" + top_pos + ",left=" + left_pos); 
		newWin.focus();
	}
	
	//--></SCRIPT><div align="center"><font size="1"> <br /><a class="Footer" href="http://corporate.smartpros.com"><b>About SmartPros</b></a> | 
<a class="Footer" href="http://corporate.smartpros.com/accounting/accounting.html"><b>Accounting Products</b></a> | 
<a class="Footer" href="http://corporate.smartpros.com/education/education.html"><b>Professional Education</b></a> | 
<a class="Footer" href="http://corporate.smartpros.com/marketing/marketing.html"><b>Marketing Services</b></a> | 
<a class="Footer" href="http://www.smartprosinteractive.com" target="_blank"><b>Consulting</b></a> | 
<a class="Footer" href="http://corporate.smartpros.com/engineering/engineering.html"><b>Engineering Products</b></a> | <a class="Footer" href="http://www.pereviewcourse.com" target="_blank" title="Professional Engineering Review Course">PE Review Course</a> |  
<a class="Footer" href="http://corporate.smartpros.com/contact/contact.html"><b>Contact Us</b></a><br /></font><a class="Copyright"></a><span class="FooterText">
Copyright 
<script language="JavaScript"><!-- 
document.write("&copy;");

//--></script> 
2015 Kaplan, Inc. | All rights reserved.</span><br /></div><br /></body></html>