           


<!DOCTYPE html>
<!--[if IE 7]>         <html class="no-js ie7 lt-ie9 lt-ie8" xmlns:og="http://ogp.me/ns#" xmlns:fb="https://www.facebook.com/2008/fbml"> <![endif]-->
<!--[if IE 8]>         <html class="no-js ie8 lt-ie9" xmlns:og="http://ogp.me/ns#" xmlns:fb="https://www.facebook.com/2008/fbml"> <![endif]-->
<!--[if gt IE 8]><!--> <html class="no-js" xmlns:og="http://ogp.me/ns#" xmlns:fb="https://www.facebook.com/2008/fbml"> <!--<![endif]-->
    <head>
        <meta charset="utf-8" />
        <meta http-equiv="X-UA-Compatible" content="IE=edge,chrome=1" />
        <title>Champlain College students and graduates around the world : Champlain College</title>
        <meta name="description" content="" />




    <meta name="robots" content="index, follow" />







        <link rel="shortcut icon" href="/assets/prebuilt/img/favicon.png" type="image/x-icon" />

        <link href='http://fonts.googleapis.com/css?family=Lato:400,700' rel='stylesheet' type='text/css' />

        <link rel="profile" href="http://microformats.org/profile/hcard" />

        <link rel="stylesheet" href="/assets/prebuilt/css/normalize.css?v=1478204364" />
        <link rel="stylesheet" href="/assets/prebuilt/css/snazy.css?v=1478204364" />

        <link rel="stylesheet" href="/assets/prebuilt/css/snazy_print.css?v=1478204364" media="print" />

        


    <link rel="stylesheet" href="/assets/prebuilt/css/snazy_gallery.css?v=2" />
    <link rel="stylesheet" href="/assets/prebuilt/css/snazy_location.css?v=2" />

     

        <meta property="og:title" content="Champlain College students and graduates around the world" />
        <meta property="og:type" content="article" />
        <meta property="og:url" content="http://www.champlain.edu/x6210.xml" />
        <meta property="og:image" content="/assets/images/" />
        <meta property="og:site_name" content="Champlain College Incorporated" />
        <meta property="og:description" content="" />  

        <script type="text/javascript" src="//platform.twitter.com/widgets.js"></script>

        <script src="/assets/prebuilt/js/vendor/modernizr-2.6.2.min.js?v=1482181416"></script>

        <script src="//ajax.googleapis.com/ajax/libs/jquery/1.8.1/jquery.min.js"></script>

        
    </head>
    <body>
        <!--[if lt IE 8]>
            <p class="chromeframe">You are using an outdated browser. <a href="http://browsehappy.com/">Upgrade your browser today</a> or <a href="http://www.google.com/chromeframe/?redirect=true">install Google Chrome Frame</a> to better experience this site.</p>
        <![endif]-->  
        
        <!--googleoff: all-->     

        <div class="snazy_overlay">
            <div class="snazy_main">
            
                <div class="snazy_header">       
                    <a class="snazy_title ir" href="/">Champlain College</a>
                    <div class="printonly"><img src="/assets/prebuilt/img/print_header.png" alt="Champlain" /></div>
                    <span class="snazy_social" id="snazy-social">
                        <a class="ir facebook" data-url="http%3a%2f%2fwww.champlain.edu%2fx6210.xml" data-text="Champlain+College+students+and+graduates+around+the+world" href="https://www.facebook.com/sharer.php?u=http%3a%2f%2fwww.champlain.edu%2fx6210.xml&amp;t=Champlain+College+students+and+graduates+around+the+world" onclick="javascript:window.open(this.href, '', 'menubar=no,toolbar=no,resizable=yes,scrollbars=yes,height=600,width=600');return false;">Facebook</a>
                        <a class="ir twitter" data-url="http%3a%2f%2fwww.champlain.edu%2fx6210.xml" data-text="Champlain+College+students+and+graduates+around+the+world+%7c+" href="https://twitter.com/intent/tweet?url=http%3a%2f%2fwww.champlain.edu%2fx6210.xml&amp;text=Champlain+College+students+and+graduates+around+the+world+%7c+">Twitter</a>
                        <a class="ir googlePlus" data-url="http%3a%2f%2fwww.champlain.edu%2fx6210.xml" href="https://plus.google.com/share?url=http%3a%2f%2fwww.champlain.edu%2fx6210.xml" onclick="javascript:window.open(this.href, '', 'menubar=no,toolbar=no,resizable=yes,scrollbars=yes,height=600,width=600');return false;">Google +</a>
                    </span>
                    <a class="snazy_close">Close</a>
                </div>

                <div class="snazy_module">

                    <!--googleon: all-->

                    


<div class="snazy_location">

    <div class="snazy_location_current">
    </div>

    <div class="snazy_gallery_controls snazy_hide_gallery active">
        <div class="snazy_toggle ir">
            Toggle Gallery Controls                          
        </div>
        <ul class="snazy_location_list snazy_gallery_list">

            <li class=active data-title="Our students are global.">

	<img src="/assets/images/Admin/Homepage/BVT/Map-mobile.jpg" alt="" width=162 height=90 data-h="90" data-w="162" />    

                <div class="snazy_data">
                                    
                    	<img src="/assets/images/Admin/Homepage/BVT/Map.jpg" alt=""   data-h="0" data-w="0" />    

                        
                    <ul class="snazy_hot_spots">


                        <li>
                            <span class="ir" data-top="53" data-left="44" style="top: 53%; left: 44%;"><p>Through Champlain's <a href="/academics/international-education/champlain-abroad/global-partners-program" target="_blank">Global Partners program,</a> students can study abroad in Ifrane, Morocco<a href="/academics/international-education/champlain-abroad/global-partners-program/buenos-aires-argentina" target="_blank"> </a>through the <a href="/academics/international-education/champlain-abroad/global-partners-program/ifrane-morocco" >AI Akhawayn University</a>.&nbsp;</p></span>
                        </li>                      
                        <li>
                            <span class="ir" data-top="52" data-left="77" style="top: 52%; left: 77%;"><p>Through Champlain's <a href="/academics/international-education/champlain-abroad/global-partners-program" target="_blank">Global Partners program,</a> students can study abroad in Shanghi, China through the<a href="/academics/international-education/champlain-abroad/global-partners-program/shanghai-china" target="_blank"> Shanghai Institute of Foreign Trade (SHIFT).</a>&nbsp;</p></span>
                        </li>                      
                        <li>
                            <span class="ir" data-top="51" data-left="25.5" style="top: 51%; left: 25.5%;"><p>Internships and employment in the Washington, D.C. area include: <br />&bull; <a href="http://atlanticdf.com/" target="_blank">Atlantic Data Forensics</a> &bull; <a href="http://www.cortinaproductions.com/" target="_blank">Cortina Productions</a> &bull; <a href="http://www.mitre.org/" target="_blank">MITRE </a>&bull; <a href="http://www.tasc.com/" target="_blank">TASC </a>&bull; <a href="http://www.conv.com/" target="_blank">Convergenz</a> &bull; <a href="http://www.hhs.gov/" target="_blank">U.S. Department of Health &amp; Human Services</a> &bull;<a href="http://www.clearchannel.com/Pages/Home.aspx" target="_blank">Clear Channel Communications</a> &bull; <a href="http://www.si.edu/pdl/" target="_blank">Smithsonian Enterprises </a></p></span>
                        </li>                      
                        <li>
                            <span class="ir" data-top="52" data-left="23" style="top: 52%; left: 23%;"><p>Employed at <a href="http://corporate.walmart.com/" target="_blank">Walmart Corporate Office</a> in Bentonville, Arkansas</p></span>
                        </li>                      
                        <li>
                            <span class="ir" data-top="42" data-left="48" style="top: 42%; left: 48%;"><p>Employed at <a href="http://www.burnblock.com/" target="_blank">BurnBlock</a> in Copenhagen, Denmark</p></span>
                        </li>                      
                        <li>
                            <span class="ir" data-top="50" data-left="21" style="top: 50%; left: 21%;"><p>Employed at <a href="http://www.hollywoodcasinokansas.com/" target="_blank">Hollywood Casino at Kansas Speedway</a> in Kansas City, Kansas</p></span>
                        </li>                      
                        <li>
                            <span class="ir" data-top="46" data-left="23" style="top: 46%; left: 23%;"><p>Employed at <a href="http://www.ey.com/" target="_blank">Ernst &amp; Young</a> in Rosemont, Illinois</p></span>
                        </li>                      
                        <li>
                            <span class="ir" data-top="50" data-left="52" style="top: 50%; left: 52%;"><p>Internship at the <a href="http://export.gov/greece/" target="_blank">U.S. Commercial Service Greece</a> in Athens, Greece</p></span>
                        </li>                      
                        <li>
                            <span class="ir" data-top="85" data-left="90" style="top: 85%; left: 90%;"><p>Employed at <a href="http://www.mozilla.org/en-US/firefox/fx/" target="_blank">Mozilla</a> in Auckland, New Zealand</p></span>
                        </li>                      
                        <li>
                            <span class="ir" data-top="44" data-left="48" style="top: 44%; left: 48%;"><p>Employed at <a href="http://www.sglgroup.com/cms/international/home/index.html?__locale=en" target="_blank">SGL Group &mdash; The Carbon Company</a> in Meitingen, Germany</p></span>
                        </li>                      
                        <li>
                            <span class="ir" data-top="45" data-left="30" style="top: 45%; left: 30%;"><p>Internships and employment in Maine include: <br />&bull; <a href="http://www.carbonite.com/en/v2/index" target="_blank">Carbonite</a> &bull; <a href="http://www.williamarthur.com/" target="_blank">William Arthur</a>&nbsp; &bull; <a href="http://putneyvet.com/" target="_blank">Putney, Inc</a>. &bull; <a href="http://www.berrydunn.com/" target="_blank">Berry, Dunn, McNeil, &amp; Parker</a> &bull; <a href="http://www.llbean.com/" target="_blank">L.L. Bean </a></p></span>
                        </li>                      
                        <li>
                            <span class="ir" data-top="54" data-left="59" style="top: 54%; left: 59%;"><p>Employed at <a href="http://gamepub.com/" target="_blank">Game Pub</a> in the United Arab Emirates</p></span>
                        </li>                      
                        <li>
                            <span class="ir" data-top="45" data-left="14" style="top: 45%; left: 14%;"><p>Employment in Oregon includes:<br /><a href="http://www.wildfang.com/" target="_blank">Wildfang</a> &bull; <a href="http://nikeinc.com/" target="_blank">Nike, Inc.</a> &bull; <a href="http://www.bluewaterprod.com/" target="_blank">Bluewater Productions</a> &bull; <a href="http://www.theflybook.com/" target="_blank">The Flybook<br /></a></p></span>
                        </li>                      
                        <li>
                            <span class="ir" data-top="44" data-left="46" style="top: 44%; left: 46%;"><p>Employment in the United Kingdom includes:<a href="http://www.africom.mil/" target="_blank">United States Africa Command</a> &bull; <a href="http://www.edfilmfest.org.uk/" target="_blank">Edinburgh International Film Festival</a></p></span>
                        </li>                      
                        <li>
                            <span class="ir" data-top="50" data-left="18" style="top: 50%; left: 18%;"><p>Employment in Colorado includes: <br /><a href="http://kapost.com/" target="_blank">Kapost</a> &bull; <a href="http://napkinlabs.com/" target="_blank">Napkin Labs</a> &bull; <a href="http://www.mocavo.com/" target="_blank">Mocavo</a> &bull; <a href="http://www.matchmg.com/action" target="_blank">Match Action</a> &bull; <a href="http://www.generalmills.com/" target="_blank">General Mills</a>&nbsp; &bull; <a href="http://www.enzeddesign.com/" target="_blank">EnZed Design</a> &bull; <a href="http://www.bloomberg.com/company/" target="_blank">Bloomberg LP</a>&nbsp;</p></span>
                        </li>                      
                        <li>
                            <span class="ir" data-top="66" data-left="57" style="top: 66%; left: 57%;"><p>A group of&nbsp; students and staff members traveled to Tanzania to work with orphans and vulnerable youth in the new Students Teach for Tomorrow global initiative sponsored by CSCE and Champlain's <a href="/academics/international-education" target="_blank">Office of International Programs.</a></p></span>
                        </li>                      
                        <li>
                            <span class="ir" data-top="58" data-left="76" style="top: 58%; left: 76%;"><p>Employed at <a href="http://www.kerryprops.com/kpl/en/index.html" target="_blank">Kerry Properies</a> in Hong Kong, China</p></span>
                        </li>                      
                        <li>
                            <span class="ir" data-top="45" data-left="63" style="top: 45%; left: 63%;"><p>Employed with the <a href="http://www.peacecorps.gov/" target="_blank">Peace Corps</a> in Kazakhstan</p></span>
                        </li>                      
                        <li>
                            <span class="ir" data-top="60" data-left="66" style="top: 60%; left: 66%;"><p>Internships and employment in India include:<br /><a href="http://www.accenture.com/us-en/pages/index.aspx" target="_blank">Accenture</a> &bull; <a href="http://www.kodak.com/ek/US/en/Home.htm" target="_blank">Kodak </a>&bull; <a href="http://www.globaleventspartners.com/" target="_blank">GEP Worldwide</a>&nbsp; &bull; <a href="http://www.hdfcbank.com/" target="_blank">HDFC Bank&nbsp;</a></p></span>
                        </li>                      
                        <li>
                            <span class="ir" data-top="53" data-left="16" style="top: 53%; left: 16%;"><p>Internships and employment in California include: <br /><a href="http://www.lucasarts.com/" target="_blank">LucasArts&nbsp;</a>&bull; <a href="http://everfi.com/" target="_blank">Everfi</a> &bull; <a href="http://www.academyart.edu/" target="_blank">Academy of Art University</a> &bull; <a href="http://samasource.org/" target="_blank">Samasource</a>&nbsp;&bull; <a href="https://findery.com/" target="_blank">Findery</a> &bull; <a href="http://www.glu.com/" target="_blank">Glu Mobile </a>&bull; <a href="http://www.thenorthface.com/en_US/index.html" target="_blank">The North Face </a>&bull;<a href="http://www.bluelounge.com/" target="_blank">Bluelounge</a>&nbsp;&bull; <a href="http://www.carbinestudios.com/" target="_blank">Carbine Studios</a> &bull; <a href="https://healthy.kaiserpermanente.org/html/kaiser/index.shtml" target="_blank">Kaiser Permanente</a> &bull; <a href="http://www.taulia.com/en/" target="_blank">Taulia, Inc.</a>&nbsp;</p></span>
                        </li>                      
                        <li>
                            <span class="ir" data-top="79" data-left="50" style="top: 79%; left: 50%;"><p>In conjunction with the<a href="/centers-of-excellence/emergent-media-center" target="_blank"> Emergent Media Center </a>and the United Nations, students traveled to South Africa to conduct research and testing for <a href="http://www.breakawaygame.com/play.php?lang=EN" target="_blank">Breakaway</a>, a project to combat violence against women through a video game.</p></span>
                        </li>                      
                        <li>
                            <span class="ir" data-top="55" data-left="25" style="top: 55%; left: 25%;"><p><a href="https://www.universalorlando.com/Theme-Parks/Universal-Studios-Florida.aspx" target="_blank">Universal Studios</a> internship in Orlando, FL</p></span>
                        </li>                      
                        <li>
                            <span class="ir" data-top="47" data-left="27" style="top: 47%; left: 27%;"><p>Internships and employment in the New England area include: <br /><a href="http://www.burton.com" target="_blank">Burton</a> &bull; <a href="http://www.seventhgeneration.com" target="_blank">Seventh Generation</a> &bull; <a href="http://www.benandjerrys.com" target="_blank">Ben &amp; Jerry's</a> &bull;<br /> <a href="http://www.google.com/about/company/" target="_blank">Google</a> &bull; <a href="http://www3.gehealthcare.com/en/Global_Gateway" target="_blank">GE Healthcare</a> &bull; <a href="http://www.magichat.net" target="_blank">Magic Hat</a>&nbsp; &bull;<br /> <a href="http://www.greenmountaincoffee.com/" target="_blank">Green Mountain Coffee Roasters</a> &bull; <a href="http://www.nordica.com" target="_blank">Nordica</a> &bull;<br /> <a href="http://www.turbine.com/" target="_blank">Turbine</a> &bull; <a href="http://www.mitre.org/" target="_blank">Mitre, Inc</a>. &bull; <a href="http://www.ibm.com/us/en/" target="_blank">IBM</a> &bull; <a href="http://hubspot.com/" target="_blank">Hubspot</a> &bull; <br /><a href="http://www.gameshownetwork.com" target="_blank">Game Show Network </a>&bull; <a href="http://www.ogilvy.com/" target="_blank">Ogilvy &amp; Mather</a></p></span>
                        </li>                      
                        <li>
                            <span class="ir" data-top="44" data-left="44" style="top: 44%; left: 44%;"><p>While studying abroad at Champlain's campus in Dublin, Ireland, our students have completed internships at: <br /><a href="http://wtcdublin.ie/" target="_blank">World Trade Center Dublin</a> &bull; <a href="http://www.hireland.ie/" target="_blank">Hireland, Inc.</a> &bull; <a href="http://www.cernam.com/" target="_blank">Cernam, LTD</a></p></span>
                        </li>                      
                        <li>
                            <span class="ir" data-top="43" data-left="28" style="top: 43%; left: 28%;"><p>Students are working at international companies in Montr&eacute;al, Quebec, Canada such as:<br /><a href="http://nomadindustries.tv/" target="_blank">Nomad Industries</a> &bull; <a href="http://www.ecorce.ca/" target="_blank">Ecorce</a> &bull; <a href="http://vimeo.com/parafilms" target="_blank">Parafilm</a> &bull; <a href="http://www.ubi.com/US/" target="_blank">Ubisoft</a> &bull; <a href="http://www.ludia.com/en" target="_blank">Ludia</a> &bull; <a href="http://www.gameloft.com/" target="_blank">Gameloft </a></p></span>
                        </li>                      
                    </ul>                            
                  
                    <div class="snazy_caption">
                        <div class="title">Our students are global.</div>
                        <div class="copy"><p>Champlain College students are working across the globe in their chosen fields through internships and employment.</p></div>
                        <span class="snazy_social">
                            <a class="ir facebook" href="https://www.facebook.com/sharer.php?u=http%3a%2f%2fwww.champlain.edu%2fx6210.xml%23slide%3d1&amp;t=Our+students+are+global." onclick="javascript:window.open(this.href, '', 'menubar=no,toolbar=no,resizable=yes,scrollbars=yes,height=600,width=600');return false;">Facebook</a>
                            <a class="ir twitter" href="https://twitter.com/intent/tweet?url=http%3a%2f%2fwww.champlain.edu%2fx6210.xml%23slide%3d1&amp;text=Our+students+are+global.+%7c+">Twitter</a>
                            <a class="ir googlePlus" href="https://plus.google.com/share?url=http%3a%2f%2fwww.champlain.edu%2fx6210.xml%23slide%3d1" onclick="javascript:window.open(this.href, '', 'menubar=no,toolbar=no,resizable=yes,scrollbars=yes,height=600,width=600');return false;">Google +</a>
                        </span>
                    </div>

                </div>
            </li>

        </ul>
    </div>

</div>







                    <!--googleoff: all-->
                    
                </div>
            
                <div class="snazy_footer">
                    <div class="snazy_tagline ir">Let us dare</div>
                </div>

            </div>
        </div>

		   


<div class="snazy_nav">
	<div class="snazy_container">
		<div class="snazy_findProgramForm">      
            <div class="form">

            </div>
			<a href="/" class="snazy_navButton snazy_findProgramLink ir" original-title="">Find a Program</a>	
		</div>
	<a href="/news" title="News"  class="snazy_navButton snazy_newsLink ir" >News</a>
	<a href="/events-calendar" title="Events Calendar"  class="snazy_navButton snazy_calendarLink ir" >Events Calendar</a>
	</div>
</div>
        <div class="snazy_loading"></div>       
        
        <!--googleon: all--> 

        <script src="/assets/prebuilt/js/snazy_plugins.js?v=1482181416"></script>
        <script src="/assets/prebuilt/js/snazy.js?v=1482181416"></script>

            

    <script src="/assets/prebuilt/js/snazy_gallery.js?v=2"></script>
    <script src="/assets/prebuilt/js/snazy_location.js?v=2"></script>



<style type="text/css">
.ccLead h2.ccLeadHeadline:before {
top:55px !important;
left:20px !important;
}
#emergency{
position:relative;
z-index:10000;
}
</style>
<script type="text/javascript">
setTimeout(function(){var a=document.createElement("script");
var b=document.getElementsByTagName("script")[0];
a.src=document.location.protocol+"//script.crazyegg.com/pages/scripts/0038/1118.js?"+Math.floor(new Date().getTime()/3600000);
a.async=true;a.type="text/javascript";b.parentNode.insertBefore(a,b)}, 1);
</script>
<script>
if(!Array.prototype.forEach)Array.prototype.forEach=function(callback,thisArg){var T,k;if(this==null)throw new TypeError(" this is null or not defined");var O=Object(this);var len=O.length>>>0;if(typeof callback!=="function")throw new TypeError(callback+" is not a function");if(arguments.length>1)T=thisArg;k=0;while(k<len){var kValue;if(k in O){kValue=O[k];callback.call(T,kValue,k,O)}k++}};
</script>
<script>
// From https://developer.mozilla.org/en-US/docs/Web/JavaScript/Reference/Global_Objects/Object/keys
if(!Object.keys)Object.keys=function(){var hasOwnProperty=Object.prototype.hasOwnProperty,hasDontEnumBug=!{toString:null}.propertyIsEnumerable("toString"),dontEnums=["toString","toLocaleString","valueOf","hasOwnProperty","isPrototypeOf","propertyIsEnumerable","constructor"],dontEnumsLength=dontEnums.length;return function(obj){if(typeof obj!=="object"&&(typeof obj!=="function"||obj===null))throw new TypeError("Object.keys called on non-object");var result=[],prop,i;for(prop in obj)if(hasOwnProperty.call(obj,
prop))result.push(prop);if(hasDontEnumBug)for(i=0;i<dontEnumsLength;i++)if(hasOwnProperty.call(obj,dontEnums[i]))result.push(dontEnums[i]);return result}}();
</script>
<style type="text/css">
header p.ir {display:none;}
</style>
<!-- Redirect Issue Workaround 2014-11-5 CSF -->
<script>
if ( window.location.protocol == 'https:' && !/^(https:\/\/www\.champlain\.edu\/(faculty-and-staff|current-students|admitted-students)\/?)$/.test(document.URL)) {
    window.location.href = "http:" + window.location.href.substring(window.location.protocol.length);
}
else if (window.location.protocol == 'http:' && /^(http:\/\/www\.champlain\.edu\/(faculty-and-staff|current-students|admitted-students)\/?)$/.test(document.URL)) {
    window.location.href = "https:" + window.location.href.substring(window.location.protocol.length);
}
</script>
<!-- Program Finder -->
<script src="https://4207a4034b66fcac6710-e3309a66dbe1bbd0a933cac4265f90e8.ssl.cf2.rackcdn.com/misc-www_program-finder.dev.js?v=1441044490" type="text/javascript" defer="defer"></script>

<!-- Google Analytics -->
<script src="https://4207a4034b66fcac6710-e3309a66dbe1bbd0a933cac4265f90e8.ssl.cf2.rackcdn.com/analytics-cbb.analytics.min.js?v=1469721509" type="text/javascript"></script>
<script src="https://4207a4034b66fcac6710-e3309a66dbe1bbd0a933cac4265f90e8.ssl.cf2.rackcdn.com/misc-www:attributes.js"></script>
<script>
(function(i,s,o,g,r,a,m){i['GoogleAnalyticsObject']=r;i[r]=i[r]||function(){
(i[r].q=i[r].q||[]).push(arguments)},i[r].l=1*new Date();a=s.createElement(o),
m=s.getElementsByTagName(o)[0];a.async=1;a.src=g;m.parentNode.insertBefore(a,m)
})(window,document,'script','//www.google-analytics.com/analytics.js','ga');
ga('create', 'UA-36888965-1',  { 'cookieDomain': 'champlain.edu' });
ga('set', 'forceSSL', true);
ga('require', 'linkid', {
  'duration': 45,
  'levels': 6
});
ga('require', 'displayfeatures');
if (typeof ATTRIBUTESAPI === "object"){
    ATTRIBUTESAPI.getUserData().done(function(){
        if(typeof cbbAnalytics == 'object'){
            cbbAnalytics.customDimensions.setUserType();
            try{
              cbbAnalytics.customDimensions.setPartnerType();
            }catch(e){}
        }
        ga('send', 'pageview',{
          'hitCallback': initCbbAnalytics
        });
    });
}else{
        ga('send', 'pageview',{
          'hitCallback': initCbbAnalytics
        });
}
setTimeout(initCbbAnalytics,2000);
function initCbbAnalytics (){
    (function waitForJQuery() {
        if (window.$) {
            if(typeof cbbAnalytics == 'object'){
            if(cbbAnalytics.initialized === false){
                cbbAnalytics.init();
            }
        }
        }
        else {
            setTimeout(waitForJQuery, 50);
        }
    }());
}
</script>

<script type="text/javascript" defer="defer">
  //ask CSF
  var _gaq = _gaq || [];
  _gaq.push(['_setLocalGifPath', 'https://c25910bbec624420dd29-8ecd558624a629ebd460298bea51b15d.ssl.cf2.rackcdn.com/__utm.gif']);
  _gaq.push(['_setLocalServerMode']);
  _gaq.push(['_setAccount', 'UA-53765301-1']);
  _gaq.push(['_setDomainName', 'champlain.edu']);
  _gaq.push(['_trackPageview']);
  (function() {
    var ga = document.createElement('script'); ga.type = 'text/javascript'; ga.async = true;
    ga.src = 'https://4207a4034b66fcac6710-e3309a66dbe1bbd0a933cac4265f90e8.ssl.cf2.rackcdn.com/analytics-cbb-local-ga.js';
    var s = document.getElementsByTagName('script')[0]; s.parentNode.insertBefore(ga, s);
  })();

</script>

<!-- Google Code for Remarketing Tag -->
<!--------------------------------------------------
Remarketing tags may not be associated with personally identifiable information or placed on pages related to sensitive categories. See more information and instructions on how to setup the tag on: http://google.com/ads/remarketingsetup
--------------------------------------------------->
<script type="text/javascript">
/* <![CDATA[ */
var google_conversion_id = 1029927682;
var google_custom_params = window.google_tag_params;
var google_remarketing_only = true;
/* ]]> */
</script>
<script type="text/javascript" src="https://www.googleadservices.com/pagead/conversion.js">
</script>
<noscript>
<div style="display:inline;">
<img height="1" width="1" style="border-style:none;" alt="" src="https://googleads.g.doubleclick.net/pagead/viewthroughconversion/1029927682/?value=0&amp;guid=ON&amp;script=0"/>
</div>
</noscript>
<script type="text/javascript">
adroll_adv_id = "DR3MH2FZVVGTFACGPRJ3UL";
adroll_pix_id = "ELNHNGWN5ZBUPPYKCA3BGJ";
(function () {
var oldonload = window.onload;
window.onload = function(){
   __adroll_loaded=true;
   var scr = document.createElement("script");
   var host = (("https:" == document.location.protocol) ? "https://s.adroll.com" : "http://a.adroll.com");
   scr.setAttribute('async', 'true');
   scr.type = "text/javascript";
   scr.src = host + "/j/roundtrip.js";
   ((document.getElementsByTagName('head') || [null])[0] ||
    document.getElementsByTagName('script')[0].parentNode).appendChild(scr);
   if(oldonload){oldonload()}};
}());

var CCLEAD_EXT = CCLEAD_EXT || {};

CCLEAD_EXT.customizations = CCLEAD_EXT.customizations || [];

(function() {
        CCLEAD_EXT.customizations.push(function(form, options) {
	    // backup old submit handler
	    var parentSubmitHandler = options.submitHandler;
	    options.submitHandler = function() {
	         try {
	            __adroll.record_user({"adroll_segments": "conversions"})
	         } catch(err) {}
	        parentSubmitHandler(form);
	    };
	    return options;
	});
}());
</script>

<script defer async type="text/javascript" src="https://4207a4034b66fcac6710-e3309a66dbe1bbd0a933cac4265f90e8.ssl.cf2.rackcdn.com/misc-www_champlain-jquery-accessibleMegaMenu.js"></script>
<script src="https://my.champlain.edu/js/colorbox/jquery.colorbox.custom.js" async defer></script>
<script defer async src="https://4207a4034b66fcac6710-e3309a66dbe1bbd0a933cac4265f90e8.ssl.cf2.rackcdn.com/misc-www-undergradClasslistFormat.min.js?v=8"></script>
<script>
	(function($){$(document).ready(function(){var alertData=null;var isDesktop=$("#outer-container").length;var validAuthPages=["https://www.champlain.edu/current-students","http://www.champlain.edu/current-students","https://www.champlain.edu/faculty-and-staff","http://www.champlain.edu/faculty-and-staff"];if(Modernizr.localstorage&&localStorage.getItem("ccAlerts")!==null){alertData=$.parseJSON(localStorage.getItem("ccAlerts"));var tooOld=1E3*60*2.5,now=(new Date).getTime();if(alertData&&alertData.date&&
now-tooOld<alertData.date){alertData=alertData.alerts;inspectAlerts(alertData)}else alertData=null}if(!alertData){var url="https://forms.champlain.edu/eas/json";var $xhrAlerts=$.ajax({url:url,dataType:"jsonp"});$xhrAlerts.done(function(data){if(!data.catastrophic||!data.emergency||!data.emergencyauth){try{console.log("No Data received!")}catch(e){}return}var storedData={alerts:data,date:(new Date).getTime()};if(Modernizr.localstorage&&JSON&&JSON.stringify)localStorage.setItem("ccAlerts",JSON.stringify(storedData));
inspectAlerts(storedData.alerts)})}function inspectAlerts(alerts){$.each(alerts,function(alert){if(alerts[alert].length>0)handleAlerts(alert,alerts[alert])})}function handleAlerts(alertType,alerts){if(typeof alerts=="object")alerts.forEach(function(alert){switch(alertType){case "emergency":if(alert.Show)if(typeof ATTRIBUTESAPI==="object"&&typeof ATTRIBUTESAPI.user==="object"&&!ATTRIBUTESAPI.user.signedIn||!/^(https?:\/\/(.*){3,8}\.champlain\.edu\/(faculty-and-staff|current-students|admitted-students)\/?)$/.test(document.URL))showAlert(alert,
alertType);break;case "emergencyauth":if(alert.Show&&/^(https?:\/\/(.*){3,8}\.champlain\.edu\/(faculty-and-staff|current-students|admitted-students)\/?)$/.test(document.URL))if(typeof ATTRIBUTESAPI==="object"&&typeof ATTRIBUTESAPI.user==="object"&&ATTRIBUTESAPI.user.signedIn)showAlert(alert,alertType);break;case "catastrophic":if(alert.Show&&$.cookie("ccBypassCatastrophicMessage")!=="true")showAlert(alert,alertType);break}});else try{console.log("Was not passed an array of messages or a proper alert type.")}catch(e){}}
function showAlert(alert,alertType){if(typeof alert==="object"){switch(alertType){case "emergency":if(isDesktop)$("#outer-container").prepend($("#emergency-alert-template").html());else if(!isDesktop)$("header").prepend($("#emergency-alert-template").html());for(var prop in alert)if(alert.hasOwnProperty(prop)&&prop!="Show")try{$(".alert-"+prop.toLowerCase()).html(alert[prop]);if($(".alert-"+prop.toLowerCase()).prop("href"))$(".alert-"+prop.toLowerCase()).prop("href",alert[prop])}catch(e){}$("#outer-container").addClass("alert");
$("#emergency").show(function(){if(!isDesktop)triggerMobileClick();triggerStandardClick();$("#emergency a").trigger("click")});break;case "emergencyauth":if(isDesktop)$("#sidebar").prepend($("#emergency-alert-auth-template").html());else if(!isDesktop)$("header").prepend($("#emergency-alert-auth-template").html());for(var prop in alert)if(alert.hasOwnProperty(prop)&&prop!="Show")try{$(".alert-"+prop.toLowerCase()).html(alert[prop]);if($(".alert-"+prop.toLowerCase()).prop("href"))$(".alert-"+prop.toLowerCase()).prop("href",
alert[prop])}catch(e$0){}$("#emergency-auth").show(function(){triggerAuthClick();$("#emergency-auth a").trigger("click")});break;break;case "catastrophic":var cookieExpire=new Date;cookieExpire.setHours((new Date).getHours()+2);$("body").append('<div id="emergency-catastrophic" style="display:none;"></div>');$("#emergency-catastrophic").html($("#emergency-catastrophic-template").html());for(var prop in alert)if(alert.hasOwnProperty(prop)&&prop!="Show")switch(prop){case "Links":try{var length=alert[prop].Link.length;
if(length>=1)$("#emergency-catastrophic .emergency-links").prepend("<h2>Helpful Links</h2>");for(var i=0;i<length;i++){var linkTemplate='<li class="catastrophic-link"><a title="'+alert[prop].Link[i].Text+'" href="'+alert[prop].Link[i].URL+'">'+alert[prop].Link[i].Text+"</a></li>";$("#emergency-catastrophic .links").append(linkTemplate)}}catch(e$1){}break;default:try{$("#emergency-catastrophic .alert-"+prop.toLowerCase()).html(alert[prop]);if($("#emergency-catastrophic .alert-"+prop.toLowerCase()).prop("href"))$("#emergency-catastrophic .alert-"+
prop.toLowerCase()).prop("href",alert[prop])}catch(e$2){}break}var colorBoxOptions={close:"Dismiss For 2 Hours",escKey:false,html:$("#emergency-catastrophic").html(),onClosed:function(){$.cookie("ccBypassCatastrophicMessage","true",{expires:cookieExpire})},overlayClose:false};if(!isDesktop){colorBoxOptions.width="100%";colorBoxOptions.height="100%"}if(!$.colorbox)$.getScript("https://4207a4034b66fcac6710-e3309a66dbe1bbd0a933cac4265f90e8.ssl.cf2.rackcdn.com/jquery.colorbox.custom.js",function(){try{$.colorbox(colorBoxOptions)}catch(e$3){console.log(e$3)}});
else $.colorbox(colorBoxOptions);break}addNoCacheHeader()}else try{console.log("Alert was not an object.")}catch(e$4){}}function addNoCacheHeader(){$("head").append('<meta http-equiv="cache-control" content="max-age=0" />')}function triggerMobileClick(alertType){$("#alert-bar").on("click",function(){$("#emergency").toggleClass("open");$("#audience-container, .snazy_nav").css({"top":$("#emergency").height()});if($("#emergency").hasClass("open"))$(this).html("HIDE ALERT -");else $(this).html("SHOW ALERT +")})}
function triggerAuthClick(){$("#alert-auth-bar").on("click",function(){$("#emergency-auth").toggleClass("open");if($("#emergency-auth").hasClass("open"))$(this).html("HIDE ALERT -");else $(this).html("SHOW ALERT +")})}function triggerStandardClick(){$("#alert-bar").on("click",function(){$("#emergency").toggleClass("open");$("#audience-container, .snazy_nav").css({"top":$("#emergency").height()});if($("#emergency").hasClass("open"))$(this).html("HIDE ALERT -");else $(this).html("SHOW ALERT +")})}})})(jQuery);
</script>
<script type="text/template" id="emergency-alert-template">
<div id="emergency" style="display:none;"><div class="content"><article><h1 class="alert-headline"></h1><span class="alert-messagetext"></span><div class="info alert-info"><p class="phone alert-phone"></p><p><a href="" class="elink alert-url" title="Click here for more information">More Information</a></p></div></article></div><div class="bar"><a href="javascript:;" id="alert-bar">Show Alert +</a></div></div>
</script>
<script type="text/template" id="emergency-alert-auth-template">
<div id="emergency-auth" style="display:none;"><div class="content"><article><h1 class="alert-headline"></h1><span class="alert-messagetext"></span><div class="info alert-info"><p class="phone alert-phone"></p><p><a href="" class="elink alert-url" title="Click here for more information">More Information</a></p></div></article></div><div class="bar"><a href="javascript:;" id="alert-auth-bar">Show Alert +</a></div</div>
</script>
<script type="text/template" id="emergency-catastrophic-template">
<div class="emergency internal emergency-wrap"><div class="emergency level emergency-inner-container"><div id="emergency-maincontent"><div id="emergency-topcontent"><h1 class="alert-headline"></h1><div class="alert-messagetext"></div></div><div id="emergency-bottomcontent"><ul><li class="info-section" id="emergency-info-first"><h2>Information For Students</h2><div class="alert-infostudentstext"></div></li><li class="info-section" id="emergency-info-second"><h2>Information For Families</h2><div class="alert-infofamilytext"></div></li><li class="info-section" id="emergency-info-third"><h2>Information For Faculty</h2><div class="alert-infofacultytext"></div></li></ul></div><div class="emergency-links"><ul class="links"></ul></div></div><br class="clearfix"></div>div></script>

<!-- Undergrad Admissions Chat System 

<script defer async src="https://4207a4034b66fcac6710-e3309a66dbe1bbd0a933cac4265f90e8.ssl.cf2.rackcdn.com/misc-www_college-week-live-chat.js?v=1"></script>

-->


    </body>
</html>