<!DOCTYPE html>
<html lang="en">
<head>
<META http-equiv="Content-Type" content="text/html">
<base href="http://www.bucknell.edu/"></base><meta http-equiv="X-UA-Compatible" content="IE=edge,chrome=1">
<meta name="google-site-verification" content="ROvB4ydef0i7pGQzzzzwJBde5b3_caKv92sI_rmqH_w">
<meta name="google-site-verification" content="GKDXWVP5Ucg-JS0QDJ37rvC8XuX2QzT6x8omyauAECY">
<meta name="viewport" content="width=device-width, initial-scale=1, maximum-scale=1, user-scalable=no">
<meta name="apple-mobile-web-app-capable" content="yes">
<meta name="keywords" content="">
<meta name="description" content="Lizt Alfonso Dance Cuba &amp;nbsp;will be performing for the on Oct.30 at the Weis Center.<br /><strong> </strong>">
<meta name="author" content="">
<meta property="history:section" content="Weis Center">
<meta property="history:title" content="Lizt Alfonso Dance Cuba || World Dance || Weis Center">
<meta property="history:image" content="images/Depts/WeisCenter/2016-17Events/09LiztAlfonsoDanceCuba.jpg">
<meta name="thumbnail" content="http://www.bucknell.edu/images/Depts/WeisCenter/2016-17Events/09LiztAlfonsoDanceCuba.jpg">
<meta property="og:title" content="World Dance">
<meta property="og:url" content="http://www.bucknell.edu//weis-center-for-the-performing-arts/weis-center-2016-17-season/lizt-alfonso-dance-cuba">
<meta property="og:type" content="website">
<meta property="og:image" content="http://www.bucknell.edu/images/Depts/WeisCenter/2016-17Events/09LiztAlfonsoDanceCuba.jpg">
<meta property="og:description" content="Lizt Alfonso Dance Cuba &amp;nbsp;will be performing for the on Oct.30 at the Weis Center.<br /><strong> </strong>">
<meta property="og:site_name" content="">
<meta name="twitter:card" content="summary">
<meta name="twitter:site" content="@BucknellU">
<meta name="twitter:creator" content="@BucknellU">
<meta name="twitter:url" content="http://www.bucknell.edu/x94270.xml">
<meta name="twitter:title" content="Lizt Alfonso Dance Cuba || World Dance || Weis Center">
<meta name="twitter:description" content="">
<meta name="twitter:image" content="http://www.bucknell.edu/images/Depts/WeisCenter/2016-17Events/09LiztAlfonsoDanceCuba.jpg">
<title>Lizt Alfonso Dance Cuba || World Dance || Weis Center || Bucknell University</title>
<link rel="icon" href="images/system/favicon.png" type="image/x-icon">
<link rel="shortcut icon" href="images/system/favicon.png" type="image/x-icon">
<link rel="stylesheet" href="prebuilt/css/site.css" type="text/css" media="all">
<link rel="stylesheet" href="prebuilt/css/print.css" type="text/css" media="print"> 
				<!--[if IE 9]>
					<script>var IE9 = true;</script>
					<script src="prebuilt/js/ie-9.js"></script>
					<link rel="stylesheet" href="prebuilt/css/ie-9.css" type="text/css" media="all" />
				<![endif]-->
				<!--[if LTE IE 8]>
					<script>var IE8 = true;</script>
					<script src="prebuilt/js/ie-8.js"></script>
					<link rel="stylesheet" href="prebuilt/css/ie-8.css" type="text/css" media="all" />
				<![endif]-->
			 <script type="text/javascript"> 
			 function PopupCenter(pageURL, title,w,h) {
			 var left = (screen.width/2)-(w/2); var top = (screen.height/4)-(h/4); var targetWin = window.open (pageURL, title, 'toolbar=no, location=no, directories=no, status=no, menubar=no, scrollbars=no, resizable=yes, copyhistory=no, width='+w+', height='+h+', top='+top+', left='+left);}
			  </script><script>
				(function(i,s,o,g,r,a,m){i['GoogleAnalyticsObject']=r;i[r]=i[r]||function(){
				(i[r].q=i[r].q||[]).push(arguments)},i[r].l=1*new Date();a=s.createElement(o),
				m=s.getElementsByTagName(o)[0];a.async=1;a.src=g;m.parentNode.insertBefore(a,m)
				})(window,document,'script','//www.google-analytics.com/analytics.js','ga');
				ga('create', 'UA-1065086-1', 'bucknell.edu');
				ga('require', 'displayfeatures');
				ga('require', 'linkid');
				ga('send', 'pageview');
				</script><script type="text/javascript">
				(function() {
				var sz = document.createElement('script'); sz.type = 'text/javascript'; sz.async = true;
				sz.src = '//us1.siteimprove.com/js/siteanalyze_57851.js';
				var s = document.getElementsByTagName('script')[0]; s.parentNode.insertBefore(sz, s);
				})();
				</script><script>
					var QuickSearchDate = "2016-8-19T08:00:50";
				</script></head>
<body class="gridlock" id="page_x94270">
<div id="fb-root"></div><script> 
			(function(d, s, id) {
			  var js, fjs = d.getElementsByTagName(s)[0];
			  if (d.getElementById(id)) return;
			  js = d.createElement(s); js.id = id;
			  js.src = "//connect.facebook.net/en_US/sdk.js#xfbml=1&version=v2.3";
			  fjs.parentNode.insertBefore(js, fjs);
			}(document, 'script', 'facebook-jssdk'));
			 </script><header id="header"><section class="branding"><a href="/" class="logo">Bucknell University</a></section><span class="mobile_handle"></span><section class="mobile_navigation"><div class="block directory"><a href="/script/communication/EverythingDirectory" class="icon">A-Z Directory</a></div>
<div class="block search"><span class="icon">Search</span><form action="http://www.bucknell.edu/script/search/" method="get" class="search_form"><label for="mobile_search_query" class="mobile_hide tablet_hide desktop_hide">Search our site.</label><input id="mobile_search_query" type="text" class="text" name="q" placeholder="Search our site ..." autocomplete="off"><input type="submit" class="submit" value="Go"></form>
</div>
<div class="block explore"><span class="icon">I'm looking for …</span><nav class="dropdown"><a href="">Admissions Info</a><a href="">Info for Families</a><a href="">Info for Visitors</a><a href="">Student Resources</a><a href="">Faculty/Staff Resources</a><a href="">Alumni Resources</a><a href="">Ways to Give</a></nav><nav class="dropdown"><a href="info-about-attending-bucknell.html">Admissions Info</a><a href="Parents">Info for Families</a><a href="Visit">Info for Visitors</a><a href="current-student-resources.html">Student Resources</a><a href="faculty-and-staff.html">Faculty/Staff Resources</a><a href="alumni-relations.html">Alumni Resources</a><a href="giving">Ways to Give</a></nav></div>
<div class="block history"><span class="icon">Places I've Been</span></div></section><section class="desktop_navigation"><div class="block explore main with_dropdown">
<div class="positioner"><span class="icon handle">I'm looking for   &hellip;  </span><nav class="dropdown"><span class="label">Choose Your Starting Point</span><a href="" data-type=""><span></span></a>
<a href="" data-type=""><span></span></a>
<a href="" data-type=""><span></span></a>
<a href="" data-type=""><span></span></a>
<a href="" data-type=""><span></span></a>
<a href="" data-type=""><span></span></a>
<a href="" data-type=""><span></span></a>
</nav><nav class="dropdown"><span class="label">Choose Your Starting Point</span><a href="info-about-attending-bucknell.html" data-type="interested"><span>Info about attending Bucknell</span></a>
<a href="Parents" data-type="family"><span>Info for parents &amp; families</span></a>
<a href="Visit" data-type="visit"><span>Info about visiting</span></a>
<a href="current-student-resources.html" data-type="student"><span>Current student resources</span></a>
<a href="faculty-and-staff.html" data-type="staff"><span>Faculty/Staff resources</span></a>
<a href="alumni-relations.html" data-type="alumn"><span>Alumni resources</span></a>
<a href="giving" data-type="giving"><span>Ways to give to Bucknell</span></a>
</nav></div>
</div>
<div class="audience_dropdowns">
<div class="block current main with_dropdown" data-type="">
<div class="positioner"><span class="icon handle">myBucknell</span>
<nav class="dropdown">
</nav>
</div>
</div>
<div class="block current main with_dropdown" data-type="">
<div class="positioner"><span class="icon handle">Admissions Info</span>
<nav class="dropdown">
</nav>
</div>
</div>
<div class="block current main with_dropdown" data-type="">
<div class="positioner"><span class="icon handle">Info for Families</span>
<nav class="dropdown">
</nav>
</div>
</div>
<div class="block current main with_dropdown" data-type="">
<div class="positioner"><span class="icon handle">Info for Visitors</span>
<nav class="dropdown">
</nav>
</div>
</div>
<div class="block current main with_dropdown" data-type="">
<div class="positioner"><span class="icon handle">Student Resources</span>
<nav class="dropdown">
</nav>
</div>
</div>
<div class="block current main with_dropdown" data-type="">
<div class="positioner"><span class="icon handle">Faculty/Staff Resources</span>
<nav class="dropdown">
</nav>
</div>
</div>
<div class="block current main with_dropdown" data-type="">
<div class="positioner"><span class="icon handle">Alumni Resources</span>
<nav class="dropdown">
</nav>
</div>
</div>
<div class="block current main with_dropdown" data-type="">
<div class="positioner"><span class="icon handle">Ways to Give</span>
<nav class="dropdown">
</nav>
</div>
</div>
<div class="block current main with_dropdown" data-type="">
<div class="positioner"><span class="icon handle">myBucknell</span>
<nav class="dropdown">
<a href="" data-scout-event="SubmenuLink, Click, "><span></span></a>
<a href="" data-scout-event="SubmenuLink, Click, "><span></span></a>
</nav>
</div>
</div>
<div class="block current main with_dropdown" data-type="interested">
<div class="positioner"><span class="icon handle">Admissions Info</span>
<nav class="dropdown">
<a href="info-about-attending-bucknell/who-we-are.html" data-scout-event="SubmenuLink, Click, info-about-attending-bucknell/who-we-are.html"><span>Who We Are</span></a>
<a href="info-about-attending-bucknell/academics-at-bucknell.html" data-scout-event="SubmenuLink, Click, info-about-attending-bucknell/academics-at-bucknell.html"><span>Academics at Bucknell</span></a>
<a href="info-about-attending-bucknell/beyond-the-classroom.html" data-scout-event="SubmenuLink, Click, info-about-attending-bucknell/beyond-the-classroom.html"><span>Beyond the Classroom</span></a>
<a href="life-at-bucknell" data-scout-event="SubmenuLink, Click, life-at-bucknell"><span>Life at Bucknell</span></a>
<a href="interested-in-bucknell/how-bucknell-will-change-your-life" data-scout-event="SubmenuLink, Click, interested-in-bucknell/how-bucknell-will-change-your-life"><span>How Your Life Will Change</span></a>
<a href="admissions.html" data-scout-event="SubmenuLink, Click, admissions.html"><span>Admissions &amp; Financial Aid</span></a>
<a href="info-about-attending-bucknell/sports-and-recreation.html" data-scout-event="SubmenuLink, Click, info-about-attending-bucknell/sports-and-recreation.html"><span>Sports &amp; Recreation</span></a>
<a href="Visit" data-scout-event="SubmenuLink, Click, Visit"><span>Visit Bucknell</span></a>
</nav>
</div>
</div>
<div class="block current main with_dropdown" data-type="family">
<div class="positioner"><span class="icon handle">Info for Families</span>
<nav class="dropdown">
<a href="FamilyEvents" data-scout-event="SubmenuLink, Click, FamilyEvents"><span>Family Events</span></a>
<a href="parents-and-family/ways-to-volunteer.html" data-scout-event="SubmenuLink, Click, parents-and-family/ways-to-volunteer.html"><span>Ways to Volunteer</span></a>
<a href="ParentsAssociation" data-scout-event="SubmenuLink, Click, ParentsAssociation"><span>Parents Association</span></a>
<a href="ParentsFund" data-scout-event="SubmenuLink, Click, ParentsFund"><span>Parents Fund</span></a>
<a href="" data-scout-event="SubmenuLink, Click, "><span></span></a>
<a href="x363.xml" data-scout-event="SubmenuLink, Click, x363.xml"><span>Main Bucknell Contacts</span></a>
</nav>
</div>
</div>
<div class="block current main with_dropdown" data-type="visit">
<div class="positioner"><span class="icon handle">Info for Visitors</span>
<nav class="dropdown">
<a href="directions" data-scout-event="SubmenuLink, Click, directions"><span>Directions to Bucknell</span></a>
<a href="ToDo" data-scout-event="SubmenuLink, Click, ToDo"><span>What to Do While Visiting</span></a>
<a href="accommodations" data-scout-event="SubmenuLink, Click, accommodations"><span>Where to Stay</span></a>
<a href="info-about-attending-bucknell/visit-bucknell/the-bucknell-campus.html" data-scout-event="SubmenuLink, Click, info-about-attending-bucknell/visit-bucknell/the-bucknell-campus.html"><span>The Bucknell Campus</span></a>
<a href="info-about-attending-bucknell/visit-bucknell/the-bucknell-campus/the-location.html" data-scout-event="SubmenuLink, Click, info-about-attending-bucknell/visit-bucknell/the-bucknell-campus/the-location.html"><span>The Location</span></a>
</nav>
</div>
</div>
<div class="block current main with_dropdown" data-type="student">
<div class="positioner"><span class="icon handle">Student Resources</span>
<nav class="dropdown">
<a href="https://mail.google.com/a/bucknell.edu/?AuthEventSource=SSO" data-scout-event="SubmenuLink, Click, https://mail.google.com/a/bucknell.edu/?AuthEventSource=SSO"><span>Bmail</span></a>
<a href="http://portal.bucknell.edu" data-scout-event="SubmenuLink, Click, http://portal.bucknell.edu"><span>myBucknell</span></a>
<a href="current-student-resources.html#linkgroup_1" data-scout-event="SubmenuLink, Click, current-student-resources.html"><span>Academic &amp; Career Resources</span></a>
<a href="current-student-resources.html#linkgroup_2" data-scout-event="SubmenuLink, Click, current-student-resources.html"><span>Class Registration &amp; Grades</span></a>
<a href="current-student-resources.html#linkgroup_3" data-scout-event="SubmenuLink, Click, current-student-resources.html"><span>Campus Life Resources</span></a>
<a href="current-student-resources.html#linkgroup_4" data-scout-event="SubmenuLink, Click, current-student-resources.html"><span>Housing, Dining &amp; Transportation</span></a>
<a href="current-student-resources.html#linkgroup_5" data-scout-event="SubmenuLink, Click, current-student-resources.html"><span>Billing &amp; Financial Aid</span></a>
<a href="current-student-resources.html#linkgroup_6" data-scout-event="SubmenuLink, Click, current-student-resources.html"><span>Health &amp; Safety</span></a>
</nav>
</div>
</div>
<div class="block current main with_dropdown" data-type="staff">
<div class="positioner"><span class="icon handle">Faculty/Staff Resources</span>
<nav class="dropdown">
<a href="https://mail.google.com/a/bucknell.edu/?AuthEventSource=SSO" data-scout-event="SubmenuLink, Click, https://mail.google.com/a/bucknell.edu/?AuthEventSource=SSO"><span>Bmail</span></a>
<a href="http://portal.bucknell.edu" data-scout-event="SubmenuLink, Click, http://portal.bucknell.edu"><span>myBucknell</span></a>
<a href="https://secure.touchnet.com/C20464_tsa/web/caslogin.jsp" data-scout-event="SubmenuLink, Click, https://secure.touchnet.com/C20464_tsa/web/caslogin.jsp"><span>B-Bill</span></a>
<a href="http://moodle.bucknell.edu/" data-scout-event="SubmenuLink, Click, http://moodle.bucknell.edu/"><span>Moodle</span></a>
<a href="https://my.bucknell.edu/x52588.html" data-scout-event="SubmenuLink, Click, https://my.bucknell.edu/x52588.html"><span>Forms &amp; Policies</span></a>
<a href="faculty-and-staff.html#linkgroup_1" data-scout-event="SubmenuLink, Click, faculty-and-staff.html"><span>Quick Links &amp; Tools</span></a>
<a href="faculty-and-staff.html#linkgroup_2" data-scout-event="SubmenuLink, Click, faculty-and-staff.html"><span>Academic Resources</span></a>
<a href="faculty-and-staff.html#linkgroup_3" data-scout-event="SubmenuLink, Click, faculty-and-staff.html"><span>The Bucknell Story</span></a>
</nav>
</div>
</div>
<div class="block current main with_dropdown" data-type="alumn">
<div class="positioner"><span class="icon handle">Alumni Resources</span>
<nav class="dropdown">
<a href="http://www.bucknell.edu/script/Gifts/" data-scout-event="SubmenuLink, Click, http://www.bucknell.edu/script/Gifts/"><span>Make a Gift to Bucknell</span></a>
<a href="alumni-relations/connections-and-communities.html" data-scout-event="SubmenuLink, Click, alumni-relations/connections-and-communities.html"><span>Connections &amp; Communities</span></a>
<a href="alumni-relations/events-and-awards.html" data-scout-event="SubmenuLink, Click, alumni-relations/events-and-awards.html"><span>Events &amp; Awards</span></a>
<a href="alumni-relations/resources-and-services.html" data-scout-event="SubmenuLink, Click, alumni-relations/resources-and-services.html"><span>Resources &amp; Services</span></a>
<a href="alumni-relations/news-and-views.html" data-scout-event="SubmenuLink, Click, alumni-relations/news-and-views.html"><span>News &amp; Views</span></a>
<a href="alumni-relations/contact-us.html" data-scout-event="SubmenuLink, Click, alumni-relations/contact-us.html"><span>Contact Us</span></a>
<a href="alumniapp" data-scout-event="SubmenuLink, Click, alumniapp"><span>Alumni App</span></a>
<a href="buaa" data-scout-event="SubmenuLink, Click, buaa"><span>Alumni Association</span></a>
<a href="AlumniCareerServices" data-scout-event="SubmenuLink, Click, AlumniCareerServices"><span>Alumni Career Services</span></a>
</nav>
</div>
</div>
<div class="block current main with_dropdown" data-type="giving">
<div class="positioner"><span class="icon handle">Ways to Give</span>
<nav class="dropdown">
<a href="WEDOCampaign" data-scout-event="SubmenuLink, Click, WEDOCampaign"><span>WE DO, The Campaign for Bucknell University</span></a>
<a href="AnnualFund" data-scout-event="SubmenuLink, Click, AnnualFund"><span>Gifts to the Annual Fund</span></a>
<a href="giving-to-bucknell/gifts-to-the-endowment.html" data-scout-event="SubmenuLink, Click, giving-to-bucknell/gifts-to-the-endowment.html"><span>Gifts to the Endowment</span></a>
<a href="giving-to-bucknell/gifts-for-facilities.html" data-scout-event="SubmenuLink, Click, giving-to-bucknell/gifts-for-facilities.html"><span>Gifts for Facilities </span></a>
<a href="http://bucknell.plannedgiving.org/" data-scout-event="SubmenuLink, Click, http://bucknell.plannedgiving.org/"><span>Gifts of Stock, Real Estate, Bequests &amp; More</span></a>
<a href="GiveTimeAndExpertise" data-scout-event="SubmenuLink, Click, GiveTimeAndExpertise"><span>Gifts of Time &amp; Expertise</span></a>
<a href="MalesardiMatch" data-scout-event="SubmenuLink, Click, MalesardiMatch"><span>The Malesardi Match</span></a>
<a href="WaysToGive" data-scout-event="SubmenuLink, Click, WaysToGive"><span>Ways to Give</span></a>
<a href="ThankYou" data-scout-event="SubmenuLink, Click, ThankYou"><span>Our Thanks to You</span></a>
<a href="giving-to-bucknell/contact-us.html" data-scout-event="SubmenuLink, Click, giving-to-bucknell/contact-us.html"><span>Contact Us</span></a>
</nav>
</div>
</div>
</div>
<div class="block directory">
<div class="positioner"><a href="/script/communication/EverythingDirectory" class="icon">A-Z Directory</a></div>
</div>
<div class="block history"><span class="icon">Visited pages</span></div>
<div class="block search with_dropdown">
<div class="positioner">
<form action="http://www.bucknell.edu/script/search/" method="get" class="search_form" data-content-url=""><label for="search_query" class="mobile_hide tablet_hide desktop_hide">Search our site.</label><input type="text" id="search_query" class="text" name="q" placeholder="Search our site ..." autocomplete="off"><input type="submit" class="submit" value="Go"></form>
<div class="dropdown"><a href="http://www.bucknell.edu/script/search" class="button black everything">Search all of Bucknell.edu</a><a href="/Directory/" class="button blue people">Search for People</a><div class="search_results"></div>
</div>
</div>
</div></section></header><div id="page"><header class="page_header margin_top_medium"><div class="positioner">
<div class="row">
<div class="mobile-full tablet-full desktop-full">
<h1>World Dance</h1>
<h2>Lizt Alfonso Dance Cuba</h2>
<div class="section_navigation clearfix"><nav class="subnavigation blue"><div class="handle">In this Section </div>
<div class="dropdown"><a class="item breadcrumb" href="WeisCenter">Weis Center</a><div class="current"><a class="item" href="weis-center-for-the-performing-arts/weis-center-2016-17-season.html">Weis Center: 2016-17 Season</a><a class="item" href="weis-center-for-the-performing-arts/weis-center-family-discovery-series-2016-17.html">Weis Center: Family Discovery Series 2016-17</a><a class="item" href="weis-center-for-the-performing-arts/about-the-weis-center.html">About the Weis Center</a><a class="item" href="weis-center-for-the-performing-arts/planning-your-visit.html">Planning Your Visit</a><a class="item" href="weis-center-for-the-performing-arts/box-office-x12566.html">Box Office</a><a class="item" href="weis-center-for-the-performing-arts/venue-technical-information.html">Venue Technical Information</a><a class="item" href="weis-center-for-the-performing-arts/general-information.html">General Information</a><a class="item" href="weis-center-for-the-performing-arts/support-the-weis-center.html">Support the Weis Center</a><a class="item" href="weis-center-for-the-performing-arts/staff.html">Staff</a></div>
</div></nav></div>
</div>
</div>
</div></header><section class="contain"><div class="row">
<div class="mobile-full tablet-full desktop-9 max-8"><h3>Sunday, Oct. 30, 4 p.m.<br /> <strong>Weis Center<br /></strong></h3>
<div style="float: left;"><strong></strong>
<p><img alt="Lizt Alfonso Dance Cuba" height="280" src="Images/Depts/WeisCenter/2016-17Events/09LiztAlfonsoDanceCuba.jpg" style="float: left; margin: 7px;" width="375" /></p>
<p>Cuba's most popular dance company that is beloved around the world, Havana-based Dance Cuba has remained since its founding fifteen years ago under the inspired creative direction of dancer-choreographer Lizt Alfonso. The all-female company of 17 beautiful and technically superb dancers performs "with amazing unanimity" (New York Times) and with "sheer technical finesse" (Chicago Sun-Times). Accompanied by an on-stage ensemble of 6 remarkable mostly-male musicians, Dance Cuba fuses the rapidly clacking heels of the flamenco, with the flowing grace of classical ballet, added to the hot passion of Afro-Cuban dance with a touch of jazz. Altogether it is exciting, riveting - and highly sensual. And as the dance critic in El Paso TX said: "If you ever get a chance to see this company, jump on it!"</p>
<p>While at the Weis Center, they will present a program called "Cuba Vibra!" Cuba, its music and dances from the '50s to today, where all the characters, women and men, weave their life stories. Protagonists of precise movement and cadence incalculable: cha-cha-cha, mambo, rumba, conga, bolero, feeling...all the rhythms that vibrate the heart and fill the soul. Cuba sings, dances and lives! Cuba Vibra! <br /> <br /> <a href="http://www.LiztAlfonso.com">www.LiztAlfonso.com</a></p>
<p></p>
</div></div><aside class="mobile-full tablet-full desktop-3 max-4 sidebar"><article class="content_block bordered">
<div class="details">
<h3>Ticket Information:</h3>
<p><strong><a href="/news-and-media/events-and-calendars/box-office/tickets-for-weis-center-events.html" >PURCHASE TICKETS</a></strong> <br /><br />Adults: $30 <br />Seniors 62+ and Subscribers: $24&nbsp;<br />Youth 18 and Under: $20 <br />Bucknell Employees &amp; Retirees (limit 2): $20 <br />Bucknell Students (limit 2): $10<br /> Non-Bucknell College Students (limit 2): $20</p>
<p>A special rate is available for local youth who are studying dance or taking dance lessons. The rate of $10 for youth and $15 for accompanying parent/guardian can be accessed online only at <a href="http://www.Bucknell.edu/BoxOffice">www.Bucknell.edu/BoxOffice</a>. <br />Guests should enter the code <strong>HAVANA</strong> at checkout.</p>
<p><strong>SPONSOR</strong><br /> Gary and Sandy Sojka</p>
</div>
</article></aside></div>
<div class="row">
<div class="mobile-full tablet-full desktop-9 margin_small inline_video">
<h2>Lizt Alfonso Dance Cuba</h2>
<div class="video_wrapper">
<iframe width="100%" height="100%" frameborder="0" allowfullscreen="allowfullscreen" src="http://www.youtube.com/embed/5Lo4WGlPV-w?rel=0&amp;color=red&amp;modestbranding=1&amp;showinfo=0&amp;autohide=1&amp;theme=light&amp;html5=1"></iframe>
</div>
<div class="share_tools" data-share="{&quot;link&quot;:&quot;http://www.bucknell.edu/script/communication/video/default.aspx?v=&quot;,&quot;title&quot;:&quot;Lizt Alfonso Dance Cuba&quot;}"><span class="label">Share This</span><a href="#facebook" class="share facebook">Facebook</a><a href="#twitter" class="share twitter">Twitter</a><a href="#email" class="share email">Email</a></div>
</div>
</div></section></div><footer id="footer"><div class="row">
<div class="mobile-full tablet-fourth desktop-6 branding">
<div class="social tablet_hide desktop_hide"><a href="http://www.facebook.com/BucknellU" class="facebook" target="_blank">Facebook</a><a href="http://twitter.com/BucknellU" class="twitter" target="_blank">Twitter</a><a href="http://instagram.com/BucknellU" class="instagram" target="_blank">Instagram</a><a href="https://www.youtube.com/WatchBucknell" class="youtube" target="_blank">YouTube</a></div><a href="/" class="logo">Bucknell University</a><p class="address">
							Lewisburg, PA 17837
							<span class="mobile_hide"><br>
								ph: 570.577.2000
								<br><a href="x58248.xml">Mailing Addresses</a></span></p>
</div>
<div class="mobile-full tablet-fourth desktop-2 contained links first"><a href="tel:570.577.2000" class="phone tablet_hide desktop_hide">570.577.2000</a><a href="x363.xml">Contact us</a><a href="giving">Giving to Bucknell</a><a href="News">News &amp; Media</a></div>
<div class="mobile-full tablet-fourth desktop-2 contained links"><a href="Events">Events &amp; Calendars</a><a href="http://bucknell.bncollege.com/">Bookstore</a><a href="athletics.html">Athletics</a></div>
<div class="mobile-full tablet-fourth desktop-2 contained links last"><a href="HR">Working at Bucknell</a><a href="public-safety.html">Emergency Information</a></div>
</div>
<div class="final">
<div class="row">
<div class="mobile-full tablet-full desktop-full">
<p class="copyright">
								Copyright &copy; 2016 Bucknell University. All rights reserved.
								<a href="x360.xml">Terms of Use</a><a href="x362.xml">Privacy Statement</a></p>
<div class="social mobile_hide"><a href="http://www.facebook.com/BucknellU" class="facebook" target="_blank">Facebook</a><a href="http://twitter.com/BucknellU" class="twitter" target="_blank">Twitter</a><a href="http://instagram.com/BucknellU" class="instagram" target="_blank">Instagram</a><a href="https://www.youtube.com/WatchBucknell" class="youtube" target="_blank">YouTube</a></div>
</div>
</div>
</div></footer><div id="history"><span class="icon close">Close</span><div class="row">
<div class="mobile-full tablet-full desktop-8">
<h1>Places I've Been</h1>
<p class="emphasized">The following links are virtual breadcrumbs marking the 27 most recent pages you have visited in Bucknell.edu. If you want to remember a specific page forever click the pin in the top right corner and we will be sure not to replace it. <span class="close text">Close this message.</span></p>
</div>
<div class="clear clear_fix pages"></div>
</div>
</div>
<div id="history-overlay"></div><script src="prebuilt/js/site.js"></script><script async="async" src="https://admissions.bucknell.edu/ping"></script></body>
</html>
