<collection xmlns="http://exist.sourceforge.net/NS/exist" name="/db/TestCollection/data" owner="admin" group="dba" mode="755" created="2017-01-16T12:07:37+03:00" version="1">
    <acl entries="0" version="1"/>
    <resource type="XMLResource" name="0.xml" owner="admin" group="dba" mode="644" created="2017-01-16T12:25:01+03:00" modified="2017-01-16T12:25:01+03:00" filename="0.xml" mimetype="application/xml">
        <acl entries="0" version="1"/>
    </resource>
    <resource type="XMLResource" name="2.xml" owner="admin" group="dba" mode="644" created="2017-01-16T13:04:04+03:00" modified="2017-01-16T13:04:04+03:00" filename="2.xml" mimetype="application/xml">
        <acl entries="0" version="1"/>
    </resource>
    <resource type="XMLResource" name=".xml" owner="admin" group="dba" mode="644" created="2017-01-16T13:04:42+03:00" modified="2017-01-16T13:04:42+03:00" filename=".xml" mimetype="application/xml">
        <acl entries="0" version="1"/>
    </resource>
</collection>